date,ticker,analyst,percent
2025-11-12,BRK.B,Andrew Kligerman,-5.5
2026-01-28,AMCR,Joseph Michael,9.3
2026-01-28,AMZN,Alexander Haissl,-8.8
2026-01-28,CCI,Ric Prentiss,45.1
2026-01-28,EIX,Paul Zimbardo CFA,-2.4
2026-01-28,FISV,Unknown Analyst,6
2026-01-28,GEHC,Nico Chen,55.9
2026-01-28,GLW,Jim Kelleher,-0.1
2026-01-28,LRCX,Kinngai Chan,
2026-01-28,MA,Fahed Kunwar,21.2
2026-01-28,NOW,Bradley Sills,77.2
2026-01-28,PYPL,Fahed Kunwar,-4.6
2026-01-28,ROP,Brent Thill,34.1
2026-01-28,ROP,Stephen Tusa,6.5
2026-01-28,SYY,Alexander Slagle,20.2
2026-01-28,UNH,Sarah James,16.7
2026-01-28,UPS,Parash Jain,26.2
2026-01-28,V,Fahed Kunwar,4.5
2026-01-28,WEC,Julien Dumoulin Smith,17.3
2026-01-28,WST,Nico Chen,-11.7
2026-01-29,AJG,Tracy Benguigui,20.3
2026-01-29,CHRW,Christopher Kuhn,33.7
2026-01-29,CMCSA,Peter Supino,
2026-01-29,EQT,Doug Leggate,24
2026-01-29,GLW,Unknown Analyst,
2026-01-29,GM,Matthias Volkert,19.2
2026-01-29,LHX,Myles Walton,57.7
2026-01-29,LMT,Myles Walton,
2026-01-29,LUV,John Staszak,34.2
2026-01-29,LUV,Michael Linenberg,31.8
2026-01-29,META,Scott Devitt,35.2
2026-01-29,PCG,Steve Fleishman,59.1
2026-01-29,PPG,Aleksey Yefremov,
2026-01-29,PPG,Unknown Analyst,19.6
2026-01-29,ROP,Joe Ritchie,18
2026-01-29,T,Bryan Kraft,29.2
2026-01-29,TSLA,Colin Rusch,
2026-01-29,TT,John Eade,
2026-01-29,UPS,Zoe Zhang,31.2
2026-01-29,WM,Stephanie Moore,18.4
2026-01-30,ARE,Jonathan Petersen,2
2026-01-30,AVGO,Chris Caso,12.9
2026-01-30,CAT,Greg Badishkanian,-16.4
2026-01-30,DECK,Brooke Roach,17.3
2026-01-30,DECK,Michael Binetti,37.7
2026-01-30,DLTR,Unknown Analyst,
2026-01-30,DOV,Stephen Tusa,28.1
2026-01-30,DOW,Eric Boyes,11.4
2026-01-30,HON,Peter Arment,16.2
2026-01-30,KLAC,Tammy Qiu,900.1
2026-01-30,KVUE,Keith Devas,1.1
2026-01-30,LMT,Michael Ciarmoli,30.3
2026-01-30,MA,Tien Tsin Huang,15.9
2026-01-30,MA,Trevor Williams,19.4
2026-01-30,MDT,Unknown Analyst,31.3
2026-01-30,RCL,David Katz,35.9
2026-01-30,REGN,Christopher Raymond,10.9
2026-01-30,RMD,Larry Biegelsen,20
2026-01-30,RMD,Mark Wilson CFA,39.6
2026-01-30,SBUX,Eric Gonzalez,
2026-01-30,SHW,Aleksey Yefremov,
2026-01-30,SRE,Sophie Karp,
2026-01-30,TT,Stephen Tusa,7.2
2026-01-30,V,Paul Golding,11.3
2026-01-30,V,Trevor Williams,11.3
2026-02-01,TER,Warren Lau,7.7
2026-02-02,ADSK,Kash Rangan,
2026-02-02,AJG,Unknown Analyst,16.6
2026-02-02,AMZN,Andrew Boone,24.9
2026-02-02,CHTR,Brandon Nispel,
2026-02-02,CHTR,Mike Ng,43.2
2026-02-02,CHTR,Timothy Horan,
2026-02-02,CVX,Bill Selesky,-3.1
2026-02-02,DIS,Markus Leistner,
2026-02-02,FISV,Kartik Mehta CFA,
2026-02-02,IP,Unknown Analyst,
2026-02-02,KLAC,Unknown Analyst,888.8
2026-02-02,LHX,Kristine Liwag,57.7
2026-02-02,LII,Stephen Tusa,37.2
2026-02-02,MA,Kazuya Nishimura,7.9
2026-02-02,META,Unknown Analyst,20.2
2026-02-02,MSFT,Paul Chew,9.4
2026-02-02,ON,Pradeep Ramani,0
2026-02-02,RVTY,Tycho Peterson,-26.8
2026-02-02,SNDK,Unknown Analyst,-63.2
2026-02-02,UNH,Bram Kaplan,3.2
2026-02-02,V,Kazuya Nishimura,0.5
2026-02-02,VZ,Eric Luebchow,-8.5
2026-02-02,WDC,Jim Kelleher,-32
2026-02-03,AES,Julien Dumoulin Smith,7.7
2026-02-03,APTV,Unknown Analyst,
2026-02-03,AXP,David George,-9.7
2026-02-03,BR,Patrick O'Shaughnessy,57
2026-02-03,CHTR,Unknown Analyst,81.8
2026-02-03,COF,David George,33.7
2026-02-03,DIS,Brandon Nispel,
2026-02-03,DIS,Thomas Yeh,31.5
2026-02-03,GOOG,Lloyd Walmsley,15.3
2026-02-03,IDXX,Mark Massaro,56.4
2026-02-03,LMT,Robert Czerwensky,24.7
2026-02-03,PHM,Buck Horne,23.7
2026-02-03,PYPL,Saul Martinez,-10.3
2026-02-03,RVTY,Brandon Couillard,-23.3
2026-02-03,TTWO,Cory Carpenter,33.9
2026-02-03,TTWO,Jason Bazinet,31.4
2026-02-04,ADM,Salvator Tiano,
2026-02-04,AMCR,Mark Wilson CFA,61.6
2026-02-04,BALL,Ghansham Panjabi,23.9
2026-02-04,BALL,Stefan Diaz,9
2026-02-04,BKNG,Matthew Condon,
2026-02-04,CF,Mazahir Mammadli,-44.2
2026-02-04,CFG,Unknown Analyst,10.4
2026-02-04,CMG,Eric Gonzalez,25.6
2026-02-04,CTSH,Amit Daryanani,67
2026-02-04,EFX,Alexander Hess,44.8
2026-02-04,EMR,Brett Linzey,15.4
2026-02-04,EMR,Nicole Deblase,13.4
2026-02-04,HIG,Matthew Heimermann,8.4
2026-02-04,HUBB,Brett Linzey,28.7
2026-02-04,HUBB,Stephen Tusa,19
2026-02-04,JKHY,Dan Waggoner,39.5
2026-02-04,KEY,Unknown Analyst,20.1
2026-02-04,MPC,Suvro Sarkar,-51.5
2026-02-04,NXPI,Harsh Kumar,-1.3
2026-02-04,PRU,Thomas Gallagher,-7.1
2026-02-04,PYPL,Andrew Boone,
2026-02-04,TDG,Peter Arment,28.9
2026-02-04,UBER,Andrew Boone,41.8
2026-02-04,VLO,Duladeth Bik,-52.3
2026-02-04,XOM,Phillip Jungwirth,-5.2
2026-02-05,ALGN,Jeff Johnson,48.5
2026-02-05,BG,Pooran Sharma,12
2026-02-05,BSX,Lee Hambright,157.2
2026-02-05,CCI,Batya Levi,43.7
2026-02-05,CCI,Maher Yaghi,28.7
2026-02-05,COST,Peter Benedict,22.9
2026-02-05,CTVA,Aleksey Yefremov,
2026-02-05,CVNA,Robert Mollins,566.7
2026-02-05,DOC,Marie Ferguson,
2026-02-05,FOXA,John Hodulik,21
2026-02-05,FOXA,Thomas Yeh,19.5
2026-02-05,FTNT,Madeline Brooks,-29.3
2026-02-05,FTV,Robert Mason CFA,18.2
2026-02-05,GEHC,Patrick Wood,32.5
2026-02-05,IQV,David Larsen,
2026-02-05,JKHY,Charles Nabhan,32.4
2026-02-05,JKHY,David Koning,32.4
2026-02-05,LHX,John Godyn,69
2026-02-05,ODFL,Richa Harnain,18.5
2026-02-05,ORCL,Patrick Walravens,93.1
2026-02-05,PSX,Duladeth Bik,-59.7
2026-02-05,QCOM,Harsh Kumar,12.5
2026-02-05,RCL,Ivan Feinseth,72.9
2026-02-05,RDDT,Michael Morris,69
2026-02-05,YUM,Brian Bittner,
2026-02-06,AMGN,Unknown Analyst,4.7
2026-02-06,BIIB,William Pickering,-7.5
2026-02-06,BXP,Upal Rana,
2026-02-06,CAT,Unknown Analyst,-0.1
2026-02-06,FTNT,Daniel Ives,-47
2026-02-06,GEN,Madeline Brooks,13.8
2026-02-06,GWW,Patrick Baumann,-8
2026-02-06,IQV,Dan Leonard,-9.9
2026-02-06,IQV,David Windley,-4.3
2026-02-06,JCI,Stephen Tusa,10.3
2026-02-06,MGM,Shaun Kelley,5.8
2026-02-06,ORLY,Christopher Horvers,27.5
2026-02-06,ORLY,Tristan M. Thomas-Martin,29.9
2026-02-06,QCOM,Unknown Analyst,1.3
2026-02-06,ROK,Noah Kaye,-74.7
2026-02-06,YUM,Eric Gonzalez,
2026-02-09,ADBE,Ben Reitzes,8.7
2026-02-09,ALGN,Sidharth Sahoo,36.3
2026-02-09,ARES,Unknown Analyst,24.9
2026-02-09,CI,Kevin Caliendo,36.2
2026-02-09,EMR,Tommy Moll,3.4
2026-02-09,HOOD,Steven Chubak,4.3
2026-02-09,IDXX,David Westenberg,46.6
2026-02-09,LNT,William Appicelli,16.7
2026-02-09,MDLZ,Brian Holland,
2026-02-09,MSCI,Bill Selesky,
2026-02-09,ORCL,Ben Reitzes,8.4
2026-02-09,PLTR,Shigemichi Yoshizu,1.3
2026-02-09,PNR,Stephen Tusa,120
2026-02-09,QCOM,Fang Boon Foo,12.5
2026-02-09,RDDT,Ronald Josey,62.4
2026-02-09,SWK,Chris Graja,
2026-02-09,VTR,Marie Ferguson,1.5
2026-02-09,WEC,Shelby Tucker,21.2
2026-02-09,XEL,Shelby Tucker,28.6
2026-02-09,XYZ,Trevor Williams,-2.2
2026-02-10,BDX,Larry Biegelsen,-13.1
2026-02-10,BDX,Unknown Analyst,5.1
2026-02-10,BDX,Unknown Analyst,-3.2
2026-02-10,BKNG,Robert Mollins,29
2026-02-10,DDOG,Jake Roberge,
2026-02-10,EL,Jeremy Fialko,13.5
2026-02-10,IBM,Sachin Mittal,59
2026-02-10,ON,David Williams,
2026-02-10,ON,Harsh Kumar,7.2
2026-02-10,REG,Wes Golladay,15.1
2026-02-10,SBUX,Alison Fok,-38.4
2026-02-10,TER,Amanda Tan,-11.2
2026-02-10,UDR,John Kim,20.9
2026-02-10,VST,Julien Dumoulin Smith,44.3
2026-02-10,WAT,Tycho Peterson,11.5
2026-02-10,WST,David Windley,-18.6
2026-02-11,CVS,Unknown Analyst,
2026-02-11,DD,Laurence Alexander,-54.3
2026-02-11,DDOG,Unknown Analyst,-13
2026-02-11,DGX,Patrick B Donnelly,-12.8
2026-02-11,EW,Larry Biegelsen,13.3
2026-02-11,FISV,Charles Nabhan,48.3
2026-02-11,GILD,Brian Skorney,-3.4
2026-02-11,HOOD,David Smith CFA,0.2
2026-02-11,MAR,Unknown Analyst,0.3
2026-02-11,MDLZ,Matthew Abraham,8.5
2026-02-11,MRNA,Mani Foroohar,-92.2
2026-02-11,TRMB,Nay Soe Naing,61.6
2026-02-11,TTD,Joe Wittine,
2026-02-11,YUM,Gregory Francfort,30.4
2026-02-12,AMAT,Kinngai Chan,
2026-02-12,AMCR,Anthony Pettinari,28.3
2026-02-12,BAX,Matthew Taylor,-17.1
2026-02-12,CRWD,Stephen Bersey,87.7
2026-02-12,ECL,Michael Harrison CFA,26.2
2026-02-12,EW,Danielle Antalffy,2
2026-02-12,GOOG,Joseph Parkhill,0.3
2026-02-12,HII,Ronald Epstein,46.6
2026-02-12,HLT,Unknown Analyst,-3.5
2026-02-12,ODFL,Kristina Ruggeri,27.2
2026-02-12,PFE,Narumi Nakagiri,-2.4
2026-02-12,TRMB,Unknown Analyst,37.2
2026-02-12,TSLA,Ivan Feinseth,51
2026-02-12,VRT,Nicole Deblase,12.7
2026-02-13,AEP,Steve Fleishman,18.1
2026-02-13,AMAT,Jed Dorsheimer,
2026-02-13,AMAT,Leon Chen,-2.3
2026-02-13,ANET,Mike Ng,-5.4
2026-02-13,CHD,Edward Lewis,-4
2026-02-13,CLX,Edward Lewis,40.8
2026-02-13,CRM,Patrick Walravens,32.4
2026-02-13,DUK,Shelby Tucker,21.7
2026-02-13,DXCM,Suraj Kalia,
2026-02-13,EXPE,Lee Horowitz,-12.7
2026-02-13,FCX,Alexandra Yates,
2026-02-13,GLW,Stephen Bersey,-10.1
2026-02-13,HBAN,Steven Alexopoulos,44.8
2026-02-13,KIM,Wes Golladay,11
2026-02-13,KMB,Unknown Analyst,45.1
2026-02-13,MRK,James Shin,2.1
2026-02-13,ON,Richard Edwards,-15.7
2026-02-13,PCG,Unknown Analyst,59.1
2026-02-13,PG,Unknown Analyst,7.2
2026-02-13,TTWO,Andy Yu CFA,32.9
2026-02-13,TYL,Trevor J. Walsh,48.1
2026-02-13,WST,Dan Leonard,-6.2
2026-02-13,WST,Justin Bowers,-13.1
2026-02-15,DUK,Pei Hwa Ho,14.9
2026-02-16,GOOG,Markus Leistner,
2026-02-16,HLT,Unknown Analyst,9.6
2026-02-16,IFF,Edlain Rodriguez,10.9
2026-02-17,APA,Michael Scialla,-46.7
2026-02-17,CVX,James West,-2.2
2026-02-17,DG,Unknown Analyst,-9.3
2026-02-17,DLTR,Sam Hudson,47.4
2026-02-17,HWM,Noah Poponak,11.9
2026-02-17,MRSH,Gregory Peters,28.6
2026-02-17,NFLX,Hamilton Faber,67.2
2026-02-17,PANW,Madeline Brooks,-34
2026-02-17,WBD,Hamilton Faber,11.5
2026-02-17,WMT,Sam Hudson,40.5
2026-02-18,CDNS,Unknown Analyst,34.5
2026-02-18,DTE,Ryan Levine,30.7
2026-02-18,DTE,Sophie Karp,
2026-02-18,EQT,Cameron Bean,26
2026-02-18,EXE,Cameron Bean,71.4
2026-02-18,GPN,Tien Tsin Huang,5.8
2026-02-18,KVUE,Javier Escalante,1.1
2026-02-18,MDLZ,Christopher Carey,15
2026-02-18,PODD,Brandon Vazquez,
2026-02-18,PPG,Eric Boyes,22.5
2026-02-18,TMUS,Jonathan Kees,42.7
2026-02-18,VZ,Jonathan Kees,20.6
2026-02-18,WDAY,Patrick Walravens,
2026-02-19,ADI,David Williams,8.2
2026-02-19,BKNG,Meredith Prichard Jensen,83.6
2026-02-19,BKNG,Shyam Patil,18.5
2026-02-19,CVNA,Scott Devitt,551.4
2026-02-19,ES,Shelby Tucker,13.7
2026-02-19,ETN,Joe O'Dea,-12.9
2026-02-19,FE,Anthony Crowdell,12.7
2026-02-19,OMC,Thomas Yeh,7.1
2026-02-19,PODD,Matthew Taylor,184.5
2026-02-19,SO,William Appicelli,13.4
2026-02-19,WMT,Joe Thomas,22.7
2026-02-20,AEE,William Appicelli,23.4
2026-02-20,AES,David Arcaro,54.8
2026-02-20,AES,Lilyanna Yang,7.7
2026-02-20,AKAM,Mark Murphy,-30.5
2026-02-20,CNP,Ryan Levine,22.5
2026-02-20,CRH,Brent Thielman,39.3
2026-02-20,DASH,Andrew Boone,29.6
2026-02-20,EBAY,Scott Devitt,-10.6
2026-02-20,EBAY,Unknown Analyst,-15.1
2026-02-20,ED,Andrew Weisel,11
2026-02-20,EIX,Shelby Tucker,50.1
2026-02-20,EXC,Joseph Parkhill,21.2
2026-02-20,INVH,Aaron Hecht,30.1
2026-02-20,INVH,Austin Wurschmidt,26.3
2026-02-20,MCO,Unknown Analyst,
2026-02-20,PPL,Unknown Analyst,
2026-02-20,PWR,Gus Richard,-17.5
2026-02-20,SNPS,Frank Lee CFA,18.2
2026-02-20,SO,Andrew Weisel,20.4
2026-02-20,STT,Emily Ericksen,-18
2026-02-22,SW,Reinhardt van der Walt,39.9
2026-02-23,CAT,Unknown Analyst,9.6
2026-02-23,CHD,Rupesh Parikh,21.4
2026-02-23,ED,Ryan Levine,23.3
2026-02-23,ETR,Unknown Analyst,
2026-02-23,EXE,Sam Margolin,40.6
2026-02-23,FISV,Hal Goetsch,46.2
2026-02-23,GPN,Ramsey El Assal,3.5
2026-02-23,GRMN,Ronald Epstein,-32.5
2026-02-23,NVDA,Stefan Chang,13.8
2026-02-23,PCAR,Unknown Analyst,23.2
2026-02-23,PPL,Ryan Levine,14
2026-02-23,PPL,William Appicelli,23
2026-02-23,PYPL,Madison Suhr,
2026-02-24,AWK,Unknown Analyst,14
2026-02-24,CMCSA,Sam McHugh,18.7
2026-02-24,DPZ,Gregory Francfort,49.6
2026-02-24,ED,Shelby Tucker,6.2
2026-02-24,FIS,James Friedman,54.4
2026-02-24,FIS,Unknown Analyst,
2026-02-24,HSIC,Michael Cherny,2.5
2026-02-24,PYPL,Unknown Analyst,
2026-02-24,QCOM,Gary Mobley,4.1
2026-02-24,WDAY,Mark Marcon,-2
2026-02-25,ABBV,Nico Chen,-13
2026-02-25,AFL,Elyse Greenspan,1.9
2026-02-25,CRL,Dan Leonard,-36.6
2026-02-25,EOG,Unknown Analyst,-3.6
2026-02-25,FIS,Tien Tsin Huang,68.4
2026-02-25,GDDY,Stephen Ju,7.7
2026-02-25,HAS,Xian Siew,34.7
2026-02-25,HSIC,Unknown Analyst,2.5
2026-02-25,LOW,Robert Ohmes,45.5
2026-02-25,TTD,Rob Sanderson,79.6
2026-02-25,WDAY,Bradley Sills,36.7
2026-02-25,WDAY,Jake Roberge,
2026-02-26,AJG,Cave Montazeri,16.6
2026-02-26,CRM,Unknown Analyst,-15.9
2026-02-26,FSLR,Unknown Analyst,30.1
2026-02-26,LHX,Peter Arment,69.8
2026-02-26,LHX,Ronald Epstein,
2026-02-26,MCO,Faiza Alwy,20.4
2026-02-26,NDAQ,Unknown Analyst,8
2026-02-26,PM,Taylor Conrad,11.3
2026-02-26,PNW,Anthony Crowdell,9.3
2026-02-26,PNW,Ryan Levine,15.7
2026-02-26,PSKY,Bryan Kraft,17.5
2026-02-26,PSKY,Thomas Yeh,7.7
2026-02-26,RSG,Unknown Analyst,0.9
2026-02-26,SWK,Brett Linzey,22.8
2026-02-26,TJX,Krisztina Katai,43
2026-02-26,TKO,Benjamin Swinburne,13.6
2026-02-26,TTD,Daniel Salmon,22.1
2026-02-26,WBD,Ric Prentiss,
2026-02-27,ADSK,Alexei Gogolev,54.7
2026-02-27,ADSK,Steven Koenig,42.7
2026-02-27,ADSK,Will Jellison,49.6
2026-02-27,AEP,William Appicelli,9.8
2026-02-27,AES,Angie Storozynski,
2026-02-27,HST,Chris Woronka,23.6
2026-02-27,LYV,Ed Vyvyan,15.5
2026-02-27,MAA,Unknown Analyst,
2026-02-27,NFLX,Andrew Beale,
2026-02-27,O,Richard Anderson,20
2026-02-27,PEG,Andrew Weisel,31.9
2026-02-27,Q,Aleksey Yefremov,
2026-02-27,SBAC,Batya Levi,43.3
2026-02-27,SJM,Brian Holland,
2026-02-27,WBD,Andrew Beale,12.4
2026-02-27,WBD,Bryan Kraft,11.5
2026-02-27,WBD,Matthew Harrigan,
2026-03-01,NDSN,Walter Liptak,4.3
2026-03-02,ADSK,Bhavin Shah,51.9
2026-03-02,APP,David Mak,9.2
2026-03-02,D,Andrew Weisel,5.4
2026-03-02,EME,Sangita Jain,
2026-03-02,ESS,Unknown Analyst,4.1
2026-03-02,NSC,Stephanie Moore,11.4
2026-03-02,PYPL,Unknown Analyst,4.9
2026-03-02,REG,Ki Bin Kim,15.1
2026-03-02,XYZ,Saul Martinez,0.4
2026-03-03,AES,Anthony Crowdell,1
2026-03-03,AVGO,Frank Lee CFA,27
2026-03-03,AZO,John Heinbockel,53.8
2026-03-03,CME,Kevin Heal,
2026-03-03,EOG,Bill Selesky,
2026-03-03,GE,Unknown Analyst,
2026-03-03,GEHC,David Toung,48.1
2026-03-03,MAA,Michael Gorman,26.1
2026-03-03,OTIS,Lewis Merrick,59.1
2026-03-03,PANW,Adam Shepherd,-49.1
2026-03-03,PEG,William Appicelli,46.2
2026-03-03,REG,Michael Mueller,13.8
2026-03-03,SHW,Unknown Analyst,24.7
2026-03-04,AZO,Greg Melich,43.3
2026-03-04,COO,Issie Kirby,53.7
2026-03-04,CRWD,Brad Zelnick,85.1
2026-03-04,CRWD,Steven Koenig,68.3
2026-03-04,DHI,Unknown Analyst,12.3
2026-03-04,DOW,Aleksey Yefremov,32.3
2026-03-04,LYB,Aleksey Yefremov,17.9
2026-03-04,MU,Warren Lau,-36
2026-03-04,NKE,Alison Fok,99.9
2026-03-04,NVDA,Bhavtosh Vajpayee,36.6
2026-03-04,NVR,Unknown Analyst,25.2
2026-03-04,PHM,Unknown Analyst,45
2026-03-04,TDY,Christopher Snyder,12.7
2026-03-04,TKO,Peter Supino,
2026-03-04,VEEV,Bradley Sills,16.8
2026-03-05,AEP,Nicholas Amicucci,27.3
2026-03-05,AES,Nicholas Amicucci,1
2026-03-05,AFL,Jimmy Bhullar,
2026-03-05,APA,Subash Chandra,-11.2
2026-03-05,AVGO,Jim Kelleher,20
2026-03-05,DASH,Lloyd Walmsley,32.2
2026-03-05,EBAY,Kevin Wang,-18.6
2026-03-05,EXE,Subash Chandra,41.7
2026-03-05,EXPE,Lloyd Walmsley,-12.3
2026-03-05,FANG,Subash Chandra,1.3
2026-03-05,GL,Jimmy Bhullar,4.4
2026-03-05,HIG,Jimmy Bhullar,
2026-03-05,INCY,Unknown Analyst,-12.2
2026-03-05,KMI,Gabe Moreen,16.2
2026-03-05,LII,Unknown Analyst,67
2026-03-05,MRSH,Jimmy Bhullar,29.1
2026-03-05,NFLX,Ken Leon,60.2
2026-03-05,PEG,Nicholas Amicucci,37.6
2026-03-05,PFG,Jimmy Bhullar,-12.5
2026-03-05,PLD,Craig Mailman,7.5
2026-03-05,PRU,Jimmy Bhullar,
2026-03-05,SO,Nicholas Amicucci,29.8
2026-03-05,SYK,Unknown Analyst,69
2026-03-05,TTD,Douglas Arthur,187.4
2026-03-05,VEEV,Unknown Analyst,24.5
2026-03-06,INTU,Kartik Mehta CFA,89.7
2026-03-06,MRVL,Leon Chen,-55
2026-03-06,SO,Shelby Tucker,31
2026-03-06,SRE,William Appicelli,23
2026-03-06,UNP,Unknown Analyst,11.3
2026-03-06,WBD,Robert Fishman,
2026-03-08,FTV,Scott Graham,
2026-03-09,DOW,Frank Mitsch,32.3
2026-03-09,DOW,Kevin McCarthy,28.8
2026-03-09,DPZ,John Staszak,
2026-03-09,GEV,Simon Toyne,17
2026-03-09,LYB,Frank Mitsch,19.5
2026-03-09,LYB,Kevin McCarthy,21.1
2026-03-09,SBUX,Greg Badishkanian,
2026-03-09,WBD,Steven Cahall,11.5
2026-03-09,WMB,Unknown Analyst,1.3
2026-03-10,AMGN,Akash Tewari,-8.4
2026-03-10,AVY,John Dunigan,9.3
2026-03-10,COIN,Unknown Analyst,
2026-03-10,CRM,Unknown Analyst,26.1
2026-03-10,DOW,Laurence Alexander,35.7
2026-03-10,INTU,Omar Sheikh,130.9
2026-03-10,L,Unknown Analyst,85.6
2026-03-10,LOW,Unknown Analyst,
2026-03-10,LYB,Laurence Alexander,13
2026-03-10,NOW,Omar Sheikh,58.7
2026-03-10,ORCL,Robert Oliver,45.7
2026-03-10,T,Andrew Beale,9.6
2026-03-10,WDAY,Omar Sheikh,8.3
2026-03-11,BG,Salvator Tiano,12
2026-03-11,D,Jeremy Tonet,0.7
2026-03-11,FISV,Ivan Feinseth,101.3
2026-03-11,REGN,Akash Tewari,13.4
2026-03-11,VRTX,Joon Lee,3.3
2026-03-12,ADBE,Bradley Sills,85.1
2026-03-12,AEP,Jeremy Tonet,15.6
2026-03-12,APA,Mark Lear,-17.9
2026-03-12,DVN,Mark Lear,37.8
2026-03-12,EQIX,Unknown Analyst,
2026-03-12,FANG,Mark Lear,28.9
2026-03-12,OXY,Mark Lear,12.2
2026-03-12,RSG,Adam Bubes,16.9
2026-03-12,WY,Unknown Analyst,
2026-03-13,ADBE,Brad Zelnick,24.8
2026-03-13,EBAY,Lee Horowitz,
2026-03-13,FDS,Unknown Analyst,-3.1
2026-03-13,INTC,James Hooper,-66.9
2026-03-13,MA,Ivan Feinseth,30
2026-03-13,PEG,Paul Fremont,21.1
2026-03-13,RSG,Brad Hewitt,36.2
2026-03-13,TSN,Unknown Analyst,
2026-03-13,ULTA,Unknown Analyst,
2026-03-13,VMC,Unknown Analyst,41.2
2026-03-13,WM,Brad Hewitt,
2026-03-15,INCY,Faisal Khurshid,-25
2026-03-16,ADBE,Joseph Bonner,
2026-03-16,AON,Roman Schweizer,41.2
2026-03-16,BF.B,Peter Grom,-4.5
2026-03-16,ETN,Stephen Volkmann,1.2
2026-03-16,ICE,Unknown Analyst,32.5
2026-03-16,INTU,Stefan Slowinski,52.7
2026-03-16,NOW,Stefan Slowinski,3.3
2026-03-16,NVDA,Ben Reitzes,73
2026-03-16,NVDA,Jay Goldberg,
2026-03-16,TTD,Rocco Strauss,79.6
2026-03-17,APD,Bill Selesky,12.1
2026-03-17,BSX,Danielle Antalffy,141.2
2026-03-17,COR,David Toung,29.2
2026-03-17,HBAN,Dan Waggoner,25.9
2026-03-17,ISRG,Danielle Antalffy,39.8
2026-03-17,JNJ,Danielle Antalffy,3.7
2026-03-17,LEN,Buck Horne,
2026-03-17,NFLX,Joseph Bonner,67.2
2026-03-17,O,Unknown Analyst,
2026-03-17,SYK,Danielle Antalffy,38.1
2026-03-17,TMUS,Michael Rollins,33.8
2026-03-18,AJG,Unknown Analyst,61.6
2026-03-18,CMG,Jake Bartlett,
2026-03-18,EXR,John Paul,12.6
2026-03-18,EXR,Unknown Analyst,12.6
2026-03-18,ISRG,Nico Chen,22
2026-03-18,KO,James Edwardes Jones,-1.4
2026-03-18,MDT,Nico Chen,-2.3
2026-03-18,META,Ivan Feinseth,41.9
2026-03-18,MU,Kinngai Chan,
2026-03-18,SYK,Nico Chen,63.6
2026-03-18,XYZ,Fahed Kunwar,-28.3
2026-03-19,ACN,Arun Viswanathan,37.9
2026-03-19,AFL,Wilma Burdis,2.8
2026-03-19,BALL,Rishi Jaluria,17.3
2026-03-19,DRI,Christine Cho,14.7
2026-03-19,DTE,William Appicelli,29.9
2026-03-19,GIS,John Baumgartner,7.4
2026-03-19,KIM,Cooper Clark,11
2026-03-19,MA,Alexandre Faure,6.1
2026-03-19,OTIS,Stephen Tusa,
2026-03-19,WSM,Peter Benedict,0.4
2026-03-19,WSM,Unknown Analyst,-10.8
2026-03-20,ACN,Jim Kelleher,82.6
2026-03-20,ACN,Phani Kanumuri,19.9
2026-03-20,AEE,Marie Ferguson,11.8
2026-03-20,BDX,David Toung,-0.4
2026-03-20,CCI,Unknown Analyst,39.6
2026-03-20,CVX,Kim Fustier,2.6
2026-03-20,DRI,Jeff Bernstein,10.9
2026-03-20,ECL,Chris Parkinson,
2026-03-20,EQT,Mark Lear,10
2026-03-20,FDX,Parash Jain,18.6
2026-03-20,OMC,Joseph Barnet-Lamb,48.9
2026-03-20,OXY,Samantha Hoh,15.6
2026-03-20,PSX,Paul Cheng,-48.7
2026-03-20,VTRS,Unknown Analyst,0.3
2026-03-22,LMT,Richard Safran,41.7
2026-03-23,BA,Adrien Rabier,51
2026-03-23,DRI,Nick Setyan,12.3
2026-03-23,FDX,Richa Harnain,57.7
2026-03-23,MSFT,Ben Reitzes,-19
2026-03-23,PCG,Julien Dumoulin Smith,43.9
2026-03-23,PTC,Siti Panigrahi,17.7
2026-03-24,ADM,Unknown Analyst,
2026-03-24,ARES,Michael Brown,17.7
2026-03-24,BX,Michael Brown,9.7
2026-03-24,COO,Matt Miksic,86.3
2026-03-24,CVS,Michael Cherny,10.3
2026-03-24,DE,Unknown Analyst,
2026-03-24,ES,Paul Zimbardo CFA,-15.8
2026-03-24,PGR,Andrew Andersen,0.7
2026-03-24,RTX,Hans Engel,
2026-03-24,SOLV,Unknown Analyst,-32.5
2026-03-24,VRT,Wesley Brooks,30.3
2026-03-25,AMZN,Ivan Feinseth,24.9
2026-03-25,DG,Unknown Analyst,38.9
2026-03-25,EXC,Ryan Levine,37.9
2026-03-25,FANG,Unknown Analyst,
2026-03-25,GM,Emmanuel Rosner,16.8
2026-03-25,MDLZ,Bingqing Zhu,-9.6
2026-03-25,NRG,Ryan Levine,73.6
2026-03-25,PH,Raj Ray,15.5
2026-03-25,T,Unknown Analyst,
2026-03-25,WRB,Robert Farnam,4.3
2026-03-25,WRB,Unknown Analyst,4.3
2026-03-25,YUM,Unknown Analyst,6.5
2026-03-26,A,Jack Meehan,-7.3
2026-03-26,AES,John Eade,
2026-03-26,CTVA,Unknown Analyst,-3.1
2026-03-26,GNRC,Andrea James,7
2026-03-26,GNRC,Dimple Gosai,19.6
2026-03-26,GOOG,Brian Nowak,-4.9
2026-03-26,GPN,Madison Suhr,
2026-03-26,PAYX,Mark Marcon,7.6
2026-03-26,RVTY,Jack Meehan,-37.3
2026-03-26,TSN,John Baumgartner,36.4
2026-03-26,UBER,Brian Nowak,41.8
2026-03-26,WAB,Oliver Holmes,1.7
2026-03-27,ADP,Unknown Analyst,-18.9
2026-03-27,AME,Raj Ray,7.2
2026-03-27,BSX,Jayson Bedford,102.1
2026-03-27,CCL,Benjamin Chaiken,77.8
2026-03-27,CCL,Meredith Prichard Jensen,37.2
2026-03-27,DOV,Raj Ray,26.5
2026-03-27,ECL,Andres Castanos-Mollor,19.1
2026-03-27,EMR,Raj Ray,0.1
2026-03-27,ES,William Appicelli,9.3
2026-03-27,ETN,Raj Ray,0.8
2026-03-27,FRT,Linda Tsai,7.3
2026-03-27,GOOG,Laura Martin,15.3
2026-03-27,HON,Michael Goldie,32.2
2026-03-27,IEX,Raj Ray,-4.3
2026-03-27,NKE,Amit Daryanani,94.3
2026-03-29,MRK,Carter Gould,-18.3
2026-03-30,ADI,Alexi de Unger,5.2
2026-03-30,AME,Richard Eastman,-0.4
2026-03-30,AMT,Unknown Analyst,18.5
2026-03-30,ANET,Unknown Analyst,-18.9
2026-03-30,CCI,Unknown Analyst,23.2
2026-03-30,CMG,Stephen J McManus,10.7
2026-03-30,CRWD,Alex Zukin,89.4
2026-03-30,CRWD,Joshua Tilton,89.4
2026-03-30,CSCO,Unknown Analyst,-14.2
2026-03-30,CVS,Courtney Breen,5.8
2026-03-30,DELL,Unknown Analyst,-70.1
2026-03-30,DLR,Anthony Hau,13.7
2026-03-30,EQIX,Anthony Hau,10.3
2026-03-30,FISV,Dominick Gabriele,31.4
2026-03-30,FISV,Unknown Analyst,31.4
2026-03-30,FITB,Scott Siefers,2.1
2026-03-30,GPN,Hal Goetsch,128.1
2026-03-30,HCA,Courtney Breen,26.5
2026-03-30,HPE,Unknown Analyst,-49
2026-03-30,JKHY,Dominick Gabriele,27.2
2026-03-30,JKHY,Unknown Analyst,27.2
2026-03-30,JPM,Scott Siefers,-7.1
2026-03-30,KEYS,Richard Eastman,-7.5
2026-03-30,KEYS,Unknown Analyst,-7.5
2026-03-30,LYV,Unknown Analyst,13.7
2026-03-30,MA,Dominick Gabriele,11.6
2026-03-30,MA,Unknown Analyst,11.6
2026-03-30,MRK,Steve Scala,-6.7
2026-03-30,MTB,Unknown Analyst,-9.8
2026-03-30,PYPL,Unknown Analyst,-12.2
2026-03-30,RF,Scott Siefers,-1.8
2026-03-30,ROK,Richard Eastman,-1.4
2026-03-30,SBAC,Unknown Analyst,8.1
2026-03-30,SBUX,Stephen J McManus,-12.3
2026-03-30,TER,Richard Eastman,-10.6
2026-03-30,TFC,Mike Mayo,13.3
2026-03-30,TKO,Matthew Condon,26.8
2026-03-30,TRMB,Quinn Fredrickson,47.7
2026-03-30,TRMB,Richard Eastman,47.7
2026-03-30,V,Dominick Gabriele,5.1
2026-03-30,V,Unknown Analyst,5.1
2026-03-30,XYZ,Dominick Gabriele,-2.2
2026-03-30,XYZ,Unknown Analyst,-2.2
2026-03-31,APH,Stephen Volkmann,84.8
2026-03-31,AVY,Hillary Cacanando,18.2
2026-03-31,BAC,Saul Martinez,-4.7
2026-03-31,C,Saul Martinez,-1.3
2026-03-31,EMR,Stephen Volkmann,16.7
2026-03-31,GE,Jairam Nathan,-4.2
2026-03-31,GOOG,Mark Shmulik,-0.5
2026-03-31,LIN,Martin Roediger,6.4
2026-03-31,META,Stacy Rasgon,35.2
2026-03-31,MTB,Scott Siefers,3.4
2026-03-31,NUE,Unknown Analyst,-15.5
2026-03-31,PCAR,Lewis Merrick,8.6
2026-03-31,PNC,Saul Martinez,0.4
2026-03-31,QCOM,Melissa Fairbanks,
2026-03-31,ROK,Stephen Volkmann,17.9
2026-03-31,TEL,Alex Dwyer,21.7
2026-03-31,TFC,Saul Martinez,13.3
2026-03-31,USB,Saul Martinez,4.9
2026-03-31,VICI,Jay Kornreich,43.3
2026-03-31,WAB,Stephen Volkmann,3.5
2026-03-31,WAB,Unknown Analyst,3.5
2026-03-31,WFC,Saul Martinez,9.2
2026-03-31,WTW,Andrew Andersen,
2026-04-01,ABT,Unknown Analyst,
2026-04-01,BMY,Unknown Analyst,
2026-04-01,BSX,Hans Engel,
2026-04-01,CRWD,Unknown Analyst,110.4
2026-04-01,CSCO,Hans Engel,
2026-04-01,DG,Unknown Analyst,18.5
2026-04-01,EOG,Mark Lear,1.9
2026-04-01,EW,Michael Polark,4.2
2026-04-01,FANG,Unknown Analyst,16.9
2026-04-01,FCX,Unknown Analyst,-14.2
2026-04-01,GOOG,Justin Patterson,6.7
2026-04-01,HIG,Wood Lay,13
2026-04-01,IBM,Hans Engel,
2026-04-01,INTC,Unknown Analyst,
2026-04-01,LII,Joe O'Dea,33.6
2026-04-01,LRCX,Stephan Lingnau,
2026-04-01,MA,David Togut,-2.7
2026-04-01,MDT,Matt Miksic,30.3
2026-04-01,MSFT,Unknown Analyst,-8.9
2026-04-01,NOW,Unknown Analyst,
2026-04-01,O,Omotayo Okusanya,23.5
2026-04-01,ORCL,Hans Engel,
2026-04-01,PANW,Unknown Analyst,-45
2026-04-01,PLTR,Unknown Analyst,
2026-04-01,PLTR,Yi Fu Lee,
2026-04-01,QCOM,Unknown Analyst,
2026-04-02,ALL,Andrew Kligerman,
2026-04-02,COP,Alastair Syme,13.8
2026-04-02,CVX,Alastair Syme,12.2
2026-04-02,DDOG,Unknown Analyst,0
2026-04-02,EXE,Paul Diamond CFA,42.9
2026-04-02,GL,John Barnidge,-3.7
2026-04-02,GOOG,Ken Gawrelski,4.1
2026-04-02,KIM,Unknown Analyst,
2026-04-02,LLY,Steve Scala,8.4
2026-04-02,MLM,Rohit Seth,42.7
2026-04-02,RTX,Scott Mikus,24.7
2026-04-02,UDR,Austin Wurschmidt,23.9
2026-04-02,UDR,Unknown Analyst,23.9
2026-04-02,WEC,Ross Fowler,12.4
2026-04-03,CCL,Matthew Boss,96
2026-04-05,SBAC,Jonathan Petersen,1.9
2026-04-06,ADM,Dushyant Ailani,-9.3
2026-04-06,CME,Unknown Analyst,-0.4
2026-04-06,DHI,Kenneth Zener,
2026-04-06,FDX,Kristina Ruggeri,31.7
2026-04-06,LEN,Kenneth Zener,-3.2
2026-04-06,MCD,Brian Bittner,43
2026-04-06,MDT,David Toung,24.8
2026-04-06,NVR,Kenneth Zener,-7.9
2026-04-06,PCAR,Sherif El-Sabbahy,4.4
2026-04-06,PHM,Kenneth Zener,-14.7
2026-04-06,PRU,Unknown Analyst,
2026-04-06,PSX,Doug Leggate,-29.7
2026-04-06,RJF,Daniel Fannon,-12
2026-04-06,SHW,Laurence Alexander,12.2
2026-04-06,SOLV,Mark Strouse,
2026-04-06,TMO,Patrick B Donnelly,5.2
2026-04-06,TSLA,Ben Kallo,47.7
2026-04-06,WRB,Kelly Motta,-5.7
2026-04-07,AVGO,Dan Waggoner,5.9
2026-04-07,BKNG,Amanda Tan,15.9
2026-04-07,EFX,Rayna Kumar,56.1
2026-04-07,EQT,Jeoffrey Lambujon,42
2026-04-07,EXE,Phillip Jungwirth,37.2
2026-04-07,FITB,Ryan Nash,4
2026-04-07,IQV,Patrick B Donnelly,-24.9
2026-04-07,IR,Joe Ritchie,33.6
2026-04-07,JBHT,Scott Group,4.2
2026-04-07,ODFL,Scott Group,6.9
2026-04-07,PH,Joe Ritchie,10.2
2026-04-07,TROW,Unknown Analyst,-23.2
2026-04-07,WAT,Patrick B Donnelly,0.8
2026-04-07,XEL,Julien Dumoulin Smith,36.9
2026-04-08,ABNB,Ivan Feinseth,12
2026-04-08,APP,Aaron Lee,128.1
2026-04-08,AVGO,Jay Goldberg,
2026-04-08,BKNG,Ivan Feinseth,54.5
2026-04-08,CME,Kyle Voigt,10.5
2026-04-08,COP,Ryan Todd,19.1
2026-04-08,HOOD,Kyle Voigt,-37.4
2026-04-08,IBKR,Unknown Analyst,-17.3
2026-04-08,ICE,Kyle Voigt,22.2
2026-04-08,NDAQ,Kyle Voigt,-1.6
2026-04-08,PCG,William Appicelli,74.2
2026-04-08,PSX,Ryan Todd,-35.2
2026-04-08,REGN,William Pickering,17.4
2026-04-08,SCHW,Kyle Voigt,5
2026-04-08,T,Sam McHugh,9.6
2026-04-08,TMUS,Craig Moffett,51
2026-04-08,UPS,Stephanie Moore,36.3
2026-04-08,VLO,Ryan Todd,-36.4
2026-04-09,ABT,Unknown Analyst,18.6
2026-04-09,CVX,Jeoffrey Lambujon,7.4
2026-04-09,DELL,George Notter,
2026-04-09,FDX,Jonathan Chappell,28.4
2026-04-09,MET,Thomas Gallagher,-1.1
2026-04-09,MPC,Ryan Todd,-46.3
2026-04-09,SJM,Max Gumport,1.7
2026-04-09,TRMB,Jason Celino,63.3
2026-04-09,XOM,Lloyd Byrne,12.5
2026-04-09,XOM,Ryan Todd,11.3
2026-04-10,BDX,David Roman,-7.6
2026-04-10,D,Julien Dumoulin Smith,2.2
2026-04-10,EXE,Mark Lear,57.7
2026-04-10,MSFT,Stefan Slowinski,12.6
2026-04-10,NI,Marie Ferguson,28.1
2026-04-10,ORCL,Ari Terjanian,
2026-04-10,RSG,Tami Zakaria,12.3
2026-04-10,SO,Ryan Levine,33.3
2026-04-10,TSCO,Jeff Lick,64.5
2026-04-10,WM,Tami Zakaria,27.9
2026-04-12,CEG,Unknown Analyst,29.6
2026-04-12,DAL,Daniel Mckenzie,
2026-04-12,DTE,Julien Dumoulin Smith,32.3
2026-04-12,INTC,Jay Goldberg,-40.1
2026-04-12,LUV,Daniel Mckenzie,
2026-04-12,NRG,Angie Storozynski,
2026-04-12,UAL,Daniel Mckenzie,
2026-04-13,ALB,Colin Rusch,98.7
2026-04-13,CI,Joanna Gajuk,37.3
2026-04-13,CRL,Charles Weston,-22.2
2026-04-13,CTSH,Kevin Mcveigh,6.9
2026-04-13,FLEX,Unknown Analyst,-29
2026-04-13,GOOGL,Trevor Young,2.7
2026-04-13,GS,Stephen Biggar,13.2
2026-04-13,J,Jerry Revich,-4.5
2026-04-13,LEN,Mark Lipacis,7.3
2026-04-13,MDLZ,Stephen Powers,-9.6
2026-04-13,MPC,Zach Parham,-44.7
2026-04-13,NKE,Akshay Gupta,35.2
2026-04-13,NKE,Erwan Rambourg,35.2
2026-04-13,O,Jana Galan,23.5
2026-04-13,PLD,Unknown Analyst,26.1
2026-04-13,PNW,Gary Hovis,12.5
2026-04-13,PNW,Marie Ferguson,12.5
2026-04-13,PPL,Paul Zimbardo CFA,44
2026-04-13,PPL,Unknown Analyst,44
2026-04-13,RMD,Unknown Analyst,13.3
2026-04-13,ROL,Anthony Chukumba,72.7
2026-04-13,RTX,Adrien Rabier,
2026-04-13,SBUX,Andy Barish,-4
2026-04-13,SW,Andrew Jones CFA,26.3
2026-04-13,SYK,Mike Kratky,49
2026-04-13,WELL,Andy Barish,63.8
2026-04-14,BBY,Greg Melich,-30.5
2026-04-14,C,Jia Hui NG,21.4
2026-04-14,CARR,Andrew Buscaglia,15.2
2026-04-14,DHR,Unknown Analyst,8.6
2026-04-14,EQT,Unknown Analyst,30
2026-04-14,GIS,Robert Dickerson,
2026-04-14,GIS,Unknown Analyst,
2026-04-14,HSY,Unknown Analyst,24.2
2026-04-14,INTC,Christopher Stathoulopoulos,-40.1
2026-04-14,JCI,Andrew Buscaglia,-16.2
2026-04-14,JNJ,Lee Hambright,
2026-04-14,JPM,Jia Hui NG,-11.3
2026-04-14,LII,Andrew Buscaglia,48.9
2026-04-14,META,Madison Rezaei,35.2
2026-04-14,MKC,Unknown Analyst,
2026-04-14,REG,Haendel St. Juste,12.4
2026-04-14,RVTY,Unknown Analyst,-33.8
2026-04-14,TKO,Nicholas Herman,
2026-04-14,TT,Andrew Buscaglia,28.2
2026-04-14,VRT,Andrew Buscaglia,38.3
2026-04-14,YUM,Brian Mullan,14.5
2026-04-15,AEP,Unknown Analyst,18.1
2026-04-15,BXP,Unknown Analyst,33.3
2026-04-15,D,Ross Fowler,2.2
2026-04-15,DASH,Michael Morton,43
2026-04-15,ED,Unknown Analyst,-2.3
2026-04-15,GPC,Christopher Horvers,-2.4
2026-04-15,JPM,Unknown Analyst,
2026-04-15,KMB,Filippo Falorni,-8
2026-04-15,MS,Brandon Berman,8.6
2026-04-15,NEE,Anthony Crowdell,18.1
2026-04-15,NEE,Carly Davenport,21.8
2026-04-15,NTAP,Unknown Analyst,-35.8
2026-04-15,PCG,Unknown Analyst,74.2
2026-04-15,RMD,Chris Cooper,
2026-04-15,RMD,Unknown Analyst,
2026-04-15,SBUX,Ivan Feinseth,27.3
2026-04-15,STZ,Christian Junquera,29.4
2026-04-15,UPS,Unknown Analyst,28.2
2026-04-15,V,Unknown Analyst,11.9
2026-04-15,WEC,Unknown Analyst,4.7
2026-04-15,WFC,John Pancari,10.3
2026-04-15,WFC,Scott Siefers,9.2
2026-04-15,WMT,Clement Xu,31.2
2026-04-15,XEL,Unknown Analyst,25.9
2026-04-16,BAC,Scott Siefers,2.2
2026-04-16,CNP,Julien Dumoulin Smith,27.7
2026-04-16,CRM,Mark Murphy,34.5
2026-04-16,EFX,Unknown Analyst,39.7
2026-04-16,FICO,Unknown Analyst,49.1
2026-04-16,NEM,Shane Nagle,5.3
2026-04-16,NOW,Brad Zelnick,-0.3
2026-04-16,PCG,Shelby Tucker,81.8
2026-04-16,WFC,Eric Shih,2.2
2026-04-16,WYNN,Joseph Stauff,55.5
2026-04-17,AAPL,David O'Connor,
2026-04-17,ABT,Bruce Jackson,17.7
2026-04-17,ABT,Rick Wise,17.7
2026-04-17,ABT,Suraj Kalia,12.8
2026-04-17,APD,Sebastian Bray,24.1
2026-04-17,APD,Unknown Analyst,24.1
2026-04-17,BNY,David Konrad,-1.7
2026-04-17,CVX,Lucas Herrmann,
2026-04-17,DAL,Duane Pfennigwerth,6.8
2026-04-17,DHR,Ed Ridley-Day,-3.2
2026-04-17,EXC,Anthony Crowdell,14.1
2026-04-17,EXC,Nicholas Campanella,16.5
2026-04-17,JBHT,Kristina Ruggeri,21.7
2026-04-17,LIN,Michael Harrison CFA,24.9
2026-04-17,LNT,Michaela Jamison,19.8
2026-04-17,MRK,Natalya Davies,21.9
2026-04-17,NCLH,Ivan Feinseth,126.6
2026-04-17,NEM,Unknown Analyst,21.5
2026-04-17,PLD,Michael Goldsmith,19.4
2026-04-17,PLD,Steve Sakwa,0.1
2026-04-17,TFC,David Chiaverini,-7.3
2026-04-17,TMO,Natalya Davies,-4.8
2026-04-17,TMUS,Unknown Analyst,60.5
2026-04-17,TRV,Kevin Heal,-11.9
2026-04-17,XOM,Lucas Herrmann,0.9
2026-04-19,LHX,Richard Safran,
2026-04-19,TXN,Unknown Analyst,-17.5
2026-04-20,AAPL,Angelo Zino,-7.6
2026-04-20,ABBV,Unknown Analyst,-0.8
2026-04-20,ABT,Anthony Petrone,12.8
2026-04-20,ABT,Matt Miksic,40.2
2026-04-20,ACGL,Jimmy Bhullar,12.9
2026-04-20,AEE,Unknown Analyst,22.4
2026-04-20,AEP,Angie Storozynski,20.6
2026-04-20,AEP,Unknown Analyst,23.1
2026-04-20,AIG,Jimmy Bhullar,14
2026-04-20,ATO,Unknown Analyst,21.4
2026-04-20,AWK,Unknown Analyst,0.7
2026-04-20,CB,Jimmy Bhullar,-0.2
2026-04-20,CCI,John Kim,36.9
2026-04-20,CMS,Unknown Analyst,31.6
2026-04-20,CNC,David Windley,-40.7
2026-04-20,CNP,Unknown Analyst,25.1
2026-04-20,D,Unknown Analyst,5.4
2026-04-20,DGX,Elizabeth Anderson CFA,-14.8
2026-04-20,DTE,Unknown Analyst,28.4
2026-04-20,DUK,Unknown Analyst,20.8
2026-04-20,EIX,Angie Storozynski,
2026-04-20,EIX,Unknown Analyst,48.3
2026-04-20,EOG,Unknown Analyst,-6.4
2026-04-20,ES,Angie Storozynski,
2026-04-20,ETR,Angie Storozynski,
2026-04-20,ETR,Unknown Analyst,27.4
2026-04-20,EXC,Julien Dumoulin Smith,18.8
2026-04-20,EXC,Unknown Analyst,18.8
2026-04-20,FIX,Austin Wang,21.2
2026-04-20,INTC,Felix Pan,-34.6
2026-04-20,INTC,Jerome Ramel,-44.8
2026-04-20,JPM,Paul Johnson,3.8
2026-04-20,MDLZ,Unknown Analyst,3.5
2026-04-20,PANW,Unknown Analyst,-40.9
2026-04-20,PCG,Unknown Analyst,74.2
2026-04-20,PEG,Unknown Analyst,30.4
2026-04-20,PLD,Todd Thomas,
2026-04-20,PNW,Unknown Analyst,14.6
2026-04-20,PYPL,Mihir Bhatia,4.9
2026-04-20,RF,Kevin Heal,8.8
2026-04-20,SBAC,Unknown Analyst,22.1
2026-04-20,SO,Angie Storozynski,
2026-04-20,SO,Unknown Analyst,20.4
2026-04-20,SRE,Unknown Analyst,32.8
2026-04-20,UNH,David Windley,-1
2026-04-20,VMC,Unknown Analyst,
2026-04-20,WEC,Unknown Analyst,20.2
2026-04-20,XEL,Unknown Analyst,31.4
2026-04-21,ABT,Narumi Nakagiri,-9.8
2026-04-21,AMGN,Unknown Analyst,-4.2
2026-04-21,ARES,Unknown Analyst,-9.3
2026-04-21,AVY,Matt Roberts,13.4
2026-04-21,CL,Edward Lewis,14.3
2026-04-21,CL,Kaumil Gajrawala,0.6
2026-04-21,CMG,Brian Vaccaro,22.6
2026-04-21,COHR,Papa Talla Sylla,32.3
2026-04-21,FE,Julien Dumoulin Smith,14.9
2026-04-21,FISV,Unknown Analyst,37.7
2026-04-21,GPC,"Mark Jordan, CFA",5.4
2026-04-21,GPN,Unknown Analyst,-10.7
2026-04-21,HAL,James West,
2026-04-21,HAL,Kevin Simpson,39.7
2026-04-21,INVH,Michael Gorman,
2026-04-21,KKR,Glenn Schorr,20.4
2026-04-21,MCD,Unknown Analyst,
2026-04-21,META,Nicolas Cote Colisson,35.9
2026-04-21,NEE,Shahriar Pourreza,23
2026-04-21,NI,Julien Dumoulin Smith,35.5
2026-04-21,NKE,Thomas Maul,
2026-04-21,PCG,Ryan Levine,59.1
2026-04-21,PLD,Nicholas Joseph,22.4
2026-04-21,PYPL,Unknown Analyst,-0.8
2026-04-21,SBUX,Unknown Analyst,9.6
2026-04-21,STLD,Chris LaFemina,-6.5
2026-04-21,TEL,Christopher Glynn,38.7
2026-04-21,UAL,Duane Pfennigwerth,
2026-04-21,V,Unknown Analyst,-0.9
2026-04-21,VLO,Doug Leggate,-50.9
2026-04-21,XOM,Doug Leggate,
2026-04-21,XYZ,Unknown Analyst,-3.5
2026-04-22,ALB,Mazahir Mammadli,68.2
2026-04-22,ARES,Brian McKenna,51.1
2026-04-22,CB,Tracy Benguigui,9.5
2026-04-22,CCI,James Schneider,30
2026-04-22,CSX,Scott Group,6.2
2026-04-22,DHI,Michael Rehaut,-8
2026-04-22,DHI,Tyler Batory,
2026-04-22,DHR,Catherine Ramsey Schulte,15.7
2026-04-22,DTE,Paul Cole,26.1
2026-04-22,EQT,Kalei Akamine,48
2026-04-22,EVRG,James Thalacker,10.3
2026-04-22,GL,Jack Matten,-14.7
2026-04-22,HAL,Arun Jayaram,24.9
2026-04-22,ISRG,Unknown Analyst,30.9
2026-04-22,KDP,Kevin Grundy,-9.6
2026-04-22,LULU,Angus Kelleher-Ferguson,64.2
2026-04-22,MA,Unknown Analyst,7
2026-04-22,MCO,Scott Wurtzel,14.2
2026-04-22,MSCI,Faiza Alwy,31.9
2026-04-22,NOW,Adam Tindle,-4
2026-04-22,NOW,Alex Zukin,-7.7
2026-04-22,NVR,Trevor Allinson,
2026-04-22,ODFL,Stephanie Moore,32.9
2026-04-22,OTIS,Nigel Coe,51.8
2026-04-22,OTIS,Patrick Baumann,28.4
2026-04-22,PLD,Michael Mueller,16.4
2026-04-22,PM,Christine Dooley,
2026-04-22,SBUX,Unknown Analyst,1.2
2026-04-22,SCHW,David Konrad,5
2026-04-22,STLD,Alexander Hacking,8.4
2026-04-22,T,Mike Ng,37
2026-04-22,TSCO,Bradley Thomas,
2026-04-22,TSLA,Ryan Brinkman,
2026-04-22,UNH,John Ransom,-1.8
2026-04-22,WAB,Scott Group,8.1
2026-04-23,AXP,Hoang Nguyen,6.5
2026-04-23,AXP,Stephen Biggar,25.8
2026-04-23,BSX,Christopher Pasquale,95.2
2026-04-23,CHTR,Matthew Harrigan,236.6
2026-04-23,CMCSA,Mike Ng,27.5
2026-04-23,CSX,Stephanie Moore,10.4
2026-04-23,DDOG,Unknown Analyst,-26.1
2026-04-23,DECK,Rick Patel,69.6
2026-04-23,ED,Ross Fowler,1.5
2026-04-23,FCX,Chris LaFemina,4.8
2026-04-23,GEV,Ben Kallo,48.9
2026-04-23,GEV,Charles Minervino,38.2
2026-04-23,HBAN,Karl Shepard,25.9
2026-04-23,HBAN,Scott Siefers,13.4
2026-04-23,HON,Gautam Khanna,122.8
2026-04-23,HSY,Megan Alexander,33.7
2026-04-23,INTC,Sean O'Loughlin,-30.9
2026-04-23,ISRG,Matt Miksic,65.5
2026-04-23,JNJ,Josh Jennings,-7.4
2026-04-23,KMI,Brandon Bingham,0.5
2026-04-23,LRCX,Aaron Rakers,11.1
2026-04-23,LVS,Unknown Analyst,75.1
2026-04-23,MCD,Chris Luyckx,23.3
2026-04-23,NOW,Joseph Bonner,-1.1
2026-04-23,NOW,Patrick Walravens,15.9
2026-04-23,NVR,Michael Rehaut,9.9
2026-04-23,ORCL,Keith Weiss,40.2
2026-04-23,OTIS,Julian Mitchell,12.4
2026-04-23,SNA,Sherif El-Sabbahy,-11.3
2026-04-23,T,Eric Luebchow,9.6
2026-04-23,TEL,Stephen Bersey,13.9
2026-04-23,TSLA,Bill Selesky,
2026-04-23,TSLA,Daniel Ives,64.7
2026-04-23,TXN,Chris Caso,18.1
2026-04-23,UAL,Tabitha Foo,1.2
2026-04-23,VRT,Unknown Analyst,32.3
2026-04-23,WRB,Michael Zaremski,-2.8
2026-04-23,WST,Vijay Kumar,
2026-04-23,WY,Hamir Patel,32
2026-04-24,AMP,Thomas Gallagher,9
2026-04-24,AXP,Gustavo Gala,-3.2
2026-04-24,BX,Glenn Schorr,16.1
2026-04-24,CCI,Unknown Analyst,
2026-04-24,CNP,Anthony Crowdell,17.2
2026-04-24,DLR,Mike Ng,18.1
2026-04-24,DLR,Unknown Analyst,27.9
2026-04-24,DLR,Unknown Analyst,24.6
2026-04-24,DOV,Amit Mehrotra,44.1
2026-04-24,DOV,Brett Linzey,44.1
2026-04-24,DOV,Julian Mitchell,22.7
2026-04-24,DOV,Nicole Deblase,22.2
2026-04-24,EW,David Rescott,-1.4
2026-04-24,EW,Matt Miksic,24.6
2026-04-24,GEV,John Staszak,38.2
2026-04-24,GL,Thomas Gallagher,-9.5
2026-04-24,HON,Joe O'Dea,122.8
2026-04-24,IBM,Ingo Wermann,28.5
2026-04-24,INTC,Mark Lipacis,2.2
2026-04-24,INTC,Unknown Analyst,
2026-04-24,LRCX,Jim Kelleher,4.1
2026-04-24,LUV,Achal Kumar,-11.9
2026-04-24,LUV,Duane Pfennigwerth,7.4
2026-04-24,MAS,Chris Graja,35.2
2026-04-24,NEM,Ralph M. Profiti,41.8
2026-04-24,NOW,Steven Koenig,-19.5
2026-04-24,PODD,Issie Kirby,56.5
2026-04-24,ROP,Julian Mitchell,0.1
2026-04-24,SLB,Kenneth Herbert,19.3
2026-04-24,TMO,Catherine Ramsey Schulte,-1.9
2026-04-24,TSCO,Unknown Analyst,55.2
2026-04-24,TSLA,Garrett Nelson,4.3
2026-04-24,TSLA,Unknown Analyst,4.3
2026-04-24,UNP,Stephanie Moore,16.3
2026-04-24,UPS,Harrison Bauer,17.1
2026-04-24,VRSN,Robert Oliver,17.1
2026-04-24,VRT,Patrick Baumann,40.3
2026-04-24,VRT,Stephen Tusa,40.3
2026-04-24,WST,Patrick B Donnelly,10.4
2026-04-25,INTC,Suji Desilva,-7.9
2026-04-26,HIG,Ryan Krueger,13
2026-04-27,APA,Kalei Akamine,-33.4
2026-04-27,ATO,Ross Fowler,28.2
2026-04-27,BA,Jason Sum,41.8
2026-04-27,BLDR,Trey Grooms,73.6
2026-04-27,CEG,James Weston,53.9
2026-04-27,CNP,Nicholas Campanella,14.6
2026-04-27,COP,Kalei Akamine,-6.7
2026-04-27,DLR,Gregory P Miller,37.3
2026-04-27,DOV,Joe Ritchie,19.5
2026-04-27,DVN,Kalei Akamine,17.3
2026-04-27,EOG,Kalei Akamine,-3.6
2026-04-27,ETN,Brett Linzey,14.2
2026-04-27,EXE,Kalei Akamine,37.2
2026-04-27,FANG,Kalei Akamine,8.1
2026-04-27,FTNT,Ellie Bagshaw,-38.8
2026-04-27,GEV,Moses Sutton,26.6
2026-04-27,HBAN,Ryan Nash,25.9
2026-04-27,HCA,Raj Kumar CFA,23.9
2026-04-27,HCA,Unknown Analyst,23.9
2026-04-27,HIG,Brian Meredith,17.5
2026-04-27,KR,Hans Engel,
2026-04-27,MS,Hans Engel,
2026-04-27,NFLX,Hans Engel,
2026-04-27,NRG,James Weston,102.6
2026-04-27,PFE,Umer Raffat,
2026-04-27,PFG,Thomas Gallagher,-8.2
2026-04-27,PG,Andy Sim,14.1
2026-04-27,RDDT,Joseph Barker,-27.1
2026-04-27,RDDT,Unknown Analyst,-27.1
2026-04-27,ROL,Oliver Davies CFA,103.5
2026-04-27,RTX,Stephan Lingnau,
2026-04-27,RTX,Unknown Analyst,18.6
2026-04-27,SPGI,Unknown Analyst,32
2026-04-27,STX,Unknown Analyst,-18.5
2026-04-27,TGT,Mavis Hui,-8.3
2026-04-27,VST,James Weston,47.9
2026-04-27,VZ,Mike Ng,14.4
2026-04-27,WDC,Matt Bryson,20.1
2026-04-27,WRB,John Staszak,
2026-04-27,XYZ,Gustavo Gala,36.9
2026-04-28,AMD,Ross Seymore,-54.5
2026-04-28,BRO,John Staszak,
2026-04-28,CAH,Max Smock,
2026-04-28,COF,Wood Lay,43.6
2026-04-28,CPAY,James Faucette,-2
2026-04-28,DOV,Patrick Baumann,33.4
2026-04-28,DOV,Walter Liptak,41.4
2026-04-28,DPZ,Christine Cho,46.2
2026-04-28,DPZ,Jeff Bernstein,7.1
2026-04-28,DPZ,Nick Setyan,42.8
2026-04-28,DPZ,Todd Brooks,46.2
2026-04-28,EIX,Ryan Levine,55.5
2026-04-28,GEV,Julian Mitchell,32.9
2026-04-28,GOOG,Benjamin Black CFA,12.4
2026-04-28,INTC,Egor Tolmachev,-7.9
2026-04-28,INTC,Unknown Analyst,-7.9
2026-04-28,INVH,Rob Simone,11.5
2026-04-28,INVH,Unknown Analyst,11.5
2026-04-28,KMB,Andy Sim,13.4
2026-04-28,KMI,Bill Selesky,
2026-04-28,MU,Dan Waggoner,-1.6
2026-04-28,NXPI,Blayne Curtis,31.6
2026-04-28,ODFL,Daniel Moore CFA,32.4
2026-04-28,PG,Jim Kelleher,
2026-04-28,PHM,Michael Rehaut,10.9
2026-04-28,SBUX,Gregory Francfort,1.2
2026-04-28,T,Vince Valentini,25.3
2026-04-28,TER,Brian Chin,5
2026-04-28,VZ,Timothy Horan,16.4
2026-04-29,ACGL,David Motemaden,2.7
2026-04-29,ADP,Jacob Smith CFA,-0.5
2026-04-29,ALLE,Alexander Virgo,15.2
2026-04-29,ALLE,Julian Mitchell,5.9
2026-04-29,AMT,Ric Prentiss,38.8
2026-04-29,AMT,Richard Choe,38.8
2026-04-29,AMZN,Jed Kelly,26.9
2026-04-29,AMZN,Sergio Segura,30.9
2026-04-29,AMZN,Shweta Khajuria,26.9
2026-04-29,CHTR,Unknown Analyst,
2026-04-29,CMG,Chris O`Cull,34.6
2026-04-29,CNC,Michael Wiederhorn,-11.9
2026-04-29,CNC,Scott Fidel,-39.2
2026-04-29,DHI,Chris Graja,34
2026-04-29,ECL,Eric Boyes,15.8
2026-04-29,ESS,John Kim,3.7
2026-04-29,EXE,Michael Scialla,85.2
2026-04-29,FFIV,Ryan Koontz,
2026-04-29,FFIV,Unknown Analyst,
2026-04-29,FICO,Jeffrey Meuler,63.1
2026-04-29,FICO,Patrick O'Shaughnessy,84.3
2026-04-29,FICO,Ryan Griffin CFA,79
2026-04-29,FIX,Julio Romero,24.1
2026-04-29,GLW,Unknown Analyst,-0.8
2026-04-29,GLW,Unknown Analyst,33.2
2026-04-29,GM,Alexander Potter,24.1
2026-04-29,GM,Dmitriy Pozdnyakov,-7.5
2026-04-29,GNRC,Jeffrey Rossetti,37.4
2026-04-29,GOOG,Jed Kelly,22.5
2026-04-29,GOOGL,Rob Sanderson,1.2
2026-04-29,HLT,John Staszak,24.3
2026-04-29,HLT,Unknown Analyst,24.3
2026-04-29,HOOD,Ed Engel,-10.7
2026-04-29,MCO,Jim Kelleher,17.4
2026-04-29,MCO,Unknown Analyst,17.4
2026-04-29,MDLZ,Unknown Analyst,15
2026-04-29,META,Jed Kelly,-6.5
2026-04-29,NXPI,Chris Caso,40.4
2026-04-29,NXPI,Melissa Fairbanks,31.6
2026-04-29,NXPI,Ross Seymore,38.2
2026-04-29,PNR,Julian Mitchell,64.5
2026-04-29,QCOM,Rick Schafer,-12.2
2026-04-29,SBUX,Brian Bittner,
2026-04-29,SBUX,Brian Mullan,14.8
2026-04-29,SBUX,Christopher Carril,
2026-04-29,SBUX,Jeff Bernstein,21
2026-04-29,SBUX,Unknown Analyst,16.9
2026-04-29,SYY,Jeff Bernstein,8.8
2026-04-29,TMUS,Eric Luebchow,39.7
2026-04-29,TMUS,Nilesh Bhaiya,33.2
2026-04-29,TMUS,Nilesh Bhaiya,33.2
2026-04-29,TMUS,Timothy Horan,54.6
2026-04-29,TPR,Mark Altschwager,43.5
2026-04-29,TTWO,Martin Yang,29
2026-04-29,UHS,John Ransom,
2026-04-29,UPS,Richa Harnain,7
2026-04-29,UPS,Unknown Analyst,16.1
2026-04-29,V,John Davis,5.6
2026-04-29,WDAY,"Robert Simmons, CFA",
2026-04-30,AAPL,Unknown Analyst,-1.7
2026-04-30,ACGL,Matthew Heimermann,25.8
2026-04-30,ACGL,Unknown Analyst,12.9
2026-04-30,ACGL,Unknown Analyst,25.8
2026-04-30,ADP,Bryan Bergin,-20.4
2026-04-30,AFL,Thomas Gallagher,-5.9
2026-04-30,ALGN,Steven Valiquette,49.9
2026-04-30,AMT,Marie Ferguson,21.4
2026-04-30,AMT,Unknown Analyst,21.4
2026-04-30,AMZN,Barton Crockett,31.7
2026-04-30,AMZN,Maria Ripps,30.9
2026-04-30,AMZN,Mark Kelley,26.5
2026-04-30,AMZN,Michael Graham,30.9
2026-04-30,AMZN,Shyam Patil,28.9
2026-04-30,AMZN,Simeon Siegel,26.9
2026-04-30,APD,Hassan Ahmed,22.4
2026-04-30,APH,Luke Junk,125.6
2026-04-30,APH,Samik Chatterjee,154.9
2026-04-30,BF.B,Robert Moskow,-4.5
2026-04-30,BKR,Unknown Analyst,38.4
2026-04-30,CARR,Alexander Virgo,57.9
2026-04-30,CI,Sarah James,23.5
2026-04-30,CI,Unknown Analyst,23.5
2026-04-30,CMCSA,Walter Piecyk,
2026-04-30,CMG,Jeff Bernstein,13.7
2026-04-30,CRH,Prieto Luis,62.3
2026-04-30,CSGP,Faiza Alwy,51.3
2026-04-30,CVNA,Lee Horowitz,64.6
2026-04-30,EBAY,Eric Sheridan,-10.6
2026-04-30,EME,Brian Brophy,22.4
2026-04-30,EQIX,Frank Louthan,22.4
2026-04-30,EQIX,Gregory P Miller,32.2
2026-04-30,EQIX,Mike Ng,-0.6
2026-04-30,EQIX,Timothy Horan,17.5
2026-04-30,ETR,William Appicelli,32.3
2026-04-30,EXE,Tim Rezvan,
2026-04-30,EXE,Zach Parham,49.7
2026-04-30,F,Chris McNally,6
2026-04-30,FE,Unknown Analyst,21.5
2026-04-30,GEHC,David Roman,
2026-04-30,GEHC,Matt Miksic,21.6
2026-04-30,GM,Ryan Brinkman,19.2
2026-04-30,GOOGL,Dan Waggoner,6.9
2026-04-30,GOOGL,Shyam Patil,31.2
2026-04-30,HIG,Gregory Peters,13.7
2026-04-30,HON,Kristina Ruggeri,180.9
2026-04-30,HOOD,Unknown Analyst,-24.9
2026-04-30,HSY,Robert Dickerson,
2026-04-30,HUM,Kevin Caliendo,-32.2
2026-04-30,INCY,Unknown Analyst,-8.2
2026-04-30,IR,Julian Mitchell,32.3
2026-04-30,ITW,Joe Ritchie,-5.7
2026-04-30,KIM,Juan C. Sanabria,19.8
2026-04-30,KLAC,Jim Kelleher,10.2
2026-04-30,KLAC,Vedvati Shrotre,4.5
2026-04-30,LH,Andrew Brackmann,
2026-04-30,LII,Jeffrey Sprague,67
2026-04-30,LII,Julian Mitchell,66.2
2026-04-30,MA,James Friedman,17.6
2026-04-30,MA,Jim Kelleher,
2026-04-30,META,Mark Kelley,17.2
2026-04-30,MGM,Unknown Analyst,
2026-04-30,MGM,Unknown Analyst,19
2026-04-30,MSFT,Bram Kaplan,11.4
2026-04-30,MSFT,Unknown Analyst,25.6
2026-04-30,MSFT,William Power,1.3
2026-04-30,MSFT,Yanni Samoilis,1.3
2026-04-30,MSFT,Yi Fu Lee,6.3
2026-04-30,NXPI,Unknown Analyst,44.7
2026-04-30,OKE,James Weston,-1.6
2026-04-30,OMC,Christine Dooley,
2026-04-30,OMC,David Karnovsky,50.2
2026-04-30,OMC,Grace Song,8.4
2026-04-30,PPG,Jeffrey Zekauskas,19.6
2026-04-30,PSX,Betty Zhang,-44.7
2026-04-30,PSX,Zach Parham,-26
2026-04-30,QCOM,Jay Goldberg,-43.7
2026-04-30,QCOM,Kinngai Chan,
2026-04-30,QCOM,Ross Seymore,-10
2026-04-30,REGN,Matthew Biegler,10.2
2026-04-30,SWK,Julian Mitchell,6.1
2026-04-30,SWK,Timothy Wojs,-6.2
2026-04-30,T,Walter Piecyk,
2026-04-30,TER,Atif Malik,7.7
2026-04-30,TER,Samik Chatterjee,7.7
2026-04-30,TMO,Bill Selesky,-14
2026-04-30,TMO,David Toung,-14
2026-04-30,TMO,Unknown Analyst,-14
2026-04-30,TMUS,Walter Piecyk,
2026-04-30,TXN,Jim Kelleher,20
2026-04-30,V,Stephen Biggar,7.5
2026-04-30,V,Unknown Analyst,7.5
2026-04-30,VMC,Michael Feniger,
2026-04-30,VMC,Trey Grooms,41.2
2026-04-30,VRSK,Jeffrey Silber,22.6
2026-04-30,VST,Jeremy Tonet,64.2
2026-04-30,WM,David Manthey,25.5
2026-04-30,WM,Noah Kaye,25.1
2026-04-30,YUM,Dennis Geiger,30.4
2026-04-30,YUM,Jeff Bernstein,34.1
2026-04-30,YUM,Unknown Analyst,34.1
2026-05-01,ALL,Andrew Andersen,0
2026-05-01,AMGN,Umer Raffat,
2026-05-01,AMGN,Unknown Analyst,
2026-05-01,AMGN,Unknown Analyst,-21.5
2026-05-01,AOS,Michael Halloran,23.4
2026-05-01,BIIB,Ilya Zubkov,12.8
2026-05-01,BLDR,Sam Darkatsh,73.6
2026-05-01,CAH,Eric Coldwell,9.8
2026-05-01,CARR,Brett Linzey,39.3
2026-05-01,CARR,Jeffrey Hammond,
2026-05-01,CARR,Julian Mitchell,46.7
2026-05-01,CARR,Timothy Wojs,39.3
2026-05-01,CIEN,Mike Harrison,19.3
2026-05-01,CL,Bonnie Herzog,14.3
2026-05-01,COHR,Mike Harrison,43.4
2026-05-01,COP,Betty Zhang,-5.2
2026-05-01,CPT,Barry Oxford,19.9
2026-05-01,CPT,John Kim,14.9
2026-05-01,DDOG,Unknown Analyst,-34.8
2026-05-01,DXCM,Brandon Vazquez,-34
2026-05-01,EBAY,John Blackledge,-21.3
2026-05-01,EBAY,Shyam Patil,-1.6
2026-05-01,GD,Kristina Ruggeri,11.9
2026-05-01,GDDY,Trevor Young,21.1
2026-05-01,HUBB,Alexander Virgo,30.9
2026-05-01,ITW,Andrew Obin,11.4
2026-05-01,LHX,Gautam Khanna,49.6
2026-05-01,LHX,Unknown Analyst,
2026-05-01,LIN,John Roberts CFA,24.9
2026-05-01,LITE,Dave Kang,11.3
2026-05-01,LITE,Mike Harrison,36.4
2026-05-01,MA,Dan Dolev,
2026-05-01,MA,Paul Golding,17.6
2026-05-01,MPWR,Melissa Fairbanks,47.8
2026-05-01,MPWR,Ross Seymore,51.9
2026-05-01,NOW,Unknown Analyst,-7.7
2026-05-01,PH,Philip Walsh,16.6
2026-05-01,PLTR,Stephen Bersey,-15
2026-05-01,PWR,Brian Brophy,23.1
2026-05-01,PWR,Liam Burke,12.3
2026-05-01,PWR,Nicholas Amicucci,25.6
2026-05-01,RCL,Chris Woronka,20.4
2026-05-01,RCL,Unknown Analyst,42.4
2026-05-01,RDDT,Andrew Boone,59.1
2026-05-01,RDDT,Ken Gawrelski,16.7
2026-05-01,RMD,Unknown Analyst,0.9
2026-05-01,SNDK,Melissa Fairbanks,-18
2026-05-01,SO,Alex Kania,
2026-05-01,SO,James Weston,21.6
2026-05-01,SW,Unknown Analyst,30.8
2026-05-01,SWK,Michael Rehaut,-16.3
2026-05-01,SYK,Caitlin Roberts,45.4
2026-05-01,SYK,David Roman,31.2
2026-05-01,SYK,Jeff Johnson,39.9
2026-05-01,SYK,Lee Hambright,49
2026-05-01,SYK,Matt Miksic,43.2
2026-05-01,SYK,Pito Chickering,14.5
2026-05-01,SYK,Rick Wise,30.9
2026-05-01,TT,Brett Linzey,10.7
2026-05-01,TT,Joe Ritchie,24
2026-05-01,TT,Julian Mitchell,36.3
2026-05-01,TT,Timothy Wojs,20
2026-05-01,TTWO,Mike Hickey,46
2026-05-01,VICI,Barry Jonas,60.2
2026-05-01,VLO,Betty Zhang,-45.3
2026-05-01,VLO,Stephen Richardson,-39.5
2026-05-01,WMB,Gabe Moreen,13.8
2026-05-01,WTW,David Motemaden,16.1
2026-05-01,XEL,William Appicelli,25.9
2026-05-03,CL,Andy Sim,8.6
2026-05-03,GD,Noah Poponak,-11.3
2026-05-03,GDDY,Brent Thill,
2026-05-03,IP,Mark Weintraub,12.9
2026-05-03,LHX,Noah Poponak,63.8
2026-05-03,TDY,Greg Konrad,28.4
2026-05-03,TXT,Sheila Kahyaoglu,44.3
2026-05-04,ADP,John Eade,-11.6
2026-05-04,AIG,Matthew Heimermann,16.6
2026-05-04,AIG,Robert Cox CFA,19.3
2026-05-04,AMAT,Unknown Analyst,15
2026-05-04,AMD,Frank Lee CFA,-38.1
2026-05-04,AMZN,Unknown Analyst,
2026-05-04,BAX,Matt Miksic,17.7
2026-05-04,BLK,Edmond Fok,17.9
2026-05-04,CAT,John Eade,23.6
2026-05-04,CAT,Kristina Ruggeri,23.6
2026-05-04,CHD,Javier Escalante,10.8
2026-05-04,CINF,Unknown Analyst,
2026-05-04,COP,Suvro Sarkar,10.7
2026-05-04,CRH,Unknown Analyst,56.7
2026-05-04,CSGP,Brett Huff,44.4
2026-05-04,CSGP,Surinder Thind,89.1
2026-05-04,CVX,Betty Zhang,-10.7
2026-05-04,CVX,Josh Silverstein,5
2026-05-04,CVX,Stephen Richardson,7.4
2026-05-04,CVX,Suvro Sarkar,6
2026-05-04,D,Carly Davenport,7
2026-05-04,EBAY,Benjamin Black CFA,10.9
2026-05-04,EBAY,Mark Kelley,
2026-05-04,F,James Picariello,-1.6
2026-05-04,FRT,Floris van Dijkum,12.7
2026-05-04,FTV,Joe O'Dea,18.2
2026-05-04,GM,Chris McNally,21.7
2026-05-04,GOOGL,Andrew Boone,46.8
2026-05-04,GOOGL,Hans Engel,
2026-05-04,GOOGL,Paul Chew,28.3
2026-05-04,GS,Edmond Fok,11.5
2026-05-04,HOOD,Edmond Fok,-16.5
2026-05-04,HUBB,Julian Mitchell,12.5
2026-05-04,HUBB,Tommy Moll,34.3
2026-05-04,INCY,Unknown Analyst,3.7
2026-05-04,ITW,Joe O'Dea,-5.4
2026-05-04,ITW,Julian Mitchell,-7.2
2026-05-04,LHX,Kristina Ruggeri,71.9
2026-05-04,LHX,Unknown Analyst,71.9
2026-05-04,LII,Patrick Baumann,45.3
2026-05-04,LIN,Jeffrey Zekauskas,15.1
2026-05-04,LNT,Andrew Weisel,12.2
2026-05-04,LNT,Michaela Jamison,22.8
2026-05-04,LYB,Eric Boyes,13
2026-05-04,LYV,Kutgun Maral,18.5
2026-05-04,MCHP,C J Muse,36.5
2026-05-04,MO,Damian McNeela,-4.9
2026-05-04,MS,Edmond Fok,8.6
2026-05-04,ON,Unknown Analyst,64.3
2026-05-04,OXY,John Freeman,27.5
2026-05-04,PCAR,Unknown Analyst,24.9
2026-05-04,PKG,Hillary Cacanando,10
2026-05-04,PWR,Atidrip Modak,29.7
2026-05-04,PWR,Philip Shen,25.6
2026-05-04,PYPL,Adam Frisch,-23.7
2026-05-04,RCL,Matthew Boss,40.4
2026-05-04,RVTY,Catherine Ramsey Schulte,-18.4
2026-05-04,SCHW,Ken Shih,9.7
2026-05-04,SO,Unknown Analyst,18.1
2026-05-04,TAP,Bill Kirk,54.5
2026-05-04,TRGP,Sunil Sibal,
2026-05-04,TT,Joe O'Dea,8.4
2026-05-04,VLO,Zach Parham,-27.7
2026-05-04,XOM,Betty Zhang,-0.3
2026-05-04,XOM,Stephen Richardson,13.1
2026-05-05,AIG,Unknown Analyst,33.9
2026-05-05,AMGN,Hans Engel,
2026-05-05,AMZN,Stephan Lingnau,
2026-05-05,ANET,Mehdi Hosseini,0.7
2026-05-05,BAC,Unknown Analyst,
2026-05-05,BKNG,Unknown Analyst,
2026-05-05,CAH,Steven Silver,9.8
2026-05-05,CAH,Unknown Analyst,9.8
2026-05-05,CBRE,Joe Dickstein,22.3
2026-05-05,COST,Hans Engel,
2026-05-05,DIS,Stephan Lingnau,
2026-05-05,DLR,Andy Yu CFA,17
2026-05-05,DXCM,Unknown Analyst,-3.7
2026-05-05,EL,Andy Sim,-5.8
2026-05-05,EQIX,Andy Yu CFA,19.3
2026-05-05,ETN,Stephan Lingnau,
2026-05-05,ETR,Ryan Levine,18.6
2026-05-05,EXPD,Harrison Bauer,-18.3
2026-05-05,FANG,Betty Zhang,1.3
2026-05-05,FSLR,Dmitriy Pozdnyakov,32.7
2026-05-05,GM,Stephan Lingnau,
2026-05-05,HD,Unknown Analyst,
2026-05-05,HSIC,Erin Wright,-24.6
2026-05-05,IEX,Walter Liptak,11.7
2026-05-05,IQV,Max Smock,
2026-05-05,ISRG,Unknown Analyst,
2026-05-05,J,Louie DiPalma,
2026-05-05,JNJ,Hans Engel,
2026-05-05,LITE,Blayne Curtis,28.9
2026-05-05,LYB,David Begleiter,29.2
2026-05-05,MDLZ,Unknown Analyst,10.1
2026-05-05,MRK,Hans Engel,
2026-05-05,NOW,Billy Fitzsimmons,3.3
2026-05-05,NOW,Keith Weiss,32.9
2026-05-05,NOW,Rob Owens,3.3
2026-05-05,ON,Harlan Sur,42.9
2026-05-05,ON,Joseph Moore,24.3
2026-05-05,ON,Ross Seymore,57.2
2026-05-05,ON,Suji Desilva,78.6
2026-05-05,PFE,Hans Engel,
2026-05-05,PG,Stephan Lingnau,
2026-05-05,PH,Joseph C Giordano,-9.9
2026-05-05,PNW,Sophie Karp,
2026-05-05,PSKY,David Plaus,7.7
2026-05-05,PSKY,Steven Cahall,-31.4
2026-05-05,REG,Nicholas Joseph,12.4
2026-05-05,ROST,Hans Engel,
2026-05-05,SOLV,David Roman,-25.7
2026-05-05,TAP,Javier Gonzalez Lastra,62.5
2026-05-05,TMO,Hans Engel,
2026-05-05,TSN,Pooran Sharma,32.7
2026-05-05,VRTX,Hans Engel,
2026-05-05,VRTX,Jay Olson,18
2026-05-05,VZ,Hans Engel,
2026-05-05,XOM,Suvro Sarkar,8.2
2026-05-06,ADM,Thomas Palmer,-12.8
2026-05-06,AEE,Steve Fleishman,18.6
2026-05-06,AEP,Andrew Weisel,16.4
2026-05-06,AEP,Unknown Analyst,
2026-05-06,AMD,Jay Goldberg,-21.7
2026-05-06,AMD,Suji Desilva,-9
2026-05-06,APA,Doug Leggate,4.3
2026-05-06,APTV,Colin Rusch,92.3
2026-05-06,AXON,George Notter,49.7
2026-05-06,AXON,Mike Ng,18.7
2026-05-06,BALL,Matt Roberts,
2026-05-06,BKNG,Trevor Young,24.8
2026-05-06,BRK.B,Edmond Fok,-1.8
2026-05-06,CDW,Adam Tindle,3.1
2026-05-06,CMI,Luke Junk,31.5
2026-05-06,COHR,George Notter,26
2026-05-06,DVN,Betty Zhang,-5.4
2026-05-06,EMR,Julian Mitchell,-3.9
2026-05-06,EOG,Betty Zhang,-3.6
2026-05-06,ETN,Patrick Baumann,4.8
2026-05-06,ETN,Stephen Tusa,4.8
2026-05-06,EXC,Steve Fleishman,
2026-05-06,FANG,Suvro Sarkar,15.4
2026-05-06,FISV,David Koning,65.3
2026-05-06,FISV,Unknown Analyst,
2026-05-06,GOOGL,Lloyd Walmsley,31.2
2026-05-06,GOOGL,Sachin Mittal,31.2
2026-05-06,HBAN,Unknown Analyst,25.9
2026-05-06,IDXX,Keith Devas,54.8
2026-05-06,IDXX,Unknown Analyst,42.5
2026-05-06,J,Michael Feniger,1.8
2026-05-06,JCI,Unknown Analyst,15.2
2026-05-06,JKHY,Unknown Analyst,34.3
2026-05-06,KKR,Michael Brown,27.5
2026-05-06,LHX,Seth Seifman,53.7
2026-05-06,LITE,Simon Leopold,8.9
2026-05-06,LITE,Tim Savageaux,7.4
2026-05-06,LYV,John Hodulik,8.3
2026-05-06,LYV,Peter Henderson,7.7
2026-05-06,MAA,Nicholas Joseph,20.2
2026-05-06,MAR,John Staszak,25.4
2026-05-06,META,Sachin Mittal,25.3
2026-05-06,MNST,Charlie Higgs,101.3
2026-05-06,MPC,Betty Zhang,-50.6
2026-05-06,MSFT,Sachin Mittal,16
2026-05-06,NCLH,Andrew May,
2026-05-06,NCLH,Unknown Analyst,
2026-05-06,NI,Steve Fleishman,28.1
2026-05-06,NRG,Steve Fleishman,83.3
2026-05-06,OXY,Betty Zhang,-3.1
2026-05-06,PEG,Sophie Karp,
2026-05-06,PODD,Andrew Ranieri,109.1
2026-05-06,PRU,Jack Matten,-26.5
2026-05-06,PRU,Michael Ward CFA,-22.3
2026-05-06,PTC,Joshua Tilton,43.5
2026-05-06,REGN,Nicholas Lorusso,22.3
2026-05-06,ROK,Brett Linzey,7.1
2026-05-06,ROK,Joe Ritchie,17.2
2026-05-06,ROK,Julian Mitchell,15.5
2026-05-06,ROK,Stephen Tusa,0.3
2026-05-06,RVTY,Evie Koslosky,-30.3
2026-05-06,SMCI,Jonathan Tanwanteng,
2026-05-06,SMCI,Kevin Cassidy,2.3
2026-05-06,SMCI,Samik Chatterjee,-18.1
2026-05-06,SMCI,Simon Leopold,15.1
2026-05-06,SWKS,Anthony Stoss,-4.2
2026-05-06,TDG,Charles Minervino,28.9
2026-05-06,TDG,Gautam Khanna,33.5
2026-05-06,TDG,Noah Poponak,78.4
2026-05-06,UDR,Nicholas Joseph,19.5
2026-05-06,WAT,Catherine Ramsey Schulte,-8.2
2026-05-06,WEC,Anthony Crowdell,20.2
2026-05-06,WTW,Gregory Peters,9.7
2026-05-07,AES,Nicholas Campanella,7.7
2026-05-07,AME,Julian Mitchell,-2.5
2026-05-07,AMGN,Ilya Zubkov,-1.8
2026-05-07,APA,Betty Zhang,-20.1
2026-05-07,APO,Brian Bedell,26.6
2026-05-07,APO,Glenn Schorr,14.7
2026-05-07,APP,Cory Carpenter,65.5
2026-05-07,APP,Unknown Analyst,83.4
2026-05-07,AXON,Jordan Lyonnais,55.3
2026-05-07,AXON,Joseph Cardoso,67.5
2026-05-07,AXON,Trevor J. Walsh,55.3
2026-05-07,AXON,William Power,49.7
2026-05-07,CDW,Tim Long,-15.5
2026-05-07,CVS,George Hill,3.6
2026-05-07,DASH,Eric Sheridan,45.1
2026-05-07,DASH,Mark Kelley,-4.1
2026-05-07,DASH,Shweta Khajuria,3.7
2026-05-07,DD,David Begleiter,39.5
2026-05-07,DIS,James Heaney CFA,28.6
2026-05-07,DUK,Marie Ferguson,
2026-05-07,EMR,Joseph C Giordano,0.1
2026-05-07,EOG,Suvro Sarkar,4
2026-05-07,EXC,Unknown Analyst,
2026-05-07,FLEX,Ruben Roy,52.1
2026-05-07,FLEX,Samik Chatterjee,47.5
2026-05-07,FTNT,Eric Heath,
2026-05-07,FTNT,Todd Weller CFA,-32.3
2026-05-07,GPN,Charles Nabhan,-5.9
2026-05-07,GPN,Unknown Analyst,11.7
2026-05-07,IFF,Jeffrey Zekauskas,10.9
2026-05-07,JCI,Timothy Wojs,4.7
2026-05-07,LLY,James Shin,11.5
2026-05-07,MAR,Unknown Analyst,23
2026-05-07,MCD,David Tarantino CFA,22.9
2026-05-07,O,Eric Borden,20
2026-05-07,O,Greg McGinniss,21.8
2026-05-07,ORCL,Adam Shepherd,72.8
2026-05-07,PSKY,Daniel Duran,37.1
2026-05-07,PYPL,Paul Golding,-4.6
2026-05-07,QCOM,Louis Miscioscia,26.6
2026-05-07,ROK,Unknown Analyst,22.7
2026-05-07,TECH,Daniel Arias,-30.8
2026-05-07,TECH,Daniel Markowitz CFA,-30.8
2026-05-07,TECH,Paul Knight,
2026-05-07,TTD,Jed Kelly,42.7
2026-05-07,UBER,Doug Anmuth,56
2026-05-07,UBER,Mark Kelley,44.7
2026-05-07,UBER,Shweta Khajuria,41.8
2026-05-07,VRSK,Gregory Peters,31.1
2026-05-07,VTR,Austin Wurschmidt,9.6
2026-05-07,WBD,John Hodulik,11.5
2026-05-07,WM,John Eade,
2026-05-08,ABNB,Doug Anmuth,-15.2
2026-05-08,ABNB,Unknown Analyst,2.9
2026-05-08,AEP,James Weston,19.8
2026-05-08,AKAM,Frank Louthan,35.1
2026-05-08,ALB,Ben Kallo,111.2
2026-05-08,ATO,Ryan Levine,18.9
2026-05-08,AXP,Keith Horowitz,
2026-05-08,BAX,Steven Silver,
2026-05-08,BNY,Emily Ericksen,
2026-05-08,C,Scott Siefers,10
2026-05-08,COF,Keith Horowitz,53.5
2026-05-08,COIN,Gustavo Gala,-43.4
2026-05-08,COIN,Moshe Katri,15.3
2026-05-08,CRL,David Windley,-18.5
2026-05-08,DASH,Tom White,3.7
2026-05-08,DASH,Unknown Analyst,16.6
2026-05-08,DDOG,Unknown Analyst,-4.3
2026-05-08,ED,William Appicelli,12.9
2026-05-08,EMR,Joe O'Dea,3.4
2026-05-08,EMR,Unknown Analyst,16.7
2026-05-08,EVRG,William Appicelli,14.1
2026-05-08,FITB,Keith Horowitz,
2026-05-08,FLEX,Unknown Analyst,61.3
2026-05-08,FTNT,Unknown Analyst,-32.3
2026-05-08,GEN,Keith Weiss,-3.5
2026-05-08,JPM,Unknown Analyst,
2026-05-08,KEY,Keith Horowitz,
2026-05-08,MCD,Jeff Bernstein,41
2026-05-08,MCD,Unknown Analyst,
2026-05-08,MCHP,Harlan Sur,63.8
2026-05-08,MCHP,James Schneider,57
2026-05-08,MCHP,Melissa Fairbanks,70.6
2026-05-08,MCK,George Hill,0
2026-05-08,MCK,Max Smock,
2026-05-08,MRK,Unknown Analyst,-11.5
2026-05-08,MSI,Adam Tindle,15.6
2026-05-08,MSI,Unknown Analyst,14.5
2026-05-08,MTB,Unknown Analyst,
2026-05-08,NTRS,Emily Ericksen,
2026-05-08,NVDA,David Dai CFA,36.6
2026-05-08,NWS,David Fabris,
2026-05-08,NWSA,David Fabris,-1.3
2026-05-08,OXY,Suvro Sarkar,-1.4
2026-05-08,PANW,Unknown Analyst,-32.6
2026-05-08,QCOM,Ivan Feinseth,57.6
2026-05-08,RSG,Kevin Chiang,14.2
2026-05-08,SHW,Greg Melich,24.7
2026-05-08,TPR,Michael Binetti,52.2
2026-05-08,TRGP,Selman Akyol,-8.3
2026-05-08,TTD,Alicia Reese,50.9
2026-05-08,TTD,Clark Lampen,
2026-05-08,TTD,Thomas Champion,72.4
2026-05-08,VTRS,Les Sulewski,18
2026-05-08,WMB,John Freeman,11
2026-05-08,WMB,Justin Jenkins,11
2026-05-08,WMT,Spencer Hanus,28.4
2026-05-08,XYZ,John Davis,17.3
2026-05-09,IFF,Unknown Analyst,2.2
2026-05-10,AMAT,Jay Goldberg,15
2026-05-10,FIS,Will Nance,60
2026-05-10,LRCX,Jay Goldberg,4.1
2026-05-11,ABNB,Amanda Tan,6
2026-05-11,ABNB,Trevor Young,-24.3
2026-05-11,ALB,Bill Selesky,105.8
2026-05-11,APA,Bob Brackett,-11.2
2026-05-11,BDX,Matt Miksic,12.9
2026-05-11,CAT,David Raso,37.7
2026-05-11,CMI,David Raso,58.8
2026-05-11,COIN,Joseph Vafi,54.4
2026-05-11,COP,Bob Brackett,-8.2
2026-05-11,DE,Jairam Nathan,6.7
2026-05-11,DVN,Bob Brackett,21.4
2026-05-11,EOG,Bob Brackett,7.5
2026-05-11,EXC,Nicholas Amicucci,35.5
2026-05-11,EXPE,Amanda Tan,7.4
2026-05-11,EXPE,Trevor Young,-5.5
2026-05-11,FANG,Bob Brackett,25.2
2026-05-11,FOXA,Mike Ng,25.7
2026-05-11,FOXA,Nilesh Bhaiya,25.7
2026-05-11,IR,David Raso,16.9
2026-05-11,IRM,Unknown Analyst,29.4
2026-05-11,ITW,David Raso,1
2026-05-11,JBHT,Jonathan Chappell,5.9
2026-05-11,MSI,Jim Kelleher,13.4
2026-05-11,MSI,Unknown Analyst,13.4
2026-05-11,MTD,Catherine Ramsey Schulte,-14.2
2026-05-11,NI,Ryan Levine,15.8
2026-05-11,O,Zhiger Kurmet,21.8
2026-05-11,PCAR,David Raso,19.8
2026-05-11,PH,David Raso,12.8
2026-05-11,PWR,Manish Somaiya,41.5
2026-05-11,RSG,John Eade,
2026-05-11,RVTY,Unknown Analyst,
2026-05-11,UBER,Steven Fox,34.8
2026-05-11,URI,David Raso,8.6
2026-05-12,ALB,David Begleiter,123.7
2026-05-12,AMD,Louis Miscioscia,-9
2026-05-12,CEG,Unknown Analyst,37.4
2026-05-12,DASH,Dominic Ball,81.4
2026-05-12,DLTR,Paul Lejuez,11.6
2026-05-12,DRI,Danilo Gargiulo,9.9
2026-05-12,FOXA,Sean Diffley,19.5
2026-05-12,FTV,Chigusa Katoku,16.4
2026-05-12,FTV,Stephen Tusa,16.4
2026-05-12,GPN,Unknown Analyst,-29.5
2026-05-12,HST,Nicholas Joseph,9.9
2026-05-12,INTC,Ross Seymore,-7.9
2026-05-12,LRCX,Ling Lee Keng,19.2
2026-05-12,MET,Jimmy Bhullar,-1.1
2026-05-12,MNST,Sean McGowan,78.9
2026-05-12,MO,Unknown Analyst,
2026-05-12,MOS,Hamir Patel,2.1
2026-05-12,MOS,Jeffrey Zekauskas,-22.4
2026-05-12,NSC,Unknown Analyst,11.4
2026-05-12,SPG,Arvind Ramnani,
2026-05-12,VTR,Jonathan Petersen,15.4
2026-05-12,WELL,Jonathan Petersen,8.4
2026-05-12,WMB,Manav Gupta,26.3
2026-05-12,XYZ,Paul Golding,-2.2
2026-05-13,ABBV,Jasper Hellweg,-5.4
2026-05-13,BF.B,Nadine Sarwat,10.8
2026-05-13,DOC,Wes Golladay,3.3
2026-05-13,DOW,Bill Selesky,
2026-05-13,ECHO,Pierre Ferragu,72.3
2026-05-13,ETN,Kristina Ruggeri,
2026-05-13,EXC,Sophie Karp,-2.5
2026-05-13,GILD,Matthew Biegler,9.9
2026-05-13,GIS,Michael Lavery,12.9
2026-05-13,JNJ,Matt Miksic,-5.6
2026-05-13,MAS,Michael Rehaut,14.6
2026-05-13,MSFT,Daniel Ives,16.4
2026-05-13,NEE,Jeremy Tonet,30.5
2026-05-13,NFLX,Kutgun Maral,60.2
2026-05-13,NWSA,Jason Bazinet,27.6
2026-05-13,OKE,Bill Selesky,3.8
2026-05-13,ORLY,Unknown Analyst,22.8
2026-05-13,PFE,Alexandria Hammond,-6
2026-05-13,PSX,Bill Selesky,-27.9
2026-05-13,TSCO,Spencer Hanus,49
2026-05-13,XOM,Bill Selesky,3.3
2026-05-14,AAPL,Ivan Feinseth,11.8
2026-05-14,AXP,Mikhail Paramonov,19.4
2026-05-14,CSCO,George Notter,
2026-05-14,CSCO,Stephen Bersey,25.1
2026-05-14,DHR,Unknown Analyst,-5.6
2026-05-14,DPZ,Unknown Analyst,32.6
2026-05-14,DXCM,Unknown Analyst,25.3
2026-05-14,IFF,Laurence Alexander,26.6
2026-05-14,KEY,Scott Siefers,15.3
2026-05-14,KMB,Peter Galbo,22.6
2026-05-14,KMI,Jean Ann Salisbury,
2026-05-14,NVDA,David Siffringer,59.4
2026-05-14,RVTY,Michael Ryskin,
2026-05-14,TECH,Unknown Analyst,-14.2
2026-05-14,TMO,Unknown Analyst,-24.8
2026-05-14,TT,Chigusa Katoku,10.9
2026-05-14,VRT,Ananda Baruah,100.5
2026-05-14,VRT,Nigel Coe,
2026-05-14,WAT,Brandon Couillard,-12.2
2026-05-15,AMAT,Chris Caso,26.5
2026-05-15,ANET,Simon Leopold,-17.4
2026-05-15,ATO,Shelby Tucker,22
2026-05-15,BIIB,Umer Raffat,
2026-05-15,BXP,Richard Anderson,9.8
2026-05-15,D,Shahriar Pourreza,7
2026-05-15,DELL,Jim Hin Kwong Au,-48.9
2026-05-15,DXCM,David Roman,-10.5
2026-05-15,DXCM,Lee Hambright,-13.8
2026-05-15,DXCM,Unknown Analyst,-4.9
2026-05-15,EXC,Shelby Tucker,16.5
2026-05-15,FCX,Liam Fitzpatrick,0.6
2026-05-15,FE,Shelby Tucker,17.1
2026-05-15,FISV,Unknown Analyst,58.9
2026-05-15,GILD,Unknown Analyst,9.9
2026-05-15,LIN,Alexandra Yates,22.3
2026-05-15,PNW,Shelby Tucker,7.2
2026-05-15,RCL,Kevin Kopelman,37.1
2026-05-15,SCHW,William Katz,4
2026-05-15,SPG,Marie Ferguson,2.3
2026-05-15,STZ,Filippo Falorni,55.5
2026-05-15,WEC,Shahriar Pourreza,23.1
2026-05-16,MAR,Geraldine Wong,23
2026-05-17,DVN,Lloyd Byrne,29.6
2026-05-17,FFIV,Amit Daryanani,9.9
2026-05-18,AMD,Ben Reitzes,-1.7
2026-05-18,APTV,Ryan Brinkman,92.3
2026-05-18,BMY,Unknown Analyst,-9
2026-05-18,CARR,Patrick Baumann,24.4
2026-05-18,CPAY,Dominick Gabriele,2.1
2026-05-18,CRM,Andy Yu CFA,0.9
2026-05-18,DLTR,Michael Montani,25
2026-05-18,DXCM,Matt Miksic,-28.4
2026-05-18,GPN,Unknown Analyst,23.4
2026-05-18,HD,Brian Nagel,3.3
2026-05-18,INTC,Ben Reitzes,38.1
2026-05-18,INTC,Cody Acree,28.9
2026-05-18,INVH,Buck Horne,18.9
2026-05-18,LYB,Unknown Analyst,
2026-05-18,MRVL,Ben Reitzes,-9.9
2026-05-18,ORLY,Bill Selesky,41.7
2026-05-18,QCOM,Ben Reitzes,23.8
2026-05-18,REGN,Alexandria Hammond,9.6
2026-05-18,REGN,Cory Kasimov,5.1
2026-05-18,SNDK,Ben Reitzes,31.2
2026-05-18,TSN,Unknown Analyst,13.7
2026-05-18,TT,Patrick Baumann,10.9
2026-05-19,APO,Unknown Analyst,
2026-05-19,APTV,Michael Ward,76.2
2026-05-19,BAC,Unknown Analyst,
2026-05-19,C,Unknown Analyst,
2026-05-19,CDNS,Unknown Analyst,
2026-05-19,CRWD,Markus Leistner,-47.4
2026-05-19,ELV,Elizabeth Anderson CFA,-12.4
2026-05-19,FTNT,Markus Leistner,-26.4
2026-05-19,HD,Steven Forbes,41.7
2026-05-19,KIM,Nicholas Yulico,11
2026-05-19,LHX,Imogen Mansfield,55.3
2026-05-19,LHX,Imogen Mansfield,55.3
2026-05-19,MOS,Unknown Analyst,10.3
2026-05-19,MRK,Unknown Analyst,-6
2026-05-19,NVDA,Frank Lee CFA,48
2026-05-19,RCL,Benjamin Chaiken,54.6
2026-05-19,UBER,Bill Selesky,
2026-05-19,XYZ,Joseph Vafi,10.8
2026-05-20,AMP,Brennan Hawken,-9.3
2026-05-20,CCI,Andrew Rosivach CFA,28.7
2026-05-20,CHRW,Stephanie Moore,30.5
2026-05-20,CNC,George Hill,21.5
2026-05-20,D,Angie Storozynski,
2026-05-20,ECL,Laurence Alexander,28
2026-05-20,ELV,George Hill,21.2
2026-05-20,GOOGL,Mark Kelley,19.8
2026-05-20,GOOGL,Nitin Bansal,22.6
2026-05-20,HD,Peter Benedict,26.7
2026-05-20,HSY,John Baumgartner,9
2026-05-20,INCY,Unknown Analyst,-16.2
2026-05-20,INTU,Matthew Hedberg,64.9
2026-05-20,MRNA,Unknown Analyst,-74
2026-05-20,NVDA,Jim Kelleher,22.9
2026-05-20,TGT,Georgy Vashchenko,-17.8
2026-05-20,VRT,Julian Mitchell,65.2
2026-05-20,VRTX,Unknown Analyst,1.3
2026-05-21,ADI,Atif Malik,24.4
2026-05-21,ADI,Mark Lipacis,28.2
2026-05-21,ADI,Melissa Fairbanks,16.3
2026-05-21,AFL,Bob Huang,8
2026-05-21,AXP,Dominick Gabriele,25.5
2026-05-21,BX,Ken Shih,20.1
2026-05-21,COIN,Ken Shih,3
2026-05-21,EW,David Toung,
2026-05-21,FCX,Unknown Analyst,7.6
2026-05-21,GPN,Unknown Analyst,39.9
2026-05-21,HAS,Megan Alexander,41.6
2026-05-21,INTU,Almas Almaganbetov,41.8
2026-05-21,INTU,Jim Kelleher,58.3
2026-05-21,INTU,Keith Weiss,91.3
2026-05-21,KEYS,Samik Chatterjee,16.4
2026-05-21,LLY,Alexandria Hammond,17.1
2026-05-21,LOW,Peter Benedict,40.3
2026-05-21,LOW,Unknown Analyst,
2026-05-21,NEM,Unknown Analyst,7.8
2026-05-21,NUE,Unknown Analyst,8.7
2026-05-21,NVDA,Daniel Ives,50.3
2026-05-21,NVDA,Matt Bryson,50.3
2026-05-21,NVDA,Richard Shannon,25.2
2026-05-21,NVDA,Ross Seymore,16.1
2026-05-21,NVDA,Tristan Gerra,127.7
2026-05-21,RCL,Robin M. Farley,25.7
2026-05-21,SPGI,Kevin Heal,
2026-05-21,STLD,Unknown Analyst,14.8
2026-05-21,SYF,Dominick Gabriele,7.9
2026-05-21,TGT,Unknown Analyst,
2026-05-21,TJX,Mark Altschwager,37.5
2026-05-21,TMO,Unknown Analyst,-10.2
2026-05-21,WDAY,Andrew Sherman,-20
2026-05-22,CAT,Stephen Volkmann,30.5
2026-05-22,CI,A.J. Rice,45.3
2026-05-22,CMI,Michael Feniger,37.3
2026-05-22,COO,Unknown Analyst,48.3
2026-05-22,COR,Max Smock,
2026-05-22,DDOG,Dan Waggoner,8.7
2026-05-22,DECK,Janine Stichter,
2026-05-22,DECK,Jenny Liu,49.2
2026-05-22,FICO,Faiza Alwy,74.6
2026-05-22,GILD,Akash Tewari,19.9
2026-05-22,HPE,Unknown Analyst,-57.2
2026-05-22,PNC,Unknown Analyst,13.2
2026-05-22,RL,Paul Kearney,31
2026-05-22,ROST,Brooke Roach,19.1
2026-05-22,SOLV,Larry Biegelsen,-21.2
2026-05-22,TGT,Chris Graja,-5.2
2026-05-22,TPR,Christine Dooley,
2026-05-22,TTWO,Chris Schoell,46
2026-05-22,WDAY,Alexander Sklar,
2026-05-22,WDAY,Keith Weiss,-4.6
2026-05-22,WMT,Unknown Analyst,28.4
2026-05-24,DIS,Unknown Analyst,26.6
2026-05-24,TXN,Jay Goldberg,50
2026-05-25,KIM,Haendel St. Juste,11
2026-05-25,RL,Brooke Roach,33.7
2026-05-26,A,Catherine Ramsey Schulte,-0.3
2026-05-26,AFL,John Barnidge,12.3
2026-05-26,AIZ,John Barnidge,3.1
2026-05-26,ALB,Kevin McCarthy,100.5
2026-05-26,APD,Michael Sison,20.6
2026-05-26,APTV,Bill Selesky,57.9
2026-05-26,AZO,Kate McShane,43.2
2026-05-26,AZO,Phillip Blee,
2026-05-26,AZO,Steven Forbes,39.8
2026-05-26,CMI,Timothy Thein,40
2026-05-26,D,Anthony Crowdell,13.2
2026-05-26,DD,Michael Sison,27.9
2026-05-26,FE,Ross Fowler,17.1
2026-05-26,FRT,Cooper Clark,16.3
2026-05-26,FTV,Julian Mitchell,14.5
2026-05-26,GE,Richard Safran,19.3
2026-05-26,HWM,Samuel McKinney,
2026-05-26,IFF,Michael Sison,20.5
2026-05-26,IRM,Unknown Analyst,30.3
2026-05-26,LOW,Chris Graja,
2026-05-26,MOS,Michael Sison,-10.1
2026-05-26,MRVL,Frank Lee CFA,22.8
2026-05-26,NTAP,Unknown Analyst,-41.9
2026-05-26,PH,Joe O'Dea,0.7
2026-05-26,PPG,Michael Sison,24.4
2026-05-26,PTC,Unknown Analyst,25.1
2026-05-26,REG,Cooper Clark,20.6
2026-05-26,SNPS,Unknown Analyst,64.4
2026-05-26,TRV,Jimmy Bhullar,-14
2026-05-26,WTW,Elyse Greenspan,2.9
2026-05-27,APA,William Janela,-20.1
2026-05-27,AZO,Bobby Griffin,39.8
2026-05-27,AZO,Christopher Horvers,34.6
2026-05-27,AZO,Craig Kennison,25.8
2026-05-27,AZO,David Bellinger,11.9
2026-05-27,AZO,Michael Baker,31.1
2026-05-27,AZO,Scot Ciccarelli,33.4
2026-05-27,AZO,Scott Stember,40.6
2026-05-27,AZO,Tristan M. Thomas-Martin,39.8
2026-05-27,AZO,Unknown Analyst,39.8
2026-05-27,AZO,Unknown Analyst,33.4
2026-05-27,CDW,Samik Chatterjee,-10.6
2026-05-27,CF,Michael Sison,16.2
2026-05-27,CF,Richard Garchitorena,16.2
2026-05-27,COO,David Roman,10.3
2026-05-27,CTVA,Michael Sison,11.8
2026-05-27,DG,Krisztina Katai,-10.1
2026-05-27,DLTR,Krisztina Katai,-11.6
2026-05-27,DVN,Nitin Kumar CFA,39.9
2026-05-27,EOG,Nitin Kumar CFA,8.9
2026-05-27,ESS,Michael Lewis,5.9
2026-05-27,FANG,Nitin Kumar CFA,24.7
2026-05-27,FFIV,Samik Chatterjee,0.7
2026-05-27,FSLR,Gordon Johnson,60.7
2026-05-27,GL,Randy Binner,-2
2026-05-27,HUM,Courtney Breen,-25.4
2026-05-27,LDOS,Matthew Akers,29.2
2026-05-27,LH,Unknown Analyst,-0.2
2026-05-27,MGM,Scot Ciccarelli,45.5
2026-05-27,MRVL,Joshua Buchalter,-18.1
2026-05-27,NVDA,Ivan Feinseth,93.5
2026-05-27,PKG,Unknown Analyst,
2026-05-27,PLD,Ronald Kamdem,12
2026-05-27,PODD,David Roman,45.8
2026-05-27,ROL,Connor Cerniglia,60.3
2026-05-27,TRGP,Jean Ann Salisbury,2.7
2026-05-27,TRGP,Spiro M. Dounis,3.7
2026-05-28,A,Brandon Couillard,2.2
2026-05-28,BAC,Unknown Analyst,12.6
2026-05-28,BBY,Madeline Cech,-35.8
2026-05-28,BBY,Robert Ohmes,-35.8
2026-05-28,BBY,Unknown Analyst,-3.8
2026-05-28,BSX,Matt Miksic,104.4
2026-05-28,CRM,Andrew Sherman,0.9
2026-05-28,CRM,Keith Weiss,20.6
2026-05-28,D,Paul Zimbardo CFA,19.5
2026-05-28,DELL,Jim Kelleher,-19
2026-05-28,DLTR,Georgy Vashchenko,10.8
2026-05-28,EME,Unknown Analyst,46.6
2026-05-28,EQT,Nitin Kumar CFA,44
2026-05-28,EXE,Nitin Kumar CFA,65.7
2026-05-28,FFIV,Mike Ng,-10.9
2026-05-28,FFIV,Nilesh Bhaiya,-10.9
2026-05-28,FIX,Unknown Analyst,33.2
2026-05-28,HPQ,Samik Chatterjee,-24.4
2026-05-28,ICE,Kevin Heal,22.2
2026-05-28,INVH,Unknown Analyst,
2026-05-28,MRVL,Natalia Winkler,-5.8
2026-05-28,MRVL,Ross Seymore,-1.7
2026-05-28,MRVL,Simon Leopold,-3.8
2026-05-28,MRVL,Suji Desilva,12.6
2026-05-28,OMC,Bianca Dallal,16.2
2026-05-28,PODD,Matt Miksic,40.8
2026-05-28,PWR,Brent Thielman,25.6
2026-05-28,PWR,Unknown Analyst,25.6
2026-05-28,RJF,Alexander Blostein,18.4
2026-05-28,TTD,Bianca Dallal,-21
2026-05-28,VZ,Sachin Mittal,1.9
2026-05-29,ADSK,Nick Altmann,38.1
2026-05-29,ATO,Gabe Moreen,14.5
2026-05-29,BBY,Matt McCartney,-19.8
2026-05-29,BBY,Michael Piccolo,-19.8
2026-05-29,BBY,Unknown Analyst,
2026-05-29,BSX,Michael Polark,
2026-05-29,CHD,Bonnie Herzog,17.2
2026-05-29,COST,Kelly Bania,46.9
2026-05-29,COST,Seth Sigman,11.7
2026-05-29,COST,Simeon Gutman,26.2
2026-05-29,DE,Stephen Volkmann,-19.6
2026-05-29,DLTR,Unknown Analyst,
2026-05-29,F,Edison Yu,13.6
2026-05-29,FFIV,Sebastien Naji,
2026-05-29,FISV,Youssef Squali,22.9
2026-05-29,FRT,Omotayo Okusanya,21.7
2026-05-29,HD,Christopher Horvers,
2026-05-29,INTU,Mark Murphy,99.5
2026-05-29,IQV,David Toung,
2026-05-29,KIM,Unknown Analyst,
2026-05-29,KMI,Michael Blum,9.9
2026-05-29,MMM,Julian Mitchell,12.9
2026-05-29,REG,Omotayo Okusanya,16.5
2026-05-29,WDAY,Mark Murphy,-2
2026-05-31,ABT,David Roman,10.8
2026-06-01,A,Michael Polark,-13.7
2026-06-01,AZO,Robert Ohmes,
2026-06-01,BMY,Unknown Analyst,16.6
2026-06-01,CCL,Brandon Rolle,64.1
2026-06-01,CTSH,Terry Tillman,10.2
2026-06-01,DDOG,Arti Vula,
2026-06-01,DDOG,Mark Murphy,
2026-06-01,DHR,Michael Polark,
2026-06-01,DIS,Mike Ng,59.7
2026-06-01,FIS,Andrew Schmitt,
2026-06-01,FRT,Haendel St. Juste,17.2
2026-06-01,INCY,Unknown Analyst,
2026-06-01,J,Unknown Analyst,13.7
2026-06-01,MLM,Harry Goad,13.3
2026-06-01,MLM,Unknown Analyst,13.3
2026-06-01,MSFT,Arti Vula,
2026-06-01,MSFT,Keith Weiss,31.6
2026-06-01,MSFT,Mark Murphy,
2026-06-01,MSFT,Patrick Walravens,11.4
2026-06-01,MTD,Michael Polark,-15.2
2026-06-01,NCLH,Brandon Rolle,55.8
2026-06-01,NOW,Arti Vula,
2026-06-01,NOW,Mark Murphy,
2026-06-01,O,Joe Dickstein,21.8
2026-06-01,ORCL,Mark Murphy,
2026-06-01,RCL,Brandon Rolle,23.7
2026-06-01,RVTY,Michael Polark,
2026-06-01,SHW,Christopher Perrella,2.9
2026-06-01,TMO,Michael Polark,-17.9
2026-06-01,TRMB,Unknown Analyst,47.7
2026-06-01,UBER,Ronald Josey,56
2026-06-01,UPS,Chad Dillard,31.2
2026-06-01,VMC,Harry Goad,17.5
2026-06-01,VMC,Unknown Analyst,17.5
2026-06-01,WAT,Michael Polark,0.8
2026-06-01,WBD,Douglas Arthur,11.5
2026-06-01,WST,Michael Polark,3.5
2026-06-01,XYZ,Steven Kron,
2026-06-02,AAPL,Mike Ng,1.3
2026-06-02,ALB,Andres Castanos-Mollor,71.8
2026-06-02,BXP,John Kim,6.7
2026-06-02,CRH,Adrian Huerta,62.5
2026-06-02,CRH,Elodie Rall,62.5
2026-06-02,CRL,Max Smock,
2026-06-02,CSCO,Mike Ng,14.1
2026-06-02,CSCO,Nilesh Bhaiya,14.1
2026-06-02,DG,Georgy Vashchenko,14.4
2026-06-02,EW,Krish Sankar,17.8
2026-06-02,GM,Daniel Ives,15.6
2026-06-02,GOOGL,Paul Rossington,19.8
2026-06-02,HPE,Ananda Baruah,23.4
2026-06-02,HPE,Mark Newman,2
2026-06-02,HPE,Samik Chatterjee,11.9
2026-06-02,ISRG,Imron Zafar,-6.9
2026-06-02,JCI,Joe O'Dea,11.7
2026-06-02,JCI,Julian Mitchell,0.5
2026-06-02,LH,David Toung,-3.3
2026-06-02,META,Rocco Strauss,10.4
2026-06-02,MGM,John DeCree,32.2
2026-06-02,MGM,Steven Pizzella,45.5
2026-06-02,NVDA,Chris Caso,25.2
2026-06-02,PANW,David Siffringer,-6.5
2026-06-02,PWR,Sherif El-Sabbahy,25.6
2026-06-02,RL,Christine Dooley,
2026-06-02,VRSN,Jamesmichael Sherman-Lewis,5.6
2026-06-02,VRTX,Unknown Analyst,7.4
2026-06-03,A,Sidharth Sahoo,5.4
2026-06-03,AVGO,Sean O'Loughlin,41.2
2026-06-03,AVY,Alexandra Yates,3.4
2026-06-03,CCL,Unknown Analyst,59.5
2026-06-03,DG,Anthony Chukumba,-6.1
2026-06-03,DG,John Heinbockel,30.7
2026-06-03,DG,Unknown Analyst,-6.1
2026-06-03,DHR,Sidharth Sahoo,8.6
2026-06-03,DHR,Unknown Analyst,-0.9
2026-06-03,FANG,Tim Rezvan,16.9
2026-06-03,HLT,Ari Klein,12.8
2026-06-03,HLT,Duane Pfennigwerth,14.5
2026-06-03,HON,Joe Ritchie,167.4
2026-06-03,ICE,Craig Siegenthaler,61.4
2026-06-03,JCI,Nigel Coe,19.3
2026-06-03,MRVL,Mark Lipacis,2.8
2026-06-03,NCLH,Unknown Analyst,70
2026-06-03,PANW,Daniel Ives,-6.5
2026-06-03,PANW,Joshua Tilton,-12
2026-06-03,PANW,Rahul Chopra,-1
2026-06-03,PANW,Trevor J. Walsh,-12
2026-06-03,PANW,Yun Kim,-20.2
2026-06-03,RCL,Unknown Analyst,30.2
2026-06-03,SHW,Michael Sison,9.1
2026-06-03,T,Timothy Horan,
2026-06-03,TMO,Sidharth Sahoo,-17.1
2026-06-03,TPL,Tim Rezvan,81.2
2026-06-03,ULTA,Anthony Chukumba,1.7
2026-06-03,ULTA,Mark Altschwager,29.4
2026-06-03,ULTA,Michael Binetti,17.4
2026-06-03,ULTA,Simeon Gutman,16.5
2026-06-03,ULTA,Unknown Analyst,1.7
2026-06-03,WAT,Sidharth Sahoo,3.2
2026-06-04,ALB,Michael Sison,79
2026-06-04,AVGO,Harrison Bauer,38.3
2026-06-04,AVGO,Kevin Cassidy,41.2
2026-06-04,AVGO,Ross Seymore,45.4
2026-06-04,BRK.B,Kevin Heal,
2026-06-04,CRWD,Daniel Ives,-24.3
2026-06-04,CRWD,Trevor J. Walsh,-17.9
2026-06-04,CSGP,Michael Rindos,54.7
2026-06-04,FDXF,Jonathan Chappell,39.8
2026-06-04,FICO,George Tong,62.5
2026-06-04,LIN,Michael Sison,23.8
2026-06-04,MDT,David Roman,-9.9
2026-06-04,MDT,Lee Hambright,5.3
2026-06-04,PPL,Alex Kania,35
2026-06-04,RDDT,Alan Gould,72.4
2026-06-04,RSG,Sherif El-Sabbahy,10.5
2026-06-04,RSG,Unknown Analyst,16.9
2026-06-04,SJM,Unknown Analyst,-2.4
2026-06-04,TTD,Mark Kelley,50.9
2026-06-04,USB,Unknown Analyst,-11.5
2026-06-04,VEEV,Adam Hotchkiss,-36.6
2026-06-04,VEEV,Hannah Rudoff,-9.7
2026-06-04,VEEV,Martin Yang,-13.5
2026-06-05,APP,Joe Wittine,
2026-06-05,AVGO,Fang Boon Foo,10.1
2026-06-05,BLK,William Katz,7.9
2026-06-05,CIEN,Samik Chatterjee,82.1
2026-06-05,CNP,Marie Ferguson,
2026-06-05,COST,Scot Ciccarelli,7.4
2026-06-05,CRL,Michael Ryskin,
2026-06-05,DOV,Joe O'Dea,36.1
2026-06-05,FDXF,J. Bruce Chan,33.2
2026-06-05,FISV,Thomas Poutrieux,-2.5
2026-06-05,GIS,Megan Alexander,-11.9
2026-06-05,IR,Joe O'Dea,22.5
2026-06-05,LULU,Georgy Vashchenko,41.7
2026-06-05,NVDA,Fang Boon Foo,13.8
2026-06-05,OTIS,Joe O'Dea,16.8
2026-06-05,PLTR,Unknown Analyst,29.5
2026-06-05,PPL,Anthony Crowdell,11
2026-06-05,TSLA,Stephan Lingnau,
2026-06-07,MGM,Vitaly Umansky,
2026-06-07,ORCL,Andrew Sherman,103.2
2026-06-07,STX,Vijay Rakesh,26.9
2026-06-08,ADI,Unknown Analyst,16.3
2026-06-08,AEP,Marie Ferguson,
2026-06-08,APTV,Alexander Potter,115.2
2026-06-08,CI,Ann Hynes,23.5
2026-06-08,CL,Robert Ottenstein,14.3
2026-06-08,ELV,Lisa Gill,15.8
2026-06-08,EXR,Steve Sakwa,10.5
2026-06-08,FITB,David George,9.6
2026-06-08,FRT,Michael Lewis,6.4
2026-06-08,HST,RJ Milligan,23.6
2026-06-08,IBKR,Steven Chubak,11.4
2026-06-08,PAYX,Bryan Bergin,-15.6
2026-06-08,PH,Julian Mitchell,8.1
2026-06-08,PODD,Jayson Bedford,53.6
2026-06-08,XEL,Sophie Karp,24.5
2026-06-09,ADSK,Unknown Analyst,54.2
2026-06-09,ALLE,Joe O'Dea,2
2026-06-09,AWK,William Appicelli,2.9
2026-06-09,BSX,Stephanie Elghazi,56.2
2026-06-09,CARR,Joe O'Dea,31.9
2026-06-09,CAT,Sherif El-Sabbahy,23.5
2026-06-09,CFG,David Siffringer,11.9
2026-06-09,CL,Taylor Conrad,
2026-06-09,CRWD,Rahul Chopra,-24.3
2026-06-09,GPN,Andrew Harte,-24.8
2026-06-09,HON,Julian Mitchell,131.5
2026-06-09,HON,Unknown Analyst,12.9
2026-06-09,HUBB,Joe O'Dea,25.3
2026-06-09,MCHP,Unknown Analyst,29.7
2026-06-09,NSC,Kristina Ruggeri,
2026-06-09,ROK,Unknown Analyst,20.5
2026-06-09,RTX,Jason Sum,13.4
2026-06-09,SJM,Marc Torrente,1.7
2026-06-09,SJM,Megan Alexander,-10.5
2026-06-09,SRE,Marie Ferguson,29.1
2026-06-09,SYF,Hoang Nguyen,18.6
2026-06-09,ULTA,Moshe Orenbuch,10.9
2026-06-09,WDC,Mark Newman,33.7
2026-06-10,AOS,Bryan Blair,32.2
2026-06-10,AZO,Bill Selesky,51.2
2026-06-10,DDOG,Daniel Ives,13.1
2026-06-10,DDOG,Derrick Wood,13.1
2026-06-10,DVN,Nicholas Pope,17.3
2026-06-10,DVN,Phillip Jungwirth,33.7
2026-06-10,FISV,Unknown Analyst,
2026-06-10,GOOGL,Chad Dillard,11.2
2026-06-10,GPN,Unknown Analyst,
2026-06-10,HOOD,Brian Foran,
2026-06-10,HST,Floris van Dijkum,28.2
2026-06-10,HST,Shaun Kelley,16.8
2026-06-10,INTC,Amanda Tan,5.9
2026-06-10,MMM,Joe O'Dea,0.7
2026-06-10,MU,SK Kim,57.5
2026-06-10,UNP,Kristina Ruggeri,
2026-06-10,URI,Timothy Thein,25.8
2026-06-11,ALLE,David Macgregor,8.6
2026-06-11,AMZN,Steven McDermott,22.9
2026-06-11,CL,Cristian Rios,9.8
2026-06-11,CME,Simon Clinch,17
2026-06-11,EL,Unknown Analyst,-12.2
2026-06-11,ES,Marie Ferguson,
2026-06-11,FE,William Appicelli,12.7
2026-06-11,HON,Stephen Tusa,
2026-06-11,ICE,Simon Clinch,13.8
2026-06-11,JBL,Ruplu Bhattacharya,36.9
2026-06-11,KDP,Unknown Analyst,22.7
2026-06-11,KO,Cristian Rios,-4.8
2026-06-11,KO,Unknown Analyst,-4.8
2026-06-11,LEN,Michael Roxland,
2026-06-11,MRVL,Kevin Cassidy,-1.7
2026-06-11,MU,Chris Caso,23.1
2026-06-11,NDAQ,Simon Clinch,17.6
2026-06-11,ORCL,Arti Vula,42.3
2026-06-11,ORCL,Brad Zelnick,103.2
2026-06-11,ORCL,Daniel Ives,62.6
2026-06-11,ORCL,Jason Ader,
2026-06-11,PEP,Cristian Rios,10.2
2026-06-11,PEP,Unknown Analyst,10.2
2026-06-11,PG,Unknown Analyst,6.6
2026-06-11,ROK,Joe O'Dea,5.9
2026-06-11,SPGI,Sean Kennedy,36.7
2026-06-11,TECH,David Westenberg,-10.1
2026-06-11,TSLA,Unknown Analyst,
2026-06-11,TSN,Taylor Conrad,
2026-06-12,ADBE,Alex Zukin,-24.5
2026-06-12,ADBE,Andrew Sherman,-1.4
2026-06-12,ADBE,Arti Vula,36.8
2026-06-12,ADBE,Brian Schwartz,
2026-06-12,ADBE,Egor Tolmachev,0.6
2026-06-12,ADBE,Elizabeth Porter,46.9
2026-06-12,ADBE,Gregg Moskowitz,-1.4
2026-06-12,ADBE,Keith Weiss,46.9
2026-06-12,ADBE,Mark Murphy,36.8
2026-06-12,ADBE,Nick Altmann,
2026-06-12,BSX,Matthew O'Brien,49.3
2026-06-12,CAH,Unknown Analyst,
2026-06-12,CHTR,Lyaysyan Sedova,29.2
2026-06-12,CMCSA,Lyaysyan Sedova,27.5
2026-06-12,CSX,Nik Modi,-0.2
2026-06-12,EG,Unknown Analyst,-23.4
2026-06-12,ETN,Julian Mitchell,-7.7
2026-06-12,HON,Alexander Virgo,156.7
2026-06-12,LEN,Stephen Kim,7.3
2026-06-12,LITE,Unknown Analyst,14.9
2026-06-12,MDLZ,Megan Alexander,16.7
2026-06-12,TAP,Kaumil Gajrawala,9.2
2026-06-12,TAP,Robert Ottenstein,25.2
2026-06-12,TYL,Michael Turrin,-0.7
2026-06-12,UBER,Ivan Feinseth,63.1
2026-06-14,TYL,Derrick Wood,33.3
2026-06-15,ACN,Surinder Thind,0.9
2026-06-15,AMT,Michael Rollins,30.1
2026-06-15,APH,Unknown Analyst,
2026-06-15,COF,Hoang Nguyen,28.8
2026-06-15,COF,Ryan Nash,28.8
2026-06-15,CTSH,Surinder Thind,8.6
2026-06-15,DD,Joe Ritchie,23.2
2026-06-15,DGX,Andrew Brackmann,
2026-06-15,DOC,Juan C. Sanabria,18.1
2026-06-15,EMR,Unknown Analyst,-3.3
2026-06-15,EW,David Roman,11
2026-06-15,EXR,Michael Mueller,14.8
2026-06-15,FAST,Unknown Analyst,-6.1
2026-06-15,FITB,Matt Olney,9.6
2026-06-15,FOXA,Robert Coolbrith,13.3
2026-06-15,GPC,Unknown Analyst,13.2
2026-06-15,GWW,Unknown Analyst,-1.3
2026-06-15,ISRG,David Roman,41.9
2026-06-15,KEY,Matt Olney,24.9
2026-06-15,LEN,Tyler Batory,
2026-06-15,NOW,Yi Fu Lee,-4
2026-06-15,ORCL,Paul Chew,60.6
2026-06-15,PODD,Matthew O'Brien,49.4
2026-06-15,PSA,Michael Mueller,14.1
2026-06-15,PSA,Nicholas Joseph,22.5
2026-06-15,RF,Russell Gunther,8.8
2026-06-15,RL,Unknown Analyst,
2026-06-15,ROK,Unknown Analyst,20.3
2026-06-15,SBAC,Michael Rollins,31.6
2026-06-15,STX,Samik Chatterjee,7.1
2026-06-15,TXT,David E. Strauss,15.4
2026-06-15,VST,Angie Storozynski,63.5
2026-06-15,WDC,Samik Chatterjee,47.3
2026-06-16,ACN,Meha Pau,19.9
2026-06-16,CRM,Daniel Ives,36.6
2026-06-16,CTSH,Meha Pau,-1.5
2026-06-16,DOC,Dave Rodgers,18.1
2026-06-16,DOC,Unknown Analyst,18.1
2026-06-16,EMR,Unknown Analyst,-3.3
2026-06-16,ESS,Julien Blouin,6.6
2026-06-16,FAST,Unknown Analyst,-6.1
2026-06-16,FSLR,Unknown Analyst,10.7
2026-06-16,GWW,Unknown Analyst,-1.3
2026-06-16,HD,Brian McNamara,
2026-06-16,HOOD,Stephen Biggar,-8.2
2026-06-16,HUBB,Unknown Analyst,15.2
2026-06-16,INVH,Julien Blouin,18.9
2026-06-16,KIM,Marie Ferguson,19.8
2026-06-16,KIM,Ronald Kamdem,6.5
2026-06-16,LEN,Jade Rahmani,12.5
2026-06-16,LEN,Michael Rehaut,0.7
2026-06-16,MAA,Julien Blouin,11
2026-06-16,NEE,Unknown Analyst,33
2026-06-16,REG,Ronald Kamdem,20.6
2026-06-16,VICI,Unknown Analyst,64.4
2026-06-16,VST,James West,
2026-06-16,VTR,Dave Rodgers,8.4
2026-06-16,VTR,Omotayo Okusanya,15.4
2026-06-16,VTR,Unknown Analyst,8.4
2026-06-16,WELL,Dave Rodgers,-1.3
2026-06-16,WELL,Unknown Analyst,-1.3
2026-06-17,ADBE,Dan Bergstrom,14.7
2026-06-17,ADBE,Paul Chew,55
2026-06-17,AJG,David Motemaden,22.8
2026-06-17,AMD,David Dai CFA,9.2
2026-06-17,CCL,Unknown Analyst,64.1
2026-06-17,HOOD,Ian S. Moore,8.5
2026-06-17,JBL,Jim Kelleher,58.6
2026-06-17,MNST,Cristian Rios,6.2
2026-06-17,MNST,Unknown Analyst,112.5
2026-06-17,MOS,Vitaly Kononov,30.7
2026-06-17,ROP,Kenneth Wong,
2026-06-17,SLB,Atidrip Modak,
2026-06-17,UBER,James Goodall,58.9
2026-06-17,ULTA,Taylor Conrad,1.7
2026-06-18,ACN,Amit Daryanani,-1.9
2026-06-18,ACN,David Koning,3.6
2026-06-18,ADSK,Andrew Degasperi,35.8
2026-06-18,AEP,Paul Fremont,18.9
2026-06-18,AJG,Andrew Andersen,10.3
2026-06-18,AJG,Andrew Kligerman,61.6
2026-06-18,AJG,Gregory Peters,
2026-06-18,AJG,Michael Zaremski,10.3
2026-06-18,AXP,Philipp Haessler,21
2026-06-18,CBRE,Ronald Kamdem,29.5
2026-06-18,COST,Steven Zaccone,13.9
2026-06-18,CRM,Tom Curcuruto,
2026-06-18,DG,Corey Tarlowe,10.3
2026-06-18,DIS,Jessica Reif Ehrlich,21.7
2026-06-18,FDS,Henry Hayden,-24.3
2026-06-18,INTC,David Dai CFA,-7.9
2026-06-18,JBL,Luke Junk,46.9
2026-06-18,JBL,Melissa Fairbanks,50.2
2026-06-18,JBL,Tim Long,42.2
2026-06-18,MCO,Charles Bendit,6.7
2026-06-18,MSCI,Charles Bendit,24.8
2026-06-18,NEE,William Appicelli,30.5
2026-06-18,NFLX,Matthew Condon,
2026-06-18,O,Nicholas Yulico,18.2
2026-06-18,PRU,Unknown Analyst,
2026-06-18,PTC,Andrew Degasperi,-4.3
2026-06-18,SPGI,Charles Bendit,28.3
2026-06-18,SWK,Joe O'Dea,0.5
2026-06-18,SYK,Matthew Taylor,65.4
2026-06-18,VRSK,Henry Hayden,5.5
2026-06-19,ACN,Keith Bachman,-18.2
2026-06-19,KIM,Unknown Analyst,15.4
2026-06-20,ACN,Maggie Nolan,
2026-06-21,ACN,David Grossman,22.7
2026-06-21,ACN,Tien Tsin Huang,-2.4
2026-06-21,INVH,Haendel St. Juste,15.2
2026-06-21,JBL,Ruben Roy,53.6
2026-06-21,MU,Brian Chin,47.7
2026-06-21,TEL,Amit Daryanani,12
2026-06-21,TMUS,Kutgun Maral,60.5
2026-06-22,AAPL,Rob Chang CFA,-6.1
2026-06-22,ACN,Arvind Ramnani,-18.2
2026-06-22,ACN,Dan Dolev,23.2
2026-06-22,ACN,Daniel Perlin,-4.6
2026-06-22,ACN,David Paige,-4.6
2026-06-22,ACN,Kevin Mcveigh,49.9
2026-06-22,ACN,Sean Kennedy,23.2
2026-06-22,BBY,Bradley Thomas,
2026-06-22,BIIB,Eric Schmidt FCA,-5.2
2026-06-22,CASY,Dan Guglielmo,48.9
2026-06-22,CRH,Michael Feniger,66
2026-06-22,GNRC,Tanner James,62.9
2026-06-22,JBL,Samik Chatterjee,50.2
2026-06-22,KIM,Andrew Rosivach CFA,24.3
2026-06-22,LNT,Marie Ferguson,
2026-06-22,MA,Jason Kupferberg,18.2
2026-06-22,PM,Dara Mohsenian,6
2026-06-22,SMCI,Unknown Analyst,22.8
2026-06-22,STX,Steven Fox,
2026-06-22,VMRK,Michael Lewis,17.6
2026-06-22,VZ,John Hodulik,-0.2
2026-06-22,WDC,Steven Fox,
2026-06-22,XYZ,Jason Kupferberg,18.6
2026-06-23,ABBV,Nicholas Lorusso,6
2026-06-23,ABBV,Tyler Van Buren,6
2026-06-23,CCL,Kevin Kopelman,55
2026-06-23,CCL,Robin M. Farley,59.5
2026-06-23,D,Nicholas Campanella,8.5
2026-06-23,DPZ,David Tarantino CFA,19
2026-06-23,DRI,David Palmer,9.9
2026-06-23,ED,Marie Ferguson,6.2
2026-06-23,EXC,Andrew Weisel,11.7
2026-06-23,GOOGL,Joseph Bonner,25.5
2026-06-23,HD,Spencer Hanus,
2026-06-23,NKE,Sam Poser,60.5
2026-06-23,NUE,Samuel McKinney,10.3
2026-06-23,PFE,Michael Yee,-2.4
2026-06-23,PODD,Travis Steed,47.9
2026-06-23,PODD,Unknown Analyst,35.1
2026-06-23,PSA,Samir Khanal,12.7
2026-06-23,PSA,Unknown Analyst,19.8
2026-06-23,STZ,Kaumil Gajrawala,32
2026-06-23,SW,Hillary Cacanando,28.6
2026-06-23,TGT,Spencer Hanus,
2026-06-23,TT,Unknown Analyst,28.2
2026-06-23,TYL,Alexei Gogolev,55.6
2026-06-23,VRT,Unknown Analyst,66.8
2026-06-23,VZ,Nilesh Bhaiya,16.4
2026-06-24,BNY,Unknown Analyst,-0.4
2026-06-24,CCL,Christopher Stathoulopoulos,50.4
2026-06-24,CCL,Unknown Analyst,59.5
2026-06-24,CME,Hans Engel,
2026-06-24,CVX,Unknown Analyst,
2026-06-24,DE,Unknown Analyst,
2026-06-24,EQT,Phillip Jungwirth,40
2026-06-24,FDX,Fadi Chamoun,12
2026-06-24,FDX,J. Bruce Chan,7.4
2026-06-24,FDX,Jason Seidl,16.6
2026-06-24,FDX,Ken Hoexter,24.5
2026-06-24,FDX,Patrick Brown,8.7
2026-06-24,GPN,Unknown Analyst,
2026-06-24,MA,Unknown Analyst,
2026-06-24,MCD,Stephan Lingnau,
2026-06-24,MET,John Barnidge,-7.3
2026-06-24,MU,Gil Luria,96.9
2026-06-24,MU,Tristan Gerra,26
2026-06-24,PAYX,Andrew Nicholas,
2026-06-24,PEP,Unknown Analyst,
2026-06-24,PFG,John Barnidge,6.2
2026-06-24,PLD,Caitlin Burrows,16.4
2026-06-24,PLTR,Daniel Ives,29.5
2026-06-24,PRU,John Barnidge,-7.1
2026-06-24,QCOM,Harrison Bauer,6.9
2026-06-24,ROP,George Kurosawa,20.7
2026-06-24,SPGI,Unknown Analyst,
2026-06-24,UBER,Unknown Analyst,
2026-06-24,UNH,Michael Craig Jones,26
2026-06-24,V,Unknown Analyst,
2026-06-24,VRTX,Unknown Analyst,
2026-06-24,WM,Unknown Analyst,
2026-06-24,WMT,Stephan Lingnau,
2026-06-25,AMT,Ben Davis,18.5
2026-06-25,CCL,John Staszak,59.5
2026-06-25,CSCO,Jackson Ader,18.7
2026-06-25,CSX,David Vernon,-17.2
2026-06-25,DELL,Unknown Analyst,
2026-06-25,DRI,Andrew Charles,2.7
2026-06-25,DXCM,Unknown Analyst,-3.7
2026-06-25,ECL,Patrick Cunningham,22.5
2026-06-25,FDX,Lucas Servera,20.2
2026-06-25,FDX,Stephanie Moore,18.6
2026-06-25,GLW,Samik Chatterjee,
2026-06-25,HRL,Leah Jordan,29.6
2026-06-25,INTC,Unknown Analyst,
2026-06-25,KKR,Alexander Blostein,12.3
2026-06-25,KMI,Unknown Analyst,50.8
2026-06-25,MKC,Robert Dickerson,
2026-06-25,MU,Ben Reitzes,116.6
2026-06-25,MU,Hans Engel,
2026-06-25,MU,Joseph Moore,18.1
2026-06-25,MU,Kevin Cassidy,47.7
2026-06-25,MU,Matt Bryson,37.8
2026-06-25,MU,Mehdi Hosseini,96.9
2026-06-25,MU,Melissa Fairbanks,47.7
2026-06-25,MU,Quinn Bolton,62.4
2026-06-25,MU,Sebastien Naji,
2026-06-25,NSC,Jonathan Chappell,3.5
2026-06-25,OKE,Michael Blum,34.8
2026-06-25,PAYX,Cassie Chan,-18.2
2026-06-25,PAYX,Daniel Jester,-11.3
2026-06-25,PAYX,Tien Tsin Huang,-9.6
2026-06-25,QCOM,Kevin Cassidy,49.1
2026-06-25,QCOM,Samik Chatterjee,49.1
2026-06-25,TECH,Puneet Souda,1
2026-06-25,TRGP,Hans Engel,
2026-06-25,TRGP,Michael Blum,11.9
2026-06-25,UNP,Jonathan Chappell,5.2
2026-06-25,VLTO,Stephen Volkmann,16.4
2026-06-26,AAPL,Daniel Ives,19.2
2026-06-26,AMAT,Craig Ellis,81.6
2026-06-26,AMT,Unknown Analyst,24.3
2026-06-26,ARE,Jeffrey Spector,-3.4
2026-06-26,BEN,Michael Cyprys,3
2026-06-26,BRO,Gregory Peters,6.6
2026-06-26,CPRT,Dmitriy Pozdnyakov,33.2
2026-06-26,DRI,Andrew Strelzik,5.1
2026-06-26,DRI,Brian Mullan,1.3
2026-06-26,DRI,Brian Vaccaro,
2026-06-26,DRI,David Tarantino CFA,5.1
2026-06-26,DRI,Peter Saleh,12.3
2026-06-26,ESS,Buck Horne,18.5
2026-06-26,FDXF,Fadi Chamoun,24.9
2026-06-26,FDXF,Lucas Servera,
2026-06-26,FDXF,Stephanie Moore,66.5
2026-06-26,FSLR,Sunaina Ocalan‏,
2026-06-26,HAL,Phillip Jungwirth,33.8
2026-06-26,IBM,Daniel Ives,52.5
2026-06-26,JBHT,Christopher Kuhn,28.1
2026-06-26,MDLZ,Georgy Vashchenko,16.7
2026-06-26,MKC,"Matthew Smith, CFA",12.9
2026-06-26,MKC,Peter Grom,6.7
2026-06-26,MKC,Stephen Powers,23.2
2026-06-26,MOS,Mazahir Mammadli,22.5
2026-06-26,MSCI,Alex Kramm,30.2
2026-06-26,MU,Aaron Rakers,50.1
2026-06-26,MU,Thomas O'Malley,96.9
2026-06-26,NKE,Brian Nagel,69
2026-06-26,NKE,Krisztina Katai,21.1
2026-06-26,O,Michael Gorman,
2026-06-26,ODFL,Brandon Oglenski,27.2
2026-06-26,ON,Krish Sankar,57.2
2026-06-26,ON,Unknown Analyst,
2026-06-26,QCOM,Ingo Wermann,49.1
2026-06-26,SBAC,Unknown Analyst,14.8
2026-06-26,STT,David Smith -CFA,-3.8
2026-06-26,TAP,Robert Moskow,14.6
2026-06-26,TECH,Brandon Couillard,-14.2
2026-06-26,TECH,Catherine Ramsey Schulte,1
2026-06-26,TECH,Justin Bowers,1
2026-06-26,TECH,Steven Etoch,1
2026-06-28,GM,Vijay Rakesh,21.7
2026-06-28,MCHP,Vijay Rakesh,52.9
2026-06-28,MU,Yik Ban Chong,84.1
2026-06-29,ABT,Unknown Analyst,7.9
2026-06-29,AMP,Alexander Blostein,1.8
2026-06-29,APP,Andrew Marok,105.6
2026-06-29,BNY,Brennan Hawken,2.2
2026-06-29,CRH,Pujarini Ghosh,74.1
2026-06-29,CRWD,Ellie Kearney,-23.2
2026-06-29,DRI,John Staszak,17.1
2026-06-29,DRI,Sara Senatore,
2026-06-29,FRT,RJ Milligan,21.7
2026-06-29,FTNT,Stephen Bersey,-39.9
2026-06-29,GEV,Christine Cho CFA,32.9
2026-06-29,HON,Jairam Nathan,23.5
2026-06-29,HONA,Gautam Khanna,52.8
2026-06-29,IFF,Alexandra Yates,2.5
2026-06-29,KIM,RJ Milligan,28.7
2026-06-29,MU,C J Muse,96.9
2026-06-29,MU,Jim Hin Kwong Au,37.8
2026-06-29,NTRS,Brennan Hawken,7.9
2026-06-29,NVDA,Dien Wang,43.4
2026-06-29,PYPL,Patrick Moley,-19.9
2026-06-29,REG,RJ Milligan,20.6
2026-06-29,STT,Brennan Hawken,-8.1
2026-06-29,STX,Ben Reitzes,86.3
2026-06-29,STX,C J Muse,51.4
2026-06-29,TECH,Patrick B Donnelly,1
2026-06-29,URI,Seth Weber,30.2
2026-06-29,WDC,Ben Reitzes,137.9
2026-06-29,XYZ,Patrick Moley,30.4
2026-06-30,ABT,David Rescott,18.6
2026-06-30,ALGN,Michael Cherny,56.7
2026-06-30,AMAT,Mehdi Hosseini,106.9
2026-06-30,AXP,Ben Gerlinger,14.5
2026-06-30,AXP,Unknown Analyst,27.8
2026-06-30,BAC,Chris Kotowski,
2026-06-30,C,Chris Kotowski,
2026-06-30,CARR,Unknown Analyst,39.3
2026-06-30,CCL,Ivan Feinseth,91.4
2026-06-30,CHRW,Thomas Wadewitz,50
2026-06-30,CMCSA,Bryan Kraft,40.7
2026-06-30,CMCSA,Michael Rollins,40.7
2026-06-30,CNP,Alex Kania,
2026-06-30,COF,Unknown Analyst,25.8
2026-06-30,EOG,Phillip Jungwirth,10.9
2026-06-30,EQT,Sergey Pigarev,58
2026-06-30,FOXA,Peter Supino,10.2
2026-06-30,GS,Chris Kotowski,
2026-06-30,HON,Nicole Deblase,27.4
2026-06-30,HONA,Matthew Akers,49.8
2026-06-30,ICE,Alexander Blostein,15.8
2026-06-30,MA,Bill Carcache,5.6
2026-06-30,MA,Unknown Analyst,5.6
2026-06-30,MET,Unknown Analyst,
2026-06-30,MLM,Michael Feniger,37
2026-06-30,MS,Chris Kotowski,
2026-06-30,NKE,Brooke Roach,18.3
2026-06-30,NKE,Robert Drbul,54.9
2026-06-30,NKE,Simeon Siegel,69
2026-06-30,O,Jay Kornreich,14.7
2026-06-30,PG,Daniel Brennan,2.5
2026-06-30,PLD,Samir Khanal,23.1
2026-06-30,PTC,Alexei Gogolev,6.7
2026-06-30,SPG,Andrew Rosivach CFA,
2026-06-30,STZ,Robert Moskow,46.3
2026-06-30,TECH,Kyle Boucher,1
2026-06-30,TECH,Robert Wasserman,
2026-06-30,TFC,Ben Gerlinger,11.2
2026-06-30,TSCO,Jonathan Matuszewski,58.3
2026-06-30,TTD,Richard Kramer,-16.7
2026-06-30,V,Unknown Analyst,7
2026-06-30,WFC,Keith Horowitz,4.5
2026-07-01,AEP,Julien Dumoulin Smith,28.1
2026-07-01,ATO,Marie Ferguson,15.2
2026-07-01,BF.B,Bonnie Herzog,-8.3
2026-07-01,BIIB,Ananda Ghosh,9.1
2026-07-01,CEG,Ryan Levine,16.6
2026-07-01,COHR,Simon Leopold,37.1
2026-07-01,COIN,Ian S. Moore,69.9
2026-07-01,CVX,Doug Leggate,0.2
2026-07-01,DD,Patrick Cunningham,31.8
2026-07-01,DOW,John Roberts CFA,21.8
2026-07-01,FDS,George Tong,-16.9
2026-07-01,FDS,Jason Haas CFA,-26
2026-07-01,FDS,Scott Wurtzel,-15.4
2026-07-01,FDS,Wahid Amin,-26
2026-07-01,FDX,Thomas Wadewitz,15.3
2026-07-01,FDXF,Jordan Alliger,54.8
2026-07-01,GEV,Unknown Analyst,
2026-07-01,GIS,Leah Jordan,-3.6
2026-07-01,HONA,Robert Stallard,48.5
2026-07-01,KLAC,Stacy Rasgon,11.6
2026-07-01,KR,Greg Badishkanian,43.3
2026-07-01,MMM,Unknown Analyst,-20
2026-07-01,NKE,Ashley Owens,
2026-07-01,NKE,Katharina Schmenger,
2026-07-01,NKE,Randal Konik,111.2
2026-07-01,NKE,Tom Nikic,
2026-07-01,OTIS,Unknown Analyst,41.6
2026-07-01,PEP,Andrea Faria Teixeira,31
2026-07-01,PNW,Nicholas Campanella,14.6
2026-07-01,PPG,John Roberts CFA,29.2
2026-07-01,Q,John Roberts CFA,49.9
2026-07-01,RTX,John Godyn,16.5
2026-07-01,SLB,Scott Gruber,23.2
2026-07-01,STZ,Georgy Vashchenko,45.4
2026-07-01,STZ,Michael Lavery,34.5
2026-07-01,TDY,John Godyn,12.7
2026-07-01,TFC,Michael Rose,
2026-07-01,TXT,John Godyn,24.2
2026-07-01,VLO,Unknown Analyst,-29.3
2026-07-01,VLTO,Joseph C Giordano,5.8
2026-07-02,ADBE,Stephen Bersey,24
2026-07-02,CHRW,David Hicks CFA,32.4
2026-07-02,CHTR,Michael Ng,-3.3
2026-07-02,DAL,Michael Goldie,31.9
2026-07-02,DD,John Roberts CFA,20.9
2026-07-02,DDOG,Yi Fu Lee,43.5
2026-07-02,DIS,Ric Prentiss,8.1
2026-07-02,DLTR,Charles Grom,11.6
2026-07-02,DOW,Michael Sison,21.8
2026-07-02,EFX,Kevin Mcveigh,38.5
2026-07-02,EFX,Sean Kennedy,32.2
2026-07-02,FDS,Alex Kramm,19.8
2026-07-02,FDS,David Motemaden,-3.1
2026-07-02,FDS,Jeffrey Silber,-3.1
2026-07-02,GE,Sheila Kahyaoglu,44.8
2026-07-02,GIS,Christopher Carey,-9.1
2026-07-02,GIS,"Matthew Smith, CFA",10.1
2026-07-02,GIS,Robert Moskow,-11.9
2026-07-02,GIS,Stephen Powers,-9.1
2026-07-02,GNRC,Vikram Bagri,44.6
2026-07-02,GOOGL,Richard Clarke,11.2
2026-07-02,INTC,Frank Lee CFA,84.2
2026-07-02,LVS,David Katz,30.1
2026-07-02,LYB,Abigail Eberts,13
2026-07-02,LYB,Hassan Ahmed,34
2026-07-02,LYB,Michael Sison,13
2026-07-02,MGM,David Katz,27
2026-07-02,NKE,Nick Anderson CFA,38
2026-07-02,ORLY,David Bellinger,29.9
2026-07-02,STZ,Andrew Strelzik,59.7
2026-07-02,STZ,Bill Kirk,75.7
2026-07-02,STZ,Christopher Carey,42.9
2026-07-02,STZ,Drew Levine,38.7
2026-07-02,STZ,Gerald Pascarelli,55.5
2026-07-02,STZ,Nik Modi,55.5
2026-07-02,STZ,Robert Ottenstein,47.1
2026-07-02,TSLA,Jed Dorsheimer,
2026-07-02,UAL,Michael Goldie,44.9
2026-07-02,VLO,Phillip Jungwirth,-29.8
2026-07-02,WST,Paul Knight,7.6
2026-07-02,WYNN,David Katz,75.1
2026-07-03,MGM,James Hardiman,27
2026-07-05,LRCX,James Schneider,31.9
2026-07-05,MSFT,Chris Caso,6.3
2026-07-05,NEM,Unknown Analyst,18.3
2026-07-06,ABT,Vijay Kumar,9.8
2026-07-06,AIG,Vikram Gandhi,16.6
2026-07-06,ALL,Vikram Gandhi,5.6
2026-07-06,ARE,Vikram Malhotra,7.3
2026-07-06,BAC,Glenn Schorr,9.1
2026-07-06,BAX,Vijay Kumar,4.7
2026-07-06,BDX,Vijay Kumar,-0.4
2026-07-06,BXP,Steve Sakwa,6.7
2026-07-06,C,Glenn Schorr,8.5
2026-07-06,CB,Vikram Gandhi,9.5
2026-07-06,CFG,John Pancari,19.3
2026-07-06,CVS,Rajesh Kumar,15.9
2026-07-06,DHR,Vijay Kumar,8.6
2026-07-06,DOC,Vikram Malhotra,18.1
2026-07-06,EW,Vijay Kumar,13.3
2026-07-06,EXR,Michael Griffin CFA,9
2026-07-06,FERG,Chad Dillard,44.6
2026-07-06,GS,Glenn Schorr,14.1
2026-07-06,HBAN,Andrew J Dietrich,22.8
2026-07-06,HBAN,John Pancari,32.2
2026-07-06,IQV,Sidharth Sahoo,-9.9
2026-07-06,ISRG,Vijay Kumar,9.3
2026-07-06,JPM,Glenn Schorr,3
2026-07-06,JPM,Saul Martinez,-2.8
2026-07-06,KEY,Andrew J Dietrich,17.7
2026-07-06,KEY,Vivek Juneja,17.7
2026-07-06,MDT,Vijay Kumar,14
2026-07-06,MS,Glenn Schorr,15
2026-07-06,MTB,John Pancari,14.4
2026-07-06,MTB,Unknown Analyst,5.6
2026-07-06,MTD,Vijay Kumar,-3
2026-07-06,O,Anthony Paolone,16.5
2026-07-06,O,Wes Golladay,14.7
2026-07-06,ORLY,Dan Waggoner,34.6
2026-07-06,ORLY,Shaul Eyal,38.1
2026-07-06,PGR,Vikram Gandhi,3.5
2026-07-06,PNC,John Pancari,20.1
2026-07-06,PSA,Steve Sakwa,6.6
2026-07-06,PYPL,Brendan Biles,
2026-07-06,RF,Mike Mayo,5.3
2026-07-06,RF,Unknown Analyst,-1.8
2026-07-06,SYK,Vijay Kumar,27.2
2026-07-06,TMO,Vijay Kumar,-12.5
2026-07-06,TRV,Gregory Peters,6.8
2026-07-06,TRV,Vikram Gandhi,-6.3
2026-07-06,UNH,Sidharth Sahoo,0.8
2026-07-06,USB,David Chiaverini,24.9
2026-07-06,VLO,Lloyd Byrne,-24.5
2026-07-06,XYZ,Tien Tsin Huang,30.4
2026-07-07,ACGL,Alex Scott,8.8
2026-07-07,AVGO,Hans Engel,
2026-07-07,BX,Daniel Fannon,16.1
2026-07-07,CB,Alex Scott,13.6
2026-07-07,CBRE,Benjamin Toms,
2026-07-07,CFG,Erika Najarian,22.3
2026-07-07,COIN,Bo Pei CFA,3
2026-07-07,COP,Nitin Kumar CFA,10.7
2026-07-07,CSX,Daniel Moore CFA,12.5
2026-07-07,CVS,Sarah James,23.8
2026-07-07,DAL,Christopher Stathoulopoulos,35.6
2026-07-07,DPZ,Jon Tower,13.9
2026-07-07,ELV,Sarah James,9.5
2026-07-07,EXPE,John Staszak,12.8
2026-07-07,FIS,Harshita Rawat,104.9
2026-07-07,FISV,Harshita Rawat,61.1
2026-07-07,FISV,Madison Suhr,
2026-07-07,FITB,Erika Najarian,22.9
2026-07-07,FOXA,Laurent Yoon,13.3
2026-07-07,FRT,Steve Sakwa,10
2026-07-07,GPN,Harshita Rawat,1.1
2026-07-07,HBAN,Unknown Analyst,38.5
2026-07-07,HOOD,Unknown Analyst,30.9
2026-07-07,HUM,Sarah James,-22.3
2026-07-07,KEY,Erika Najarian,29.7
2026-07-07,LUV,Christopher Stathoulopoulos,34.2
2026-07-07,META,Hans Engel,
2026-07-07,MO,Faham Baig,13.9
2026-07-07,NEE,Nicholas Campanella,13.1
2026-07-07,PCAR,Unknown Analyst,
2026-07-07,PNC,Erika Najarian,23.5
2026-07-07,RCL,John Staszak,34.3
2026-07-07,RF,Erika Najarian,15.8
2026-07-07,SPGI,Alex Kramm,29.5
2026-07-07,SYY,Jacob Aiken Phillips,
2026-07-07,TRMB,Kristen Owen,
2026-07-07,TSCO,Oliver Wintermantel,24.2
2026-07-07,USB,Erika Najarian,9.9
2026-07-07,VRTX,Brian Skorney,-31.1
2026-07-07,WEC,Nicholas Campanella,13.4
2026-07-07,WFC,Erika Najarian,20.8
2026-07-08,ACGL,Brian Meredith,23.2
2026-07-08,AFL,Michael Ward CFA,7.1
2026-07-08,AIG,Brian Meredith,29.9
2026-07-08,AMT,Andrew Rosivach CFA,8.7
2026-07-08,AWK,Jeremy Tonet,8.1
2026-07-08,BKR,Carlos Escalante,22.7
2026-07-08,BKR,Scott Gruber,31.4
2026-07-08,BRO,Brian Meredith,11.2
2026-07-08,CB,Brian Meredith,8.3
2026-07-08,CB,Meyer Shields,14.2
2026-07-08,CCL,Tristan M. Thomas-Martin,36.7
2026-07-08,CHRW,Unknown Analyst,46.8
2026-07-08,COP,Phillip Jungwirth,2.4
2026-07-08,CRL,Patrick B Donnelly,-4.1
2026-07-08,CSX,Bascome Majors,21
2026-07-08,CSX,Unknown Analyst,21
2026-07-08,DIS,Nilesh Bhaiya,58.8
2026-07-08,DTE,Shelby Tucker,29.2
2026-07-08,EFX,Unknown Analyst,25.9
2026-07-08,EXE,Lloyd Byrne,61.2
2026-07-08,EXPD,Bascome Majors,4.7
2026-07-08,EXPD,Unknown Analyst,4.7
2026-07-08,FDX,Bascome Majors,25.1
2026-07-08,FDX,Reed Seay,25.1
2026-07-08,FDXF,Bascome Majors,49.8
2026-07-08,FDXF,Unknown Analyst,49.8
2026-07-08,FIS,Unknown Analyst,23.5
2026-07-08,FISV,Tien Tsin Huang,31.4
2026-07-08,FISV,Unknown Analyst,22.9
2026-07-08,FOX,Jessica Reif Ehrlich,-6.5
2026-07-08,FRT,Andrew Rosivach CFA,28.9
2026-07-08,GPN,Unknown Analyst,-4.8
2026-07-08,HAL,Carlos Escalante,1.1
2026-07-08,INVH,Michael Goldsmith,30.1
2026-07-08,JBHT,Unknown Analyst,53.7
2026-07-08,JKHY,Unknown Analyst,9.8
2026-07-08,LNT,Shelby Tucker,25.8
2026-07-08,LYV,Steven Cahall,32.8
2026-07-08,MA,Unknown Analyst,13.2
2026-07-08,MCO,Unknown Analyst,
2026-07-08,MET,Michael Ward CFA,8.2
2026-07-08,MNST,Christopher Carey,17.4
2026-07-08,MSCI,Patrick O'Shaughnessy,37.5
2026-07-08,MTD,Patrick B Donnelly,11.3
2026-07-08,NCLH,Tristan M. Thomas-Martin,48.7
2026-07-08,NSC,Bascome Majors,12.7
2026-07-08,NSC,Unknown Analyst,12.7
2026-07-08,ODFL,Bascome Majors,61.8
2026-07-08,ODFL,Reed Seay,61.8
2026-07-08,PEP,Kevin Grundy,41
2026-07-08,PNW,Unknown Analyst,36.9
2026-07-08,PYPL,Unknown Analyst,-19.9
2026-07-08,RMD,Jonathan Block,4.4
2026-07-08,SLB,Carlos Escalante,21.3
2026-07-08,SPGI,Unknown Analyst,
2026-07-08,SYK,Unknown Analyst,51.9
2026-07-08,T,Nilesh Bhaiya,
2026-07-08,TAP,Christopher Carey,9.2
2026-07-08,UNP,Bascome Majors,17
2026-07-08,UNP,Unknown Analyst,17
2026-07-08,UPS,Reed Seay,36.3
2026-07-08,USB,Michael Rose,19.9
2026-07-08,V,Unknown Analyst,14
2026-07-08,VMC,Steven Fisher,44.9
2026-07-08,WAB,Brady Lierz,14.2
2026-07-08,WDC,Mehdi Hosseini,13.3
2026-07-08,WFC,Michael Rose,
2026-07-08,XYZ,Unknown Analyst,30.4
2026-07-09,ABBV,Chris Schott,6
2026-07-09,ADP,Jason Kupferberg,-8.6
2026-07-09,AEE,Nicholas Campanella,13.7
2026-07-09,ALGN,Unknown Analyst,42.4
2026-07-09,AMP,Suneet Kamath,19.3
2026-07-09,APA,Phillip Jungwirth,-0.1
2026-07-09,APH,Wamsi Mohan,17.9
2026-07-09,ARES,Devin Ryan,27.3
2026-07-09,BX,Devin Ryan,32.1
2026-07-09,CARR,Nigel Coe,48.6
2026-07-09,CL,Michael Lavery,9.8
2026-07-09,COIN,Devin Ryan,67.3
2026-07-09,COST,Christopher Horvers,22.9
2026-07-09,DOV,Nigel Coe,39.8
2026-07-09,DPZ,David Palmer,19
2026-07-09,ECL,David Begleiter,24.3
2026-07-09,EMR,Nigel Coe,11.4
2026-07-09,EXE,Unknown Analyst,31.4
2026-07-09,FDX,Brandon Oglenski,40
2026-07-09,FIX,Adam Bubes,30.7
2026-07-09,GEHC,Unknown Analyst,9.2
2026-07-09,HON,Nigel Coe,28.4
2026-07-09,HONA,Kristina Ruggeri,68.1
2026-07-09,HPE,Chad Dillard,2
2026-07-09,HSIC,Unknown Analyst,0.2
2026-07-09,HSY,Michael Lavery,17.8
2026-07-09,INTC,Chad Dillard,-7.9
2026-07-09,ISRG,Unknown Analyst,31.7
2026-07-09,ITW,Nigel Coe,6.2
2026-07-09,JBHT,William Bonello,
2026-07-09,LEN,Chris Graja,41.3
2026-07-09,MET,Suneet Kamath,6.1
2026-07-09,MRSH,Ryan Tunis,24.6
2026-07-09,MRVL,Amanda Tan,18.7
2026-07-09,MU,Harlan Sur,51.6
2026-07-09,NDAQ,Patrick O'Shaughnessy,20.8
2026-07-09,PEP,Bonnie Herzog,38.7
2026-07-09,PEP,Peter Grom,22.5
2026-07-09,PEP,Robert Ottenstein,31
2026-07-09,PFG,Suneet Kamath,-16.7
2026-07-09,PRU,Suneet Kamath,-7.1
2026-07-09,PSX,Lloyd Byrne,-24.2
2026-07-09,REGN,Biren Amin,8.8
2026-07-09,SMCI,Chad Dillard,-5.3
2026-07-09,SOLV,Unknown Analyst,-8.8
2026-07-09,SPG,Omotayo Okusanya,7.1
2026-07-09,SRE,Nicholas Campanella,26.7
2026-07-09,SYK,David Toung,34.5
2026-07-09,SYK,Unknown Analyst,34.1
2026-07-09,TMO,Justin Bowers,-3.3
2026-07-09,TRV,Ryan Tunis,-3.9
2026-07-09,TSLA,Andrew Boone,
2026-07-09,VICI,Anthony Paolone,34.9
2026-07-09,XEL,Nicholas Campanella,24.5
2026-07-09,XYZ,Dan Dolev,30.4
2026-07-10,ABBV,Michael Harvey,6
2026-07-10,ABBV,Tim Anderson,4.5
2026-07-10,AES,Charles Minervino,1
2026-07-10,AFL,Suneet Kamath,-6.7
2026-07-10,AKAM,Unknown Analyst,
2026-07-10,AME,Christopher Snyder,3.8
2026-07-10,AMP,Michael Cyprys,-9.5
2026-07-10,APD,Eric Boyes,21.3
2026-07-10,APO,Alexander Blostein,15.5
2026-07-10,BEN,Craig Siegenthaler,
2026-07-10,BIIB,Jasper Hellweg,
2026-07-10,BRO,Matthew Carletti,18.8
2026-07-10,CB,Matthew Carletti,17.4
2026-07-10,CMG,Jon Tower,34.6
2026-07-10,COP,Lloyd Byrne,22.1
2026-07-10,CVX,Lloyd Byrne,3.1
2026-07-10,DAL,Ravi Shanker,57
2026-07-10,DOV,Andrew Kaplowitz,41.9
2026-07-10,DVA,A.J. Rice,46.9
2026-07-10,FICO,Rayna Kumar,
2026-07-10,FISV,Bryan Keane,20.8
2026-07-10,FOXA,Unknown Analyst,10.2
2026-07-10,FSLR,Charles Minervino,37.8
2026-07-10,FTV,Christopher Snyder,7.3
2026-07-10,GL,Suneet Kamath,-4.3
2026-07-10,GOOGL,Justin Patterson,26.9
2026-07-10,HSY,Peter Galbo,17.8
2026-07-10,ICE,Michael Cyprys,4.8
2026-07-10,LIN,Eric Boyes,14
2026-07-10,LVS,George Choi,82.6
2026-07-10,MDT,Mike Kratky,
2026-07-10,PEP,Christopher Carey,7.9
2026-07-10,PEP,Dara Mohsenian,23.3
2026-07-10,PEP,Kaumil Gajrawala,17.1
2026-07-10,PEP,Stephen Powers,19.5
2026-07-10,PEP,Zheng Feng Chee,8.7
2026-07-10,PH,Christopher Snyder,10
2026-07-10,PH,Matthew McCann CFA,
2026-07-10,PH,Unknown Analyst,
2026-07-10,PWR,Julien Dumoulin Smith,23.1
2026-07-10,RJF,Craig Siegenthaler,17.1
2026-07-10,RJF,Michael Cyprys,5.6
2026-07-10,RMD,Matthew Taylor,0
2026-07-10,RMD,Unknown Analyst,0
2026-07-10,RSG,Bryan Burgmeier,18.8
2026-07-10,SLB,James Rollyson,19.3
2026-07-10,SRE,Shelby Tucker,35.3
2026-07-10,TROW,Ken Worthington,2.7
2026-07-10,VTRS,Jason Gerberry,-17.4
2026-07-10,WDC,Aaron Rakers,65.4
2026-07-10,WM,Bryan Burgmeier,27.4
2026-07-10,WRB,David Motemaden,-2.8
2026-07-10,WY,Buck Horne,41.4
2026-07-12,AXP,Saul Martinez,6.1
2026-07-12,COF,Saul Martinez,13.4
2026-07-12,FCX,Bill Peterson,7.6
2026-07-12,MPC,Lloyd Byrne,-21.2
2026-07-12,SPGI,George Tong,26.3
2026-07-12,SYF,Saul Martinez,29.3
2026-07-13,ABBV,Michael Yee,-1.6
2026-07-13,ABNB,Unknown Analyst,6
2026-07-13,AEE,Paul Cole,9.8
2026-07-13,AEP,Nicholas Campanella,14.8
2026-07-13,AMP,Crispin Love,-4.2
2026-07-13,AON,Pablo Singzon,39.9
2026-07-13,APO,Crispin Love,23.4
2026-07-13,APO,Etienne Ricard,-0.3
2026-07-13,APO,John Barnidge,23.4
2026-07-13,BBY,Anthony Chukumba,-12.3
2026-07-13,BEN,Brennan Hawken,18.1
2026-07-13,BIIB,Salveen Richter,15.1
2026-07-13,BIIB,Thomas Shrader,
2026-07-13,BKNG,Unknown Analyst,12.9
2026-07-13,BX,Brennan Hawken,13.7
2026-07-13,CASY,Chuck Cerankosky,57.9
2026-07-13,CAT,Kristen Owen,38
2026-07-13,CNC,Ann Hynes,4.8
2026-07-13,CSX,Patrick Brown,18.9
2026-07-13,CVS,Ann Hynes,35.1
2026-07-13,CVX,Nitin Kumar CFA,6.9
2026-07-13,DAL,Andrew Didora,25.6
2026-07-13,DAL,David Vernon,33.1
2026-07-13,DAL,Jamie Baker,43.2
2026-07-13,DAL,John Staszak,31.9
2026-07-13,DAL,Michael Linenberg,31.9
2026-07-13,DASH,Unknown Analyst,16.6
2026-07-13,EBAY,Unknown Analyst,
2026-07-13,EFX,Ryan Griffin CFA,12.7
2026-07-13,ELV,Ann Hynes,14.4
2026-07-13,EXPE,John Colantuoni,11
2026-07-13,FAST,William Blunt,12.2
2026-07-13,FSLR,Unknown Analyst,27.1
2026-07-13,GEV,Unknown Analyst,28.1
2026-07-13,GWW,William Blunt,1.1
2026-07-13,HRL,Michael Lavery,24.8
2026-07-13,HUM,Ann Hynes,21.2
2026-07-13,IVZ,Brennan Hawken,11.4
2026-07-13,JNJ,Shagun Singh Chadha,6.3
2026-07-13,JNJ,Steve Scala,11.1
2026-07-13,KKR,Crispin Love,26.5
2026-07-13,KVUE,Filippo Falorni,6.7
2026-07-13,LDOS,Seth Seifman,25.3
2026-07-13,LITE,David Vogt,3.1
2026-07-13,LITE,Joshua Buchalter,-14.1
2026-07-13,LRCX,David Dai CFA,18
2026-07-13,MPC,Phillip Jungwirth,-31.7
2026-07-13,MRSH,Pablo Singzon,21.1
2026-07-13,NSC,Unknown Analyst,
2026-07-13,ODFL,Patrick Brown,39.3
2026-07-13,OKE,Gabe Moreen,1.6
2026-07-13,PYPL,Matthew O'Neill,1.1
2026-07-13,RMD,David Bailey,2.2
2026-07-13,SCHW,Brian Foran,24
2026-07-13,TEL,Asiya Merchant,12
2026-07-13,TKO,David Joyce,11
2026-07-13,TRV,Andrew Kligerman,-20.7
2026-07-13,TRV,Paul Newsome,-9.2
2026-07-13,TRV,Unknown Analyst,-20.7
2026-07-13,UHS,Ann Hynes,13.2
2026-07-13,UNP,Patrick Brown,29.9
2026-07-13,VRTX,Sadia Rahman,8.2
2026-07-13,WELL,Juan C. Sanabria,7
2026-07-13,WST,Curtis Moiles,23.4
2026-07-13,XOM,Nitin Kumar CFA,4
2026-07-14,ACN,James Friedman,-23.7
2026-07-14,ADI,John Vinh,42
2026-07-14,ALL,Jimmy Bhullar,12.8
2026-07-14,ATO,Jeremy Tonet,23.2
2026-07-14,ATO,Nicholas Campanella,13.9
2026-07-14,BAC,Christopher Mcgratty,21.2
2026-07-14,BAC,Gerard Cassidy,12.6
2026-07-14,BAC,Stephen Biggar,21.2
2026-07-14,BEN,Ken Worthington,3
2026-07-14,BSX,David Roman,30.9
2026-07-14,C,Christopher Mcgratty,20.7
2026-07-14,C,Gerard Cassidy,13.8
2026-07-14,C,Stephen Biggar,13.8
2026-07-14,CHRW,Fadi Chamoun,23.9
2026-07-14,CHRW,Harrison Bauer,47.4
2026-07-14,CL,Filippo Falorni,25.8
2026-07-14,CME,Alexander Blostein,-12
2026-07-14,CMS,Nicholas Campanella,24
2026-07-14,CPT,Unknown Analyst,
2026-07-14,CSGP,Jeffrey Meuler,16.9
2026-07-14,CSX,Harrison Bauer,23.1
2026-07-14,CTVA,Edlain Rodriguez,20.5
2026-07-14,DOW,Patrick Cunningham,21.8
2026-07-14,DRI,Gregory Francfort,12.3
2026-07-14,EBAY,John Colantuoni,-32.9
2026-07-14,FAST,Christopher Snyder,-2.1
2026-07-14,GE,Kenneth Herbert,27.3
2026-07-14,GS,Christopher Mcgratty,20
2026-07-14,GWW,Tommy Moll,7
2026-07-14,HCA,Sarah James,22.7
2026-07-14,HON,Christopher Snyder,18.7
2026-07-14,IBM,Abhishek Shukla,-16.8
2026-07-14,IBM,Stephen Bersey,-16.8
2026-07-14,JBHT,Harrison Bauer,39.2
2026-07-14,JPM,Gerard Cassidy,5.8
2026-07-14,KMB,Unknown Analyst,-8
2026-07-14,MAA,Unknown Analyst,
2026-07-14,MGM,Trey Bowers,27.7
2026-07-14,MU,John Vinh,72.3
2026-07-14,NDAQ,Alexander Blostein,12.3
2026-07-14,NFLX,Alicia Reese,64.4
2026-07-14,NSC,Harrison Bauer,14.6
2026-07-14,ODFL,Harrison Bauer,31.8
2026-07-14,OXY,Michael Scialla,17.3
2026-07-14,OXY,Phillip Jungwirth,10.5
2026-07-14,TROW,Michael Cho,2.7
2026-07-14,UBER,Justin Patterson,48.9
2026-07-14,UNH,Matthew Gillmor CFA,26
2026-07-14,UNP,Harrison Bauer,19.2
2026-07-14,VLO,Vikram Bagri,-26.9
2026-07-14,VMC,Adam Thalhimer,45.3
2026-07-14,WAT,Evie Koslosky,0.8
2026-07-14,WFC,Gerard Cassidy,16.1
2026-07-14,WMB,Theresa Chen,4.1
2026-07-14,WY,George Staphos,27.2
2026-07-14,WYNN,Trey Bowers,72.6
2026-07-14,XOM,Neil Mehta,-4
2026-07-15,ACN,Sachin Mittal,-27.5
2026-07-15,ANET,Hans Engel,
2026-07-15,APTV,Alexander Perry,
2026-07-15,AWK,Nicholas Campanella,-4.4
2026-07-15,BA,Charles Minervino,44.4
2026-07-15,BAC,Ben Gerlinger,14.3
2026-07-15,BAC,David George,7.4
2026-07-15,BAC,John McDonald CFA,
2026-07-15,BALL,Gabrial Hajde,17.3
2026-07-15,BAX,David Roman,-8.4
2026-07-15,BLK,Stephen Biggar,
2026-07-15,BNY,Alexander Blostein,15.9
2026-07-15,BNY,Gerard Cassidy,10
2026-07-15,BNY,Hans Engel,
2026-07-15,BNY,Mike Mayo,6.1
2026-07-15,C,David Chiaverini,25.2
2026-07-15,C,Ebrahim Poonawala,33.6
2026-07-15,C,John McDonald CFA,
2026-07-15,C,Mike Mayo,25.2
2026-07-15,CCL,Andrew Didora,91.4
2026-07-15,CDNS,Unknown Analyst,59.3
2026-07-15,CEG,Ross Fowler,41.7
2026-07-15,CEG,Sophie Karp,26
2026-07-15,CHRW,Jeff Kauffman,53.3
2026-07-15,CHRW,Unknown Analyst,53.3
2026-07-15,CMG,Danilo Gargiulo,49.6
2026-07-15,CSX,Jeff Kauffman,
2026-07-15,CSX,Nathan Martin,14.6
2026-07-15,CSX,Unknown Analyst,
2026-07-15,CTAS,George Tong,16.9
2026-07-15,DPZ,Brian Harbour,25.8
2026-07-15,ELV,Amit Daryanani,
2026-07-15,ELV,Ben Hendrix,3.2
2026-07-15,ELV,Jason Cassorla,10.7
2026-07-15,ELV,Scott Fidel,-3.9
2026-07-15,EVRG,Paul Zimbardo CFA,29.1
2026-07-15,EVRG,Unknown Analyst,29.1
2026-07-15,EW,Anthony Petrone,19
2026-07-15,EXPD,Jeff Kauffman,
2026-07-15,EXPD,Unknown Analyst,
2026-07-15,EXR,RJ Milligan,13.4
2026-07-15,FANG,Phillip Jungwirth,11.7
2026-07-15,FAST,Kenneth Newman,
2026-07-15,FAST,Sam Darkatsh,
2026-07-15,FAST,Stephen Volkmann,6.1
2026-07-15,FDX,Jeff Kauffman,23.5
2026-07-15,FDX,Unknown Analyst,23.5
2026-07-15,FDXF,Jeff Kauffman,58.2
2026-07-15,FDXF,Unknown Analyst,58.2
2026-07-15,FIX,Hans Engel,
2026-07-15,GOOGL,Ygal Arounian,26.9
2026-07-15,GS,Brennan Hawken,22.1
2026-07-15,GS,Kian Abouhossein,1.4
2026-07-15,GS,Mike Mayo,40.7
2026-07-15,HAL,Unknown Analyst,24.9
2026-07-15,HCA,Andrew Cooper,
2026-07-15,IBM,Jim Kelleher,22
2026-07-15,IBM,Param Singh,52.5
2026-07-15,ICE,Patrick Moley,22.2
2026-07-15,ISRG,Anthony Petrone,1.7
2026-07-15,JBHT,Jordan Alliger,11.4
2026-07-15,JBHT,Unknown Analyst,
2026-07-15,JNJ,Rick Wise,-3.7
2026-07-15,JPM,David George,-12.8
2026-07-15,JPM,John McDonald CFA,
2026-07-15,KDP,Filippo Falorni,19.5
2026-07-15,LEN,Anthony Pettinari,15.1
2026-07-15,LNT,James Thalacker,25.8
2026-07-15,MCD,Zachary Fadem,20.9
2026-07-15,MGM,Lizzie Dove,13.7
2026-07-15,MRK,Geoff Meacham,-14.9
2026-07-15,MRSH,Paul Newsome,4
2026-07-15,MRVL,Stephan Lingnau,
2026-07-15,MTB,David Chiaverini,32
2026-07-15,MTB,Gerard Cassidy,12.2
2026-07-15,NOW,Gregg Moskowitz,3.3
2026-07-15,NOW,Jeff Jones,3.3
2026-07-15,PANW,Ivan Feinseth,18.3
2026-07-15,PGR,Matthew Heimermann,22.3
2026-07-15,PNC,David Chiaverini,30.8
2026-07-15,PNC,Gerard Cassidy,17.1
2026-07-15,PNC,Michael Rose,17.9
2026-07-15,PNC,Stephen Biggar,20.1
2026-07-15,PNR,Brian K. Lee,28.8
2026-07-15,PNR,Scott Graham,
2026-07-15,PNR,Stephen Volkmann,60.9
2026-07-15,PSA,RJ Milligan,
2026-07-15,QCOM,Frank Lee CFA,1.3
2026-07-15,ROL,Marc VanT Sant,41.8
2026-07-15,SBUX,Danilo Gargiulo,14.8
2026-07-15,SNPS,Unknown Analyst,48.1
2026-07-15,STX,Mark Newman,16.4
2026-07-15,STZ,Peter Grom,41.2
2026-07-15,SW,Gabrial Hajde,17.3
2026-07-15,T,Maher Yaghi,14.5
2026-07-15,T,Unknown Analyst,
2026-07-15,TAP,Filippo Falorni,11.9
2026-07-15,TJX,Hans Engel,
2026-07-15,UAL,Andrew Didora,38
2026-07-15,UNH,Jessica Tassan,26
2026-07-15,UNP,Jeff Kauffman,25.3
2026-07-15,UNP,Unknown Analyst,25.3
2026-07-15,UPS,Jeff Kauffman,
2026-07-15,UPS,Unknown Analyst,
2026-07-15,VMC,Patrick Brown,32.9
2026-07-15,VST,Ross Fowler,43.6
2026-07-15,VST,Sophie Karp,54.3
2026-07-15,VTR,Unknown Analyst,31.5
2026-07-15,VZ,Michael Funk,-0.2
2026-07-15,WELL,Unknown Analyst,17.1
2026-07-15,WFC,Ben Gerlinger,4.5
2026-07-15,WFC,David Chiaverini,16.1
2026-07-15,WFC,David George,6.8
2026-07-15,WM,Adam Bubes,27.9
2026-07-15,WTW,Joshua Shanker,
2026-07-15,WYNN,Daniel Politzer,64.1
2026-07-16,ABT,Shagun Singh Chadha,27.5
2026-07-16,AEE,Jeremy Tonet,33.1
2026-07-16,BLK,Alex Bond,22.6
2026-07-16,BLK,Benjamin Budish,36.8
2026-07-16,BLK,Brian Bedell,18.7
2026-07-16,BLK,Ken Worthington,28.7
2026-07-16,BLK,Michael Brown,24.5
2026-07-16,BLK,Michael Cho,28.7
2026-07-16,BLK,Michael Cyprys,40.4
2026-07-16,BNY,Christopher Mcgratty,15.9
2026-07-16,BNY,David Smith -CFA,16.6
2026-07-16,CFG,Christopher Mcgratty,17.8
2026-07-16,CFG,David Chiaverini,34.2
2026-07-16,CFG,Gerard Cassidy,17.8
2026-07-16,CFG,Ryan Nash,25.3
2026-07-16,CHD,Andrea Faria Teixeira,10.8
2026-07-16,CTAS,Andrew Wittmann,8.3
2026-07-16,CTAS,Jason Haas CFA,26.5
2026-07-16,CTAS,Jasper Bibb,
2026-07-16,CTAS,John Eade,16.4
2026-07-16,CTAS,Joshua Chan,16.4
2026-07-16,CTAS,Manav Patnaik,24
2026-07-16,CTAS,Shlomo Rosenbaum,-3.9
2026-07-16,CTAS,Tim Mulrooney,
2026-07-16,CTSH,Sachin Mittal,-11.5
2026-07-16,CVX,Manav Gupta,5
2026-07-16,DDOG,Eric Heath,39.2
2026-07-16,DOW,Duffy Fischer,18.3
2026-07-16,DUK,Carly Davenport,23.4
2026-07-16,ELV,David S Macdonald,15.6
2026-07-16,ELV,David Windley,9.5
2026-07-16,ELV,Michael Ha,-4.4
2026-07-16,EXC,Carly Davenport,7
2026-07-16,FAST,Guy Hardwick,-6.1
2026-07-16,FAST,Kristina Ruggeri,12.2
2026-07-16,FE,Unknown Analyst,19.3
2026-07-16,FLEX,Paul Meeks,38.2
2026-07-16,FOXA,Jason Bazinet,21
2026-07-16,GE,Gautam Khanna,20.9
2026-07-16,GE,John Godyn,37.1
2026-07-16,GS,Ben Gerlinger,27.4
2026-07-16,GS,Ebrahim Poonawala,38
2026-07-16,ISRG,Shagun Singh Chadha,46.2
2026-07-16,JBHT,Bascome Majors,58
2026-07-16,JBHT,Brian Ossenbeck,33.6
2026-07-16,JBHT,Jason Seidl,26.8
2026-07-16,JBHT,Lucas Servera,25.9
2026-07-16,JBHT,Ravi Shanker,-14.6
2026-07-16,JNJ,Chris Schott,0
2026-07-16,JNJ,Ilya Zubkov,3.7
2026-07-16,JNJ,Jayson Bedford,-1.8
2026-07-16,JPM,Glenn Thum,8.7
2026-07-16,KDP,Stephen Powers,-3.1
2026-07-16,MO,Simon Hales,0.9
2026-07-16,MS,Christopher Mcgratty,23.4
2026-07-16,MS,Kian Abouhossein,-3.7
2026-07-16,MS,Mike Mayo,18.5
2026-07-16,MS,Unknown Analyst,28.8
2026-07-16,MSFT,Josh Baer,31.6
2026-07-16,MTB,Christopher Mcgratty,10
2026-07-16,MTB,David George,10
2026-07-16,MTB,Manan Gosalia,11.3
2026-07-16,MTB,Peter Winter,17
2026-07-16,NFLX,Kannan Venkateshwar,11.4
2026-07-16,NOW,Andrew Sherman,3.3
2026-07-16,PANW,Connor Murphy,15.8
2026-07-16,PEP,Filippo Falorni,
2026-07-16,PG,Andrea Faria Teixeira,10.7
2026-07-16,PGR,Paul Newsome,12.9
2026-07-16,PLD,Tom Catherwood,26.1
2026-07-16,PNC,Andrew Terrell,17.9
2026-07-16,PNC,Chris Kotowski,20.5
2026-07-16,PNC,Christopher Mcgratty,11.5
2026-07-16,PNC,David George,20.1
2026-07-16,PNC,Ebrahim Poonawala,24.8
2026-07-16,PNC,John McDonald CFA,
2026-07-16,PNC,Mike Mayo,22.2
2026-07-16,PSKY,Laurent Yoon,17.5
2026-07-16,RDDT,John Colantuoni,65.7
2026-07-16,SRE,Unknown Analyst,34.1
2026-07-16,STT,Gerard Cassidy,7.2
2026-07-16,STT,Stephen Biggar,15.9
2026-07-16,TKO,Unknown Analyst,32.1
2026-07-16,UAL,Catherine O'Brien,51.8
2026-07-16,UAL,Christopher Stathoulopoulos,51.8
2026-07-16,UNH,Ben Hendrix,26.8
2026-07-16,UNH,Scott Fidel,30
2026-07-16,WEC,Carly Davenport,4.7
2026-07-16,WFC,Stephen Biggar,
2026-07-17,ABT,Jayson Bedford,
2026-07-17,ABT,Unknown Analyst,32.4
2026-07-17,AEE,Stephen D'Ambrisi,10.8
2026-07-17,ALB,Rock Hoffman,38.7
2026-07-17,AMCR,Ketan Mamtora,11.7
2026-07-17,APD,James Hooper,22.4
2026-07-17,APD,Peter Clark,22.4
2026-07-17,BAC,Glenn Thum,17.8
2026-07-17,BLK,Brennan Hawken,22.6
2026-07-17,BNY,Ebrahim Poonawala,14.6
2026-07-17,CFG,David George,11.9
2026-07-17,CFG,Manan Gosalia,17.8
2026-07-17,CFG,Matthew Breese,4.4
2026-07-17,CFG,Peter Winter,26.8
2026-07-17,CNC,Joanna Gajuk,12.4
2026-07-17,D,Stephen D'Ambrisi,19.5
2026-07-17,DUK,Stephen D'Ambrisi,14
2026-07-17,ECHO,Ric Prentiss,23
2026-07-17,ED,Stephen D'Ambrisi,4.3
2026-07-17,ELV,Erin Wright,-1.7
2026-07-17,ELV,Ryan Langston,13.2
2026-07-17,ELV,Whit Mayo,-3.9
2026-07-17,ETR,Stephen D'Ambrisi,23.5
2026-07-17,EVRG,Stephen D'Ambrisi,19.1
2026-07-17,EXC,Stephen D'Ambrisi,14.1
2026-07-17,FITB,Gerard Cassidy,17.2
2026-07-17,FITB,Peter Winter,22.9
2026-07-17,GD,Douglas Harned,12.7
2026-07-17,GE,Charles Minervino,36.8
2026-07-17,GE,Gavin Parsons,38.4
2026-07-17,GE,Kristine Liwag,27.3
2026-07-17,GIS,Alexia Burland Howard,-14.6
2026-07-17,HII,Douglas Harned,23.5
2026-07-17,IFF,Daniel Lungo,18.1
2026-07-17,ISRG,Brandon Vazquez,
2026-07-17,ISRG,David Rescott,27.1
2026-07-17,ISRG,Jayson Bedford,22.8
2026-07-17,ISRG,Mike Kratky,15.4
2026-07-17,ISRG,Richard Newitter,29.7
2026-07-17,ISRG,Rick Wise,39.8
2026-07-17,JBHT,J. Bruce Chan,24.7
2026-07-17,JNJ,David Risinger,2.2
2026-07-17,KMI,Ameet Thakkar,13.1
2026-07-17,KR,Edward Kelly,-3.3
2026-07-17,LHX,Douglas Harned,63.8
2026-07-17,LIN,Matthew DeYoe,19.5
2026-07-17,LIN,Steve Byrne,19.5
2026-07-17,LMT,Douglas Harned,15.1
2026-07-17,LNT,Stephen D'Ambrisi,21.3
2026-07-17,MCD,Ivan Feinseth,57.1
2026-07-17,MCO,Surinder Thind,30.2
2026-07-17,MKC,Alexia Burland Howard,39.6
2026-07-17,MS,Ben Gerlinger,16
2026-07-17,MS,Brennan Hawken,23.4
2026-07-17,MS,Ebrahim Poonawala,23.4
2026-07-17,MS,Gerard Cassidy,20
2026-07-17,MS,Mikhail Paramonov,20.9
2026-07-17,MSCI,Surinder Thind,37.5
2026-07-17,NCLH,David Katz,27.5
2026-07-17,NFLX,Andrew Marok,
2026-07-17,NFLX,Barton Crockett,4.5
2026-07-17,NFLX,Brian White,
2026-07-17,NFLX,David Joyce,42.1
2026-07-17,NFLX,David Plaus,74.1
2026-07-17,NFLX,Eric Sheridan,30.9
2026-07-17,NFLX,James Heaney CFA,25.4
2026-07-17,NFLX,Jason Helfstein,18.4
2026-07-17,NFLX,Jeffrey Wlodarczak,-2.5
2026-07-17,NFLX,Jessica Reif Ehrlich,46.3
2026-07-17,NFLX,John Blackledge,39.3
2026-07-17,NFLX,John Hodulik,60.2
2026-07-17,NFLX,Justin Patterson,28.2
2026-07-17,NFLX,Laura Martin,67.2
2026-07-17,NFLX,Laurent Yoon,32.3
2026-07-17,NFLX,Maria Ripps,74.1
2026-07-17,NFLX,Michael Morris,4.5
2026-07-17,NFLX,Ralph Schackart,
2026-07-17,NFLX,Sean Diffley,15.6
2026-07-17,NFLX,Thomas Champion,18.4
2026-07-17,NFLX,Tommy Lai,4.5
2026-07-17,NFLX,Unknown Analyst,4.5
2026-07-17,NI,Stephen D'Ambrisi,28.1
2026-07-17,NOC,Douglas Harned,25.1
2026-07-17,NOW,Sanjit Singh,32.9
2026-07-17,OXY,Scott Gruber,2
2026-07-17,PEG,Stephen D'Ambrisi,16.1
2026-07-17,PLD,Dave Rodgers,
2026-07-17,PLD,Vikram Malhotra,17.9
2026-07-17,PNW,Stephen D'Ambrisi,5.1
2026-07-17,PPG,James Hooper,24.4
2026-07-17,PWR,Ameet Thakkar,25.6
2026-07-17,PWR,Chad Dillard,13.9
2026-07-17,PWR,Unknown Analyst,
2026-07-17,PYPL,Harshita Rawat,4.9
2026-07-17,RF,David Chiaverini,12.3
2026-07-17,RF,Gerard Cassidy,19.3
2026-07-17,RF,Manan Gosalia,22.8
2026-07-17,RVTY,Puneet Souda,
2026-07-17,SHW,Daniel Lungo,19.4
2026-07-17,SO,Stephen D'Ambrisi,18.1
2026-07-17,STT,Alexander Blostein,15.4
2026-07-17,STT,Ben Gerlinger,14.8
2026-07-17,STT,David Konrad,17.6
2026-07-17,STT,David Smith CFA,4.4
2026-07-17,STT,James Mitchell,17
2026-07-17,STT,Mike Mayo,17.6
2026-07-17,TRV,Adam Klauber,
2026-07-17,TSCO,Bobby Griffin,24.2
2026-07-17,TSCO,Steven Zaccone,14.9
2026-07-17,UAL,Ravi Shanker,74.8
2026-07-17,UBER,Unknown Analyst,41.8
2026-07-17,UNH,David S Macdonald,32.7
2026-07-17,UNH,David Toung,24.7
2026-07-17,UNH,Erin Wright,40.4
2026-07-17,UNH,Kevin Fischbeck,35.8
2026-07-17,UNH,Michael Ha,20.2
2026-07-17,UNH,Michael Wiederhorn,32.7
2026-07-17,UNH,Whit Mayo,
2026-07-17,USB,Andrew Terrell,11.6
2026-07-17,USB,Chris Kotowski,28.2
2026-07-17,USB,Christopher Mcgratty,9.9
2026-07-17,USB,David George,13.2
2026-07-17,USB,Ebrahim Poonawala,13.2
2026-07-17,USB,Mike Mayo,14.9
2026-07-17,USB,Peter Winter,23.2
2026-07-17,WEC,Stephen D'Ambrisi,20.2
2026-07-17,WFC,Glenn Thum,33.5
2026-07-17,XEL,Stephen D'Ambrisi,30
2026-07-19,UAL,Sheila Kahyaoglu,42.6
2026-07-19,UNH,Ryan Langston,14.1
2026-07-20,ABNB,Eric Sheridan,-6.2
2026-07-20,ADBE,Bhavtosh Vajpayee,20.7
2026-07-20,APO,Vikram Gandhi,14.7
2026-07-20,BKNG,Eric Sheridan,27.7
2026-07-20,BMY,Asad Haider,-2.6
2026-07-20,BNY,Glenn Schorr,3.5
2026-07-20,BX,Vikram Gandhi,8.1
2026-07-20,CAH,Allen Lutz,15.1
2026-07-20,CAH,Kevin Caliendo,21.3
2026-07-20,CB,Pablo Singzon,9.8
2026-07-20,CPT,Peter Abramowitz,13.9
2026-07-20,CRL,Michael Luo CFA,-20.7
2026-07-20,CRM,Bhavtosh Vajpayee,-30.6
2026-07-20,DDOG,Patrick Walravens,35.3
2026-07-20,DIS,John Hodulik,29.5
2026-07-20,DPZ,Danilo Gargiulo,32.6
2026-07-20,DPZ,Logan Reich,19
2026-07-20,DPZ,Peter Saleh,44.5
2026-07-20,ETR,Nicholas Campanella,25.5
2026-07-20,EVRG,Nicholas Campanella,15.3
2026-07-20,FITB,Ebrahim Poonawala,22.9
2026-07-20,FITB,John Pancari,13.4
2026-07-20,GE,David E. Strauss,24.1
2026-07-20,GE,Noah Poponak,
2026-07-20,GE,Seth Seifman,27.3
2026-07-20,GILD,Daina Graybosch,-15.4
2026-07-20,GS,Saul Martinez,5.6
2026-07-20,INTC,Unknown Analyst,-44.8
2026-07-20,JPM,Christopher Mcgratty,9.8
2026-07-20,JPM,Matthew Kelley,9.8
2026-07-20,KKR,Vikram Gandhi,22.5
2026-07-20,KO,Stephen Powers,4.2
2026-07-20,LNT,Nicholas Campanella,10.7
2026-07-20,LYV,Batya Levi,24.5
2026-07-20,MAA,Peter Abramowitz,15.2
2026-07-20,MCHP,Joseph Quatrochi,20.1
2026-07-20,MO,Alexia Burland Howard,-15
2026-07-20,MS,Saul Martinez,6.1
2026-07-20,MSFT,Bhavtosh Vajpayee,8.3
2026-07-20,MSFT,Brad Zelnick,11.4
2026-07-20,NFLX,Helena Wang,53.2
2026-07-20,NFLX,Markus Leistner,
2026-07-20,NOW,Bhavtosh Vajpayee,-46.9
2026-07-20,NOW,Gil Luria,25.5
2026-07-20,ORCL,Bhavtosh Vajpayee,-1.8
2026-07-20,PANW,Joseph Bonner,16.9
2026-07-20,PAYX,Ramsey El Assal,-7.9
2026-07-20,PEG,Nicholas Campanella,19
2026-07-20,PEG,Paul Zimbardo CFA,11.8
2026-07-20,PEP,Nik Modi,24.1
2026-07-20,PG,Peter Grom,17.5
2026-07-20,PM,Callum Elliott,-7.2
2026-07-20,PPL,Ross Fowler,17
2026-07-20,RF,Christopher Mcgratty,15.8
2026-07-20,RF,Dave Rochester,22.8
2026-07-20,RF,Ebrahim Poonawala,15.8
2026-07-20,RF,John Pancari,8.8
2026-07-20,SCHW,Brennan Hawken,0.2
2026-07-20,SO,Nicholas Campanella,18.1
2026-07-20,SPG,Caitlin Burrows,17.4
2026-07-20,STT,Ebrahim Poonawala,7.7
2026-07-20,STT,Glenn Schorr,9.4
2026-07-20,SYY,Danilo Gargiulo,7.5
2026-07-20,TER,Timothy Arcuri,34.6
2026-07-20,TFC,Christopher Mcgratty,13.3
2026-07-20,TFC,David George,15.3
2026-07-20,TFC,Ebrahim Poonawala,15.3
2026-07-20,TFC,John Pancari,17.4
2026-07-20,TFC,Stephen Biggar,19.4
2026-07-20,TPR,Rick Patel,43.5
2026-07-20,TRV,David Motemaden,-9.8
2026-07-20,TRV,Elyse Greenspan,-5
2026-07-20,TRV,Joshua Shanker,-18.1
2026-07-20,TRV,Matthew Heimermann,2.8
2026-07-20,TRV,Robert Cox CFA,-6.6
2026-07-20,TSCO,Peter Benedict,18
2026-07-20,USB,John Pancari,19.9
2026-07-20,VMRK,Peter Abramowitz,17.6
2026-07-20,WDAY,Bhavtosh Vajpayee,-52.5
2026-07-20,WRB,Alex Scott,-11.4
2026-07-20,WRB,Joshua Shanker,-1.4
2026-07-20,WRB,Robert Cox CFA,11.4
2026-07-20,WRB,Ryan Tunis,5.7
2026-07-21,ABBV,Asad Haider,-7.7
2026-07-21,AEE,Shahriar Pourreza,16.6
2026-07-21,ARES,Michael Cyprys,27.3
2026-07-21,ATO,Constantine Lednev,24.5
2026-07-21,AWK,Shahriar Pourreza,-3.7
2026-07-21,BIIB,Yatin Suneja,28.9
2026-07-21,BNY,Ben Gerlinger,12.7
2026-07-21,BNY,Stephen Biggar,17.9
2026-07-21,BXP,Vikram Malhotra,6.7
2026-07-21,CB,Joshua Shanker,-7.8
2026-07-21,CB,Robert Cox CFA,13.3
2026-07-21,CB,Ryan Tunis,-1.1
2026-07-21,CFG,Ben Gerlinger,25.3
2026-07-21,CFG,Brian Foran,19.3
2026-07-21,CNP,Ross Fowler,12
2026-07-21,COF,Jon Arfstrom,16.4
2026-07-21,COHR,Samik Chatterjee,37.1
2026-07-21,COIN,Madison Suhr,-18.7
2026-07-21,CPT,Unknown Analyst,25.9
2026-07-21,CSCO,Samik Chatterjee,32.4
2026-07-21,DDOG,Howard Ma,30.5
2026-07-21,DECK,Unknown Analyst,69.6
2026-07-21,DELL,Samik Chatterjee,-3.2
2026-07-21,DHI,Michael Dahl,-9.4
2026-07-21,DHI,Susan Maklari,37.7
2026-07-21,DHR,Dan Leonard,1.5
2026-07-21,DHR,Subbu Nambi,-5.6
2026-07-21,DPZ,Andrew Strelzik,42.8
2026-07-21,DPZ,Lauren Silberman,36
2026-07-21,DRI,John Ivankoe,7.5
2026-07-21,DVN,Charles Minervino,29.6
2026-07-21,DVN,Unknown Analyst,-9.5
2026-07-21,EFX,Andrew Nicholas,
2026-07-21,EFX,John Eade,
2026-07-21,EME,Unknown Analyst,10
2026-07-21,EOG,Charles Minervino,17.9
2026-07-21,EOG,Subash Chandra,
2026-07-21,EQT,Leo Mariani,4
2026-07-21,EQT,Neil Mehta,20
2026-07-21,ES,Shahriar Pourreza,12.2
2026-07-21,ESS,Unknown Analyst,23.7
2026-07-21,ETR,Shahriar Pourreza,28.4
2026-07-21,EW,Travis Steed,13.3
2026-07-21,FANG,Charles Minervino,32.5
2026-07-21,FCX,Ralph M. Profiti,11.8
2026-07-21,FE,Shahriar Pourreza,21.5
2026-07-21,FITB,Kevin Heal,19.1
2026-07-21,FITB,Unknown Analyst,19.1
2026-07-21,GM,Alexander Perry,29
2026-07-21,GM,Michael Ward,59.4
2026-07-21,GM,Mickey Legg,27.7
2026-07-21,HAL,Keith Mackey,33.8
2026-07-21,HAL,Neil Mehta,24.9
2026-07-21,HAS,Keegan Cox,14.2
2026-07-21,HAS,Kylie Cohu,25.6
2026-07-21,HAS,Stephen Laszczyk,33.6
2026-07-21,HLT,Daniel Politzer,19.4
2026-07-21,HLT,Kevin Kopelman,27.6
2026-07-21,HST,Daniel Politzer,14.5
2026-07-21,IBKR,Brennan Hawken,21.3
2026-07-21,IBM,Brian Essex,8.9
2026-07-21,ICE,Ken Worthington,15.8
2026-07-21,ISRG,Robbie Marcus,14.4
2026-07-21,ISRG,Unknown Analyst,
2026-07-21,JPM,Ben Gerlinger,3
2026-07-21,KEY,Gerard Cassidy,20.1
2026-07-21,KIM,Floris van Dijkum,33.2
2026-07-21,KMI,Elvira Scotto,9.9
2026-07-21,LITE,Samik Chatterjee,25.1
2026-07-21,LNT,Shahriar Pourreza,22.8
2026-07-21,MAA,Unknown Analyst,39.6
2026-07-21,META,Dominic Ball,50.2
2026-07-21,META,Josh Beck,27.7
2026-07-21,MMM,Deane Dray,-19.4
2026-07-21,MMM,Nigel Coe,22.7
2026-07-21,MRSH,Adam Klauber,
2026-07-21,MRSH,Joshua Shanker,4
2026-07-21,MRSH,Robert Cox CFA,12.6
2026-07-21,MRSH,Rowland Mayor,14.3
2026-07-21,MSCI,Ashish Sabadra,18.5
2026-07-21,MSCI,George Tong,21.4
2026-07-21,MTB,Brian Foran,17.9
2026-07-21,NOC,Kenneth Herbert,21.4
2026-07-21,NTAP,Samik Chatterjee,-11.5
2026-07-21,OKE,Elvira Scotto,-3.7
2026-07-21,OMC,Adrien Hilaire,3.2
2026-07-21,PEP,Lauren Lieberman,9.4
2026-07-21,PFG,Wesley Carmichael,-4
2026-07-21,PLD,Michael Lewis,20.1
2026-07-21,PNC,Ben Gerlinger,24.4
2026-07-21,PNR,Brett Linzey,52
2026-07-21,PPL,Shahriar Pourreza,29
2026-07-21,RF,Ben Gerlinger,26.3
2026-07-21,RF,Brian Foran,19.3
2026-07-21,RF,Peter Winter,19.3
2026-07-21,ROP,Brett Linzey,-10.1
2026-07-21,SCHW,Alexander Blostein,22.1
2026-07-21,SCHW,Patrick Moley,12.6
2026-07-21,SYF,Jon Arfstrom,6.6
2026-07-21,TFC,Andrew Terrell,17.4
2026-07-21,TRV,Alex Scott,-15.1
2026-07-21,TRV,Bob Huang,-11.9
2026-07-21,TRV,Brian Meredith,2.2
2026-07-21,TRV,Cave Montazeri,-3.1
2026-07-21,TRV,Harry Fong,13.4
2026-07-21,TRV,Meyer Shields,-0.4
2026-07-21,TRV,Michael Zaremski,1.2
2026-07-21,TXN,Christopher Rolland,27.5
2026-07-21,UAL,Jamie Baker,86.7
2026-07-21,UDR,Unknown Analyst,44.5
2026-07-21,UNH,Ann Hynes,30.8
2026-07-21,UNH,Lisa Gill,36.9
2026-07-21,USB,Ben Gerlinger,19.9
2026-07-21,WDC,Joseph Cardoso,62
2026-07-21,WRB,Elyse Greenspan,-2.8
2026-07-21,WRB,Mark Hughes,18.6
2026-07-21,WRB,Meyer Shields,0
2026-07-21,XYL,Mark Strouse,20.9
2026-07-22,ABBV,Courtney Breen,-14.9
2026-07-22,ADSK,John Difucci,12.8
2026-07-22,ADSK,Unknown Analyst,12.8
2026-07-22,AEE,James Thalacker,15.6
2026-07-22,AFL,Andrew Kligerman,-5
2026-07-22,AMCR,Ramoun Lazar,6.7
2026-07-22,CB,Adam Klauber,
2026-07-22,CB,Cave Montazeri,3.9
2026-07-22,CB,Elyse Greenspan,4.5
2026-07-22,CB,Harry Fong,20.4
2026-07-22,CB,Paul Newsome,9.8
2026-07-22,CCI,Ari Klein,30
2026-07-22,CHRW,Richa Harnain,43.5
2026-07-22,CME,Ashish Sabadra,9.4
2026-07-22,CME,Craig Siegenthaler,-16.7
2026-07-22,COF,Bill Carcache,25.8
2026-07-22,COF,Brian Foran,
2026-07-22,COF,Jeffrey Adelson,35.2
2026-07-22,COF,John Hecht,48.6
2026-07-22,COF,John Pancari,10
2026-07-22,COF,Richard Shane,21.8
2026-07-22,COF,Sanjay Sakhrani,43.6
2026-07-22,COF,Vincent Caintic,28.3
2026-07-22,CSX,Jordan Alliger,1.9
2026-07-22,DDOG,Andrew Sherman,30.5
2026-07-22,DHI,Jade Rahmani,21
2026-07-22,DHI,John Lovallo,49.3
2026-07-22,DHI,Matthew Bouley,2.2
2026-07-22,DHI,Rafe Jadrosich,8.7
2026-07-22,DHI,Ryan Gilbert,33.3
2026-07-22,DHI,Stephen Kim,28.2
2026-07-22,DHR,Aristotelis Moutopoulos,-0.9
2026-07-22,DHR,Brandon Couillard,-7.9
2026-07-22,DHR,Daniel Arias,3.9
2026-07-22,DHR,Daniel Brennan,11.4
2026-07-22,DHR,Justin Bowers,13.3
2026-07-22,DHR,Matt Larew,
2026-07-22,DHR,Patrick B Donnelly,8.6
2026-07-22,EFX,Arthur Truslove,38.5
2026-07-22,EFX,Curtis Nagle,32.2
2026-07-22,EFX,Faiza Alwy,30.9
2026-07-22,EFX,Jeffrey Meuler,46
2026-07-22,EFX,Jeffrey Silber,12.7
2026-07-22,EFX,Owen Lau,19.6
2026-07-22,EFX,Shlomo Rosenbaum,47.9
2026-07-22,EFX,Toni Kaplan,41.6
2026-07-22,EQT,Lloyd Byrne,50
2026-07-22,EQT,Michael Scialla,44
2026-07-22,EVRG,Ross Fowler,14.1
2026-07-22,EXC,Shahriar Pourreza,18.8
2026-07-22,FICO,Jeffrey Silber,79
2026-07-22,GEV,Joe Ritchie,34.8
2026-07-22,GL,Bob Huang,19.9
2026-07-22,GM,Andrew Percoco,22.9
2026-07-22,GM,Dan Levy,33.8
2026-07-22,GM,Edison Yu,21.7
2026-07-22,GM,Itay Michaeli,60.6
2026-07-22,GM,Mark Delaney,25.3
2026-07-22,GM,Rajat Gupta CFA,46
2026-07-22,GOOG,Nat Schindler,29.7
2026-07-22,GOOG,Unknown Analyst,29.7
2026-07-22,GOOGL,Deepak Mathivanan,19.8
2026-07-22,GOOGL,Maria Ripps,28.3
2026-07-22,GOOGL,Ronald Josey,27.5
2026-07-22,GOOGL,Unknown Analyst,28.3
2026-07-22,GPC,Greg Melich,17.1
2026-07-22,GPC,Michael Lasser,-4.7
2026-07-22,GPC,Sam Darkatsh,28.8
2026-07-22,GPC,Scot Ciccarelli,-1.6
2026-07-22,HAL,Bill Selesky,18.9
2026-07-22,HAL,Charles Minervino,24.9
2026-07-22,HAL,Derek Podhaizer,27.8
2026-07-22,HAL,Marc Bianchi,39.7
2026-07-22,HAL,Sergey Pigarev,10
2026-07-22,HAL,Stephen Gengaro,27.8
2026-07-22,HAL,Stephen Richardson,27.8
2026-07-22,HAS,Andrew Didora,25.6
2026-07-22,HAS,Christine Dooley,19.9
2026-07-22,HAS,Christopher Horvers,26.8
2026-07-22,HAS,Eric Handler,19.9
2026-07-22,HAS,Jim Corridore,19.9
2026-07-22,HOOD,Alex Markgraff,4.3
2026-07-22,HUM,David Windley,61.6
2026-07-22,IBKR,Daniel Fannon,19.1
2026-07-22,IBKR,Patrick Moley,20.2
2026-07-22,IBM,Robert Oliver,0.2
2026-07-22,IBM,Wamsi Mohan,22
2026-07-22,JPM,Matt O'Connor,7.2
2026-07-22,KEY,Christopher Mcgratty,24.9
2026-07-22,KEY,David George,10.5
2026-07-22,KEY,Ebrahim Poonawala,24.9
2026-07-22,KEY,John Pancari,24.9
2026-07-22,KEY,Mike Mayo,29.7
2026-07-22,KEY,Peter Winter,34.6
2026-07-22,LUV,Catherine O'Brien,-14.6
2026-07-22,LUV,David Vernon,9.8
2026-07-22,LYV,Matthew Condon,28.7
2026-07-22,MCO,Andrew Nicholas,
2026-07-22,MCO,Curtis Nagle,23.8
2026-07-22,MET,Andrew Kligerman,8.2
2026-07-22,MMM,Amit Mehrotra,33.1
2026-07-22,MMM,Joe Ritchie,23.3
2026-07-22,MMM,Nicole Deblase,17.2
2026-07-22,MRSH,Alex Scott,17.7
2026-07-22,MRSH,David Motemaden,33.7
2026-07-22,MRSH,Elyse Greenspan,7.4
2026-07-22,MRSH,Harry Fong,14.3
2026-07-22,MRSH,Yaron Kinar,14.9
2026-07-22,MSCI,Alexander Hess,26.6
2026-07-22,MSCI,Curtis Nagle,29.3
2026-07-22,MSCI,David Motemaden,30.6
2026-07-22,MSCI,Jason Haas CFA,24.8
2026-07-22,MSCI,Toni Kaplan,26.6
2026-07-22,MSFT,Brian Schwartz,4.3
2026-07-22,MTB,Matt O'Connor,10
2026-07-22,NEM,Alexander Hacking,1.3
2026-07-22,NFLX,Vikram Kesavabhotla,25.4
2026-07-22,NKE,Laurent Vasilescu,
2026-07-22,NOC,Charles Minervino,24.2
2026-07-22,NOC,Kristine Liwag,41.3
2026-07-22,NOC,Peter Arment,-5.2
2026-07-22,NOC,Scott Deuschle,16.6
2026-07-22,NOW,Gabriela Borges,12.2
2026-07-22,NOW,Keith Bachman,-12.9
2026-07-22,NOW,Samad Samana,3.3
2026-07-22,NOW,Thomas Blakey,4.1
2026-07-22,NSC,Jason Seidl,19.7
2026-07-22,NTRS,Alexander Blostein,2.3
2026-07-22,PHM,Michael Dahl,-1.1
2026-07-22,PHM,Rafe Jadrosich,24.5
2026-07-22,PHM,Susan Maklari,24.5
2026-07-22,PNC,Matt O'Connor,13.7
2026-07-22,REGN,John Newman,11.5
2026-07-22,RJF,Brennan Hawken,6.2
2026-07-22,ROL,Tim Mulrooney,
2026-07-22,ROP,Brian Peterson,
2026-07-22,SCHW,Brian Bedell,25
2026-07-22,SCHW,Christopher Allen,19.3
2026-07-22,SCHW,Daniel Fannon,20.2
2026-07-22,SCHW,Michael Brown,22.1
2026-07-22,SCHW,Patrick O'Shaughnessy,38.4
2026-07-22,SCHW,Stephen Biggar,8.8
2026-07-22,STLD,Carlos De Alba,10.5
2026-07-22,STLD,Samuel McKinney,11.4
2026-07-22,STZ,Bonnie Herzog,
2026-07-22,SYF,David George,19.9
2026-07-22,SYF,Jeffrey Adelson,11.9
2026-07-22,SYF,John Pancari,19.9
2026-07-22,SYF,Mark DeVries,38.6
2026-07-22,SYF,Richard Shane,3.9
2026-07-22,SYF,Sanjay Sakhrani,30.6
2026-07-22,SYF,Unknown Analyst,37.3
2026-07-22,SYF,Unknown Analyst,15.9
2026-07-22,T,Jonathan Atkin,5.7
2026-07-22,T,Joseph Bonner,17.4
2026-07-22,T,Marie Ferguson,17.4
2026-07-22,T,Michael Funk,33.1
2026-07-22,T,Michael Ng,17.4
2026-07-22,TAP,Stephen Powers,9.2
2026-07-22,TDY,Joseph C Giordano,24.3
2026-07-22,TDY,Ronald Epstein,25.9
2026-07-22,TRV,Mark Hughes,
2026-07-22,TSLA,Alexander Perry,26.3
2026-07-22,TXN,Blayne Curtis,-2.5
2026-07-22,TXN,Rick Schafer,
2026-07-22,TXN,Tristan Gerra,44.4
2026-07-22,TYL,Unknown Analyst,30.4
2026-07-22,VEEV,John Difucci,-10.8
2026-07-22,VEEV,Unknown Analyst,-10.8
2026-07-22,VTR,Vikram Malhotra,20
2026-07-22,WAB,Ken Hoexter,14.9
2026-07-22,WELL,Vikram Malhotra,13.6
2026-07-22,WRB,Bob Huang,7.2
2026-07-23,ALGN,Kevin Caliendo,28.8
2026-07-23,ALLE,Joe Ritchie,19.8
2026-07-23,BIIB,Jay Olson,38.1
2026-07-23,BLDR,Reuben Garner,73.6
2026-07-23,CB,David Motemaden,9.8
2026-07-23,CB,Matthew Heimermann,16
2026-07-23,CCI,Brandon Nispel,43.7
2026-07-23,CCI,Eric Luebchow,16.3
2026-07-23,CCI,Jonathan Atkin,23.2
2026-07-23,CCI,Marie Ferguson,
2026-07-23,CCI,Michael Elias,28.7
2026-07-23,CCI,Michael Funk,36.9
2026-07-23,CCI,Michael Ng,16.3
2026-07-23,CMCSA,Gregory Williams,71.5
2026-07-23,CMCSA,Jonathan Atkin,14.3
2026-07-23,CMCSA,Michael Ng,9.9
2026-07-23,CMCSA,Steven Cahall,1.1
2026-07-23,CME,Damon Delmonte,3.3
2026-07-23,CME,Ken Worthington,-9.4
2026-07-23,CME,Michael Cyprys,19.6
2026-07-23,CME,Patrick Moley,6.9
2026-07-23,CMS,Sophie Karp,
2026-07-23,CNP,Sophie Karp,19.9
2026-07-23,COF,Stephen Biggar,23.8
2026-07-23,COST,Oliver Chen,31.2
2026-07-23,CSX,Brandon Oglenski,27.4
2026-07-23,CSX,Brian Ossenbeck,23.1
2026-07-23,CSX,Fadi Chamoun,10.4
2026-07-23,CSX,Jason Seidl,14.6
2026-07-23,CSX,Jonathan Chappell,8.3
2026-07-23,CSX,Ravi Shanker,-32.1
2026-07-23,CSX,Thomas Wadewitz,14.6
2026-07-23,CSX,Walter Spracklin,14.6
2026-07-23,CTSH,Daniel Perlin,-21.5
2026-07-23,CTVA,Kristen Owen,18
2026-07-23,CVX,Ryan Todd,-1.2
2026-07-23,DECK,Unknown Analyst,
2026-07-23,DGX,Jared Haase,
2026-07-23,DGX,Tycho Peterson,-0.6
2026-07-23,DHI,Anthony Pettinari,15.9
2026-07-23,DHR,Casey Woodring,3.9
2026-07-23,DHR,David Toung,8.6
2026-07-23,DLR,Michael Ng,18.1
2026-07-23,DOV,Deane Dray,21.1
2026-07-23,EFX,Andrew Steinerman,32.2
2026-07-23,ETR,Alex Kania,23.5
2026-07-23,EW,Josh Jennings,17.8
2026-07-23,EW,Shagun Singh Chadha,24.6
2026-07-23,FCX,Lawson Winder,11.8
2026-07-23,FIX,Tim Mulrooney,
2026-07-23,GE,Douglas Harned,34
2026-07-23,GEV,Alexander Virgo,43.6
2026-07-23,GEV,Ameet Thakkar,32.9
2026-07-23,GEV,Colin Rusch,42.3
2026-07-23,GEV,Joseph Osha,54.2
2026-07-23,GEV,Marc Bianchi,31.3
2026-07-23,GEV,Mark Strouse,41.4
2026-07-23,GOOG,Doug Anmuth,21.1
2026-07-23,GOOG,Ingo Wermann,
2026-07-23,GOOG,Jeffrey Wlodarczak,36.9
2026-07-23,GOOG,John Blackledge,36.9
2026-07-23,GOOG,Josh Beck,15.3
2026-07-23,GOOG,Ralph Schackart,
2026-07-23,GOOG,Saiyi He,23.4
2026-07-23,GOOG,Unknown Analyst,9.3
2026-07-23,GOOGL,Barton Crockett,12.1
2026-07-23,GOOGL,Brad Erickson,21.2
2026-07-23,GOOGL,Brian Pitz,32.6
2026-07-23,GOOGL,Brian White,
2026-07-23,GOOGL,Doug Anmuth,19.8
2026-07-23,GOOGL,Eric Sheridan,24
2026-07-23,GOOGL,Ken Gawrelski,17.2
2026-07-23,GOOGL,Laura Martin,28.3
2026-07-23,GOOGL,Rohit Kulkarni,25.5
2026-07-23,GOOGL,Saken Ismailov,14.1
2026-07-23,GOOGL,Stephen Ju,8.1
2026-07-23,GOOGL,Thomas Champion,12.6
2026-07-23,HAL,Scott Gruber,30.8
2026-07-23,HBAN,David Chiaverini,13.4
2026-07-23,HIG,Ryan Tunis,19.8
2026-07-23,HSY,David Palmer,32.5
2026-07-23,IBM,Amit Daryanani,8.9
2026-07-23,IBM,Brent Thill,13.3
2026-07-23,IBM,David Grossman,2.4
2026-07-23,IBM,David Vogt,2.8
2026-07-23,IBM,James Schneider,17.6
2026-07-23,IBM,Keith Bachman,0.2
2026-07-23,IBM,Raimo Lenschow,14.1
2026-07-23,INTC,C J Muse,15.1
2026-07-23,INTC,Gil Luria,-7.9
2026-07-23,INTC,James Schneider,38.1
2026-07-23,INTC,Joshua Buchalter,5.9
2026-07-23,ISRG,Larry Biegelsen,23.8
2026-07-23,J,Andrew Kaplowitz,26.2
2026-07-23,KDP,Andrea Faria Teixeira,22.7
2026-07-23,KMI,Jason Gabelman,19.3
2026-07-23,LMT,Kenneth Herbert,12.5
2026-07-23,LUV,Andrew Didora,9.8
2026-07-23,LVS,Brandt Montour,47.6
2026-07-23,LVS,Daniel Politzer,50.1
2026-07-23,LVS,John DeCree,55.1
2026-07-23,LVS,Joseph Stauff,57.6
2026-07-23,LVS,Shaun Kelley,50.1
2026-07-23,LVS,Steven Pizzella,55.1
2026-07-23,MCO,Alex Kramm,7.8
2026-07-23,MCO,David Motemaden,25.5
2026-07-23,MCO,Jeffrey Meuler,22.1
2026-07-23,MCO,Jeffrey Silber,9.9
2026-07-23,MCO,Toni Kaplan,9.3
2026-07-23,MDLZ,David Palmer,16.7
2026-07-23,NDAQ,Ashish Sabadra,15.5
2026-07-23,NEE,Alex Kania,39.2
2026-07-23,NI,Sophie Karp,23.2
2026-07-23,NKE,Lorraine Hutchinson,32.4
2026-07-23,NKE,Michael Binetti,29.5
2026-07-23,NOC,Kristina Ruggeri,32.7
2026-07-23,NOC,Seth Seifman,13.8
2026-07-23,NOW,Arjun Bhatia,
2026-07-23,NOW,Brad Reback,-11.4
2026-07-23,NOW,Brian Schwartz,3.3
2026-07-23,NOW,Jackson Ader,-37.3
2026-07-23,NOW,John Difucci,-7.7
2026-07-23,NOW,Karl Keirstead,-18.8
2026-07-23,NOW,Matthew Hedberg,-4
2026-07-23,NOW,Miller Jump,-4
2026-07-23,NOW,Raimo Lenschow,-1.1
2026-07-23,NOW,Robert Oliver,-7.7
2026-07-23,NOW,Samik Chatterjee,10.7
2026-07-23,NSC,Walter Spracklin,14.6
2026-07-23,NTRS,David Konrad,-1.6
2026-07-23,NTRS,Gerard Cassidy,0.1
2026-07-23,NTRS,Glenn Schorr,0.6
2026-07-23,NTRS,Mike Mayo,9.1
2026-07-23,OTIS,Alexander Virgo,38.6
2026-07-23,PEG,Paul Cole,24.7
2026-07-23,PH,Andrew Obin,
2026-07-23,PHM,John Lovallo,41.6
2026-07-23,PHM,Matthew Bouley,5.7
2026-07-23,PHM,Michael Roxland,23.7
2026-07-23,PHM,Stephen Kim,38.2
2026-07-23,PHM,Tyler Batory,27.1
2026-07-23,PM,Eric Serotta,14
2026-07-23,PM,Faham Baig,-3.5
2026-07-23,PM,Gerald Pascarelli,14
2026-07-23,RJF,Benjamin Budish,19
2026-07-23,RJF,Devin Ryan,24.4
2026-07-23,RJF,Michael Cho,8.6
2026-07-23,ROL,Ashish Sabadra,23.3
2026-07-23,ROP,Daniel Jester,5.4
2026-07-23,RTX,David E. Strauss,18.6
2026-07-23,RTX,Kenneth Herbert,28.9
2026-07-23,SCHW,Ken Worthington,37.4
2026-07-23,SO,Sophie Karp,-7.6
2026-07-23,T,Brandon Nispel,40.9
2026-07-23,T,Gregory Williams,29.2
2026-07-23,T,Kannan Venkateshwar,-6
2026-07-23,T,Peter Supino,13.5
2026-07-23,T,Sean Diffley,5.7
2026-07-23,T,Steven Cahall,-21.7
2026-07-23,TDY,Guy Hardwick,6.1
2026-07-23,TEL,Guy Hardwick,46
2026-07-23,TEL,Joseph C Giordano,33.9
2026-07-23,TEL,Joseph Spak,17.3
2026-07-23,TEL,Luke Junk,9.5
2026-07-23,TEL,Unknown Analyst,14.4
2026-07-23,TEL,Wamsi Mohan,41.2
2026-07-23,TMO,Brandon Couillard,-5.6
2026-07-23,TMO,Dan Leonard,-11
2026-07-23,TMO,Daniel Brennan,3.6
2026-07-23,TMO,Michael Ryskin,-0.2
2026-07-23,TMO,Tycho Peterson,-3.3
2026-07-23,TMUS,Gregory Williams,54.6
2026-07-23,TMUS,Jonathan Atkin,36.8
2026-07-23,TMUS,Michael Funk,30.8
2026-07-23,TMUS,Michael Ng,36.8
2026-07-23,TMUS,Steven Cahall,0.5
2026-07-23,TSCO,Max Rakhlenko,5.6
2026-07-23,TSLA,Andres Sheppard,33.1
2026-07-23,TSLA,Chris McNally,-17.6
2026-07-23,TSLA,Chris Pierce,
2026-07-23,TSLA,Craig Irwin,38.6
2026-07-23,TSLA,George Gianarikas,12.6
2026-07-23,TSLA,Itay Michaeli,26.3
2026-07-23,TXN,Cody Acree,35
2026-07-23,TXN,Harlan Sur,27.5
2026-07-23,TXN,James Schneider,-15.6
2026-07-23,TXN,John Vinh,50
2026-07-23,TXN,Joseph Moore,-4.4
2026-07-23,TXN,Joseph Quatrochi,16.3
2026-07-23,TXN,Kevin Cassidy,31.3
2026-07-23,TXN,Mark Lipacis,23.8
2026-07-23,TXN,Stacy Rasgon,8.8
2026-07-23,TXN,Thomas O'Malley,-6.2
2026-07-23,TXN,Timothy Arcuri,42.5
2026-07-23,TXN,Tore Svanberg,35
2026-07-23,TXN,Vivek Arya,38.8
2026-07-23,UNP,Jordan Alliger,13.5
2026-07-23,UNP,Walter Spracklin,21.3
2026-07-23,VRSK,Surinder Thind,34
2026-07-23,VRT,David Tarantino,44.4
2026-07-23,WAB,Angel Castillo,26.7
2026-07-23,WAB,Bascome Majors,17.8
2026-07-23,WAB,Jerry Revich,12.4
2026-07-23,WAB,Steve Barger,21.3
2026-07-23,WAB,Tami Zakaria,12.4
2026-07-23,WEC,Alex Kania,30.9
2026-07-23,WST,Brendan Smith,13.2
2026-07-23,WST,Matt Larew,
2026-07-23,XYZ,Unknown Analyst,36.9
2026-07-24,AEP,Ross Fowler,10.6
2026-07-24,ALLE,Rafe Jadrosich,7.9
2026-07-24,ALLE,Timothy Wojs,11.9
2026-07-24,AMP,Jeff Schmitt,
2026-07-24,AMP,Kenneth Lee,10.1
2026-07-24,AMP,Ryan Krueger,0.8
2026-07-24,AXP,Christopher Kennedy,
2026-07-24,AXP,Jon Arfstrom,33.9
2026-07-24,AXP,Ryan Nash,32.3
2026-07-24,AXP,Vincent Caintic,1.6
2026-07-24,BX,Bart Dziarski,35.3
2026-07-24,BX,Christopher Allen,-4.7
2026-07-24,BX,Craig Siegenthaler,10.5
2026-07-24,BX,Crispin Love,4.1
2026-07-24,BX,Michael Cyprys,47.3
2026-07-24,CB,Kevin Heal,16.3
2026-07-24,CCI,Gregory P Miller,64.2
2026-07-24,CF,Hamir Patel,0
2026-07-24,CHTR,Jonathan Atkin,16.1
2026-07-24,CMCSA,Barton Crockett,
2026-07-24,CMCSA,Brandon Nispel,
2026-07-24,CMCSA,Kannan Venkateshwar,14.3
2026-07-24,CMCSA,Maher Yaghi,27.5
2026-07-24,CMCSA,Sean Diffley,27.5
2026-07-24,CMCSA,Unknown Analyst,
2026-07-24,CSX,Richa Harnain,25.3
2026-07-24,DDOG,Todd Coupland,21.8
2026-07-24,DECK,Anna Andreeva,27.5
2026-07-24,DECK,Ashley Owens,
2026-07-24,DECK,Dana Telsey,33.9
2026-07-24,DECK,Jonathan Komp,46.6
2026-07-24,DECK,Lorraine Hutchinson,33.9
2026-07-24,DECK,Paul Lejuez,72.1
2026-07-24,DECK,Sam Poser,104
2026-07-24,DECK,Tom Nikic,59.4
2026-07-24,DGX,Eric Coldwell,3.5
2026-07-24,DGX,Luke Sergott,1.4
2026-07-24,DGX,Michael Ryskin,7.5
2026-07-24,DLR,Ari Klein,20.8
2026-07-24,DLR,Brandon Nispel,
2026-07-24,DLR,Cameron McVeigh,18.1
2026-07-24,DLR,Eric Luebchow,20.8
2026-07-24,DLR,Erik Rasmussen,29
2026-07-24,DLR,John Hodulik,24.6
2026-07-24,DLR,Maher Yaghi,21.9
2026-07-24,DLR,Michael Elias,21.9
2026-07-24,DLR,Michael Funk,18.1
2026-07-24,DLR,Ryan Gravett,24.6
2026-07-24,DLR,Unknown Analyst,26.3
2026-07-24,DOV,Bryan Blair,33.4
2026-07-24,DOV,Daniel DiCicco,28.1
2026-07-24,DOV,Michael Halloran,44.1
2026-07-24,DOW,Arun Viswanathan,11.4
2026-07-24,DOW,John McNulty,14.9
2026-07-24,DOW,Joshua Spector,11.4
2026-07-24,DOW,Unknown Analyst,21.8
2026-07-24,DOW,Vincent Andrews,35.7
2026-07-24,EFX,Unknown Analyst,29.7
2026-07-24,EW,Adam Maeder,14.4
2026-07-24,EW,Mike Kratky,14.4
2026-07-24,EW,Richard Newitter,7.6
2026-07-24,EW,Rick Wise,24.6
2026-07-24,EW,Suraj Kalia,
2026-07-24,FCX,Carlos De Alba,-2.2
2026-07-24,FCX,Daniel Major,7.6
2026-07-24,FCX,Katja Jancic,9
2026-07-24,FCX,Orest Wowkodaw,7.6
2026-07-24,FCX,Timna Tanners,-2.2
2026-07-24,FDX,David Vernon,30.7
2026-07-24,FITB,Ben Gerlinger,11.5
2026-07-24,FIX,Adam Thalhimer,51.4
2026-07-24,FIX,Brian Brophy,15.7
2026-07-24,GEHC,Jason Bednar,15.4
2026-07-24,GEV,Amit Mehrotra,48.9
2026-07-24,GEV,Maheep Mandloi,0.9
2026-07-24,GEV,Michael Blum,33.9
2026-07-24,GEV,Praneeth Satish,33.9
2026-07-24,GL,Elyse Greenspan,9.6
2026-07-24,GL,Mark Hughes,6.7
2026-07-24,GL,Paul Newsome,15.3
2026-07-24,GL,Ryan Krueger,9.6
2026-07-24,GOOGL,Ross Sandler,21.2
2026-07-24,GPC,Bill Selesky,
2026-07-24,HBAN,Christopher Mcgratty,22.8
2026-07-24,HBAN,Matt Olney,19.6
2026-07-24,HBAN,Peter Winter,38.5
2026-07-24,HIG,Alex Scott,17.5
2026-07-24,HIG,Harry Fong,2.4
2026-07-24,HIG,Joshua Shanker,14.5
2026-07-24,HIG,Paul Newsome,10.7
2026-07-24,HIG,Rowland Mayor,13.7
2026-07-24,HON,Brett Linzey,28.4
2026-07-24,HON,Daniel DiCicco,33.7
2026-07-24,IBM,Erik Woodring,-17.2
2026-07-24,IBM,Fatima Boolani,6.7
2026-07-24,INTC,Aaron Rakers,10.5
2026-07-24,INTC,Atif Malik,19.7
2026-07-24,INTC,Christopher Rolland,5.9
2026-07-24,INTC,Ingo Wermann,
2026-07-24,INTC,John Vinh,42.7
2026-07-24,INTC,Joseph Moore,-22.7
2026-07-24,INTC,Kevin Cassidy,-26.3
2026-07-24,INTC,Matt Bryson,-9.8
2026-07-24,INTC,Quinn Bolton,
2026-07-24,INTC,Rick Schafer,
2026-07-24,INTC,Srini Pajjuri,-7.9
2026-07-24,INTC,Suji Desilva,10.5
2026-07-24,INTC,Thomas O'Malley,-7.9
2026-07-24,INTC,Tristan Gerra,15.1
2026-07-24,LMT,Charles Minervino,31.2
2026-07-24,LMT,David E. Strauss,12.5
2026-07-24,LMT,Kristine Liwag,29.4
2026-07-24,LMT,Peter Arment,31.2
2026-07-24,LUV,John Godyn,22
2026-07-24,LUV,Michael Goldie,46.4
2026-07-24,LUV,Ravi Shanker,58.6
2026-07-24,MCO,Manav Patnaik,22.7
2026-07-24,NDAQ,Alex Kramm,28.3
2026-07-24,NDAQ,Christopher Allen,9
2026-07-24,NDAQ,Eli Abboud,44.3
2026-07-24,NDAQ,Michael Cyprys,28.3
2026-07-24,NDAQ,Owen Lau,18.7
2026-07-24,NDAQ,Patrick Moley,11.2
2026-07-24,NDAQ,William Katz,15.5
2026-07-24,NKE,Ike Boruchow,12.6
2026-07-24,NOC,David E. Strauss,17.6
2026-07-24,NOW,Saiyi He,18.1
2026-07-24,NOW,Tyler Radke,13.7
2026-07-24,NSC,Brandon Oglenski,27.3
2026-07-24,NSC,Thomas Wadewitz,15.5
2026-07-24,NVR,John Lovallo,20.3
2026-07-24,NVR,Rafe Jadrosich,13.8
2026-07-24,NVR,Ryan Gilbert,21.1
2026-07-24,PHM,Anthony Pettinari,14.3
2026-07-24,PKG,Gabrial Hajde,5.7
2026-07-24,PM,Owen Bennett,14.5
2026-07-24,PM,Unknown Analyst,17.2
2026-07-24,ROL,George Tong,51.1
2026-07-24,ROL,Greg Parrish,85
2026-07-24,ROL,Jason Haas CFA,-1.3
2026-07-24,ROL,Peter Keith,41.8
2026-07-24,ROP,Clarke Jeffries,41.1
2026-07-24,ROP,Joseph C Giordano,47.6
2026-07-24,ROP,Joseph Vruwink,28.8
2026-07-24,RTX,Charles Minervino,26.3
2026-07-24,RTX,Gavin Parsons,10.8
2026-07-24,RTX,Kristine Liwag,23.7
2026-07-24,RTX,Peter Arment,23.7
2026-07-24,SNA,Luke Junk,11.5
2026-07-24,SNA,Scott Stember,23.9
2026-07-24,SO,Paul Cole,16.9
2026-07-24,TDY,Unknown Analyst,30.1
2026-07-24,TMO,Kallum Titchmarsh,-0.2
2026-07-24,TMO,Luke Sergott,-0.2
2026-07-24,TMO,Matt Larew,
2026-07-24,TMO,Unknown Analyst,-0.2
2026-07-24,TMUS,Brandon Nispel,48.7
2026-07-24,TMUS,Bryan Kraft,48.7
2026-07-24,TMUS,John Hodulik,39.7
2026-07-24,TMUS,Kannan Venkateshwar,27.8
2026-07-24,TMUS,Maher Yaghi,37.9
2026-07-24,TMUS,Matthew Harrigan,66.5
2026-07-24,TMUS,Sebastiano Petti,63.5
2026-07-24,TSCO,Christopher Nardone,2.5
2026-07-24,TSCO,Michael Lasser,2.5
2026-07-24,TSCO,Peter Keith,-3.8
2026-07-24,TSCO,Scot Ciccarelli,-0.7
2026-07-24,TSCO,Simeon Gutman,8.7
2026-07-24,TSCO,Steven Forbes,24.2
2026-07-24,TSCO,Zachary Fadem,8.7
2026-07-24,TSLA,Alexander Potter,23.5
2026-07-24,UNP,Brandon Oglenski,25.3
2026-07-24,UNP,Fadi Chamoun,14.5
2026-07-24,UNP,Jason Seidl,16.3
2026-07-24,UNP,Nathan Martin,19.9
2026-07-24,URI,Adam Seiden,-6.3
2026-07-24,URI,Angel Castillo,31.7
2026-07-24,URI,Kenneth Newman,33.1
2026-07-24,URI,Mircea Dobre,28.2
2026-07-24,URI,Sabahat Khan,30.5
2026-07-24,URI,Steven Fisher,33.1
2026-07-24,URI,Unknown Analyst,
2026-07-24,VZ,Jonathan Atkin,-2.3
2026-07-24,WST,Luke Sergott,10.4
2026-07-24,WST,Michael Ryskin,13.2
2026-07-26,CRWD,Richard Poland,-23.7
2026-07-26,DLR,Jonathan Atkin,24.6
2026-07-26,DPZ,Sara Senatore,53
2026-07-26,F,Philippe Houchois,32.5
2026-07-26,GM,Philippe Houchois,20.4
2026-07-26,HAL,Lloyd Byrne,39.7
2026-07-26,HCA,Andrew Mok CFA,-9.5
2026-07-26,LMT,Noah Poponak,-5.7
2026-07-26,LMT,Sheila Kahyaoglu,11.6
2026-07-26,LUV,Sheila Kahyaoglu,12.2
2026-07-26,MO,Owen Bennett,
2026-07-26,MO,Unknown Analyst,
2026-07-26,NOC,Sheila Kahyaoglu,10
2026-07-26,RTX,Noah Poponak,6.2
2026-07-26,TDY,Noah Poponak,45.3
2026-07-26,WBD,David Joyce,
2026-07-27,AAPL,Katherine Murphy,10.3
2026-07-27,AMAT,Adithya Metuku,57
2026-07-27,AMP,Craig Siegenthaler,
2026-07-27,AXP,Brian Foran,
2026-07-27,AXP,Jeffrey Adelson,23.2
2026-07-27,AXP,Moshe Orenbuch,9
2026-07-27,AXP,Richard Shane,29
2026-07-27,AXP,Sanjay Sakhrani,37.1
2026-07-27,AXP,Unknown Analyst,45.2
2026-07-27,BSX,Unknown Analyst,95.2
2026-07-27,BX,Alexander Blostein,1.7
2026-07-27,CAT,Hans Engel,
2026-07-27,CDNS,James Schneider,66.4
2026-07-27,CEG,Carly Davenport,19.7
2026-07-27,CEG,Shelby Tucker,44.5
2026-07-27,CHTR,Bryan Kraft,16.1
2026-07-27,CHTR,Gregory Williams,194
2026-07-27,CHTR,Jessica Reif Ehrlich,23.8
2026-07-27,CHTR,John Hodulik,8.3
2026-07-27,CHTR,Joseph Bonner,
2026-07-27,CHTR,Kannan Venkateshwar,-11
2026-07-27,CHTR,Steven Cahall,-21.8
2026-07-27,CVS,Scott Fidel,30.6
2026-07-27,DHR,David Westenberg,-5.6
2026-07-27,DLR,Benjamin Soff,25.7
2026-07-27,EQT,Stephen Richardson,40
2026-07-27,ES,Ross Fowler,19.6
2026-07-27,ETR,Ross Fowler,12.7
2026-07-27,FCX,Alexander Hacking,-7.7
2026-07-27,FDS,Shlomo Rosenbaum,-10.5
2026-07-27,FFIV,Matthew Hedberg,17.6
2026-07-27,FFIV,Michael Ng,-7.4
2026-07-27,FISV,Gustavo Gala,
2026-07-27,FIX,Sangita Jain,27.8
2026-07-27,FLEX,Ruplu Bhattacharya,65.9
2026-07-27,GE,Scott Deuschle,43.2
2026-07-27,GOOGL,Serena Yi Qi Lim,21.2
2026-07-27,HAL,Saurabh Pant,18.9
2026-07-27,HAS,Arpine Kocharyan,37
2026-07-27,HBAN,Ebrahim Poonawala,16.5
2026-07-27,HCA,A.J. Rice,35.4
2026-07-27,HCA,Craig Hettenbach,-11.2
2026-07-27,HCA,Matthew Gillmor CFA,1.7
2026-07-27,HCA,Michael Ha,-8.1
2026-07-27,HCA,Michael Wiederhorn,13.4
2026-07-27,HCA,Pito Chickering,11.3
2026-07-27,HCA,Ryan Langston,0.8
2026-07-27,HCA,Scott Fidel,13.4
2026-07-27,HIG,David Motemaden,9.9
2026-07-27,HIG,Elyse Greenspan,24.3
2026-07-27,HIG,Robert Cox CFA,15.2
2026-07-27,IBKR,Craig Siegenthaler,25.7
2026-07-27,INTC,Blayne Curtis,10.5
2026-07-27,LMT,Gautam Khanna,12.5
2026-07-27,LMT,Kristina Ruggeri,
2026-07-27,LMT,Ronald Epstein,12.5
2026-07-27,LRCX,Adithya Metuku,15.6
2026-07-27,LVS,Stephen Grambling,52.6
2026-07-27,MA,Adam Frisch,-2.7
2026-07-27,MRSH,Brian Meredith,23.4
2026-07-27,NEE,Andrew Weisel,36.7
2026-07-27,NEE,Ross Fowler,15.6
2026-07-27,NFLX,Sachin Mittal,30.9
2026-07-27,NOC,Noah Poponak,2
2026-07-27,NOW,Kirk Materne,18.1
2026-07-27,NRG,Carly Davenport,77.5
2026-07-27,NSC,Daniel Moore CFA,20
2026-07-27,NSC,Fadi Chamoun,13
2026-07-27,NTRS,Ebrahim Poonawala,12.4
2026-07-27,NXPI,Mark Lipacis,40.4
2026-07-27,PFG,Joshua Shanker,-11.6
2026-07-27,PLD,Brendan Lynch,15.7
2026-07-27,PLD,Richard Hightower,15.7
2026-07-27,PNR,Andrew Krill,44.8
2026-07-27,RJF,Michael Brown,11.7
2026-07-27,ROP,Terry Tillman,27.4
2026-07-27,RTX,Gautam Khanna,23.7
2026-07-27,RTX,Scott Deuschle,22.7
2026-07-27,SCHW,Craig Siegenthaler,-13.2
2026-07-27,SCHW,Michael Cyprys,29.8
2026-07-27,SLB,Charles Minervino,21.3
2026-07-27,SLB,Derek Podhaizer,25.2
2026-07-27,SLB,Marc Bianchi,25.2
2026-07-27,SLB,Saurabh Pant,
2026-07-27,SLB,Stephen Gengaro,25.2
2026-07-27,STX,Amit Daryanani,16.4
2026-07-27,TMO,Aristotelis Moutopoulos,-3.3
2026-07-27,TMO,David Westenberg,-7.9
2026-07-27,TMO,Jill Wu,1.3
2026-07-27,TMUS,Matthias Volkert,
2026-07-27,TSCO,Chris Graja,27.3
2026-07-27,TSLA,Edison Yu,15.3
2026-07-27,TSLA,Glenn Thum,-39.6
2026-07-27,TXN,Ling Lee Keng,9.5
2026-07-27,UNP,Daniel Moore CFA,23.1
2026-07-27,UNP,David Vernon,23.9
2026-07-27,V,Adam Frisch,-5
2026-07-27,V,Hans Engel,
2026-07-27,VMRK,Brad Heffern,16
2026-07-27,VMRK,Marie Ferguson,
2026-07-27,VZ,Brandon Nispel,
2026-07-27,VZ,Gregory Williams,16.4
2026-07-27,VZ,Kannan Venkateshwar,-4.3
2026-07-27,VZ,Maher Yaghi,9.2
2026-07-27,VZ,Sean Diffley,8.1
2026-07-27,VZ,Sebastiano Petti,8.1
2026-07-27,VZ,Steven Cahall,-2.3
2026-07-27,WRB,Brian Meredith,10
2026-07-27,WSM,Peter Keith,12.8
2026-07-27,WST,Daniel Markowitz CFA,17.3
2026-07-28,ABT,Danielle Antalffy,22.6
2026-07-28,ABT,Patrick Wood,22.6
2026-07-28,ACGL,Robert Cox CFA,-4.5
2026-07-28,AMT,Ari Klein,12.8
2026-07-28,AMT,Batya Levi,43.4
2026-07-28,AMT,Michael Ng,21.4
2026-07-28,BA,Gautam Khanna,26.6
2026-07-28,BA,John Godyn,31.7
2026-07-28,BA,Louie DiPalma,
2026-07-28,BA,Myles Walton,39.3
2026-07-28,BAX,Danielle Antalffy,9
2026-07-28,BAX,Patrick Wood,9
2026-07-28,BKR,Arun Jayaram,29.7
2026-07-28,BKR,Derek Podhaizer,27.9
2026-07-28,BKR,Lloyd Byrne,40.2
2026-07-28,BKR,Marc Bianchi,36.7
2026-07-28,BLDR,W. Andrew Carter,21.5
2026-07-28,BRO,Adam Klauber,
2026-07-28,BRO,Joshua Shanker,
2026-07-28,BRO,Matthew Heimermann,20.4
2026-07-28,BRO,Rowland Mayor,18.8
2026-07-28,BX,Ken Worthington,4.9
2026-07-28,BXP,Tom Catherwood,
2026-07-28,CARR,Andrew Obin,63.4
2026-07-28,CARR,Christopher Snyder,11.4
2026-07-28,CARR,Deane Dray,52.3
2026-07-28,CB,Michael Zaremski,-3.7
2026-07-28,CCI,Matthew Niknam,19.1
2026-07-28,CCL,Patrick Scholes,41.3
2026-07-28,CDNS,Blair Abernethy,48.7
2026-07-28,CDNS,Charles Shi,41.6
2026-07-28,CDNS,Clarke Jeffries,23.5
2026-07-28,CDNS,Edward Yang,6.2
2026-07-28,CDNS,Gary Mobley,59.3
2026-07-28,CDNS,Harlan Sur,43.4
2026-07-28,CDNS,Jason Celino,50.4
2026-07-28,CDNS,Joseph Quatrochi,50.4
2026-07-28,CDNS,Joseph Vruwink,48.7
2026-07-28,CDNS,Nay Soe Naing,55.8
2026-07-28,CEG,William Appicelli,49.2
2026-07-28,CHRW,Daniel Moore CFA,30.5
2026-07-28,CHRW,Jason Seidl,1.1
2026-07-28,CHTR,Michael Rollins,39.3
2026-07-28,CINF,Harry Fong,18.3
2026-07-28,CINF,Paul Newsome,16.6
2026-07-28,CLX,Kaumil Gajrawala,17.9
2026-07-28,CMS,Steve Fleishman,
2026-07-28,CNC,Ben Hendrix,7.9
2026-07-28,CNC,Jason Cassorla,
2026-07-28,CNC,Sarah James,13.9
2026-07-28,CNP,James Thalacker,25.1
2026-07-28,CNP,Steve Fleishman,27.7
2026-07-28,COF,Ben Gerlinger,46.1
2026-07-28,COF,Christopher Mcgratty,43.6
2026-07-28,COO,Unknown Analyst,35.6
2026-07-28,CRWD,Unknown Analyst,-3.2
2026-07-28,DDOG,Gray Powell,25.7
2026-07-28,DECK,Joseph Civello,33.9
2026-07-28,DGX,Ann Hynes,5.5
2026-07-28,DGX,David S Macdonald,1.4
2026-07-28,DGX,David Toung,5.5
2026-07-28,DGX,Lisa Gill,1.4
2026-07-28,DLR,Brett Knoblauch,21.3
2026-07-28,DLR,Richard Choe,29
2026-07-28,DOW,Jeffrey Zekauskas,39.2
2026-07-28,DXCM,Danielle Antalffy,7.4
2026-07-28,DXCM,Patrick Wood,7.4
2026-07-28,ECL,John Roberts CFA,21.4
2026-07-28,ECL,Tim Mulrooney,
2026-07-28,EQT,Arun Jayaram,30
2026-07-28,ES,Ryan Levine,19.6
2026-07-28,EW,Patrick Wood,24.6
2026-07-28,EW,Robbie Marcus,19
2026-07-28,EXE,Doug Leggate,30.3
2026-07-28,EXE,Leo Mariani,6.3
2026-07-28,F,Alexander Perry,
2026-07-28,F,Joseph Spak,28.7
2026-07-28,F,Mark Delaney,21.1
2026-07-28,F,Tom Narayan,13.6
2026-07-28,FFIV,James Fish,6.7
2026-07-28,FFIV,Jason Ader,
2026-07-28,FFIV,Jeffrey Hopson CFA,
2026-07-28,FFIV,Joseph Cardoso,19.2
2026-07-28,FFIV,Meta Marshall,-3.9
2026-07-28,FFIV,Tal Liani,-30.6
2026-07-28,FFIV,Tim Long,-8.1
2026-07-28,FITB,Brian Foran,21
2026-07-28,FTNT,Imtiaz Koujalgi,-35.2
2026-07-28,GILD,Michael Yee,16.6
2026-07-28,GL,Michael Zaremski,10.7
2026-07-28,GL,Pablo Singzon,11.3
2026-07-28,GLW,Mehdi Hosseini,46.5
2026-07-28,GM,Ivan Feinseth,58.2
2026-07-28,GOOGL,Youssef Squali,19.8
2026-07-28,HAS,Greg Badishkanian,26.8
2026-07-28,HBAN,Brian Foran,25.9
2026-07-28,HCA,Ann Hynes,11.1
2026-07-28,HIG,Pablo Singzon,19
2026-07-28,HLT,Brandt Montour,20.4
2026-07-28,HLT,Lizzie Dove,24.9
2026-07-28,HLT,Stephen Grambling,8.6
2026-07-28,HLT,Trey Bowers,24.9
2026-07-28,HON,Andrew Obin,28.4
2026-07-28,INCY,Ashwani Verma,-9.8
2026-07-28,INCY,Etzer Darout,10.9
2026-07-28,INCY,Jay Olson,-4.2
2026-07-28,INCY,Marc Frahm,10.1
2026-07-28,INCY,Michael Schmidt,19.7
2026-07-28,INCY,Stephen Willey,15.7
2026-07-28,INCY,Tazeen Ahmad,11.7
2026-07-28,INTC,Harlan Sur,-21.7
2026-07-28,INTC,Ruben Roy,1.3
2026-07-28,INTC,William Stein,-0.6
2026-07-28,IP,Detlef Winckelmann,76.7
2026-07-28,IQV,Jared Haase,
2026-07-28,IQV,Michael Ryskin,5.1
2026-07-28,IQV,Ryan Halsted,-7.3
2026-07-28,ISRG,Patrick Wood,27.1
2026-07-28,IVZ,Alexander Blostein,8.1
2026-07-28,IVZ,Kenneth Lee,14.6
2026-07-28,IVZ,Stephen Biggar,
2026-07-28,JNJ,David Toung,11.1
2026-07-28,JNJ,Jason Gerberry,-2.6
2026-07-28,KEY,Kevin Heal,20.1
2026-07-28,KEY,Unknown Analyst,20.1
2026-07-28,KLAC,Blayne Curtis,18.7
2026-07-28,KLAC,C J Muse,83.6
2026-07-28,KLAC,Srini Pajjuri,1.7
2026-07-28,KO,Bonnie Herzog,-2.5
2026-07-28,KO,Robert Ottenstein,13.3
2026-07-28,LMT,Seth Seifman,16.2
2026-07-28,LUV,Jamie Baker,44
2026-07-28,LVS,Benjamin Chaiken,52.6
2026-07-28,LVS,Steven Wieczynski,50.1
2026-07-28,LVS,Trey Bowers,20.1
2026-07-28,MCD,Josh Wolfson,22.9
2026-07-28,MCO,Andrew Steinerman,21.6
2026-07-28,MCO,Sean Kennedy,13.1
2026-07-28,MCO,Shlomo Rosenbaum,17.4
2026-07-28,MDLZ,Leah Jordan,18.3
2026-07-28,MDLZ,Scott Marks CFA,20
2026-07-28,MDT,Priya Sachdeva,8.5
2026-07-28,MGM,Clark Lampen,
2026-07-28,MMM,Brett Linzey,9.9
2026-07-28,MMM,Chigusa Katoku,25.1
2026-07-28,MSCI,Kevin Heal,19.4
2026-07-28,NDAQ,Michael Cho,21.9
2026-07-28,NRG,William Appicelli,108.4
2026-07-28,NSC,Brian Ossenbeck,7.6
2026-07-28,NTRS,David Smith -CFA,3.4
2026-07-28,NUE,Andrew Jones CFA,3.1
2026-07-28,NXPI,Atif Malik,62.3
2026-07-28,NXPI,James Schneider,42.6
2026-07-28,NXPI,Joshua Buchalter,27.2
2026-07-28,NXPI,Matthew Prisco,75.4
2026-07-28,NXPI,Vijay Rakesh,-16.7
2026-07-28,NXPI,Vivek Arya,31.6
2026-07-28,OTIS,Nicholas Housden,31.3
2026-07-28,OXY,Jean Ann Salisbury,0.3
2026-07-28,PFG,Alex Scott,-21.8
2026-07-28,PFG,Paul Newsome,6.2
2026-07-28,PGR,Andrew Kligerman,4
2026-07-28,PKG,Alexandra Yates,17.7
2026-07-28,PKG,Anthony Pettinari,9.1
2026-07-28,PKG,Detlef Winckelmann,34
2026-07-28,PNR,Deane Dray,30.5
2026-07-28,PNR,Joseph C Giordano,16.2
2026-07-28,PODD,Danielle Antalffy,23.8
2026-07-28,PPG,Vincent Andrews,14.8
2026-07-28,PYPL,James Friedman,27.8
2026-07-28,PYPL,Jason Kupferberg,6.8
2026-07-28,PYPL,Mayank Tandon,
2026-07-28,PYPL,Stephen Biggar,33.6
2026-07-28,PYPL,Will Nance,-4.6
2026-07-28,RCL,Brandt Montour,38.3
2026-07-28,RCL,Lizzie Dove,46.5
2026-07-28,RCL,Sharon Zackfia,
2026-07-28,RCL,Trey Bowers,57.8
2026-07-28,RTX,Seth Seifman,23.7
2026-07-28,SHW,Abigail Eberts,12.2
2026-07-28,SHW,John Roberts CFA,23.5
2026-07-28,SLB,Arun Jayaram,21.3
2026-07-28,SOLV,Kevin Caliendo,6.9
2026-07-28,STX,James Schneider,11.8
2026-07-28,STX,Kevin Cassidy,51.4
2026-07-28,STX,Mehdi Hosseini,1.9
2026-07-28,STX,Tristan Gerra,25.8
2026-07-28,SWKS,Vijay Rakesh,-41.4
2026-07-28,SYF,Brian Foran,6.6
2026-07-28,SYK,Patrick Wood,45.4
2026-07-28,TDY,Jonathan Siegmann CFA,28.4
2026-07-28,TEL,William Stein,4.7
2026-07-28,TER,C J Muse,48.1
2026-07-28,TMO,Casey Woodring,5.9
2026-07-28,TRV,Pablo Singzon,-7.1
2026-07-28,TSCO,Christopher Horvers,8.7
2026-07-28,TSCO,David Bellinger,-13.1
2026-07-28,TSLA,Vijay Rakesh,23.5
2026-07-28,TSLA,William Stein,1.6
2026-07-28,TXN,Vijay Rakesh,14.4
2026-07-28,TXN,William Stein,12.5
2026-07-28,TXT,Gautam Khanna,31.8
2026-07-28,UDR,Brad Heffern,18
2026-07-28,UHS,Andrew Mok CFA,-4.9
2026-07-28,UHS,Jason Cassorla,7
2026-07-28,UHS,Sarah James,9.8
2026-07-28,UNP,Brian Ossenbeck,19.6
2026-07-28,UPS,Brian Ossenbeck,16.1
2026-07-28,UPS,David Vernon,34.3
2026-07-28,UPS,Jonathan Chappell,19.1
2026-07-28,URI,Jamie Cook,44.6
2026-07-28,URI,Michael Feniger,
2026-07-28,V,Andrew Jeffrey,
2026-07-28,VRSN,Alexei Gogolev,4.2
2026-07-28,VST,William Appicelli,61.4
2026-07-28,XOM,Jean Ann Salisbury,-3.4
2026-07-28,XYL,Brian K. Lee,48.8
2026-07-28,XYL,Deane Dray,52.5
2026-07-28,XYZ,Matthew Coad,21.2
2026-07-29,ACGL,Harry Fong,12.9
2026-07-29,ACGL,Joshua Shanker,37.6
2026-07-29,ACGL,Mark Dwelle,23.2
2026-07-29,ACGL,Rowland Mayor,23.2
2026-07-29,ADP,Ashish Sabadra,6.8
2026-07-29,ADP,Daniel Jester,12.4
2026-07-29,ADP,Jared Levine,4.3
2026-07-29,ADP,Samad Samana,-17.1
2026-07-29,AMT,Brandon Nispel,
2026-07-29,AMT,Cameron McVeigh,27.2
2026-07-29,AMT,Eric Luebchow,15.6
2026-07-29,AMT,Gregory Williams,31.3
2026-07-29,AMT,Maher Yaghi,27.2
2026-07-29,AMT,Michael Elias,31.3
2026-07-29,AMT,Michael Funk,21.4
2026-07-29,BA,Seth Seifman,46.9
2026-07-29,BAC,Vivek Juneja,17.8
2026-07-29,BIIB,Ami Fadia,17.8
2026-07-29,BIIB,Jason Zemansky,0.8
2026-07-29,BIIB,Myles Minter,
2026-07-29,BRO,Alex Scott,15.8
2026-07-29,BRO,Elyse Greenspan,5.1
2026-07-29,BRO,Michael Zaremski,12.7
2026-07-29,BRO,Robert Cox CFA,11.2
2026-07-29,BSX,Kendall Au,60.8
2026-07-29,BSX,Larry Biegelsen,14.8
2026-07-29,BSX,Michael Matson,30.9
2026-07-29,BSX,Rick Wise,37.8
2026-07-29,BSX,Shagun Singh Chadha,60.8
2026-07-29,BX,Stephen Biggar,20.1
2026-07-29,BXP,Caitlin Burrows,2
2026-07-29,BXP,Ronald Kamdem,-5.9
2026-07-29,C,Vivek Juneja,13.1
2026-07-29,CARR,Stephen Volkmann,67.2
2026-07-29,CARR,Unknown Analyst,
2026-07-29,CBRE,Stephen Sheldon,
2026-07-29,CDNS,Kelsey Chia,48.7
2026-07-29,CDNS,Lee Simpson,41.6
2026-07-29,CFG,Kevin Heal,19.3
2026-07-29,CFG,Vivek Juneja,16.3
2026-07-29,CHRW,Scott Group,27.8
2026-07-29,CINF,Michael Zaremski,17.2
2026-07-29,CMG,Greg Badishkanian,19.7
2026-07-29,CMS,Andrew Weisel,33.1
2026-07-29,CMS,Anthony Crowdell,17.8
2026-07-29,CMS,Unknown Analyst,28.6
2026-07-29,CNC,A.J. Rice,6.4
2026-07-29,CNC,David S Macdonald,21.5
2026-07-29,CNC,Erin Wright,0.3
2026-07-29,CNC,Michael Ha,0.3
2026-07-29,CNP,Andrew Weisel,27.7
2026-07-29,CSGP,Alexei Gogolev,78.8
2026-07-29,CSGP,Andrew Boone,20.3
2026-07-29,CSGP,Curtis Nagle,3.1
2026-07-29,CSGP,Darrin Peller,10
2026-07-29,CSGP,Jake Fuller,44.4
2026-07-29,CSGP,Mayank Tandon,37.5
2026-07-29,CSGP,Peter Christiansen,13.4
2026-07-29,CSGP,Ryan Tomasello,-0.3
2026-07-29,CSGP,Scott Wurtzel,10
2026-07-29,CSGP,Unknown Analyst,-14.1
2026-07-29,CTSH,David Paige,-21.5
2026-07-29,CTSH,James Schneider,16.9
2026-07-29,CTSH,Maggie Nolan,
2026-07-29,CTSH,Mayank Tandon,
2026-07-29,DECK,Christine Dooley,63.2
2026-07-29,DECK,John Staszak,63.2
2026-07-29,DIS,Jason Bazinet,31.5
2026-07-29,DIS,Laurent Yoon,25.6
2026-07-29,DOW,Hassan Ahmed,39.2
2026-07-29,DTE,Ross Fowler,28.4
2026-07-29,ECL,Andrew Wittmann,13.2
2026-07-29,ECL,Jeffrey Zekauskas,13.2
2026-07-29,ECL,John McNulty,33.6
2026-07-29,ECL,Joshua Spector,26.9
2026-07-29,ECL,Scott Schneeberger,18.8
2026-07-29,ECL,Shlomo Rosenbaum,25.1
2026-07-29,EG,Alex Scott,14.7
2026-07-29,EG,Ryan Tunis,4
2026-07-29,EQIX,Ari Klein,22.4
2026-07-29,EQIX,Brett Knoblauch,18.6
2026-07-29,EQIX,Michael Funk,17.5
2026-07-29,EQIX,Michael Ng,-0.6
2026-07-29,ETR,James Thalacker,20.6
2026-07-29,EXR,Brad Heffern,14.8
2026-07-29,EXR,Michael Lewis,
2026-07-29,F,Alexander Potter,28.7
2026-07-29,F,Itay Michaeli,13.6
2026-07-29,F,Michael Ward,51.4
2026-07-29,F,Rajat Gupta CFA,28.7
2026-07-29,FE,Steve Fleishman,
2026-07-29,FITB,Vivek Juneja,17.2
2026-07-29,FLEX,Melissa Fairbanks,56.7
2026-07-29,FTNT,Jonathan Ruykhaver,8.9
2026-07-29,FTNT,Unknown Analyst,
2026-07-29,FTV,Deane Dray,14.5
2026-07-29,GD,Kenneth Herbert,16.1
2026-07-29,GD,Myles Walton,17.5
2026-07-29,GEHC,Kendall Au,24.7
2026-07-29,GEHC,Shagun Singh Chadha,24.7
2026-07-29,GEV,Chris Dendrinos,30.3
2026-07-29,GLW,Joshua Spector,30.6
2026-07-29,GLW,Meta Marshall,9.9
2026-07-29,GLW,Tim Long,-14.1
2026-07-29,GLW,Wamsi Mohan,33.2
2026-07-29,GNRC,Jeff Osborne,37.4
2026-07-29,HIG,Bob Huang,9.9
2026-07-29,HIG,Michael Zaremski,4.6
2026-07-29,HLT,Michael Bellisario,17.8
2026-07-29,HLT,Shaun Kelley,
2026-07-29,HUBB,Christopher Glynn,
2026-07-29,HUM,Ben Hendrix,7.5
2026-07-29,HUM,Elizabeth Anderson CFA,24.3
2026-07-29,HUM,Jason Cassorla,22
2026-07-29,IEX,Daniel DiCicco,12.2
2026-07-29,IEX,Deane Dray,25.2
2026-07-29,IEX,Joseph C Giordano,22.9
2026-07-29,INCY,Judah Frommer,-5
2026-07-29,INCY,Salveen Richter,-5.8
2026-07-29,INCY,Srikripa Devarakonda,
2026-07-29,IQV,Anne Samuel,7
2026-07-29,IQV,Casey Woodring,7
2026-07-29,IQV,Charles Rhyee,8.1
2026-07-29,IQV,Eric Coldwell,7.7
2026-07-29,IQV,Jailendra Singh,12.6
2026-07-29,IQV,Luke Sergott,3.2
2026-07-29,IQV,Sean Dodge,1.3
2026-07-29,IQV,Shlomo Rosenbaum,3.6
2026-07-29,IQV,Unknown Analyst,8.9
2026-07-29,ITW,Jamie Cook,14.3
2026-07-29,ITW,Mircea Dobre,10.2
2026-07-29,ITW,Steven Fisher,11.4
2026-07-29,ITW,Tami Zakaria,29.9
2026-07-29,IVZ,Benjamin Budish,4.8
2026-07-29,IVZ,Ken Worthington,-3.4
2026-07-29,IVZ,Michael Cho,-3.4
2026-07-29,IVZ,Michael Cyprys,-1.7
2026-07-29,JCI,Deane Dray,12.4
2026-07-29,JCI,Joe Ritchie,29.8
2026-07-29,KLAC,Amanda Tan,38.4
2026-07-29,KLAC,Atif Malik,63.9
2026-07-29,KLAC,Brian Chin,41.3
2026-07-29,KLAC,Charles Shi,52.6
2026-07-29,KLAC,Edward Yang,46.9
2026-07-29,KLAC,Harlan Sur,34.5
2026-07-29,KLAC,James Schneider,18.7
2026-07-29,KLAC,Joseph Quatrochi,38.4
2026-07-29,KLAC,Krish Sankar,46.9
2026-07-29,KLAC,Melissa Weathers,10.2
2026-07-29,KLAC,Shane Brett CFA,42.9
2026-07-29,KLAC,Steve Barger,
2026-07-29,KLAC,Vivek Arya,46.9
2026-07-29,KMI,Spiro M. Dounis,6.8
2026-07-29,KO,Andrea Faria Teixeira,8.8
2026-07-29,KO,Axel Herlinghaus,
2026-07-29,KO,Christopher Carey,7.6
2026-07-29,KO,Dara Mohsenian,13.3
2026-07-29,KO,Filippo Falorni,13.3
2026-07-29,KO,Kaumil Gajrawala,17.8
2026-07-29,KO,Nik Modi,8.8
2026-07-29,KO,Peter Grom,17.8
2026-07-29,KO,Robert Moskow,13.3
2026-07-29,KO,Taylor Conrad,9.9
2026-07-29,LII,Deane Dray,30.6
2026-07-29,LII,Ryan Merkel,
2026-07-29,LRCX,C J Muse,73.5
2026-07-29,LRCX,Joseph Quatrochi,21.5
2026-07-29,MAS,Michael Dahl,5.8
2026-07-29,MAS,Rafe Jadrosich,-0.1
2026-07-29,MAS,Stephen Kim,14.6
2026-07-29,MAS,Susan Maklari,41.1
2026-07-29,MAS,Trevor Allinson,
2026-07-29,MCO,Peter Christiansen,28
2026-07-29,MDLZ,"Matthew Smith, CFA",11.8
2026-07-29,MDLZ,Peter Galbo,15
2026-07-29,MDLZ,Peter Grom,11.8
2026-07-29,MDLZ,Robert Dickerson,20
2026-07-29,MDLZ,Robert Moskow,15
2026-07-29,MDLZ,Thomas Palmer,18.3
2026-07-29,META,Deepak Mathivanan,2.1
2026-07-29,META,Michael Morris,5.1
2026-07-29,META,Shweta Khajuria,5.1
2026-07-29,MGM,Brandt Montour,27
2026-07-29,MGM,Joseph Stauff,40.2
2026-07-29,MPWR,Sebastien Naji,
2026-07-29,MSFT,Alex Zukin,11.4
2026-07-29,MTB,Andrew J Dietrich,16.8
2026-07-29,MTB,Stephen Biggar,23.2
2026-07-29,NUE,Alexander Hacking,20.8
2026-07-29,NUE,Carlos De Alba,8.7
2026-07-29,NXPI,Christopher Rolland,9.7
2026-07-29,NXPI,John Vinh,
2026-07-29,NXPI,Joseph Moore,48.3
2026-07-29,NXPI,Joseph Quatrochi,22.8
2026-07-29,NXPI,Michael Roxland,36
2026-07-29,NXPI,Quinn Bolton,31.6
2026-07-29,NXPI,Rick Schafer,42.6
2026-07-29,NXPI,Thomas O'Malley,49.1
2026-07-29,NXPI,Tore Svanberg,23.7
2026-07-29,NXPI,William Stein,36
2026-07-29,OMC,James Tate CFA,80.2
2026-07-29,OMC,Michael Nathanson,11
2026-07-29,OMC,Sean Diffley,8.4
2026-07-29,ORLY,Spencer Hanus,24
2026-07-29,ORLY,Unknown Analyst,
2026-07-29,PCAR,Jamie Cook,19.8
2026-07-29,PCAR,Michael Feniger,29.2
2026-07-29,PCAR,Tami Zakaria,41.3
2026-07-29,PG,Bonnie Herzog,2.5
2026-07-29,PG,Diego Serrano Flyckt,1.8
2026-07-29,PG,Jon Andersen,
2026-07-29,PG,Unknown Analyst,-3
2026-07-29,PNC,Vivek Juneja,15.6
2026-07-29,PNR,Andrew Kaplowitz,52
2026-07-29,PNR,Jeffrey Hammond,
2026-07-29,PNR,Michael Halloran,43.1
2026-07-29,PNR,Nathan Jones,16.2
2026-07-29,PPG,Arun Viswanathan,16.7
2026-07-29,PSKY,Michael Morris,
2026-07-29,PYPL,Andrew Bauch,6.8
2026-07-29,PYPL,Andrew Jeffrey,
2026-07-29,PYPL,Bryan Bergin,12.6
2026-07-29,PYPL,Bryan Keane,16.4
2026-07-29,PYPL,Colin Sebastian,8.8
2026-07-29,PYPL,Gustavo Gala,
2026-07-29,PYPL,James Faucette,-14.1
2026-07-29,PYPL,Joseph Vafi,4.9
2026-07-29,PYPL,Nik Cremo,8.8
2026-07-29,PYPL,Tien Tsin Huang,24
2026-07-29,QCOM,Aaron Rakers,-4.3
2026-07-29,QCOM,C J Muse,-7.2
2026-07-29,RCL,Andrew Didora,34.3
2026-07-29,RCL,Christopher Stathoulopoulos,51.3
2026-07-29,RCL,Manucher Narzulloev,42.8
2026-07-29,RCL,Patrick Scholes,
2026-07-29,RCL,Steven Wieczynski,68.8
2026-07-29,REG,Michael Gorman,16.5
2026-07-29,RF,Vivek Juneja,12.3
2026-07-29,RJF,Kevin Heal,19
2026-07-29,RMD,Lyanne Harrison,42.2
2026-07-29,ROP,Chigusa Katoku,11.3
2026-07-29,RTX,Kristina Ruggeri,26.3
2026-07-29,SBUX,Margaret-May Binshtok,
2026-07-29,SHW,Jeffrey Zekauskas,18.5
2026-07-29,SHW,Joshua Spector,21.6
2026-07-29,SHW,Matthew DeYoe,18.5
2026-07-29,SHW,Patrick Cunningham,29.4
2026-07-29,SHW,Sebastian Bray,24.7
2026-07-29,SNA,John Babcock,20.9
2026-07-29,SPGI,Andrew Nicholas,
2026-07-29,SPGI,Andrew Steinerman,30.8
2026-07-29,SPGI,Jeffrey Meuler,26.6
2026-07-29,SPGI,Jeffrey Silber,24.6
2026-07-29,SPGI,Peter Christiansen,23.4
2026-07-29,SPGI,Scott Wurtzel,27.1
2026-07-29,SPGI,Shlomo Rosenbaum,28.5
2026-07-29,STX,Aaron Rakers,37.4
2026-07-29,STX,Erik Woodring,38.2
2026-07-29,STX,Jim Kelleher,4.8
2026-07-29,STX,Joseph Cardoso,44.4
2026-07-29,STX,Krish Sankar,16.4
2026-07-29,STX,Matt Bryson,16.4
2026-07-29,STX,Sajal Dogra,51.4
2026-07-29,STX,Timothy Arcuri,0.1
2026-07-29,STX,Wamsi Mohan,33.9
2026-07-29,SWK,Joe Ritchie,3.8
2026-07-29,SWKS,Atif Malik,-27.9
2026-07-29,SWKS,Christopher Rolland,-26.8
2026-07-29,SWKS,Cody Acree,
2026-07-29,SWKS,John Vinh,
2026-07-29,SWKS,Krish Sankar,-26.8
2026-07-29,SWKS,Mayur Ramdhani CFA,-26.8
2026-07-29,SWKS,Peter Peng,-26.8
2026-07-29,SWKS,Rick Schafer,
2026-07-29,SWKS,Ruben Roy,-21.1
2026-07-29,SWKS,Srini Pajjuri,-21.1
2026-07-29,SWKS,Thomas O'Malley,-21.1
2026-07-29,SWKS,Timothy Arcuri,-21.1
2026-07-29,SWKS,Vivek Arya,-26.8
2026-07-29,TER,James Schneider,25.2
2026-07-29,TER,Krish Sankar,21.1
2026-07-29,TER,Vivek Arya,41.3
2026-07-29,TFC,Vivek Juneja,11.2
2026-07-29,TROW,Michael Cyprys,11.4
2026-07-29,TXN,Alexi de Unger,51.9
2026-07-29,TXT,Charles Minervino,38
2026-07-29,TXT,Douglas Harned,35.5
2026-07-29,TXT,Gavin Parsons,19.2
2026-07-29,TXT,Kristine Liwag,23
2026-07-29,TXT,Ronald Epstein,19.2
2026-07-29,TYL,Matthew VanVliet,0.7
2026-07-29,UHS,Craig Hettenbach,8.1
2026-07-29,UHS,Michael Ha,-6.1
2026-07-29,UHS,Ryan Langston,11.5
2026-07-29,UPS,Bascome Majors,31.2
2026-07-29,UPS,Brandon Oglenski,-19.2
2026-07-29,UPS,J. Bruce Chan,16.1
2026-07-29,UPS,Jason Seidl,16.1
2026-07-29,UPS,Lucas Servera,31.2
2026-07-29,UPS,Ravi Shanker,-23.3
2026-07-29,UPS,Scott Schneeberger,18.1
2026-07-29,UPS,Thomas Wadewitz,25.2
2026-07-29,USB,Vivek Juneja,14.9
2026-07-29,V,Andrew Bauch,10
2026-07-29,V,Bill Carcache,16.8
2026-07-29,V,Bryan Bergin,14
2026-07-29,V,Bryan Keane,19.5
2026-07-29,V,Dan Dolev,15.4
2026-07-29,V,David Koning,14
2026-07-29,V,Gustavo Gala,
2026-07-29,V,James Faucette,13
2026-07-29,V,Jason Kupferberg,17.3
2026-07-29,V,Rayna Kumar,9.4
2026-07-29,V,Sanjay Sakhrani,16.8
2026-07-29,V,Tien Tsin Huang,22.2
2026-07-29,V,Timothy Chiodo,14
2026-07-29,VLTO,Brian K. Lee,19.6
2026-07-29,VMC,Anthony Codling,24.6
2026-07-29,VMC,Ivan Yi,42.4
2026-07-29,VMC,Scott Group,42.4
2026-07-29,VMRK,Nicholas Joseph,15.8
2026-07-29,VRSK,George Tong,34
2026-07-29,VRT,Deane Dray,35.1
2026-07-29,WFC,Vivek Juneja,10.9
2026-07-29,WM,Michael Feniger,16.1
2026-07-29,XYL,Andrew Kaplowitz,59.9
2026-07-29,XYL,Brett Linzey,20.9
2026-07-29,XYL,Brian Drab,
2026-07-29,XYL,Bryan Blair,46.9
2026-07-29,XYL,Joseph C Giordano,25.5
2026-07-29,XYL,Michael Halloran,53.4
2026-07-29,XYL,William Grippin,47.8
2026-07-30,AAPL,Jim Kelleher,11.8
2026-07-30,AAPL,Melissa Fairbanks,
2026-07-30,AAPL,William Power,-1.7
2026-07-30,AAPL,Yanni Samoilis,-1.7
2026-07-30,ABNB,Brian Nowak,-24.3
2026-07-30,ADP,Dan Dolev,18.6
2026-07-30,ADP,James Faucette,5.4
2026-07-30,ADP,Mark Marcon,12.4
2026-07-30,ADP,Tien Tsin Huang,3.2
2026-07-30,AEE,Carly Davenport,11.8
2026-07-30,AJG,Ryan Tunis,24.9
2026-07-30,ALGN,David Saxon,
2026-07-30,ALGN,Erin Wright,28.1
2026-07-30,ALGN,Jonathan Block,43.1
2026-07-30,ALGN,Michael Ryskin,
2026-07-30,AMP,Kevin Heal,9.2
2026-07-30,AMT,Jonathan Atkin,18.5
2026-07-30,AMZN,Colin Sebastian,22.9
2026-07-30,AMZN,Unknown Analyst,28.9
2026-07-30,AON,Alex Scott,29.7
2026-07-30,AON,Matthew Heimermann,47.7
2026-07-30,APD,Duffy Fischer,27.7
2026-07-30,APD,John Roberts CFA,25.9
2026-07-30,APD,Unknown Analyst,
2026-07-30,APH,Amit Daryanani,14.7
2026-07-30,APH,Joseph Cardoso,37
2026-07-30,ARE,Michael Tupholme,
2026-07-30,AVY,George Staphos,25.3
2026-07-30,AVY,John McNulty,25.8
2026-07-30,BA,Kristine Liwag,26.6
2026-07-30,BG,Thomas Palmer,20.6
2026-07-30,BIIB,Andrew Fein,15.5
2026-07-30,BIIB,Andrew Tsai,17.4
2026-07-30,BIIB,Chris Schott,-3.4
2026-07-30,BIIB,Michael Yee,10.5
2026-07-30,BIIB,Phil Nadeau,3.5
2026-07-30,BIIB,Sumant Kulkarni,14.1
2026-07-30,BIIB,Terence Flynn,6.3
2026-07-30,BLDR,Michael Dahl,52.8
2026-07-30,BLDR,Ryan Merkel,
2026-07-30,BMY,Carter Gould,-5.8
2026-07-30,BSX,David Rescott,28.6
2026-07-30,BSX,David Toung,
2026-07-30,BSX,Mike Kratky,37.8
2026-07-30,BSX,Patrick Wood,53.9
2026-07-30,BSX,Pito Chickering,37.8
2026-07-30,BSX,Robbie Marcus,28.6
2026-07-30,BSX,Suraj Kalia,95.2
2026-07-30,BSX,Vijay Kumar,26.3
2026-07-30,BSX,William Plovanic,51.6
2026-07-30,BXP,Floris van Dijkum,33.3
2026-07-30,CBRE,Alex Kramm,36.7
2026-07-30,CBRE,Jade Rahmani,25.2
2026-07-30,CBRE,Steve Sakwa,25.9
2026-07-30,CEG,Jeremy Tonet,51.2
2026-07-30,CHRW,Bascome Majors,40.2
2026-07-30,CHRW,Brandon Oglenski,37
2026-07-30,CHRW,Brian Ossenbeck,46.8
2026-07-30,CHRW,Jonathan Chappell,54.6
2026-07-30,CHRW,Lucas Servera,40.2
2026-07-30,CHRW,Ravi Shanker,-40.6
2026-07-30,CI,Ben Hendrix,22.4
2026-07-30,CI,Jason Cassorla,31.1
2026-07-30,CI,Kevin Fischbeck,37.3
2026-07-30,CI,Lisa Gill,
2026-07-30,CINF,Joshua Shanker,14.2
2026-07-30,CMG,Andrew Strelzik,55.5
2026-07-30,CMG,Brian Bittner,52.6
2026-07-30,CMG,Brian Mullan,16.7
2026-07-30,CMG,David Palmer,40.6
2026-07-30,CMG,Gregory Francfort,7.7
2026-07-30,CMG,Jim Salera,19.7
2026-07-30,CMG,Joe Feldman,43.6
2026-07-30,CMG,Lauren Silberman,52.6
2026-07-30,CMG,Logan Reich,34.6
2026-07-30,CMG,Matt Curtis,49.6
2026-07-30,CMG,Zachary Fadem,34.6
2026-07-30,CMS,Ross Fowler,
2026-07-30,CNC,Ryan Langston,-1.2
2026-07-30,CPT,Julien Blouin,2.9
2026-07-30,CSX,John Eade,18.9
2026-07-30,CSX,Kristina Ruggeri,18.9
2026-07-30,CTSH,Bryan Keane,0.2
2026-07-30,CTSH,David Koning,13.6
2026-07-30,CTSH,James Faucette,-14.8
2026-07-30,CTSH,James Friedman,37
2026-07-30,CTSH,Keith Bachman,5.2
2026-07-30,CTSH,Steven Wahrhaftig,16.9
2026-07-30,CTSH,Tien Tsin Huang,11.9
2026-07-30,CVNA,Andrew Boone,27.2
2026-07-30,CVNA,Andrew Percoco,37.9
2026-07-30,CVNA,Chris Pierce,83.9
2026-07-30,CVNA,Craig Kennison,10.4
2026-07-30,CVNA,John Colantuoni,34.9
2026-07-30,CVNA,Michael Baker,
2026-07-30,CVNA,Michael Montani,15
2026-07-30,CVNA,Mike McGovern,7.3
2026-07-30,DLR,Matthew Niknam,
2026-07-30,DTE,Michael Lonegan,19.8
2026-07-30,ECL,Vincent Andrews,22.5
2026-07-30,EG,David Motemaden,0.6
2026-07-30,EG,Joshua Shanker,
2026-07-30,EME,Adam Bubes,18
2026-07-30,EME,Adam Thalhimer,60
2026-07-30,EQIX,Brandon Nispel,
2026-07-30,EQIX,Eric Luebchow,17.5
2026-07-30,EQIX,Erik Rasmussen,23.9
2026-07-30,EQIX,John Hodulik,23.9
2026-07-30,EQIX,Jonathan Petersen,31.2
2026-07-30,EQIX,Joseph Osha,20.9
2026-07-30,EQIX,Maher Yaghi,18.3
2026-07-30,EQIX,Michael Elias,14.2
2026-07-30,EQT,Bob Brackett,36
2026-07-30,ES,Carly Davenport,19.6
2026-07-30,ESS,Brad Heffern,15.5
2026-07-30,ESS,Simon Yarmak,8.4
2026-07-30,ESS,Steve Sakwa,12.2
2026-07-30,ETR,Andrew Weisel,26.5
2026-07-30,EXE,Bob Brackett,82.9
2026-07-30,EXE,Gabriel Daoud,38.3
2026-07-30,EXE,Neal Dingmann,
2026-07-30,EXR,Caitlin Burrows,17
2026-07-30,FE,Andrew Weisel,23.7
2026-07-30,FICO,Ashish Sabadra,60.6
2026-07-30,FICO,Curtis Nagle,47.4
2026-07-30,FICO,Kyle Peterson,73.7
2026-07-30,FLEX,Joseph Cardoso,47.5
2026-07-30,FLEX,Luke Junk,30.9
2026-07-30,FLEX,Steve Barger,
2026-07-30,FSLR,Brian K. Lee,58.2
2026-07-30,FTNT,Brad Zelnick,-5.8
2026-07-30,FTNT,Brian Essex,-30.5
2026-07-30,FTNT,Catharine Trebnick,14.8
2026-07-30,FTNT,Dan Bergstrom,8.9
2026-07-30,FTNT,Gabriela Borges,11.9
2026-07-30,FTNT,Gray Powell,19.5
2026-07-30,FTNT,Ittai Kidron,
2026-07-30,FTNT,Jonathan Ho,
2026-07-30,FTNT,Joseph Gallo,11.9
2026-07-30,FTNT,Junaid Siddiqui,7.7
2026-07-30,FTNT,Keith Bachman,8.9
2026-07-30,FTNT,Meta Marshall,-19.9
2026-07-30,FTNT,Mike Cikos,
2026-07-30,FTNT,Patrick Colville,-4
2026-07-30,FTNT,Peter Levine,-2.8
2026-07-30,FTNT,Richard Poland,-20.5
2026-07-30,FTNT,Rob Owens,3
2026-07-30,FTNT,Roger Boyd,6
2026-07-30,FTNT,Saket Kalia,11.9
2026-07-30,FTNT,Tal Liani,29.5
2026-07-30,FTV,Jamie Cook,23.6
2026-07-30,FTV,Unknown Analyst,27.3
2026-07-30,GD,Charles Minervino,28.9
2026-07-30,GD,Gautam Khanna,19
2026-07-30,GD,John Godyn,14.4
2026-07-30,GD,Kristine Liwag,31.7
2026-07-30,GD,Louie DiPalma,
2026-07-30,GD,Peter Arment,21.8
2026-07-30,GD,Scott Deuschle,8.8
2026-07-30,GD,Seth Seifman,23.2
2026-07-30,GEHC,Matthew Taylor,43.5
2026-07-30,GEHC,Rick Wise,24.7
2026-07-30,GEHC,Robbie Marcus,9.2
2026-07-30,GEHC,Suraj Kalia,32.5
2026-07-30,GEHC,Vijay Kumar,31
2026-07-30,GNRC,Christine Cho CFA,34
2026-07-30,GNRC,Jeffrey Hammond,
2026-07-30,GRMN,Erik Woodring,5.5
2026-07-30,GRMN,Joseph Cardoso,7.6
2026-07-30,GRMN,Tim Long,8.4
2026-07-30,HOOD,John Todaro,0.2
2026-07-30,HOOD,Ken Worthington,-14
2026-07-30,HSY,Christopher Carey,11.9
2026-07-30,HUM,A.J. Rice,4.9
2026-07-30,HUM,David S Macdonald,7.5
2026-07-30,HUM,George Hill,12.9
2026-07-30,HUM,Jessica Tassan,19.9
2026-07-30,HUM,John Ransom,
2026-07-30,HUM,Matthew Gillmor CFA,
2026-07-30,HUM,Michael Ha,1
2026-07-30,HUM,Michael Wiederhorn,4.9
2026-07-30,HUM,Parker Snure,10
2026-07-30,HUM,Scott Fidel,-27.5
2026-07-30,HUM,Whit Mayo,32.8
2026-07-30,ICE,Ashish Sabadra,15.8
2026-07-30,IEX,Michael Halloran,22.5
2026-07-30,IEX,Nathan Jones,19.8
2026-07-30,IEX,Vlad Bystricky,20.2
2026-07-30,INCY,Jessica Fye,-4.2
2026-07-30,IP,Matt McKellar,50.6
2026-07-30,ISRG,Helen Fang,-0.6
2026-07-30,JCI,Alexander Virgo,8.2
2026-07-30,JCI,Unknown Analyst,
2026-07-30,KEY,Brian Foran,
2026-07-30,KLAC,Thomas O'Malley,27.1
2026-07-30,KO,Zheng Feng Chee,11
2026-07-30,LH,Michael Ryskin,12.3
2026-07-30,LHX,Kenneth Herbert,25.4
2026-07-30,LII,Jeffrey Hammond,
2026-07-30,LII,Joe Ritchie,52.3
2026-07-30,LII,Noah Kaye,60.1
2026-07-30,LII,Timothy Wojs,37.8
2026-07-30,LRCX,Blayne Curtis,16.3
2026-07-30,LRCX,Brian Chin,47.5
2026-07-30,LRCX,Charles Shi,35.4
2026-07-30,LRCX,Craig Ellis,21.5
2026-07-30,LRCX,Edward Yang,38.8
2026-07-30,LRCX,Mark Lipacis,-4.6
2026-07-30,LRCX,Melissa Weathers,11.1
2026-07-30,LRCX,Shane Brett CFA,27.4
2026-07-30,LRCX,Srini Pajjuri,31.9
2026-07-30,LRCX,Steve Barger,
2026-07-30,LRCX,Thomas O'Malley,16.3
2026-07-30,LVS,John Staszak,
2026-07-30,LYV,Unknown Analyst,22.1
2026-07-30,MA,Andrew Jeffrey,
2026-07-30,MA,Will Nance,24
2026-07-30,MAA,Barry Oxford,21.9
2026-07-30,MAA,Brad Heffern,16
2026-07-30,MAA,John Kim,30.3
2026-07-30,MAS,John Lovallo,38.1
2026-07-30,MAS,Keith Hughes,24.9
2026-07-30,MAS,Timothy Wojs,17.5
2026-07-30,MAS,Tyler Batory,29.3
2026-07-30,META,Andrew Boone,15.7
2026-07-30,META,Benjamin Black CFA,12.7
2026-07-30,META,Brad Erickson,15.7
2026-07-30,META,Brian White,9.7
2026-07-30,META,Colin Sebastian,12.7
2026-07-30,META,Gil Luria,5.1
2026-07-30,META,Ingo Wermann,
2026-07-30,META,Jeffrey Wlodarczak,18.7
2026-07-30,META,Maria Ripps,39.7
2026-07-30,META,Nat Schindler,-9.9
2026-07-30,META,Ross Sandler,17.2
2026-07-30,META,Shyam Patil,-2.4
2026-07-30,MGM,Daniel Politzer,40.2
2026-07-30,MGM,Steven Wieczynski,29.6
2026-07-30,MPWR,Joshua Buchalter,51.9
2026-07-30,MSFT,Andrew Sherman,9.4
2026-07-30,MSFT,Derrick Wood,9.4
2026-07-30,MSFT,Edward Yang,4.3
2026-07-30,MSFT,Gil Luria,
2026-07-30,MSFT,Gregg Moskowitz,3.3
2026-07-30,MSFT,Jackson Ader,21.5
2026-07-30,MSFT,John Difucci,18.7
2026-07-30,MSFT,Joseph Bonner,3.3
2026-07-30,MSFT,Keith Bachman,4.3
2026-07-30,MSFT,Patrick Colville,3.3
2026-07-30,MSFT,Thomas Blakey,5.7
2026-07-30,MSFT,Timothy Horan,4.3
2026-07-30,NCLH,Kevin Kopelman,70
2026-07-30,NEE,Marie Ferguson,26.8
2026-07-30,NXPI,Harlan Sur,31.6
2026-07-30,ODFL,Brian Ossenbeck,44.5
2026-07-30,ODFL,Eric Morgan,27.2
2026-07-30,ODFL,Jason Seidl,34.7
2026-07-30,ODFL,Jonathan Chappell,40.5
2026-07-30,ODFL,Lucas Servera,44.5
2026-07-30,ODFL,Ravi Shanker,41.6
2026-07-30,ODFL,Thomas Wadewitz,31.8
2026-07-30,OMC,Jason Bazinet,30.6
2026-07-30,OMC,Julien Roch,17.5
2026-07-30,OMC,Steven Cahall,21.5
2026-07-30,ORLY,Greg Melich,35.8
2026-07-30,ORLY,Robert Ohmes,41.7
2026-07-30,PCAR,Kyle Menges,20.6
2026-07-30,PG,Christopher Carey,12
2026-07-30,PG,Dara Mohsenian,13.4
2026-07-30,PG,Filippo Falorni,16.1
2026-07-30,PG,Michael Lavery,-0.9
2026-07-30,PG,Stephen Powers,10.7
2026-07-30,PM,Simon Hales,19.3
2026-07-30,PPG,John McNulty,32
2026-07-30,PPG,Joshua Spector,19.6
2026-07-30,PPG,Matthew DeYoe,31.1
2026-07-30,PPG,Patrick Cunningham,15.8
2026-07-30,PSA,Brad Heffern,7.3
2026-07-30,PSA,Caitlin Burrows,23.9
2026-07-30,PSA,Michael Griffin CFA,6.6
2026-07-30,PSA,Michael Lewis,
2026-07-30,PTC,Adam Borg,21.4
2026-07-30,PTC,Andrew Obin,6.7
2026-07-30,PTC,Blair Abernethy,39.8
2026-07-30,PTC,Clarke Jeffries,15.5
2026-07-30,PTC,Daniel Jester,20.7
2026-07-30,PTC,Joseph Vruwink,50.9
2026-07-30,PTC,Kenneth Wong,28.8
2026-07-30,PTC,Matthew Hedberg,43.5
2026-07-30,PTC,Saket Kalia,14.1
2026-07-30,QCOM,Christopher Rolland,-10
2026-07-30,QCOM,Cody Acree,51.9
2026-07-30,QCOM,James Schneider,-10
2026-07-30,QCOM,Jim Kelleher,23.8
2026-07-30,QCOM,John Vinh,
2026-07-30,QCOM,Joseph Moore,23.8
2026-07-30,QCOM,Joshua Buchalter,-1.5
2026-07-30,QCOM,Mark Lipacis,-10.5
2026-07-30,QCOM,Timothy Arcuri,-4.3
2026-07-30,QCOM,Tristan Gerra,125.1
2026-07-30,QCOM,Vijay Rakesh,-4.3
2026-07-30,RCL,Tristan M. Thomas-Martin,50.5
2026-07-30,REG,Greg McGinniss,12.4
2026-07-30,REG,Michael Griffin CFA,13.8
2026-07-30,REG,Michael Lewis,
2026-07-30,REG,Steve Sakwa,13.8
2026-07-30,REGN,Carter Gould,1.3
2026-07-30,REGN,Salveen Richter,23.9
2026-07-30,REGN,Tazeen Ahmad,13.6
2026-07-30,REGN,Tyler Van Buren,22.3
2026-07-30,SBUX,Andrew Strelzik,35.7
2026-07-30,SBUX,Brian Harbour,20
2026-07-30,SBUX,David Palmer,25.2
2026-07-30,SBUX,David Tarantino CFA,29.4
2026-07-30,SBUX,Dennis Geiger,16.9
2026-07-30,SBUX,Jon Tower,16.9
2026-07-30,SBUX,Lauren Silberman,31.5
2026-07-30,SBUX,Logan Reich,20
2026-07-30,SBUX,Sara Senatore,49.2
2026-07-30,SBUX,Unknown Analyst,
2026-07-30,SBUX,Zachary Fadem,30.4
2026-07-30,SHW,Arun Viswanathan,31
2026-07-30,SO,Shahriar Pourreza,15.8
2026-07-30,STX,Thomas O'Malley,45.6
2026-07-30,SW,Matt McKellar,35.3
2026-07-30,TDY,Mariana Perez Mora,27.6
2026-07-30,TER,Gus Richard,
2026-07-30,TER,Joseph Cardoso,25.2
2026-07-30,TER,Shane Brett CFA,6.9
2026-07-30,TER,Steve Barger,
2026-07-30,TER,Vedvati Shrotre,13.1
2026-07-30,TT,Alexander Virgo,30.5
2026-07-30,TXT,Seth Seifman,23
2026-07-30,TYL,Allan Verkhovski,18.5
2026-07-30,TYL,Andrew Sherman,18.5
2026-07-30,TYL,J. Parker Lane,18.5
2026-07-30,TYL,John Difucci,30.4
2026-07-30,TYL,Jonathan Ho,
2026-07-30,TYL,Joshua Reilly,18.5
2026-07-30,TYL,Kirk Materne,11.1
2026-07-30,UDR,Julien Blouin,12.1
2026-07-30,UHS,Scott Fidel,7.5
2026-07-30,V,Nik Cremo,14
2026-07-30,VICI,James Kammert,34.9
2026-07-30,VICI,Simon Yarmak,43.3
2026-07-30,VICI,Wes Golladay,34.9
2026-07-30,VLTO,Andrew Kaplowitz,13.2
2026-07-30,VLTO,Andrew Krill,17.5
2026-07-30,VLTO,John McNulty,30.2
2026-07-30,VLTO,Joshua Spector,10.1
2026-07-30,VLTO,Michael Halloran,17.5
2026-07-30,VLTO,William Grippin,23.8
2026-07-30,VMC,Adam Seiden,41.2
2026-07-30,VMC,Angel Castillo,33.3
2026-07-30,VMC,Anthony Pettinari,45.3
2026-07-30,VMC,Keith Hughes,
2026-07-30,VRSK,Alex Kramm,34
2026-07-30,VRSK,Andrew Steinerman,42.5
2026-07-30,VRSK,David Motemaden,27.1
2026-07-30,VRSK,Faiza Alwy,28.3
2026-07-30,VRSK,Jeffrey Meuler,40.8
2026-07-30,VRSK,Toni Kaplan,34
2026-07-30,VRT,Andrew Kaplowitz,43.6
2026-07-30,VRT,Brian Drab,
2026-07-30,VRT,Jeffrey Hammond,30.3
2026-07-30,VRT,Justin Clare,42.3
2026-07-30,VRT,Luke Junk,28.3
2026-07-30,VRT,Mark Delaney,20.7
2026-07-30,VRT,Michael Elias,42.7
2026-07-30,VRT,Noah Kaye,30.3
2026-07-30,VRT,Unknown Analyst,48.4
2026-07-30,VTR,James Kammert,10.7
2026-07-30,WEC,Andrew Weisel,35.7
2026-07-30,WEC,James Thalacker,13.4
2026-07-30,WELL,James Kammert,13.6
2026-07-30,WFC,John McDonald CFA,
2026-07-30,WM,Devin Dodge,13.7
2026-07-30,WM,Faiza Alwy,27.9
2026-07-30,WM,James Schumm,30.3
2026-07-30,WM,Kevin Chiang,18.4
2026-07-30,WM,Sabahat Khan,15.6
2026-07-30,WM,Shlomo Rosenbaum,23.6
2026-07-30,WM,Stephanie Price,18.4
2026-07-30,WM,Tobey Sommer,23.2
2026-07-30,WM,Toni Kaplan,9
2026-07-30,WM,William Grippin,31.2
2026-07-30,WTW,Adam Klauber,
2026-07-30,XEL,Carly Davenport,31.4
2026-07-30,XEL,Nicholas Amicucci,32.8
2026-07-30,YUM,Andrew Charles,30.4
2026-07-30,YUM,Logan Reich,23.2
2026-07-30,YUM,Peter Saleh,
2026-07-31,AAPL,Aaron Rakers,4.3
2026-07-31,AAPL,Unknown Analyst,
2026-07-31,ABBV,Carter Gould,7.9
2026-07-31,ABBV,Matt Phipps,
2026-07-31,AEE,Sophie Karp,
2026-07-31,AEP,Anthony Crowdell,12.3
2026-07-31,AJG,Adam Klauber,
2026-07-31,AJG,Alex Scott,21.6
2026-07-31,AJG,Mark Hughes,10.3
2026-07-31,AJG,Meyer Shields,12.8
2026-07-31,AJG,Paul Newsome,19.5
2026-07-31,AJG,Robert Cox CFA,15.3
2026-07-31,AJG,Rowland Mayor,29.1
2026-07-31,AMZN,Benjamin Black CFA,28.9
2026-07-31,AMZN,Brad Erickson,30.9
2026-07-31,AMZN,Brent Thill,30.9
2026-07-31,AMZN,Brian Pitz,50.7
2026-07-31,AMZN,Brian White,30.9
2026-07-31,AMZN,Daniel Kurnos,58.6
2026-07-31,AMZN,Deepak Mathivanan,26.9
2026-07-31,AMZN,Dylan Carden,
2026-07-31,AMZN,Gil Luria,-0.9
2026-07-31,AMZN,Ingo Wermann,
2026-07-31,AMZN,Jason Helfstein,26.9
2026-07-31,AMZN,Jeffrey Wlodarczak,32
2026-07-31,AMZN,Joe Feldman,32.8
2026-07-31,AMZN,John Blackledge,38.8
2026-07-31,AMZN,Josh Beck,54.7
2026-07-31,AMZN,Justin Patterson,38.8
2026-07-31,AMZN,Laura Martin,19
2026-07-31,AMZN,Nat Schindler,28.9
2026-07-31,AMZN,Ross Sandler,44.7
2026-07-31,AMZN,Stephen Ju,20.9
2026-07-31,AMZN,Thomas Champion,26.9
2026-07-31,AMZN,Tom Forte,38.8
2026-07-31,AMZN,Ygal Arounian,22.9
2026-07-31,AOS,Andrew Kaplowitz,12.8
2026-07-31,AOS,Jeffrey Hammond,
2026-07-31,AOS,Nathan Jones,23.4
2026-07-31,AOS,Susan Maklari,4
2026-07-31,APD,Abigail Eberts,24.1
2026-07-31,APD,Jeffrey Zekauskas,17
2026-07-31,APD,John McNulty,29.5
2026-07-31,APD,Joshua Spector,19.2
2026-07-31,APD,Matthew DeYoe,11.4
2026-07-31,APD,Unknown Analyst,24.5
2026-07-31,AVY,Anthony Pettinari,9.9
2026-07-31,AVY,Joshua Spector,32.9
2026-07-31,AVY,Michael Roxland,23.5
2026-07-31,AWK,Anthony Crowdell,2.9
2026-07-31,BAX,Josh Jennings,26.5
2026-07-31,BAX,Pito Chickering,17.7
2026-07-31,BAX,Rick Wise,22.1
2026-07-31,BAX,Unknown Analyst,0.3
2026-07-31,BIIB,Danielle Brill,8.2
2026-07-31,BIIB,Laura Chico,-1.1
2026-07-31,BLDR,Collin Verron,14.6
2026-07-31,BLDR,David Manthey,30.2
2026-07-31,BLDR,Jeffrey Hammond,58
2026-07-31,BLDR,John Lovallo,52.8
2026-07-31,BLDR,Keith Hughes,56.3
2026-07-31,BLDR,Kurt Yinger,18.1
2026-07-31,BLDR,Matthew Bouley,40.6
2026-07-31,BLDR,Rafe Jadrosich,23.3
2026-07-31,BLDR,Susan Maklari,56.3
2026-07-31,BLDR,Tyler Batory,56.3
2026-07-31,BMY,Mohit Bansal,3.8
2026-07-31,BMY,Seamus Fernandez,19.8
2026-07-31,BMY,Srikripa Devarakonda,11.8
2026-07-31,BSX,Anthony Petrone,37.8
2026-07-31,CHD,Jon Andersen,
2026-07-31,CHRW,J. Bruce Chan,46.8
2026-07-31,CHRW,Sergey Glinyanov,36.3
2026-07-31,CI,Andrew Mok CFA,12.6
2026-07-31,CI,David S Macdonald,27.1
2026-07-31,CI,Erin Wright,31.1
2026-07-31,CI,George Hill,10.8
2026-07-31,CI,Jailendra Singh,27.1
2026-07-31,CI,Michael Ha,31.5
2026-07-31,CI,Unknown Analyst,32.6
2026-07-31,CMG,Nick Setyan,28.6
2026-07-31,COIN,Andrew Jeffrey,
2026-07-31,COIN,Benjamin Budish,-51.1
2026-07-31,COIN,Brian Bedell,-3.2
2026-07-31,COIN,Chris Brendler,3
2026-07-31,COIN,Hal Goetsch,4.5
2026-07-31,COIN,John Todaro,-8.9
2026-07-31,COIN,Mark Palmer,18.4
2026-07-31,COIN,Mike Colonnese,36.4
2026-07-31,COIN,Owen Lau,5
2026-07-31,COIN,Patrick Moley,-24.8
2026-07-31,COIN,Rayna Kumar,-0.6
2026-07-31,COIN,Robert Bamberger,-33.1
2026-07-31,COIN,Unknown Analyst,-0.6
2026-07-31,CPT,Alexander Goldfarb,18.9
2026-07-31,CPT,Michael Lewis,
2026-07-31,CPT,Simon Yarmak,23.1
2026-07-31,CRH,Anthony Codling,91.5
2026-07-31,CRH,Keith Hughes,50.9
2026-07-31,CRH,Trey Grooms,45.1
2026-07-31,CVNA,Benjamin Black CFA,22.6
2026-07-31,CVNA,John Babcock,42.5
2026-07-31,CVNA,Joseph Spak,27.2
2026-07-31,CVNA,Ronald Josey,37.9
2026-07-31,CVX,Biraj Borkhataria,5
2026-07-31,DXCM,Bruce Jackson,-8.2
2026-07-31,DXCM,Jayson Bedford,5.2
2026-07-31,DXCM,Jeff Johnson,17.5
2026-07-31,DXCM,Jonathan Block,6.3
2026-07-31,DXCM,Kendall Au,0.7
2026-07-31,DXCM,Kieran Ryan,3
2026-07-31,DXCM,Marie Thibault,0.7
2026-07-31,DXCM,Matthew O'Brien,6.3
2026-07-31,DXCM,Shagun Singh Chadha,0.7
2026-07-31,DXCM,Steven Lichtman,
2026-07-31,DXCM,Travis Steed,
2026-07-31,ECL,Unknown Analyst,
2026-07-31,EG,Elyse Greenspan,5.6
2026-07-31,EG,Matthew Heimermann,10.7
2026-07-31,EG,Michael Zaremski,0.3
2026-07-31,EG,Yaron Kinar,11
2026-07-31,EME,Avinatan Jaroslawicz,42
2026-07-31,EME,Brent Thielman,60
2026-07-31,EME,Justin Hauke,22.4
2026-07-31,ERIE,Adam Klauber,
2026-07-31,ES,Sophie Karp,
2026-07-31,ESS,Aaron Hecht,22.2
2026-07-31,ESS,Alexander Goldfarb,30.3
2026-07-31,ETR,Anthony Crowdell,18.6
2026-07-31,EXC,James Thalacker,11.7
2026-07-31,F,Matthias Volkert,21.1
2026-07-31,FE,Nicholas Campanella,19.3
2026-07-31,FSLR,Chris Dendrinos,20.4
2026-07-31,FSLR,Christopher Souther,16.9
2026-07-31,FSLR,Colin Rusch,
2026-07-31,FSLR,Jed Dorsheimer,
2026-07-31,FSLR,Jeff Osborne,29.1
2026-07-31,FSLR,Jon Windham,68.4
2026-07-31,FSLR,Philip Shen,53.1
2026-07-31,FSLR,Sean Milligan,54.6
2026-07-31,FSLR,Sophie Karp,-23.5
2026-07-31,FTNT,Gregg Moskowitz,-18.7
2026-07-31,FTNT,Shyam Patil,-5.8
2026-07-31,GDDY,Alexei Gogolev,27.2
2026-07-31,GDDY,Arjun Bhatia,
2026-07-31,GDDY,Brad Erickson,-2.5
2026-07-31,GDDY,Christopher Zhang,2.6
2026-07-31,GDDY,Deepak Mathivanan,-7.7
2026-07-31,GDDY,Elizabeth Porter,2.6
2026-07-31,GDDY,James Callahan CFA,-2.5
2026-07-31,GDDY,Josh Beck,2.6
2026-07-31,GDDY,Kenneth Wong,
2026-07-31,GDDY,Mark Zgutowicz,43.6
2026-07-31,GDDY,Naved Khan,74.4
2026-07-31,GDDY,Robert Coolbrith,-12.8
2026-07-31,GEHC,Anthony Petrone,32.5
2026-07-31,GEHC,Graham Doyle,13.8
2026-07-31,GEV,Julien Dumoulin Smith,28.7
2026-07-31,HII,John Godyn,38.9
2026-07-31,HLT,Benjamin Chaiken,7.6
2026-07-31,HOOD,Christopher Allen,-16.5
2026-07-31,HSY,Brian Holland,11.9
2026-07-31,HSY,Leah Jordan,31.9
2026-07-31,HSY,Matt Curtis,11.9
2026-07-31,HSY,"Matthew Smith, CFA",6
2026-07-31,HSY,Peter Grom,16.6
2026-07-31,HSY,Robert Moskow,23.7
2026-07-31,HSY,Scott Marks CFA,11.9
2026-07-31,HSY,Stephen Powers,12.5
2026-07-31,HUM,Ryan Langston,-4.2
2026-07-31,ICE,Brian Bedell,14.5
2026-07-31,ICE,Christopher Allen,9.3
2026-07-31,ICE,William Katz,13.8
2026-07-31,INVH,Brad Heffern,15.2
2026-07-31,IP,Anojja Shah,36.1
2026-07-31,IP,Anthony Pettinari,39
2026-07-31,IP,Gabrial Hajde,33.2
2026-07-31,IP,Hillary Cacanando,44.8
2026-07-31,IQV,Ann Hynes,3.2
2026-07-31,IR,Unknown Analyst,60.1
2026-07-31,JCI,Brett Linzey,4.7
2026-07-31,LH,Eric Coldwell,9.8
2026-07-31,LH,Erin Wright,5.4
2026-07-31,LH,Pito Chickering,-4.6
2026-07-31,LHX,Charles Minervino,41.5
2026-07-31,LII,Brett Linzey,25.3
2026-07-31,LIN,Arun Viswanathan,20.1
2026-07-31,LYV,Benjamin Soff,22.7
2026-07-31,LYV,Cameron Mansson-Perrone,19.7
2026-07-31,LYV,Curry Baker,30.4
2026-07-31,LYV,David Karnovsky,22.7
2026-07-31,LYV,Eric Handler,24.5
2026-07-31,LYV,Ian S. Moore,28.7
2026-07-31,LYV,Jed Kelly,19.7
2026-07-31,LYV,Joseph Stauff,11.9
2026-07-31,LYV,Matthew Harrigan,28.7
2026-07-31,LYV,Tyler DiMatteo,28.7
2026-07-31,MA,Andrew Bauch,11.5
2026-07-31,MA,Andrew Schmitt,20.3
2026-07-31,MA,Bryan Bergin,18
2026-07-31,MA,Bryan Keane,19.4
2026-07-31,MA,David Koning,16.8
2026-07-31,MA,Gustavo Gala,
2026-07-31,MA,James Faucette,20.5
2026-07-31,MA,John Davis,11.8
2026-07-31,MA,Matthew O'Neill,30
2026-07-31,MA,Nik Cremo,16.8
2026-07-31,MA,Owen Lau,14.1
2026-07-31,MA,Ramsey El Assal,23
2026-07-31,MA,Sanjay Sakhrani,21.2
2026-07-31,MA,Timothy Chiodo,18.5
2026-07-31,MA,Unknown Analyst,23
2026-07-31,MAS,Anthony Pettinari,13.1
2026-07-31,MCD,Nick Setyan,16.8
2026-07-31,MCO,Kevin Heal,
2026-07-31,MDLZ,Zheng Feng Chee,21.6
2026-07-31,META,Lloyd Walmsley,12.7
2026-07-31,META,Saiyi He,24.7
2026-07-31,MGM,Barry Jonas,45.5
2026-07-31,MGM,Benjamin Chaiken,58.7
2026-07-31,MLM,Patrick Brown,34.5
2026-07-31,MLM,Trey Grooms,38.6
2026-07-31,MO,Eric Serotta,2.3
2026-07-31,MO,Gerald Pascarelli,
2026-07-31,MPWR,John Vinh,72.4
2026-07-31,MPWR,Joseph Quatrochi,47.8
2026-07-31,MPWR,Kelsey Chia,49.4
2026-07-31,MPWR,Kevin Cassidy,29.3
2026-07-31,MPWR,Quinn Bolton,64.2
2026-07-31,MPWR,Rick Schafer,39.6
2026-07-31,MPWR,Tore Svanberg,47.8
2026-07-31,MPWR,Unknown Analyst,72.4
2026-07-31,MPWR,William Stein,55.1
2026-07-31,MRNA,Tyler Van Buren,-74
2026-07-31,MRNA,Unknown Analyst,-70.8
2026-07-31,MSFT,Axel Herlinghaus,
2026-07-31,MSFT,Karl Keirstead,6.3
2026-07-31,MSFT,Saiyi He,28.4
2026-07-31,MSFT,Terry Tillman,16.4
2026-07-31,MTD,Evie Koslosky,-3.8
2026-07-31,MTD,Michael Ryskin,
2026-07-31,MTD,Tycho Peterson,13.5
2026-07-31,NCLH,Andrew Didora,
2026-07-31,NCLH,Brandt Montour,27.5
2026-07-31,NCLH,Chris Woronka,20.4
2026-07-31,NCLH,Manucher Narzulloev,41.6
2026-07-31,NCLH,Steven Wieczynski,77.1
2026-07-31,NEM,Alexandra Yates,-10.9
2026-07-31,ORLY,Bobby Griffin,29.9
2026-07-31,ORLY,Craig Kennison,18
2026-07-31,ORLY,Michael Lasser,41.7
2026-07-31,ORLY,Scot Ciccarelli,27.5
2026-07-31,ORLY,Scott Stember,31
2026-07-31,ORLY,Seth Sigman,15.7
2026-07-31,ORLY,Unknown Analyst,35.8
2026-07-31,PLD,Nicholas Thillman,3.8
2026-07-31,PTC,Tyler Radke,3.8
2026-07-31,PWR,Andrew Kaplowitz,36.8
2026-07-31,PWR,Joseph Osha,25.6
2026-07-31,PWR,Justin Hauke,14.3
2026-07-31,PWR,Steven Fisher,41.4
2026-07-31,PYPL,Ramsey El Assal,14.5
2026-07-31,QCOM,Amanda Tan,29.4
2026-07-31,RDDT,Alec Brondolo,-5.9
2026-07-31,RDDT,Benjamin Black CFA,32.6
2026-07-31,RDDT,Brad Erickson,65.7
2026-07-31,RDDT,Colin Sebastian,22.6
2026-07-31,RDDT,Deepak Mathivanan,12.7
2026-07-31,RDDT,Jason Helfstein,32.6
2026-07-31,RDDT,Justin Patterson,49.2
2026-07-31,RDDT,Justin Post,26
2026-07-31,RDDT,Laura Martin,98.9
2026-07-31,RDDT,Mark Mahaney,75.7
2026-07-31,RDDT,Naved Khan,79
2026-07-31,RDDT,Thomas Champion,29.3
2026-07-31,RDDT,Ygal Arounian,46.5
2026-07-31,REG,Floris van Dijkum,16.5
2026-07-31,REGN,Brian Skorney,-3
2026-07-31,REGN,Gregory Renza,-1.6
2026-07-31,REGN,Terence Flynn,-3.4
2026-07-31,SBUX,Matt Curtis,14.8
2026-07-31,SBUX,Nick Setyan,20
2026-07-31,SBUX,Peter Saleh,20
2026-07-31,SNA,Ivan Feinseth,30.3
2026-07-31,SO,Marie Ferguson,
2026-07-31,SWK,Eric Lau,19.4
2026-07-31,SYK,Jayson Bedford,34.5
2026-07-31,SYK,Mathew Blackman,29
2026-07-31,SYK,Matthew O'Brien,41.8
2026-07-31,SYK,Michael Matson,51.9
2026-07-31,SYK,Richard Newitter,23.6
2026-07-31,SYK,Shagun Singh Chadha,52.7
2026-07-31,TT,Andrew Kaplowitz,31.9
2026-07-31,TT,Deane Dray,15.6
2026-07-31,TT,Jeffrey Hammond,29.3
2026-07-31,TT,Nicole Deblase,20
2026-07-31,TT,Noah Kaye,23.5
2026-07-31,TT,Unknown Analyst,32.8
2026-07-31,TYL,Adam Hotchkiss,17
2026-07-31,TYL,Clarke Jeffries,45.5
2026-07-31,TYL,Kenneth Wong,33.3
2026-07-31,TYL,Robert Oliver,28.9
2026-07-31,TYL,Saket Kalia,25.9
2026-07-31,V,Ramsey El Assal,20.8
2026-07-31,VICI,Greg McGinniss,22.3
2026-07-31,VICI,Steven Pizzella,26.5
2026-07-31,VRT,Brett Linzey,20.3
2026-07-31,VTR,Richard Anderson,17.7
2026-07-31,WELL,Michael Carroll,13.6
2026-07-31,WELL,Nicholas Joseph,20.2
2026-07-31,WELL,Richard Anderson,13.6
2026-07-31,WM,Unknown Analyst,24.6
2026-07-31,WTW,Alex Scott,-2.3
2026-07-31,WTW,Harry Fong,19.4
2026-07-31,WTW,Mark Hughes,29
2026-07-31,WTW,Mark Marcon,24.2
2026-07-31,XEL,Alex Kania,36.9
2026-07-31,XEL,James Thalacker,25.9
2026-07-31,XOM,Biraj Borkhataria,10.1
2026-07-31,XOM,Sam Margolin,11.3
2026-07-31,YUM,Andrew Strelzik,26.8
2026-07-31,YUM,Brian Harbour,34.1
2026-07-31,YUM,Danilo Gargiulo,23.2
2026-07-31,YUM,Jon Tower,27.5
2026-07-31,YUM,Lauren Silberman,26.1
2026-08-02,APH,Scott Graham,46.6
2026-08-02,BIIB,Paul Matteis,11.4
2026-08-02,CI,Scott Fidel,27.9
2026-08-02,CTVA,Duffy Fischer,19.2
2026-08-02,ETN,Daniel DiCicco,14.7
2026-08-02,ETN,David Raso,18.2
2026-08-02,ETN,Deane Dray,20.5
2026-08-02,GD,Sheila Kahyaoglu,30.3
2026-08-02,HII,Noah Poponak,60.9
2026-08-02,PPG,Duffy Fischer,25.3
2026-08-02,SCHW,Ed Engel,28.8
2026-08-02,WY,Susan Maklari,74.4
2026-08-03,AAPL,Ingo Wermann,
2026-08-03,ABBV,Gary Nachman,9.7
2026-08-03,ABBV,Terence Flynn,12
2026-08-03,ABBV,Vamil Divan,9
2026-08-03,ACGL,Bob Huang,14
2026-08-03,ACGL,Ryan Tunis,12.9
2026-08-03,ADP,David Grossman,5
2026-08-03,AEE,Alex Kania,22.4
2026-08-03,AEE,Anthony Crowdell,20.5
2026-08-03,AEP,Michael Lonegan,7.3
2026-08-03,AJG,Brian Meredith,24.5
2026-08-03,AJG,Elyse Greenspan,23.2
2026-08-03,ALGN,Daniel Grosslight,63.5
2026-08-03,AMZN,Helena Wang,26.9
2026-08-03,AMZN,Rohit Kulkarni,28.9
2026-08-03,AMZN,Saiyi He,19.4
2026-08-03,AOS,Matt Summerville,18.1
2026-08-03,APD,Vincent Andrews,13.5
2026-08-03,ARES,Alexander Blostein,15.3
2026-08-03,ARES,Bart Dziarski,33.6
2026-08-03,ARES,Brennan Hawken,6.6
2026-08-03,ARES,Brian Bedell,14.5
2026-08-03,ARES,Christopher Allen,-3
2026-08-03,ARES,Ken Worthington,21.7
2026-08-03,AXP,Erika Najarian,23.9
2026-08-03,AZO,Seth Sigman,27.1
2026-08-03,BA,Matthew Akers,
2026-08-03,BAC,Erika Najarian,21.2
2026-08-03,BEN,Alexander Blostein,24.2
2026-08-03,BEN,Benjamin Budish,9.1
2026-08-03,BEN,Brian Bedell,3
2026-08-03,BEN,Michael Cho,3
2026-08-03,BIIB,Geoff Meacham,-1.1
2026-08-03,BIIB,Salim Syed,10.9
2026-08-03,BMY,Jason Gerberry,13.4
2026-08-03,BMY,Unknown Analyst,3.8
2026-08-03,BRO,Pablo Singzon,21.9
2026-08-03,C,Erika Najarian,7.8
2026-08-03,CBRE,Seth Bergey,36.7
2026-08-03,CDNS,Siti Panigrahi,
2026-08-03,CHD,Christopher Carey,16.1
2026-08-03,CHD,Dara Mohsenian,18.2
2026-08-03,CHD,Filippo Falorni,10.8
2026-08-03,CHD,Nik Modi,21.4
2026-08-03,CHD,Peter Grom,12.9
2026-08-03,CHD,Robert Moskow,2.4
2026-08-03,CHD,Stephen Powers,18.2
2026-08-03,CI,David Windley,11.5
2026-08-03,CI,Parker Snure,16.2
2026-08-03,CL,Andrea Faria Teixeira,17.8
2026-08-03,CL,Christopher Carey,8.6
2026-08-03,CL,Dara Mohsenian,18.9
2026-08-03,CL,Peter Grom,24.6
2026-08-03,CL,Robert Moskow,2.9
2026-08-03,CL,Stephen Powers,15.5
2026-08-03,CMG,John Staszak,34.6
2026-08-03,COIN,Saiyi He,5.5
2026-08-03,CPT,Brad Heffern,10.9
2026-08-03,CPT,Richard Anderson,10.9
2026-08-03,CRH,Anthony Pettinari,41.6
2026-08-03,CTVA,David Begleiter,25.4
2026-08-03,CTVA,Jeffrey Zekauskas,3.1
2026-08-03,CVX,Pei Hwa Ho,6
2026-08-03,D,Alex Kania,
2026-08-03,D,James Thalacker,10.1
2026-08-03,DHR,Evie Koslosky,-0.9
2026-08-03,DHR,Kallum Titchmarsh,3.9
2026-08-03,DHR,Michael Ryskin,8.6
2026-08-03,DPZ,Zachary Fadem,19
2026-08-03,DXCM,Steven Silver,7.4
2026-08-03,DXCM,William Plovanic,0.7
2026-08-03,EG,Bob Huang,0
2026-08-03,EG,Brian Meredith,5.4
2026-08-03,EIX,Carly Davenport,39.2
2026-08-03,EQIX,Benjamin Soff,24.3
2026-08-03,ES,Andrew Weisel,-7
2026-08-03,ES,Anthony Crowdell,9.3
2026-08-03,ES,James Thalacker,6.3
2026-08-03,ES,Nicolas Woods,13.7
2026-08-03,ESS,Jeffrey Spector,11.8
2026-08-03,ESS,Richard Anderson,17
2026-08-03,ETN,Jeffrey Hammond,
2026-08-03,EW,William Plovanic,-3.7
2026-08-03,FANG,Doug Leggate,7.1
2026-08-03,FANG,Neal Dingmann,
2026-08-03,FICO,Scott Wurtzel,
2026-08-03,FICO,Sean Kennedy,41.5
2026-08-03,FICO,Surinder Thind,76.4
2026-08-03,FRT,Alexander Goldfarb,34.3
2026-08-03,FRT,Barry Jonas,
2026-08-03,FRT,Greg McGinniss,15.4
2026-08-03,FSLR,Joseph Osha,43.9
2026-08-03,FSLR,Mark Strouse,30.6
2026-08-03,FSLR,Vikram Bagri,51.6
2026-08-03,FTNT,Shrenik Kothari,-2.8
2026-08-03,GDDY,Jamesmichael Sherman-Lewis,7.7
2026-08-03,GDDY,Ygal Arounian,-4.6
2026-08-03,GEV,Jed Dorsheimer,
2026-08-03,GILD,Salveen Richter,-13.4
2026-08-03,GOOGL,Brent Thill,26.9
2026-08-03,GS,Erika Najarian,22.1
2026-08-03,HCA,Stephen Baxter,-10.9
2026-08-03,HII,Gautam Khanna,31.9
2026-08-03,HSY,Jim Salera,47.2
2026-08-03,INCY,Andrew Berens,23.7
2026-08-03,INCY,Salim Syed,9.3
2026-08-03,INVH,Tyler Batory,22.6
2026-08-03,IR,Michael Halloran,51.7
2026-08-03,IR,Nathan Jones,40.6
2026-08-03,ISRG,Mathew Blackman,23.3
2026-08-03,JNJ,Larry Biegelsen,4.4
2026-08-03,JNJ,Terence Flynn,8.9
2026-08-03,JPM,Erika Najarian,14.4
2026-08-03,KKR,Brennan Hawken,19.4
2026-08-03,KKR,Brian Bedell,17.4
2026-08-03,KKR,Stephen Biggar,26.5
2026-08-03,KKR,Unknown Analyst,26.5
2026-08-03,LHX,Gavin Parsons,20.5
2026-08-03,LIN,Joshua Spector,32.9
2026-08-03,LIN,Laurence Alexander,21.6
2026-08-03,LIN,Patrick Cunningham,26
2026-08-03,LIN,Vincent Andrews,15.1
2026-08-03,LNT,Anthony Crowdell,13.7
2026-08-03,LNT,Edward DeArias,18.3
2026-08-03,LYB,Duffy Fischer,1.7
2026-08-03,LYB,Jeffrey Zekauskas,29.2
2026-08-03,LYB,John McNulty,9.8
2026-08-03,LYB,John Roberts CFA,6.6
2026-08-03,LYB,Matthew DeYoe,-9.6
2026-08-03,LYV,Doug Creutz,16.1
2026-08-03,LYV,Jason Bazinet,26.9
2026-08-03,MAA,Jeffrey Spector,32.9
2026-08-03,MAR,Ari Klein,16.5
2026-08-03,MAR,Brandt Montour,2.7
2026-08-03,MAR,Kevin Kopelman,23.9
2026-08-03,MAR,Lizzie Dove,18
2026-08-03,MAR,Simon Yarmak,1.2
2026-08-03,MAR,Stephen Grambling,12.1
2026-08-03,MAS,Collin Verron,8.7
2026-08-03,MAS,Ketan Mamtora,13.1
2026-08-03,MCHP,Matthew Prisco,70.6
2026-08-03,META,Brent Thill,6.6
2026-08-03,META,Paul Chew,12.7
2026-08-03,META,Rohit Kulkarni,12.7
2026-08-03,MLM,Anthony Pettinari,40.6
2026-08-03,MLM,Ivan Yi,32.1
2026-08-03,MLM,Scott Group,32.1
2026-08-03,MLM,Steven Fisher,45.7
2026-08-03,MMM,Andrew Obin,
2026-08-03,MS,Erika Najarian,28.3
2026-08-03,MSFT,Brent Thill,16.4
2026-08-03,MSFT,Unknown Analyst,4.3
2026-08-03,MTB,Erika Najarian,12.2
2026-08-03,MTD,Daniel Arias,14.9
2026-08-03,MTD,Luke Sergott,13.1
2026-08-03,MTD,Unknown Analyst,4.1
2026-08-03,NCLH,Christopher Stathoulopoulos,20.4
2026-08-03,NOC,Andre Madrid,54.5
2026-08-03,NVDA,Varun Govindaraj,43.4
2026-08-03,NXPI,Francois Xavier Bouvignies,18.4
2026-08-03,NXPI,Stacy Rasgon,27.2
2026-08-03,ODFL,Fadi Chamoun,50.3
2026-08-03,OMC,Adam Berlin,81.5
2026-08-03,ORLY,Steven Zaccone,25.1
2026-08-03,PFG,Pablo Singzon,-9.1
2026-08-03,PGR,Tracy Benguigui,
2026-08-03,PLD,Nicholas Yulico,11.2
2026-08-03,PLTR,Alex Zukin,
2026-08-03,PLTR,Brent Thill,-55
2026-08-03,PLTR,Gabriela Borges,14.8
2026-08-03,PLTR,Rishi Jaluria,-49.3
2026-08-03,PLTR,Thomas Blakey,-12.2
2026-08-03,PSA,Jeffrey Spector,15.1
2026-08-03,PTC,Nay Soe Naing,25.1
2026-08-03,PWR,Adam Thalhimer,25.6
2026-08-03,PWR,Jamie Cook,53.3
2026-08-03,PWR,Maheep Mandloi,16.4
2026-08-03,PWR,Marc Bianchi,23.3
2026-08-03,PWR,Mark Strouse,8.4
2026-08-03,RDDT,Rohit Kulkarni,-3.9
2026-08-03,RDDT,Serena Yi Qi Lim,52.5
2026-08-03,REG,Jeffrey Spector,19.3
2026-08-03,REG,Samir Khanal,19.3
2026-08-03,REGN,Geoff Meacham,-5.7
2026-08-03,REGN,Yatin Suneja,31.3
2026-08-03,ROL,Brian McNamara,38.8
2026-08-03,SBAC,Michael Funk,28.8
2026-08-03,SBUX,Jacob Aiken Phillips,
2026-08-03,SHW,Steven Forbes,24.7
2026-08-03,SO,Ross Fowler,16.9
2026-08-03,SYF,Erika Najarian,15.9
2026-08-03,SYK,David Turkaly,45.4
2026-08-03,TKO,Tyler DiMatteo,25.2
2026-08-03,TROW,Alex Bond,10.4
2026-08-03,TROW,Alexander Blostein,-13.6
2026-08-03,TROW,Benjamin Budish,-1.1
2026-08-03,TROW,Brennan Hawken,15.2
2026-08-03,TROW,Brian Bedell,4.6
2026-08-03,TSLA,Stephen Gengaro,34.8
2026-08-03,TT,Andrew Obin,
2026-08-03,TTD,Scott Devitt,50.9
2026-08-03,TXN,Atif Malik,
2026-08-03,TXT,Noah Poponak,16.7
2026-08-03,TYL,Peter Heckmann,36.3
2026-08-03,UDR,Jana Galan,32.7
2026-08-03,UDR,Jeffrey Spector,32.7
2026-08-03,UDR,Richard Anderson,20.9
2026-08-03,UNH,George Hill,
2026-08-03,UPS,Jordan Alliger,33.3
2026-08-03,URI,John Eade,23.3
2026-08-03,URI,Kristina Ruggeri,23.3
2026-08-03,V,Matthew O'Neill,16.8
2026-08-03,V,Philipp Haessler,14
2026-08-03,V,Unknown Analyst,14
2026-08-03,V,Will Nance,18.9
2026-08-03,VICI,Shaun Kelley,
2026-08-03,VLO,Jason Gabelman,-15.3
2026-08-03,VLO,Neil Mehta,-11.7
2026-08-03,VLO,Sergey Pigarev,-33.2
2026-08-03,VRTX,Andy Chen,9.6
2026-08-03,VTR,Jeffrey Spector,30.3
2026-08-03,WELL,Farrell Granath,27.6
2026-08-03,WMB,John Mackay,13.8
2026-08-03,WMB,Keith Stanley,16.6
2026-08-03,WST,Joanne Wuensch,13.7
2026-08-03,WTW,Brian Meredith,30.7
2026-08-03,WTW,Robert Cox CFA,24.2
2026-08-03,WTW,Ryan Tunis,22.6
2026-08-03,WY,Kurt Yinger,46.1
2026-08-03,WY,Michael Roxland,32
2026-08-03,XOM,Bob Brackett,11.3
2026-08-03,XOM,Kim Fustier,-3.4
2026-08-03,XOM,Pei Hwa Ho,8.2
2026-08-03,XYL,Michael Fairbanks,27.4
2026-08-03,YUM,Sara Senatore,29
2026-08-04,AAPL,Jack Zhou,-16.6
2026-08-04,AAPL,Unknown Analyst,-16.6
2026-08-04,ACGL,Michael Zaremski,4.7
2026-08-04,ADP,Ramsey El Assal,14.2
2026-08-04,AIZ,Jeff Schmitt,
2026-08-04,AJG,Matthew Heimermann,18.7
2026-08-04,AMD,Blayne Curtis,18.3
2026-08-04,AMD,C J Muse,27.4
2026-08-04,AMD,James Schneider,16.5
2026-08-04,AMD,Joshua Buchalter,22.9
2026-08-04,AMD,Tristan Gerra,127.6
2026-08-04,AMD,Vijay Rakesh,5.6
2026-08-04,AME,Deane Dray,23.3
2026-08-04,AMZN,Doug Anmuth,44.7
2026-08-04,AMZN,Lloyd Walmsley,30.9
2026-08-04,ANET,Aaron Rakers,28.4
2026-08-04,ANET,John Shao,25.9
2026-08-04,ANET,Michael Genovese,41
2026-08-04,ANET,Sean O'Loughlin,25.9
2026-08-04,APTV,Colin Langan,51.1
2026-08-04,ARE,Richard Anderson,-7
2026-08-04,ARE,Ronald Kamdem,-5.2
2026-08-04,AVY,Jeffrey Zekauskas,12.3
2026-08-04,AWK,Richard Sunderland,1.5
2026-08-04,AXP,John Pancari,19.4
2026-08-04,BF.B,Filippo Falorni,7
2026-08-04,BKNG,Gregory Miller,43.8
2026-08-04,BMY,Chris Schott,16.6
2026-08-04,BMY,Jasper Hellweg,19.8
2026-08-04,BNY,Vivek Juneja,4.2
2026-08-04,BRO,Meyer Shields,12.7
2026-08-04,BXP,Nicholas Joseph,8.2
2026-08-04,CHRW,Jordan Alliger,17.4
2026-08-04,CLX,Andrea Faria Teixeira,14.3
2026-08-04,CLX,Dara Mohsenian,16.7
2026-08-04,CLX,Nik Modi,32.4
2026-08-04,CLX,Peter Grom,26.4
2026-08-04,CLX,Robert Moskow,8.3
2026-08-04,CLX,Stephen Powers,17.9
2026-08-04,CMG,John Ivankoe,19.7
2026-08-04,CMG,Sharon Zackfia,
2026-08-04,CMI,Kyle Menges,48.4
2026-08-04,CMI,Tami Zakaria,29.6
2026-08-04,CNP,Richard Sunderland,19.9
2026-08-04,COIN,Ken Worthington,-23.8
2026-08-04,CRH,Adam Seiden,52.1
2026-08-04,CVNA,Rajat Gupta CFA,
2026-08-04,CVX,Arun Jayaram,6
2026-08-04,DDOG,Blair Abernethy,32.7
2026-08-04,DDOG,Ryan MacWilliams,28.3
2026-08-04,DHR,Luke Sergott,8.6
2026-08-04,DLR,Joseph Osha,9.8
2026-08-04,DLR,Marie Ferguson,16.4
2026-08-04,DUK,Nicholas Amicucci,19.1
2026-08-04,DUK,Ross Fowler,17.4
2026-08-04,DVN,Neal Dingmann,
2026-08-04,DXCM,Anthony Petrone,6.3
2026-08-04,DXCM,Robbie Marcus,-8.2
2026-08-04,EBAY,Andrew Boone,
2026-08-04,ECHO,Bryan Kraft,26.3
2026-08-04,ECHO,Gregory Williams,39.1
2026-08-04,ECHO,Michael Rollins,25.2
2026-08-04,ECL,Jim Kelleher,15
2026-08-04,ECL,John Eade,15
2026-08-04,EMR,Deane Dray,19.4
2026-08-04,EQIX,Jonathan Atkin,19.9
2026-08-04,EQIX,Richard Choe,27.3
2026-08-04,ETN,Unknown Analyst,
2026-08-04,EXE,Arun Jayaram,38.3
2026-08-04,EXPD,Jason Seidl,-7.8
2026-08-04,EXPD,Jordan Alliger,-10.4
2026-08-04,EXPE,Gregory Miller,10.6
2026-08-04,EXR,Todd Thomas,
2026-08-04,FANG,Stephen Richardson,32.5
2026-08-04,FICO,Alexander Hess,61.1
2026-08-04,FIS,Christopher Kennedy,
2026-08-04,FIS,David Koning,34.8
2026-08-04,FRT,Simon Yarmak,10
2026-08-04,GD,David E. Strauss,24.6
2026-08-04,GEV,John Eade,38.2
2026-08-04,GILD,Carter Gould,3.3
2026-08-04,GILD,Geoff Meacham,9.9
2026-08-04,GILD,Tyler Van Buren,6.6
2026-08-04,GNRC,John Eade,39.8
2026-08-04,GNRC,Jon Windham,63.9
2026-08-04,GWW,Deane Dray,12.7
2026-08-04,HII,David E. Strauss,24.6
2026-08-04,HII,Seth Seifman,35.6
2026-08-04,HOOD,Andrew Harte,4.3
2026-08-04,HSIC,Brandon Vazquez,
2026-08-04,HSIC,Elizabeth Anderson CFA,23.8
2026-08-04,HSIC,Vik Chopra,0.2
2026-08-04,HSY,Thomas Palmer,13.7
2026-08-04,IT,Andrew Nicholas,
2026-08-04,IT,George Tong,-2.6
2026-08-04,IT,Toni Kaplan,-4.7
2026-08-04,KMB,Georgy Vashchenko,23.6
2026-08-04,KMI,Devin McDermott,19.3
2026-08-04,KMI,Robert Kad,19.3
2026-08-04,LDOS,Kenneth Herbert,33.1
2026-08-04,LDOS,Louie DiPalma,
2026-08-04,LH,David Westenberg,-3.7
2026-08-04,LRCX,Harlan Sur,18
2026-08-04,LRCX,Vivek Arya,
2026-08-04,LYB,Arun Viswanathan,16.3
2026-08-04,LYB,Joshua Spector,3.3
2026-08-04,LYB,Patrick Cunningham,16.3
2026-08-04,LYB,Vincent Andrews,16.3
2026-08-04,MAR,Benjamin Chaiken,10.4
2026-08-04,MAR,Daniel Politzer,14.5
2026-08-04,MAR,Duane Pfennigwerth,18
2026-08-04,MAR,Michael Bellisario,16
2026-08-04,MAR,Shaun Kelley,
2026-08-04,MAR,Steven Pizzella,9.8
2026-08-04,MAR,Trey Bowers,25.4
2026-08-04,MCD,Brian Mullan,15.2
2026-08-04,MLM,Brian Brophy,29.2
2026-08-04,MOS,Duffy Fischer,14.4
2026-08-04,MTD,Casey Woodring,0.6
2026-08-04,MTD,Kallum Titchmarsh,4.1
2026-08-04,NCLH,Matthew Boss,20.4
2026-08-04,NTRS,Vivek Juneja,4.3
2026-08-04,OKE,Selman Akyol,5.9
2026-08-04,ON,Craig Ellis,81.5
2026-08-04,ON,Kevin Cassidy,21.5
2026-08-04,ON,Mark Lipacis,95.8
2026-08-04,PFE,Asad Haider,-6
2026-08-04,PFE,Carter Gould,-2.4
2026-08-04,PFE,Chris Schott,1.2
2026-08-04,PFE,Jason Gerberry,-2.4
2026-08-04,PFE,Terence Flynn,1.2
2026-08-04,PGR,David Motemaden,7.7
2026-08-04,PGR,Pablo Singzon,12.9
2026-08-04,PLD,Michael Carroll,18.7
2026-08-04,PLTR,Brad Zelnick,12.6
2026-08-04,PLTR,Clarke Jeffries,29.5
2026-08-04,PLTR,Gregg Moskowitz,21
2026-08-04,PLTR,Joseph Bonner,7
2026-08-04,PLTR,Michael Latimore,12.6
2026-08-04,PLTR,Sanjit Singh,15.4
2026-08-04,PRU,Joshua Shanker,9.8
2026-08-04,PWR,John Staszak,25.6
2026-08-04,Q,James Schneider,45.8
2026-08-04,QCOM,Joseph Cardoso,21
2026-08-04,RDDT,Doug Anmuth,22.6
2026-08-04,REGN,Chris Schott,14.7
2026-08-04,RL,Krisztina Katai,31.6
2026-08-04,RL,Michael Binetti,37.3
2026-08-04,ROL,John Eade,
2026-08-04,RVTY,Luke Sergott,-19.8
2026-08-04,SBAC,Brandon Nispel,40
2026-08-04,SBAC,Eric Luebchow,17.6
2026-08-04,SBAC,Jonathan Atkin,20.4
2026-08-04,SBAC,Michael Elias,28.2
2026-08-04,SBAC,Michael Ng,12
2026-08-04,SBAC,Richard Choe,23.2
2026-08-04,SO,Anthony Crowdell,23.9
2026-08-04,STT,Vivek Juneja,2.3
2026-08-04,SW,Anthony Pettinari,28.6
2026-08-04,SW,Detlef Winckelmann,53.4
2026-08-04,SW,Pallav Mittal,26.3
2026-08-04,SYK,Robbie Marcus,27.2
2026-08-04,TKO,Brent Navon CFA,18.9
2026-08-04,TKO,Curry Baker,24.2
2026-08-04,TKO,David Karnovsky,17.3
2026-08-04,TKO,Eric Handler,21.5
2026-08-04,TKO,Jeffrey Wlodarczak,32.1
2026-08-04,TKO,Lance Vitanza,32.1
2026-08-04,TKO,Ryan Gravett,25.8
2026-08-04,TKO,Sean Diffley,21.5
2026-08-04,TPR,Matthew Boss,83.5
2026-08-04,UDR,Anthony Paolone,20.9
2026-08-04,V,Matthew Coad,
2026-08-04,V,Owen Lau,10.2
2026-08-04,VICI,Brad Heffern,22.3
2026-08-04,VLO,Arun Jayaram,-18
2026-08-04,VLO,Nitin Kumar CFA,-27.4
2026-08-04,VRT,Andrew Obin,
2026-08-04,VRTX,Andrew Fein,26.1
2026-08-04,VRTX,Carter Gould,17
2026-08-04,VRTX,Cory Kasimov,5.2
2026-08-04,VRTX,Joseph Stringer,
2026-08-04,VRTX,Mohit Bansal,8.2
2026-08-04,VRTX,Phil Nadeau,8.2
2026-08-04,VRTX,Salveen Richter,28.5
2026-08-04,VRTX,Whitney Ijem,-13.1
2026-08-04,VTR,Nicholas Joseph,-16.9
2026-08-04,VZ,Michael Ng,6.1
2026-08-04,WAT,Matt Larew,
2026-08-04,WAT,Michael Ryskin,-1.6
2026-08-04,WAT,Subbu Nambi,4.4
2026-08-04,WAT,Unknown Analyst,4.4
2026-08-04,WEC,Paul Fremont,7.1
2026-08-04,WELL,Austin Wurschmidt,20.2
2026-08-04,WM,Jon Windham,27.9
2026-08-04,WMB,Praneeth Satish,24.9
2026-08-04,WMB,Selman Akyol,15.2
2026-08-04,WTW,Matthew Heimermann,11.3
2026-08-04,WTW,Meyer Shields,27.1
2026-08-04,WY,Anthony Pettinari,36.7
2026-08-04,WYNN,Lizzie Dove,45.7
2026-08-04,XEL,Anthony Crowdell,27.2
2026-08-04,XOM,Arun Jayaram,1.5
2026-08-04,XOM,Sergey Pigarev,-13.2
2026-08-04,XOM,Werner Eisenmann,-4.6
2026-08-04,XYZ,Richard Sunderland,
2026-08-04,YUM,John Ivankoe,16
2026-08-05,AAPL,Jim Hin Kwong Au,-10.6
2026-08-05,ABBV,Hans Engel,
2026-08-05,ADM,Steven Haynes,-6.9
2026-08-05,AEP,Ryan Levine,18.1
2026-08-05,AKAM,Patrick Colville,73.7
2026-08-05,ALB,John Roberts CFA,43.2
2026-08-05,ALGN,Glen Santangelo,36.3
2026-08-05,ALL,Ryan Tunis,-3.2
2026-08-05,AMAT,Stephan Lingnau,
2026-08-05,AMD,Christopher Rolland,
2026-08-05,AMD,Cody Acree,24.7
2026-08-05,AMD,Gil Luria,0.1
2026-08-05,AMD,Gus Richard,
2026-08-05,AMD,Harlan Sur,0.1
2026-08-05,AMD,Ingo Wermann,
2026-08-05,AMD,Jim Kelleher,13.8
2026-08-05,AMD,John Vinh,32
2026-08-05,AMD,Joseph Moore,-15.3
2026-08-05,AMD,Kevin Cassidy,27.4
2026-08-05,AMD,Mark Lipacis,5.4
2026-08-05,AMD,Rick Schafer,
2026-08-05,AMD,Sebastien Naji,
2026-08-05,AMD,Srini Pajjuri,-1.7
2026-08-05,AMD,Thomas O'Malley,21.1
2026-08-05,AMD,Timothy Arcuri,32.9
2026-08-05,AMD,Unknown Analyst,9.2
2026-08-05,AME,Andrew Kaplowitz,10.6
2026-08-05,AME,Brett Linzey,20.8
2026-08-05,AME,Daniel DiCicco,19.5
2026-08-05,AME,Matt Summerville,20.8
2026-08-05,AME,Quinn Fredrickson,16.5
2026-08-05,AME,Scott Graham,22.9
2026-08-05,AME,Steve Barger,25
2026-08-05,AMGN,Brian Skorney,-39.8
2026-08-05,AMGN,Courtney Breen,-9.7
2026-08-05,AMGN,Gary Nachman,0.5
2026-08-05,AMGN,Jay Olson,17.8
2026-08-05,AMGN,Luca Issi,4.7
2026-08-05,ANET,Amit Daryanani,25.9
2026-08-05,ANET,Brandon Nispel,25.9
2026-08-05,ANET,David Vogt,30.4
2026-08-05,ANET,Joseph Cardoso,25.9
2026-08-05,ANET,Matthew Niknam,17.8
2026-08-05,ANET,Meta Marshall,10.8
2026-08-05,ANET,Ryan Koontz,30.9
2026-08-05,ANET,Samik Chatterjee,25.9
2026-08-05,ANET,Sebastien Naji,
2026-08-05,ANET,Tim Long,45.5
2026-08-05,APD,Arun Viswanathan,27.7
2026-08-05,APO,Bart Dziarski,15.5
2026-08-05,APO,Michael Brown,36.1
2026-08-05,APO,Michael Cyprys,29.8
2026-08-05,APTV,Andrew Percoco,25.9
2026-08-05,APTV,Edison Yu,28.2
2026-08-05,APTV,Itay Michaeli,76.2
2026-08-05,APTV,Joseph Spak,41.9
2026-08-05,APTV,Luke Junk,35
2026-08-05,APTV,Steven Fox,
2026-08-05,ARES,Craig Siegenthaler,27.3
2026-08-05,AXON,David Paige,63
2026-08-05,BALL,Edlain Rodriguez,18.9
2026-08-05,BALL,George Staphos,23.9
2026-08-05,BALL,Hillary Cacanando,18.9
2026-08-05,BALL,Joshua Spector,9
2026-08-05,BBY,Jonathan Matuszewski,-9.1
2026-08-05,BG,Steven Haynes,20.6
2026-08-05,BKNG,Benjamin Black CFA,36.6
2026-08-05,BKNG,Brad Erickson,30.7
2026-08-05,BKNG,Brian Nowak,36.6
2026-08-05,BKNG,Brian Pitz,48.5
2026-08-05,BKNG,Daniel Kurnos,48.5
2026-08-05,BKNG,Deepak Mathivanan,30.7
2026-08-05,BKNG,Jed Kelly,42.6
2026-08-05,BKNG,Ken Gawrelski,30.7
2026-08-05,BKNG,Kevin Kopelman,48.5
2026-08-05,BKNG,Lloyd Walmsley,42.6
2026-08-05,BKNG,Michael Bellisario,36.6
2026-08-05,BKNG,Naved Khan,62.8
2026-08-05,BKNG,Ross Sandler,24.8
2026-08-05,BKNG,Stephen Ju,62.8
2026-08-05,BKNG,Thomas Champion,27.7
2026-08-05,BKNG,Ygal Arounian,46.7
2026-08-05,BR,Kyle Peterson,40.5
2026-08-05,BR,Peter Heckmann,30.7
2026-08-05,BR,Puneet Jain,16.7
2026-08-05,CAT,Angel Castillo,14.2
2026-08-05,CAT,Jamie Cook,52.9
2026-08-05,CAT,Mircea Dobre,21.1
2026-08-05,CAT,Sabahat Khan,12
2026-08-05,CAT,Steven Fisher,15.5
2026-08-05,CAT,Tami Zakaria,37.3
2026-08-05,CF,Duffy Fischer,-10.9
2026-08-05,CF,Edlain Rodriguez,
2026-08-05,CINF,Meyer Shields,12.4
2026-08-05,CME,Benjamin Budish,-2.2
2026-08-05,CMG,Andrew Charles,31.6
2026-08-05,CMG,Dennis Geiger,34.6
2026-08-05,CMG,Peter Saleh,34.6
2026-08-05,CMI,Angel Castillo,43
2026-08-05,CMI,Jamie Cook,68
2026-08-05,CMI,Jerry Revich,64.2
2026-08-05,CMI,Steven Fisher,56.9
2026-08-05,COF,Cody Shield,38.7
2026-08-05,COF,Erika Najarian,38.7
2026-08-05,COIN,Craig Siegenthaler,-10.4
2026-08-05,COR,Ryan Daniels,
2026-08-05,COST,Phillip Blee,
2026-08-05,CRL,Casey Woodring,12.2
2026-08-05,CRL,Jared Haase,
2026-08-05,CRL,Luke Sergott,8.6
2026-08-05,CRM,Stephan Lingnau,
2026-08-05,CTSH,Dan Dolev,6.9
2026-08-05,CTSH,Jonathan Lee CFA,8.6
2026-08-05,CTSH,Sean Kennedy,6.9
2026-08-05,CVX,Jason Gabelman,-2.2
2026-08-05,DAL,Catherine O'Brien,45.7
2026-08-05,DASH,Taylor Manley,32.2
2026-08-05,DD,Joshua Spector,38
2026-08-05,DD,Matthew DeYoe,23.2
2026-08-05,DIS,Doug Creutz,19.8
2026-08-05,DIS,Joseph Bonner,30.5
2026-08-05,DIS,Michael Morris,16.9
2026-08-05,DIS,Unknown Analyst,30.5
2026-08-05,DOC,Nicholas Yulico,3.3
2026-08-05,DOC,Richard Anderson,13.1
2026-08-05,DOC,Ronald Kamdem,8.2
2026-08-05,DUK,Alex Kania,20
2026-08-05,DUK,Andrew Weisel,24.2
2026-08-05,DUK,Anthony Crowdell,15.7
2026-08-05,DUK,James Thalacker,12.3
2026-08-05,DUK,Nicholas Campanella,12.3
2026-08-05,DUK,Shahriar Pourreza,15.7
2026-08-05,DVA,Kevin Fischbeck,
2026-08-05,DVA,Pito Chickering,44.1
2026-08-05,DVN,Chris Baker,11.1
2026-08-05,EIX,Paul Fremont,13
2026-08-05,EMR,Alexander Virgo,26.7
2026-08-05,EMR,Andrew Kaplowitz,21.4
2026-08-05,EMR,Kenneth Newman,13.4
2026-08-05,EMR,Michael Halloran,14.1
2026-08-05,EOG,Michael Scialla,16.5
2026-08-05,EOG,Sergey Pigarev,-2.2
2026-08-05,EOG,Stephen Richardson,17.9
2026-08-05,EXPD,Brandon Oglenski,-16.2
2026-08-05,EXPD,Brian Ossenbeck,4.7
2026-08-05,EXPD,Daniel Moore CFA,-0.5
2026-08-05,EXPD,J. Bruce Chan,-3.6
2026-08-05,EXPD,Lucas Servera,-8.3
2026-08-05,EXPD,Ravi Shanker,-47.6
2026-08-05,EXPD,Thomas Wadewitz,10
2026-08-05,EXPD,Unknown Analyst,
2026-08-05,FANG,Gabriel Daoud,16.4
2026-08-05,FANG,Pei Hwa Ho,15.4
2026-08-05,FIS,Bryan Keane,26.3
2026-08-05,FIS,Dan Dolev,68.4
2026-08-05,FIS,James Faucette,29.1
2026-08-05,FIS,Matthew Coad,
2026-08-05,FIS,Nik Cremo,20.7
2026-08-05,FIS,Timothy Chiodo,37.6
2026-08-05,FIS,Vasundhara Govil,57.2
2026-08-05,FRT,Nicholas Joseph,17.2
2026-08-05,GILD,Joseph Stringer,13.3
2026-08-05,GILD,Mohit Bansal,9.9
2026-08-05,GILD,Tazeen Ahmad,7.9
2026-08-05,GILD,Umer Raffat,
2026-08-05,GPN,Andrew Jeffrey,
2026-08-05,GPN,Stephen Biggar,29.3
2026-08-05,GWW,Christopher Glynn,8.6
2026-08-05,GWW,David Manthey,10.5
2026-08-05,GWW,Kenneth Newman,
2026-08-05,GWW,Unknown Analyst,6.6
2026-08-05,HCA,David S Macdonald,15.7
2026-08-05,HIG,Meyer Shields,9.2
2026-08-05,HOOD,Craig Siegenthaler,16.8
2026-08-05,HSIC,Daniel Grosslight,32
2026-08-05,HSIC,Glen Santangelo,17.9
2026-08-05,HSIC,Jeff Johnson,28.5
2026-08-05,HSIC,Jonathan Block,12
2026-08-05,HSIC,Kevin Caliendo,10.8
2026-08-05,HSIC,Michael Petusky,22.6
2026-08-05,HSIC,Steven Valiquette,1.4
2026-08-05,HST,James Feldman,19
2026-08-05,HUM,Erin Wright,-4.2
2026-08-05,IDXX,Daniel Grosslight,30.9
2026-08-05,IDXX,Erin Wright,57.3
2026-08-05,IEX,John Eade,16.2
2026-08-05,IFF,Abigail Eberts,20.5
2026-08-05,IFF,Matthew DeYoe,21.7
2026-08-05,INVH,Jade Rahmani,15.2
2026-08-05,IRM,George Tong,33.8
2026-08-05,IT,Curtis Nagle,-11.2
2026-08-05,IT,Faiza Alwy,13
2026-08-05,IT,Jason Haas CFA,-19.3
2026-08-05,IT,Jasper Bibb,10.3
2026-08-05,IT,Jeffrey Meuler,23.3
2026-08-05,IT,Manav Patnaik,-19.3
2026-08-05,IT,Wahid Amin,-11.2
2026-08-05,IVZ,Craig Siegenthaler,24.5
2026-08-05,J,Adam Seiden,11.6
2026-08-05,J,Jamie Cook,12.3
2026-08-05,JNJ,Vamil Divan,6.3
2026-08-05,KIM,Alexander Goldfarb,37.6
2026-08-05,KIM,Greg McGinniss,11
2026-08-05,KIM,Michael Lewis,
2026-08-05,KIM,Simon Yarmak,20.9
2026-08-05,KKR,Craig Siegenthaler,44.7
2026-08-05,KMB,Anna Lizzul,24.7
2026-08-05,KMB,Javier Escalante,17.5
2026-08-05,KMB,Peter Grom,18.5
2026-08-05,KMB,Stephen Powers,14.4
2026-08-05,LDOS,Gavin Parsons,8.1
2026-08-05,LDOS,Jonathan Siegmann CFA,11.2
2026-08-05,LDOS,Peter Arment,
2026-08-05,LDOS,Tobey Sommer,25.3
2026-08-05,LIN,Sebastian Bray,19.5
2026-08-05,LLY,Michael Yee,23.6
2026-08-05,LLY,Mohit Bansal,15.4
2026-08-05,MA,Matthew Coad,12
2026-08-05,MCD,Andrew Strelzik,35
2026-08-05,MCD,Christopher Carril,22.9
2026-08-05,MCD,David Palmer,28.9
2026-08-05,MCD,Dennis Geiger,37
2026-08-05,MCD,Eric Gonzalez,22.9
2026-08-05,MCD,Georgy Vashchenko,22.9
2026-08-05,MCD,Gregory Francfort,16.8
2026-08-05,MCD,John Ivankoe,12.8
2026-08-05,MCD,Katharina Schmenger,
2026-08-05,MCD,Sara Senatore,38.2
2026-08-05,MCK,Steven Valiquette,3.5
2026-08-05,MET,Joshua Shanker,22.6
2026-08-05,MLM,Adam Seiden,30.4
2026-08-05,MO,"Matthew Smith, CFA",11
2026-08-05,MOS,Ben Isaacson,22.5
2026-08-05,MOS,Edlain Rodriguez,2.1
2026-08-05,MPC,Jason Gabelman,-11.7
2026-08-05,MPC,Neil Mehta,-11.5
2026-08-05,MPC,Sergey Pigarev,-30.1
2026-08-05,MPC,Stephen Richardson,-22.3
2026-08-05,MPC,Vikram Bagri,-25.2
2026-08-05,MRK,Luisa Hector,-13.5
2026-08-05,MSFT,Ivan Feinseth,39.7
2026-08-05,NCLH,Stephen Grambling,34.6
2026-08-05,NRG,Andrew Weisel,103.6
2026-08-05,NRG,James Thalacker,106.4
2026-08-05,NRG,Nicholas Amicucci,88.1
2026-08-05,OKE,Sergey Pigarev,12.3
2026-08-05,ON,Atif Malik,40
2026-08-05,OXY,Neil Mehta,2
2026-08-05,PEG,Alex Kania,34.7
2026-08-05,PEG,James Thalacker,13.2
2026-08-05,PEG,Ryan Levine,20.4
2026-08-05,PFE,Akash Tewari,22.9
2026-08-05,PFE,David Toung,
2026-08-05,PFE,Geoff Meacham,
2026-08-05,PFE,Kerry Holford,-9.6
2026-08-05,PFE,Mohit Bansal,1.2
2026-08-05,PG,Peter Galbo,
2026-08-05,PLD,John Kim,20.9
2026-08-05,PLTR,Mariana Perez Mora,43.5
2026-08-05,PLTR,Tyler Radke,37.9
2026-08-05,PNW,Edward DeArias,10.4
2026-08-05,PNW,James Thalacker,10.4
2026-08-05,PNW,Shahriar Pourreza,12.5
2026-08-05,PODD,Kendall Au,13.8
2026-08-05,PODD,Larry Biegelsen,2.4
2026-08-05,PODD,Robbie Marcus,8.1
2026-08-05,PODD,Shagun Singh Chadha,13.8
2026-08-05,PODD,Steven Lichtman,
2026-08-05,PODD,Suraj Kalia,
2026-08-05,PRU,Alex Scott,-22.3
2026-08-05,PSKY,Daniel Kurnos,56.7
2026-08-05,PSKY,Doug Creutz,-21.6
2026-08-05,PSKY,Jessica Reif Ehrlich,-11.9
2026-08-05,PSKY,John Hodulik,-21.6
2026-08-05,PSKY,Laura Martin,
2026-08-05,PSKY,Patrick Sholl,
2026-08-05,Q,Bhavesh Lodaya,54.1
2026-08-05,Q,Melissa Weathers,41.6
2026-08-05,RCL,Jamie Rollo,22
2026-08-05,REGN,Eliana Merle,16.9
2026-08-05,ROK,Alexander Virgo,16.7
2026-08-05,ROK,Andrew Kaplowitz,29
2026-08-05,ROK,Andrew Obin,
2026-08-05,ROK,Kenneth Newman,22.7
2026-08-05,ROK,Quinn Fredrickson,23.7
2026-08-05,ROL,John Staszak,-32.2
2026-08-05,ROP,John Eade,20.7
2026-08-05,RVTY,Daniel Arias,-23.3
2026-08-05,RVTY,Unknown Analyst,-23.3
2026-08-05,RVTY,Vijay Kumar,-12.2
2026-08-05,SBAC,Matthew Niknam,
2026-08-05,SYY,Brian Harbour,11.3
2026-08-05,SYY,Brian Mullan,6.3
2026-08-05,SYY,Karen Holthouse,8.8
2026-08-05,SYY,Kelly Bania,24
2026-08-05,SYY,Lauren Silberman,12.6
2026-08-05,SYY,Sara Senatore,20.2
2026-08-05,TDG,Gavin Parsons,56.1
2026-08-05,TDG,Jonathan Siegmann CFA,29.4
2026-08-05,TDG,Louie DiPalma,
2026-08-05,TDG,Scott Deuschle,25.3
2026-08-05,TROW,Craig Siegenthaler,-9.8
2026-08-05,TSCO,Michael Baker,11.8
2026-08-05,UBER,Brad Erickson,48.9
2026-08-05,UBER,Eric Sheridan,56
2026-08-05,UBER,George Gianarikas,2.1
2026-08-05,UBER,Lloyd Walmsley,58.9
2026-08-05,UBER,Mark Mahaney,
2026-08-05,UBER,Ralph Schackart,
2026-08-05,UBER,Taylor Manley,77.3
2026-08-05,VRTX,Eliana Merle,21.4
2026-08-05,VRTX,Naz Rahman,13.1
2026-08-05,WAT,Daniel Arias,-0.4
2026-08-05,WAT,Evan Stampler,-5.1
2026-08-05,WAT,Justin Bowers,-5.1
2026-08-05,WAT,Luke Sergott,9.1
2026-08-05,WAT,Unknown Analyst,-5.1
2026-08-05,WAT,Vijay Kumar,-0.4
2026-08-05,WDC,C J Muse,103.9
2026-08-05,WDC,James Schneider,39.3
2026-08-05,WDC,Tristan Gerra,42.7
2026-08-05,WMB,Ameet Thakkar,19.4
2026-08-05,WMB,Jean Ann Salisbury,20.7
2026-08-05,WMB,Robert Catellier,18
2026-08-05,WYNN,Barry Jonas,53
2026-08-05,WYNN,Benjamin Chaiken,61.6
2026-08-05,WYNN,Brandt Montour,66.5
2026-08-05,WYNN,John Staszak,59.2
2026-08-05,WYNN,Steven Pizzella,70.2
2026-08-05,WYNN,Steven Wieczynski,75.1
2026-08-05,XOM,Alastair Syme,-5.2
2026-08-06,ABNB,Jake Fuller,
2026-08-06,AIG,Joshua Shanker,22
2026-08-06,AIZ,Mark Hughes,26.2
2026-08-06,ALL,Adam Klauber,
2026-08-06,ALL,David Motemaden,4.8
2026-08-06,ALL,Harry Fong,20
2026-08-06,AMD,Aaron Rakers,27.4
2026-08-06,AMD,Amanda Tan,3.8
2026-08-06,AME,Jamie Cook,33.9
2026-08-06,AME,Joseph C Giordano,16.5
2026-08-06,AMGN,Chris Schott,-8.4
2026-08-06,ANET,Atif Malik,8.2
2026-08-06,APA,Neal Dingmann,
2026-08-06,APP,Alicia Reese,96
2026-08-06,APP,Benjamin Black CFA,86.3
2026-08-06,APP,Martin Yang,79.9
2026-08-06,APP,Michael Pachter,96
2026-08-06,APP,Nat Schindler,65.5
2026-08-06,APP,Stephen Ju,153.8
2026-08-06,ARES,William Katz,29.7
2026-08-06,AXON,Andrew Spinola,33.1
2026-08-06,AXON,James Fish,62.4
2026-08-06,AXON,Jeremy Hamblin,84.1
2026-08-06,AXON,Meta Marshall,41.9
2026-08-06,AXON,Michael Latimore,77.4
2026-08-06,AXON,Nilesh Bhaiya,58.6
2026-08-06,BA,Ivan Feinseth,54.5
2026-08-06,BALL,Anthony Pettinari,23.9
2026-08-06,BAX,Robbie Marcus,13.4
2026-08-06,BDX,Shagun Singh Chadha,-0.4
2026-08-06,BKNG,Doug Anmuth,47.3
2026-08-06,BKNG,Tom White,
2026-08-06,BLDR,Ketan Mamtora,38.9
2026-08-06,BLK,Manyi Lu,17.9
2026-08-06,BR,James Faucette,7.5
2026-08-06,CAT,Michael Shlisky,10.1
2026-08-06,CDW,David Vogt,9.3
2026-08-06,CDW,Erik Woodring,17.5
2026-08-06,CDW,Joseph Cardoso,16.8
2026-08-06,CDW,Unknown Analyst,9.3
2026-08-06,CEG,Shahriar Pourreza,42.1
2026-08-06,CMI,Adam Seiden,42.8
2026-08-06,COR,Daniel Grosslight,19.5
2026-08-06,COR,Eric Coldwell,19.5
2026-08-06,COR,Kevin Caliendo,38.9
2026-08-06,COST,Bill Kirk,-12.8
2026-08-06,CPAY,Andrew Jeffrey,
2026-08-06,CPAY,Christopher Zhang,4.3
2026-08-06,CPAY,David Koning,19.4
2026-08-06,CPAY,Mihir Bhatia,
2026-08-06,CPAY,Rayna Kumar,14.1
2026-08-06,CPAY,Sanjay Sakhrani,18.2
2026-08-06,CPAY,Tien Tsin Huang,18.2
2026-08-06,CRL,Eric Coldwell,5.4
2026-08-06,CRL,Justin Bowers,8.6
2026-08-06,CTAS,Leo Carrington,-11.5
2026-08-06,CVS,Andrew Mok CFA,21.6
2026-08-06,CVS,Ben Hendrix,27.2
2026-08-06,CVS,David S Macdonald,32.8
2026-08-06,CVS,Elizabeth Anderson CFA,40.7
2026-08-06,CVS,Michael Ha,20.4
2026-08-06,DASH,Benjamin Black CFA,34.8
2026-08-06,DASH,Bernie McTernan,37.3
2026-08-06,DASH,Brad Erickson,39.9
2026-08-06,DASH,Brian Nowak,42.5
2026-08-06,DASH,Deepak Mathivanan,34.8
2026-08-06,DASH,Jake Fuller,16.6
2026-08-06,DASH,Jason Helfstein,21.8
2026-08-06,DASH,John Blackledge,24.4
2026-08-06,DASH,Justin Patterson,42.5
2026-08-06,DASH,Mark Mahaney,55.5
2026-08-06,DASH,Mark Zgutowicz,52.9
2026-08-06,DASH,Ralph Schackart,
2026-08-06,DASH,Ronald Josey,32.2
2026-08-06,DASH,Ross Sandler,19.2
2026-08-06,DASH,Stephen Ju,16.6
2026-08-06,DASH,Thomas Champion,14
2026-08-06,DASH,Youssef Squali,74.1
2026-08-06,DD,Arun Viswanathan,36.4
2026-08-06,DD,Vincent Andrews,20.9
2026-08-06,DDOG,Adam Tindle,21.8
2026-08-06,DDOG,Brent Thill,13.1
2026-08-06,DDOG,Brian White,21.8
2026-08-06,DDOG,Fatima Boolani,32.7
2026-08-06,DDOG,Gabriela Borges,-31.3
2026-08-06,DDOG,Jonathan Ho,
2026-08-06,DDOG,Koji Ikeda,32.7
2026-08-06,DDOG,Matthew Hedberg,21.8
2026-08-06,DDOG,Thomas Blakey,42.2
2026-08-06,DIS,Barton Crockett,
2026-08-06,DIS,Bryan Kraft,31.5
2026-08-06,DIS,David Karnovsky,33.4
2026-08-06,DIS,Kannan Venkateshwar,12
2026-08-06,DIS,Kutgun Maral,40.3
2026-08-06,DIS,Laura Martin,21.7
2026-08-06,DIS,Mike Hickey,12
2026-08-06,DIS,Steven Cahall,28.6
2026-08-06,DIS,Unknown Analyst,21.7
2026-08-06,DUK,Sophie Karp,18.3
2026-08-06,DVN,Arun Jayaram,23.4
2026-08-06,DVN,Gabriel Daoud,33.7
2026-08-06,EBAY,Bernie McTernan,20.7
2026-08-06,EBAY,Brian Pitz,29.6
2026-08-06,EBAY,Colin Sebastian,12.7
2026-08-06,EBAY,Daniel Kurnos,19.8
2026-08-06,EBAY,Deepak Mathivanan,-5.2
2026-08-06,EBAY,Doug Anmuth,-4.3
2026-08-06,EBAY,Joseph Bonner,18.9
2026-08-06,EBAY,Lloyd Walmsley,-1.6
2026-08-06,EBAY,Mike McGovern,10
2026-08-06,EBAY,Ross Sandler,10
2026-08-06,EBAY,Thomas Champion,18.9
2026-08-06,EBAY,Youssef Squali,2.8
2026-08-06,EIX,Nicholas Campanella,35.6
2026-08-06,EMR,Chigusa Katoku,12.7
2026-08-06,EMR,Daniel DiCicco,16.7
2026-08-06,EMR,Jim Kelleher,16.7
2026-08-06,EMR,John Eade,16.7
2026-08-06,EOG,Arun Jayaram,4.7
2026-08-06,EOG,Gabriel Daoud,6.1
2026-08-06,EOG,Pei Hwa Ho,4
2026-08-06,EVRG,Edward DeArias,11.6
2026-08-06,EVRG,Shahriar Pourreza,9
2026-08-06,EXPE,Benjamin Black CFA,14.6
2026-08-06,EXPE,Brad Erickson,18.1
2026-08-06,EXPE,Daniel Kurnos,28.9
2026-08-06,EXPE,Deepak Mathivanan,11
2026-08-06,EXPE,Doug Anmuth,18.1
2026-08-06,EXPE,Eric Sheridan,32.5
2026-08-06,EXPE,Jed Kelly,30.7
2026-08-06,EXPE,Michael Bellisario,19.9
2026-08-06,EXPE,Naved Khan,39.6
2026-08-06,EXPE,Ross Sandler,14.6
2026-08-06,EXPE,Thomas Champion,16.3
2026-08-06,FANG,Arun Jayaram,21.1
2026-08-06,FDX,Zoe Zhang,18.6
2026-08-06,FE,Marie Ferguson,21.5
2026-08-06,FISV,Andrew Jeffrey,
2026-08-06,FISV,James Friedman,80.1
2026-08-06,FOXA,Jessica Reif Ehrlich,-16.2
2026-08-06,GILD,Chris Schott,6.6
2026-08-06,GILD,Michael Okunewitch,9.9
2026-08-06,GPN,Adam Frisch,-0.1
2026-08-06,GPN,Andrew Bauch,-2.4
2026-08-06,GPN,Bryan Keane,41.1
2026-08-06,GPN,David Koning,41.1
2026-08-06,GPN,Gustavo Gala,58.7
2026-08-06,GPN,James Faucette,21.1
2026-08-06,GPN,Jason Kupferberg,21.1
2026-08-06,GPN,Nik Cremo,4.6
2026-08-06,GPN,Vasundhara Govil,11.7
2026-08-06,GPN,Will Nance,10.5
2026-08-06,GRMN,Ivan Feinseth,35
2026-08-06,GS,Manyi Lu,27.4
2026-08-06,GWW,Chris Dankert,-0.5
2026-08-06,HII,Scott Deuschle,11.4
2026-08-06,HONA,Alexander Virgo,28.4
2026-08-06,HONA,Gavin Parsons,30.2
2026-08-06,HONA,Kenneth Herbert,52.8
2026-08-06,HSIC,John Stansel,20.2
2026-08-06,HST,Duane Pfennigwerth,14.5
2026-08-06,HST,Simon Yarmak,21.3
2026-08-06,HWM,Gautam Khanna,39.3
2026-08-06,IEX,Matt Summerville,7.3
2026-08-06,IFF,Ben Klieve,26.6
2026-08-06,IFF,Ghansham Panjabi,20.5
2026-08-06,IFF,Kevin McCarthy,12.1
2026-08-06,IFF,Kristen Owen,14.5
2026-08-06,IFF,Lisa De Neve,20.5
2026-08-06,IFF,Patrick Cunningham,21.7
2026-08-06,INCY,Derek Archila,-7.4
2026-08-06,INVH,Nicholas Joseph,30.1
2026-08-06,IRM,Andrew Steinerman,28.6
2026-08-06,IRM,Eric Luebchow,22.4
2026-08-06,J,Adam Bubes,18.5
2026-08-06,J,Unknown Analyst,1.8
2026-08-06,JCI,John Eade,22.1
2026-08-06,KDP,Christopher Carey,19.5
2026-08-06,KKR,William Katz,19.4
2026-08-06,KVUE,Jon Andersen,
2026-08-06,KVUE,Lauren Lieberman,6.7
2026-08-06,LIN,Aristotelis Moutopoulos,
2026-08-06,LLY,Asad Haider,18.6
2026-08-06,LLY,Carter Gould,22.3
2026-08-06,LLY,Louise Chen,12.8
2026-08-06,LLY,Terence Flynn,23.1
2026-08-06,LLY,Umer Raffat,
2026-08-06,MCHP,Joshua Buchalter,22.8
2026-08-06,MCK,Charles Rhyee,15
2026-08-06,MCK,Eric Coldwell,16
2026-08-06,MCK,Kevin Caliendo,23.5
2026-08-06,MET,Alex Scott,0
2026-08-06,MET,Paul Newsome,-7.3
2026-08-06,MOS,Matthew DeYoe,6.2
2026-08-06,MPC,Arun Jayaram,-24
2026-08-06,MPC,Theresa Chen,-24.5
2026-08-06,MRNA,Edward Tenthoff,-50
2026-08-06,MS,Manyi Lu,23.4
2026-08-06,MSI,Andrew Spinola,13.4
2026-08-06,MSI,James Fish,15.6
2026-08-06,MSI,Joseph Cardoso,18.8
2026-08-06,MSI,Louie DiPalma,
2026-08-06,MSI,Meta Marshall,3.8
2026-08-06,MSI,Tim Long,15.3
2026-08-06,MSI,Tomer Zilberman,
2026-08-06,NI,James Thalacker,20.7
2026-08-06,NI,Ross Fowler,
2026-08-06,NRG,Unknown Analyst,72.7
2026-08-06,NWSA,Andrew McLeod,17.5
2026-08-06,O,James Kammert,20
2026-08-06,O,Simon Yarmak,24.9
2026-08-06,O,Upal Rana,
2026-08-06,OKE,Theresa Chen,-5.8
2026-08-06,OXY,Nitin Kumar CFA,32.6
2026-08-06,PFE,Elmar Kraus,
2026-08-06,PFE,Vamil Divan,12.1
2026-08-06,PH,Daniel DiCicco,28.7
2026-08-06,PLD,Unknown Analyst,24.6
2026-08-06,PODD,Bruce Jackson,31.6
2026-08-06,PODD,Daniel Markowitz CFA,28
2026-08-06,PODD,Jeff Johnson,24.5
2026-08-06,PODD,Jonathan Block,28
2026-08-06,PODD,Kieran Ryan,28
2026-08-06,PODD,Lee Hambright,24.5
2026-08-06,PODD,Marie Thibault,
2026-08-06,PODD,Mathew Blackman,2.4
2026-08-06,PODD,Mike Kratky,3.1
2026-08-06,PODD,Richard Newitter,8.8
2026-08-06,PODD,William Plovanic,27.3
2026-08-06,PPG,Unknown Analyst,12.9
2026-08-06,PSKY,Sean Diffley,-2.1
2026-08-06,PSX,Jason Gabelman,-6.6
2026-08-06,PSX,Stephen Richardson,-19.5
2026-08-06,PSX,Vikram Bagri,-20.6
2026-08-06,Q,Arun Viswanathan,57.4
2026-08-06,RL,Robert Drbul,37.3
2026-08-06,RL,Tom Nikic,34.3
2026-08-06,ROK,Chigusa Katoku,2.5
2026-08-06,RVTY,Casey Woodring,-23.3
2026-08-06,SBAC,Cameron McVeigh,20.4
2026-08-06,SCHW,Manyi Lu,14.5
2026-08-06,SOLV,Brett Fishbin,14.8
2026-08-06,SOLV,Michael Piccolo,13.7
2026-08-06,SOLV,Nathan Treybeck,0.2
2026-08-06,SOLV,Steven Valiquette,27.2
2026-08-06,STE,Michael Matson,
2026-08-06,TDG,Kristine Liwag,28.9
2026-08-06,UBER,Bernie McTernan,54.6
2026-08-06,UBER,Daniel Kurnos,
2026-08-06,UBER,Deepak Mathivanan,27.7
2026-08-06,UBER,James Lee,58.9
2026-08-06,UBER,Ross Sandler,50.4
2026-08-06,UBER,Shyam Patil,27.7
2026-08-06,UBER,Stephen Ju,56
2026-08-06,UBER,Tom White,41.8
2026-08-06,UBER,Youssef Squali,58.9
2026-08-06,UPS,Kristina Ruggeri,31.2
2026-08-06,UPS,Unknown Analyst,31.2
2026-08-06,VTRS,Salveen Richter,18
2026-08-06,WAT,Casey Woodring,-5.1
2026-08-06,WBD,Laura Martin,
2026-08-06,WBD,Michael Morris,
2026-08-06,WDC,Amit Daryanani,30.3
2026-08-06,WDC,Erik Woodring,53.2
2026-08-06,WDC,Kevin Cassidy,81.3
2026-08-06,WDC,Kinngai Chan,
2026-08-06,WDC,Krish Sankar,22.3
2026-08-06,WDC,Sajal Dogra,81.3
2026-08-06,WDC,Thomas O'Malley,40.5
2026-08-06,WDC,Timothy Arcuri,19
2026-08-06,WDC,Unknown Analyst,47.3
2026-08-06,WDC,Vijay Rakesh,33.7
2026-08-06,WDC,Wamsi Mohan,63.1
2026-08-06,WMB,Jason Gabelman,20.7
2026-08-06,WMB,Spiro M. Dounis,16.6
2026-08-06,WYNN,James Hardiman,65.3
2026-08-06,XYZ,Adam Frisch,25.1
2026-08-06,XYZ,Andrew Bauch,10.8
2026-08-06,XYZ,Andrew Schmitt,40.8
2026-08-06,XYZ,Bryan Bergin,36.9
2026-08-06,XYZ,Bryan Keane,49.9
2026-08-06,XYZ,David Koning,36.9
2026-08-06,XYZ,James Friedman,30.4
2026-08-06,XYZ,Matthew O'Neill,49.9
2026-08-06,XYZ,Mayank Tandon,30.4
2026-08-06,XYZ,Nik Cremo,30.4
2026-08-06,XYZ,Owen Lau,13.4
2026-08-06,XYZ,Rayna Kumar,26.5
2026-08-06,XYZ,Vasundhara Govil,30.4
2026-08-07,ABNB,Bernie McTernan,
2026-08-07,ABNB,Brad Erickson,18.1
2026-08-07,ABNB,Daniel Kurnos,9
2026-08-07,ABNB,Deepak Mathivanan,-3.1
2026-08-07,ABNB,Jed Kelly,15
2026-08-07,ABNB,Ken Gawrelski,12.6
2026-08-07,ABNB,Kevin Kopelman,12
2026-08-07,ABNB,Maria Ripps,21.1
2026-08-07,ABNB,Michael Graham,21.1
2026-08-07,ABNB,Naved Khan,27.1
2026-08-07,ABNB,Ralph Schackart,
2026-08-07,ABNB,Shyam Patil,21.1
2026-08-07,ABNB,Stephen Ju,4.1
2026-08-07,ABNB,Ygal Arounian,21.1
2026-08-07,AFL,Alex Scott,-14.5
2026-08-07,AFL,Joshua Shanker,
2026-08-07,AIG,Alex Scott,7.4
2026-08-07,AIG,David Motemaden,12.7
2026-08-07,AIG,Rowland Mayor,15.3
2026-08-07,AIZ,Thomas McJoynt Griffith,15.6
2026-08-07,AKAM,Jackson Ader,88.2
2026-08-07,AKAM,Jeff Van Rhee,83.4
2026-08-07,AKAM,John Difucci,83.4
2026-08-07,AKAM,Jonathan Ho,
2026-08-07,AKAM,Michael Elias,35.1
2026-08-07,AKAM,Mike Cikos,
2026-08-07,AKAM,Param Singh,73.7
2026-08-07,AKAM,Peter Levine,68.9
2026-08-07,AKAM,Roger Boyd,38
2026-08-07,AKAM,Tal Liani,
2026-08-07,AKAM,Unknown Analyst,73.7
2026-08-07,AKAM,William Power,35.1
2026-08-07,ALB,Arun Viswanathan,40.5
2026-08-07,ALB,Eric Boyes,61.1
2026-08-07,ALB,Joel Jackson,79
2026-08-07,ALB,Joshua Spector,56.6
2026-08-07,ALB,Matthew DeYoe,38.7
2026-08-07,ALB,Patrick Cunningham,56.6
2026-08-07,ALL,Elyse Greenspan,0
2026-08-07,ALL,Mikhail Paramonov,18.8
2026-08-07,AMD,Yik Ban Chong,
2026-08-07,AMGN,Vamil Divan,1.6
2026-08-07,APO,Craig Siegenthaler,
2026-08-07,APP,Joseph Bonner,67.1
2026-08-07,BA,Robert Czerwensky,
2026-08-07,BDX,Jason Bednar,-3.2
2026-08-07,BKNG,John Staszak,45.6
2026-08-07,CEG,Andrew Weisel,73.1
2026-08-07,CEG,James Thalacker,48.8
2026-08-07,CEG,Nicholas Amicucci,49.2
2026-08-07,CF,Joel Jackson,4.6
2026-08-07,CF,Joshua Spector,-4.7
2026-08-07,CF,Lucas Beaumont,-4.7
2026-08-07,CF,Matthew DeYoe,-17.9
2026-08-07,CHRW,Unknown Analyst,40.2
2026-08-07,COP,Leo Mariani,-4.4
2026-08-07,COP,Sam Margolin,43.4
2026-08-07,COR,Erin Wright,11.7
2026-08-07,CPAY,Michael Infante,14.4
2026-08-07,CSX,Ariel Rosa,14.6
2026-08-07,CTVA,Vincent Andrews,18
2026-08-07,DAL,John Godyn,38.2
2026-08-07,DASH,Brian Pitz,51.9
2026-08-07,DASH,Ken Gawrelski,16.6
2026-08-07,DASH,Shyam Patil,29.6
2026-08-07,DDOG,Gil Luria,37
2026-08-07,DDOG,Ittai Kidron,30.5
2026-08-07,DDOG,Jack Andrews,30.5
2026-08-07,DDOG,Karl Keirstead,21.8
2026-08-07,DDOG,Keith Bachman,30.5
2026-08-07,DDOG,Kirk Materne,21.8
2026-08-07,DDOG,Mike Cikos,30.5
2026-08-07,DDOG,Patrick Colville,24
2026-08-07,DDOG,Raimo Lenschow,26.1
2026-08-07,DDOG,Rob Owens,19.6
2026-08-07,DDOG,Saiyi He,19.2
2026-08-07,DDOG,Sanjit Singh,30.5
2026-08-07,DVA,Ryan Langston,19.7
2026-08-07,EBAY,Mark Mahaney,
2026-08-07,ED,Nicholas Campanella,0.5
2026-08-07,ED,Shahriar Pourreza,2.4
2026-08-07,ED,Sophie Karp,-10.8
2026-08-07,EMR,Unknown Analyst,83.4
2026-08-07,EVRG,Alex Kania,21.6
2026-08-07,EXPE,Brian Pitz,2
2026-08-07,EXPE,Ken Gawrelski,9.9
2026-08-07,EXPE,Kevin Kopelman,14.6
2026-08-07,EXPE,Shyam Patil,12.8
2026-08-07,F,Dan Levy,6
2026-08-07,FAST,David Manthey,10.2
2026-08-07,FIS,Ramsey El Assal,40.4
2026-08-07,FISV,Andrew Bauch,6
2026-08-07,FISV,Andrew Schmitt,
2026-08-07,FISV,Bryan Bergin,16.6
2026-08-07,FISV,James Faucette,25
2026-08-07,FISV,Nik Cremo,10.2
2026-08-07,FISV,Sanjay Sakhrani,37.7
2026-08-07,FISV,Will Nance,14.4
2026-08-07,FOX,David Joyce,
2026-08-07,FOXA,David Joyce,
2026-08-07,FOXA,Doug Creutz,0.9
2026-08-07,FOXA,Kannan Venkateshwar,-6.9
2026-08-07,FOXA,Kutgun Maral,13.3
2026-08-07,FSLR,Daniel Yang,
2026-08-07,FSLR,Julien Dumoulin Smith,16.4
2026-08-07,GEN,Matthew Hedberg,3.4
2026-08-07,GEN,Richard Poland,-3.5
2026-08-07,GEN,Robert Coolbrith,
2026-08-07,GEN,Roger Boyd,24.1
2026-08-07,GEN,Saket Kalia,10.3
2026-08-07,GEN,Unknown Analyst,58.6
2026-08-07,GWW,Unknown Analyst,
2026-08-07,HCA,David Toung,16.9
2026-08-07,HCA,Unknown Analyst,16.9
2026-08-07,HONA,Daniel DiCicco,27.8
2026-08-07,HONA,David E. Strauss,19.2
2026-08-07,HWM,Charles Minervino,48
2026-08-07,HWM,David E. Strauss,37.2
2026-08-07,HWM,Gavin Parsons,41.9
2026-08-07,HWM,Kenneth Herbert,52.4
2026-08-07,HWM,Peter Arment,63.3
2026-08-07,JBHT,Ariel Rosa,31.9
2026-08-07,KDP,Michael Lavery,22.7
2026-08-07,KDP,Nik Modi,35.7
2026-08-07,KDP,Peter Grom,26
2026-08-07,KDP,Robert Moskow,6.6
2026-08-07,KDP,Robert Ottenstein,3.4
2026-08-07,KVUE,Nik Modi,12.3
2026-08-07,MCHP,Blayne Curtis,36.5
2026-08-07,MCHP,Christopher Rolland,63.8
2026-08-07,MCHP,Craig Ellis,47.4
2026-08-07,MCHP,John Vinh,
2026-08-07,MCHP,Kevin Cassidy,63.8
2026-08-07,MCHP,Mark Lipacis,59.7
2026-08-07,MCHP,Quinn Bolton,63.8
2026-08-07,MCHP,Thomas O'Malley,43.3
2026-08-07,MCHP,Timothy Arcuri,63.8
2026-08-07,MCHP,Tore Svanberg,47.4
2026-08-07,MCHP,Vivek Arya,36.5
2026-08-07,MNST,Bonnie Herzog,
2026-08-07,MNST,Gerald Pascarelli,
2026-08-07,MNST,Kaumil Gajrawala,20.8
2026-08-07,MNST,"Matthew Smith, CFA",17.4
2026-08-07,MNST,Michael Lavery,13
2026-08-07,MNST,Peter Galbo,20.8
2026-08-07,MNST,Robert Ottenstein,17.4
2026-08-07,NI,Nicholas Campanella,10.9
2026-08-07,NSC,Ariel Rosa,19.7
2026-08-07,O,Brad Heffern,23.5
2026-08-07,O,Jeffrey Spector,27.1
2026-08-07,OXY,Leo Mariani,-6.5
2026-08-07,PFE,Jill Wu,29.2
2026-08-07,PG,Chris Graja,1.1
2026-08-07,PG,Taylor Conrad,1.1
2026-08-07,PH,Andrew Kaplowitz,30.6
2026-08-07,PH,Chigusa Katoku,20.8
2026-08-07,PH,Jeffrey Hammond,28.2
2026-08-07,PH,John Eade,27.2
2026-08-07,PH,Mircea Dobre,35.1
2026-08-07,PH,Stephen Tusa,20.8
2026-08-07,PH,Unknown Analyst,32.5
2026-08-07,PWR,Sangita Jain,26.7
2026-08-07,QCOM,Egor Tolmachev,12.5
2026-08-07,REG,Marie Ferguson,16.5
2026-08-07,RL,Adrienne Yih,38.2
2026-08-07,RL,Blake Anderson,34.3
2026-08-07,RL,Jay Sole,55.2
2026-08-07,RL,Kendall Toscano,34.3
2026-08-07,RL,Rick Patel,26.8
2026-08-07,RMD,Adam Maeder,0
2026-08-07,RMD,Brandon Vazquez,
2026-08-07,RMD,David Rescott,-5.3
2026-08-07,RMD,Michael Matson,
2026-08-07,RMD,Nathan Treybeck,-4.4
2026-08-07,RMD,Unknown Analyst,
2026-08-07,RSG,David Manthey,7.8
2026-08-07,RSG,Devin Dodge,14.6
2026-08-07,RSG,James Schumm,14.6
2026-08-07,RSG,Konark Gupta,11
2026-08-07,RSG,Noah Kaye,16.9
2026-08-07,RSG,Sabahat Khan,24.7
2026-08-07,RSG,Shlomo Rosenbaum,15.1
2026-08-07,RSG,Tobey Sommer,23.8
2026-08-07,RSG,Toni Kaplan,6.4
2026-08-07,RSG,Trevor Romeo,
2026-08-07,RSG,William Grippin,10.1
2026-08-07,RVTY,Daniel Brennan,-9.4
2026-08-07,SHW,John McNulty,26.3
2026-08-07,SNDK,Jim Kelleher,-10.7
2026-08-07,SRE,Alex Kania,30.4
2026-08-07,SRE,James Thalacker,21.8
2026-08-07,SRE,Ross Fowler,
2026-08-07,STE,Jason Bednar,34.1
2026-08-07,STE,Patrick Wood,31.7
2026-08-07,TAP,Gerald Pascarelli,33.2
2026-08-07,TAP,Michael Lavery,17.2
2026-08-07,TAP,Peter Galbo,6.6
2026-08-07,TAP,Peter Grom,19.9
2026-08-07,TDG,David E. Strauss,33.5
2026-08-07,TRGP,James Weston,14.7
2026-08-07,TSLA,Joseph Spak,5.7
2026-08-07,TTD,Alec Brondolo,-13.8
2026-08-07,TTD,Andrew Marok,
2026-08-07,TTD,Brian Pitz,7.8
2026-08-07,TTD,Deepak Mathivanan,0.6
2026-08-07,TTD,Jason Helfstein,
2026-08-07,TTD,Jessica Reif Ehrlich,-21
2026-08-07,TTD,Mark Zgutowicz,43.7
2026-08-07,TTD,Michael Nathanson,-56.9
2026-08-07,TTD,Nat Schindler,-13.8
2026-08-07,TTD,Ralph Schackart,
2026-08-07,TTD,Shyam Patil,0.6
2026-08-07,TTD,Stephen Ju,14.9
2026-08-07,TTD,Vasily Karasyov,7.8
2026-08-07,TTD,Vikram Kesavabhotla,
2026-08-07,UAL,John Godyn,57.3
2026-08-07,UNP,Ariel Rosa,24.9
2026-08-07,VRT,Austin Wang,52.8
2026-08-07,VTRS,Ashwani Verma,35.7
2026-08-07,WAT,Daniel Brennan,12.7
2026-08-07,WBD,Doug Creutz,-6.5
2026-08-07,WBD,Unknown Analyst,11.5
2026-08-07,WMB,Elvira Scotto,20.7
2026-08-07,WY,Ketan Mamtora,79.1
2026-08-07,XOM,Jason Gabelman,2.7
2026-08-07,XYZ,Ramsey El Assal,23.8
2026-08-07,XYZ,Stephen Biggar,34.3
2026-08-08,EME,Manish Somaiya,39.6
2026-08-08,GNRC,Gareth Gacetta‏,60.5
2026-08-09,COR,Charles Rhyee,29.2
2026-08-09,DD,John McNulty,44.2
2026-08-09,EOG,Lloyd Byrne,21.3
2026-08-09,EVRG,Ryan Levine,21.6
2026-08-09,FANG,Lloyd Byrne,6.5
2026-08-09,FDX,Scott Group,28.4
2026-08-09,HON,Sheila Kahyaoglu,-15.2
2026-08-09,HONA,Sheila Kahyaoglu,7
2026-08-09,IRM,Jonathan Atkin,28.6
2026-08-09,LDOS,Sheila Kahyaoglu,13.6
2026-08-09,LIN,Duffy Fischer,26
2026-08-09,PPL,Steve Fleishman,26
2026-08-09,TDG,Sheila Kahyaoglu,49.6
2026-08-09,TTWO,Eric Sheridan,38.7
2026-08-09,TTWO,Peter Supino,40.7
2026-08-09,VRTX,Paul Matteis,-1.6
2026-08-09,VST,Steve Fleishman,64.9
2026-08-10,ABBV,Gavin Clark-Gartner,-1.6
2026-08-10,ABNB,Brian Pitz,-0.1
2026-08-10,ABNB,Ronald Josey,16.9
2026-08-10,ABNB,Ross Sandler,-9.2
2026-08-10,ABNB,Sergio Segura,
2026-08-10,AFL,Paul Newsome,19.2
2026-08-10,AFL,Yaron Kinar,0.2
2026-08-10,AIG,Elyse Greenspan,12.7
2026-08-10,AIG,Paul Newsome,11.3
2026-08-10,AKAM,Shyam Patil,35.1
2026-08-10,AKAM,Stephen Bersey,18.7
2026-08-10,ALB,Ben Isaacson,70
2026-08-10,ALB,Vincent Andrews,44.1
2026-08-10,ALGN,Elizabeth Anderson CFA,49.9
2026-08-10,ALL,Brian Meredith,10
2026-08-10,ALL,Robert Cox CFA,12
2026-08-10,ALLE,Christopher Snyder,5.3
2026-08-10,ANET,Michael Ng,13.3
2026-08-10,APA,Gabriel Daoud,-13.4
2026-08-10,APO,Stephen Biggar,26.6
2026-08-10,APP,Eric Sheridan,49.4
2026-08-10,APTV,Chris McNally,60.2
2026-08-10,APTV,Mark Delaney,62.5
2026-08-10,ARE,Michael Carroll,-8.8
2026-08-10,ARE,Nicholas Joseph,-10.6
2026-08-10,AXON,Michael Ng,58.6
2026-08-10,BA,Kristina Ruggeri,34.2
2026-08-10,BDX,Robbie Marcus,4
2026-08-10,BEN,Glenn Schorr,9.1
2026-08-10,BLDR,Charles Perron-Piche,56.3
2026-08-10,BLK,Glenn Schorr,18.9
2026-08-10,BRK.B,Brian Meredith,18.7
2026-08-10,CARR,Andrew Kaplowitz,
2026-08-10,CEG,John Eade,27.6
2026-08-10,CEG,Nicholas Campanella,27.2
2026-08-10,CEG,Rinny Singh,
2026-08-10,CF,Andrew Wong CFA,-10.9
2026-08-10,CF,Ben Isaacson,0.7
2026-08-10,CNC,John Staszak,21.5
2026-08-10,COP,Arun Jayaram,1.6
2026-08-10,COP,Neil Mehta,10.7
2026-08-10,COP,Sergey Pigarev,0.1
2026-08-10,COR,Lisa Gill,25.9
2026-08-10,CPAY,Ramsey El Assal,20.7
2026-08-10,CRL,Ann Hynes,-4.4
2026-08-10,CRL,Charles Rhyee,8.6
2026-08-10,CVS,Erin Wright,24.9
2026-08-10,DASH,Doug Anmuth,35.8
2026-08-10,DASH,Rohit Kulkarni,14
2026-08-10,DD,Chigusa Katoku,33.3
2026-08-10,DDOG,Brad Reback,32.7
2026-08-10,DDOG,Samik Chatterjee,32.7
2026-08-10,DLR,Vikram Malhotra,22.4
2026-08-10,DOC,Michael Carroll,18.1
2026-08-10,DOV,Christopher Snyder,14.7
2026-08-10,DPZ,Alton Stump,20
2026-08-10,ED,Carly Davenport,
2026-08-10,ED,Harsh Mehta,
2026-08-10,EQT,Scott Gruber,34
2026-08-10,ETN,Andrew Kaplowitz,
2026-08-10,EXE,Scott Gruber,31.4
2026-08-10,EXPE,Sergio Segura,
2026-08-10,EXPE,Tom White,
2026-08-10,FANG,Scott Gruber,14.3
2026-08-10,FE,Sophie Karp,
2026-08-10,FERG,Michael Dahl,35.2
2026-08-10,FSLR,Maheep Mandloi,65.3
2026-08-10,FTV,Andrew Kaplowitz,
2026-08-10,GEV,Andrew Kaplowitz,
2026-08-10,HCA,Kevin Fischbeck,-0.6
2026-08-10,HD,Robert Ohmes,37.3
2026-08-10,HON,Andrew Kaplowitz,
2026-08-10,HONA,Seth Seifman,43.6
2026-08-10,HUM,Lisa Gill,1.8
2026-08-10,HWM,Andre Madrid,48
2026-08-10,HWM,Kristine Liwag,45.9
2026-08-10,HWM,Seth Seifman,52.4
2026-08-10,HWM,Sheila Kahyaoglu,61.1
2026-08-10,IR,Andrew Kaplowitz,
2026-08-10,IR,Christopher Snyder,21.1
2026-08-10,ITW,Andrew Kaplowitz,
2026-08-10,J,Steven Fisher,16.5
2026-08-10,JCI,Andrew Kaplowitz,
2026-08-10,JKHY,Brett Huff,29.2
2026-08-10,KIM,Nicholas Joseph,15.4
2026-08-10,KIM,Samir Khanal,15.4
2026-08-10,LH,Ann Hynes,10.7
2026-08-10,MCHP,Atif Malik,29.7
2026-08-10,MCK,Daniel Grosslight,14.3
2026-08-10,MCK,Lisa Gill,19.1
2026-08-10,MMM,Christopher Snyder,15.4
2026-08-10,MNST,Stephen Powers,11.8
2026-08-10,MOS,Andrew Wong CFA,10.3
2026-08-10,MOS,Lucas Beaumont,-6
2026-08-10,MU,Atif Malik,13.2
2026-08-10,OTIS,Christopher Snyder,9.5
2026-08-10,OXY,Arun Jayaram,8.8
2026-08-10,OXY,Gabriel Daoud,7.1
2026-08-10,PG,Unknown Analyst,-2.3
2026-08-10,PPL,James Thalacker,14
2026-08-10,PPL,Michael Lonegan,23
2026-08-10,PPL,Nicolas Woods,
2026-08-10,PSX,Arun Jayaram,-14.3
2026-08-10,QCOM,Vivek Arya,1.3
2026-08-10,REG,Todd Thomas,
2026-08-10,RL,Matthew Boss,38.2
2026-08-10,RL,Paul Lejuez,35.8
2026-08-10,ROL,Manav Patnaik,38.8
2026-08-10,SRE,Carly Davenport,35.3
2026-08-10,STLD,Andrew Jones CFA,17.3
2026-08-10,SWK,Christopher Snyder,7.2
2026-08-10,TAP,Andrea Faria Teixeira,11.9
2026-08-10,TAP,Drew Levine,11.9
2026-08-10,TAP,Seamus Cassidy,14.6
2026-08-10,TDY,Sheila Kahyaoglu,37.5
2026-08-10,TRGP,Ameet Thakkar,3.7
2026-08-10,TROW,Glenn Schorr,13.3
2026-08-10,TSLA,Philippe Houchois,-3.9
2026-08-10,TTD,Matthew Cost,-6.6
2026-08-10,TTD,Mohammed Khallouf,-28.2
2026-08-10,TTD,Nicholas Jones CFA,-28.2
2026-08-10,TTD,Tom White,14.9
2026-08-10,TTWO,Alicia Reese,46
2026-08-10,TTWO,Colin Sebastian,31.4
2026-08-10,TTWO,Eric Handler,46
2026-08-10,TTWO,Unknown Analyst,36.3
2026-08-10,TTWO,Wyatt Swanson,
2026-08-10,UBER,Rohit Kulkarni,41.8
2026-08-10,UHS,Kevin Fischbeck,-3.8
2026-08-10,VICI,Richard Anderson,34.9
2026-08-10,VRSK,Andrew Nicholas,
2026-08-10,VRSK,Curtis Nagle,30
2026-08-10,VRTX,Myles Minter,
2026-08-10,VRTX,Tazeen Ahmad,32.2
2026-08-10,VST,Andrew Weisel,111.8
2026-08-10,VST,James Thalacker,64.2
2026-08-10,VST,Rinny Singh,
2026-08-10,VTRS,Chris Schott,6.2
2026-08-10,WAT,Joanne Wuensch,11.5
2026-08-10,WBD,Patrick Sholl,
2026-08-10,WBD,Sean Diffley,4.3
2026-08-10,WTW,Paul Newsome,16.5
2026-08-10,WY,Marie Ferguson,
2026-08-10,WYNN,Shaun Kelley,
2026-08-11,ABBV,Emily Field,13.5
2026-08-11,ABNB,Lloyd Walmsley,21.1
2026-08-11,ABNB,Paul Chew,-4.3
2026-08-11,ACGL,Meyer Shields,1.7
2026-08-11,ACGL,Pablo Singzon,21.2
2026-08-11,AFL,Pablo Singzon,0.2
2026-08-11,AFL,Ryan Krueger,8
2026-08-11,AIG,Meyer Shields,27.3
2026-08-11,AIG,Pablo Singzon,
2026-08-11,AKAM,Rudy Kessinger,78.6
2026-08-11,ALB,Pete Osterland,101.4
2026-08-11,ALL,Gregory Peters,26
2026-08-11,ALL,Pablo Singzon,16.8
2026-08-11,AMAT,David Dai CFA,55.2
2026-08-11,AMAT,Sebastien Naji,
2026-08-11,AMCR,Nathan Reilly,33.1
2026-08-11,AME,Andrew Obin,
2026-08-11,AMZN,Sachin Mittal,31.7
2026-08-11,ANET,Unknown Analyst,
2026-08-11,APA,Charles Minervino,4.3
2026-08-11,APP,Omar Dessouky,28.5
2026-08-11,APP,Paul Chew,96
2026-08-11,APP,Serena Yi Qi Lim,96
2026-08-11,APP,Unknown Analyst,28.5
2026-08-11,BA,John Eade,34.2
2026-08-11,BA,Noah Poponak,40.3
2026-08-11,BAX,Travis Steed,22.1
2026-08-11,BDX,Rick Wise,7.9
2026-08-11,BLK,Alexander Blostein,31
2026-08-11,BMY,Emily Field,19.8
2026-08-11,CAH,Michael Cherny,29.3
2026-08-11,CAH,Ryan Daniels,
2026-08-11,CEG,Anthony Crowdell,13.9
2026-08-11,CF,Benjamin Theurer,4.6
2026-08-11,COP,Charles Minervino,22.1
2026-08-11,COP,Gabriel Daoud,-1.4
2026-08-11,COR,Stephen Baxter,27.6
2026-08-11,CPAY,Dan Dolev,-2
2026-08-11,DDOG,Peter Weed,3.1
2026-08-11,DIS,Helena Wang,26.6
2026-08-11,DOC,Nicholas Joseph,8.2
2026-08-11,DVA,Andrew Mok CFA,21.8
2026-08-11,DVA,David S Macdonald,16.9
2026-08-11,EBAY,Stephen Ju,7.3
2026-08-11,ED,Anthony Crowdell,7.2
2026-08-11,EVRG,Anthony Crowdell,6.5
2026-08-11,EXPD,Scott Group,
2026-08-11,F,Elizabelle Pang,28.7
2026-08-11,FERG,David Manthey,34.3
2026-08-11,FERG,John Lovallo,19.4
2026-08-11,FERG,Keith Hughes,
2026-08-11,FERG,Matthew Bouley,46
2026-08-11,FERG,Scott Schneeberger,34.3
2026-08-11,FERG,Suhasini Varanasi,35.2
2026-08-11,FIS,Brett Huff,40.4
2026-08-11,FISV,Brett Huff,20.8
2026-08-11,FISV,Stephen Biggar,
2026-08-11,FSLR,Ben Kallo,62.3
2026-08-11,GM,Elizabelle Pang,27.7
2026-08-11,GM,Tom Narayan,21.7
2026-08-11,GWW,Guy Hardwick,-6.4
2026-08-11,HLT,Christopher Stathoulopoulos,12.8
2026-08-11,HST,Richard Anderson,9.9
2026-08-11,HSY,Taylor Conrad,
2026-08-11,IDXX,Glen Santangelo,38.8
2026-08-11,IEX,Brett Linzey,25.2
2026-08-11,INTU,Bryan Bergin,8.2
2026-08-11,ISRG,Lee Hambright,74.2
2026-08-11,KVUE,Peter Grom,6.7
2026-08-11,LDOS,John Godyn,26.1
2026-08-11,LDOS,Noah Poponak,3.4
2026-08-11,LITE,Thomas O'Malley,7.4
2026-08-11,LLY,Srikripa Devarakonda,19.3
2026-08-11,MAR,Christopher Stathoulopoulos,13.6
2026-08-11,MCHP,William Stein,22.8
2026-08-11,MCK,Stephen Baxter,6.7
2026-08-11,MET,Pablo Singzon,11.3
2026-08-11,MET,Ryan Krueger,11.3
2026-08-11,MET,Yaron Kinar,15.4
2026-08-11,MNST,John Staszak,23
2026-08-11,MNST,Robert Moskow,7.4
2026-08-11,MO,Pallav Mittal,-16.4
2026-08-11,MOS,Benjamin Theurer,6.2
2026-08-11,MOS,Vincent Andrews,6.2
2026-08-11,MPC,Nitin Kumar CFA,-28.5
2026-08-11,NEM,Matt Murphy,9.4
2026-08-11,NOW,David Hynes,7
2026-08-11,NRG,Shahriar Pourreza,101.6
2026-08-11,OXY,Charles Minervino,19
2026-08-11,PEG,Carly Davenport,23.3
2026-08-11,PFE,Steve Scala,
2026-08-11,PH,Brett Linzey,36.2
2026-08-11,PH,Jamie Cook,43.9
2026-08-11,PLTR,Paul Chew,21
2026-08-11,PRU,Paul Newsome,8.1
2026-08-11,PRU,Ryan Krueger,3.9
2026-08-11,PRU,Yaron Kinar,-4.6
2026-08-11,PSX,Nitin Kumar CFA,-19.5
2026-08-11,RL,Dana Telsey,40.3
2026-08-11,RMD,Anthony Petrone,4.4
2026-08-11,ROL,Curtis Nagle,7.9
2026-08-11,RSG,Unknown Analyst,17.4
2026-08-11,RTX,Ronald Epstein,
2026-08-11,SBAC,Maher Yaghi,28.8
2026-08-11,SOLV,Travis Steed,6.9
2026-08-11,SPG,Floris van Dijkum,33.9
2026-08-11,SPG,Michael Lewis,
2026-08-11,SPG,Ronald Kamdem,0.8
2026-08-11,SPG,Simon Yarmak,1.8
2026-08-11,TAP,Eric Serotta,22.6
2026-08-11,TFC,Matt O'Connor,7.1
2026-08-11,TGT,Rupesh Parikh,7.5
2026-08-11,TSCO,Joe Feldman,18
2026-08-11,TSCO,Kate McShane,18
2026-08-11,TSLA,Elizabelle Pang,-9.4
2026-08-11,VRTX,Akash Tewari,24.5
2026-08-11,VRTX,Danielle Brill,
2026-08-11,VRTX,Jeffrey Walch,19.6
2026-08-11,VRTX,William Pickering,19.6
2026-08-11,VST,Carly Davenport,46.4
2026-08-11,VTR,Juan C. Sanabria,23.4
2026-08-11,XYZ,James Faucette,17.3
2026-08-12,AIG,Bob Huang,8.7
2026-08-12,AIG,Michael Zaremski,18
2026-08-12,ALGN,Vik Chopra,42.4
2026-08-12,ALL,Bob Huang,6
2026-08-12,ALL,Joshua Shanker,
2026-08-12,ALL,Matthew Heimermann,-4
2026-08-12,AMAT,Mark Lipacis,60.9
2026-08-12,APA,Arun Jayaram,-9
2026-08-12,AXP,Bill Carcache,30.7
2026-08-12,BDX,Patrick Wood,13.4
2026-08-12,BIIB,Emily Field,-8
2026-08-12,BXP,Peter Abramowitz,9.8
2026-08-12,CAH,Daniel Grosslight,24
2026-08-12,CAH,Elizabeth Anderson CFA,19.5
2026-08-12,CAH,Erin Wright,12.9
2026-08-12,CAH,Unknown Analyst,22.6
2026-08-12,CF,Jeffrey Zekauskas,-10.9
2026-08-12,CHD,Taylor Conrad,
2026-08-12,COHR,Blayne Curtis,32.3
2026-08-12,COP,Pei Hwa Ho,10.7
2026-08-12,COR,Allen Lutz,6.6
2026-08-12,CPT,Adam Kramer,19.9
2026-08-12,CTSH,Jason Kupferberg,11.9
2026-08-12,CVNA,Sharon Zackfia,
2026-08-12,CVS,Lisa Gill,32.8
2026-08-12,DOC,James Kammert,13.1
2026-08-12,DVN,Gabriele Sorbara,31.7
2026-08-12,EOG,Gabriele Sorbara,29
2026-08-12,EQT,Gabriele Sorbara,20
2026-08-12,ESS,Adam Kramer,11.8
2026-08-12,EXE,Gabriele Sorbara,52
2026-08-12,EXPE,Stephen Ju,25.6
2026-08-12,FANG,Gabriele Sorbara,28.4
2026-08-12,FERG,Anthony Pettinari,32.9
2026-08-12,GS,Gerard Cassidy,29.5
2026-08-12,HWM,John Godyn,43.2
2026-08-12,IFF,David Begleiter,20.5
2026-08-12,INCY,Jeffrey Walch,-17
2026-08-12,INTC,Timothy Arcuri,3.1
2026-08-12,INTC,Vivek Arya,33.5
2026-08-12,INVH,Adam Kramer,22.6
2026-08-12,IQV,Elizabeth Anderson CFA,3.2
2026-08-12,ISRG,Suraj Kalia,27.1
2026-08-12,KMI,Gabriel Daoud,
2026-08-12,LITE,Christopher Rolland,18.2
2026-08-12,LITE,George Notter,28.9
2026-08-12,LITE,Joseph Cardoso,37.5
2026-08-12,LITE,Richard Shannon,23.5
2026-08-12,LITE,Ruben Roy,18.2
2026-08-12,LITE,Ryan Koontz,11.7
2026-08-12,LITE,Saiyi He,32.1
2026-08-12,LITE,Sean O'Loughlin,-11.9
2026-08-12,LITE,Vijay Rakesh,22.5
2026-08-12,LITE,Vivek Arya,7.4
2026-08-12,LNT,Ross Fowler,
2026-08-12,MAA,Adam Kramer,30.3
2026-08-12,MAA,Anthony Paolone,21.9
2026-08-12,MGM,Stephen Grambling,13.7
2026-08-12,MNST,Filippo Falorni,27.5
2026-08-12,NEM,Tanya Jakusconek,20.7
2026-08-12,NOW,Michael Turrin,29.2
2026-08-12,OKE,Jean Ann Salisbury,4.9
2026-08-12,OXY,Pei Hwa Ho,-1.4
2026-08-12,PEG,Ross Fowler,
2026-08-12,PFG,Jack Matten,-2.3
2026-08-12,PODD,Patrick Wood,6.7
2026-08-12,REGN,Mohit Bansal,-4.4
2026-08-12,RSG,Jon Windham,7.8
2026-08-12,SMCI,George Notter,
2026-08-12,SMCI,Jim Kelleher,
2026-08-12,SMCI,Mark Newman,7.4
2026-08-12,SMCI,Quinn Bolton,17.7
2026-08-12,SMCI,Ruplu Bhattacharya,-15.6
2026-08-12,SMCI,Tim Long,-0.2
2026-08-12,SMCI,Unknown Analyst,2.3
2026-08-12,SMCI,Vijay Rakesh,-10.5
2026-08-12,TECH,Dan Leonard,1
2026-08-12,TECH,Matt Larew,
2026-08-12,TRMB,Jonathan Ho,
2026-08-12,VRTX,Brian Abrahams,12.1
2026-08-12,WMB,Bill Selesky,18
2026-08-12,WYNN,Stephen Grambling,56.7
2026-08-12,XEL,Paul Cole,
2026-08-12,XYL,Nathan Jones,48.8
2026-08-13,ABBV,Alexandria Hammond,13.5
2026-08-13,ABT,Michael Polark,27.5
2026-08-13,ACGL,Elyse Greenspan,20.1
2026-08-13,AIZ,Brian Meredith,17.7
2026-08-13,AKAM,Rishi Jaluria,30.3
2026-08-13,ALL,Michael Zaremski,13.6
2026-08-13,AMAT,Blayne Curtis,77
2026-08-13,AMAT,Joseph Quatrochi,70.1
2026-08-13,AMAT,Srini Pajjuri,37.9
2026-08-13,AMAT,Thomas O'Malley,35.6
2026-08-13,AMCR,George Staphos,23.6
2026-08-13,AMCR,Ghansham Panjabi,
2026-08-13,AMCR,Hillary Cacanando,18.8
2026-08-13,AMCR,Unknown Analyst,
2026-08-13,APP,Matthew Swanson,84.7
2026-08-13,APTV,Dan Levy,48.8
2026-08-13,ARE,John Kim,-7
2026-08-13,AXON,Jonathan Ho,
2026-08-13,BAX,Joanne Wuensch,22.1
2026-08-13,BDX,Kendall Au,5.1
2026-08-13,BF.B,Stephen Powers,3.2
2026-08-13,BG,Andrew Strelzik,29.2
2026-08-13,BIIB,Alexandria Hammond,38.1
2026-08-13,CAH,Charles Rhyee,24
2026-08-13,CAH,George Hill,15.5
2026-08-13,CAH,Steven Valiquette,10.7
2026-08-13,CF,Vincent Andrews,-10.9
2026-08-13,CMI,Bill Selesky,44.7
2026-08-13,COHR,Christopher Rolland,33.9
2026-08-13,COHR,Meta Marshall,18.2
2026-08-13,COHR,Richard Shannon,51.2
2026-08-13,COHR,Ruben Roy,32.3
2026-08-13,COHR,Ryan Koontz,32.3
2026-08-13,COHR,Saiyi He,37.1
2026-08-13,COHR,Sean O'Loughlin,24.5
2026-08-13,COHR,Thomas O'Malley,10.3
2026-08-13,COHR,Tim Savageaux,-11.8
2026-08-13,COHR,Unknown Analyst,8.7
2026-08-13,COHR,Vivek Arya,26
2026-08-13,COIN,Manyi Lu,3
2026-08-13,COR,Elizabeth Anderson CFA,13
2026-08-13,COR,Glen Santangelo,13
2026-08-13,CPT,Michael Goldsmith,5.9
2026-08-13,CSCO,Aaron Rakers,37
2026-08-13,CSCO,Atif Malik,26.9
2026-08-13,CSCO,Brandon Nispel,23.3
2026-08-13,CSCO,David Vogt,26
2026-08-13,CSCO,Ingo Wermann,
2026-08-13,CSCO,James Fish,20.5
2026-08-13,CSCO,Jim Kelleher,37
2026-08-13,CSCO,Michael Genovese,50.7
2026-08-13,CSCO,Sebastien Naji,
2026-08-13,CSCO,Tal Liani,37
2026-08-13,CSCO,Tim Long,12.3
2026-08-13,CSCO,Unknown Analyst,
2026-08-13,DAL,Jason Sum,38.2
2026-08-13,DDOG,Kingsley Crane,28.3
2026-08-13,DLR,Phani Kanumuri,31.8
2026-08-13,DVN,Hanwen Chang,33.7
2026-08-13,DVN,Sam Margolin,33.7
2026-08-13,EBAY,Ronald Josey,16.2
2026-08-13,EOG,Hanwen Chang,33.8
2026-08-13,EOG,Sam Margolin,33.8
2026-08-13,EQIX,Phani Kanumuri,37.1
2026-08-13,ESS,Jana Galan,11.8
2026-08-13,ESS,Michael Goldsmith,2.9
2026-08-13,EXPE,Ronald Josey,23.5
2026-08-13,FANG,Hanwen Chang,36.7
2026-08-13,FANG,Sam Margolin,36.7
2026-08-13,GEHC,Joanne Wuensch,16.9
2026-08-13,GILD,Emily Field,-3.4
2026-08-13,GPN,Timothy Chiodo,7
2026-08-13,GS,Daniel Fannon,37.9
2026-08-13,HD,Peter Keith,26
2026-08-13,HLT,Robin M. Farley,18.7
2026-08-13,HLT,Steven Pizzella,19.4
2026-08-13,HOOD,Benjamin Budish,-12.4
2026-08-13,HOOD,Manyi Lu,0.2
2026-08-13,HST,Ari Klein,19
2026-08-13,HSY,Alexia Burland Howard,
2026-08-13,IDXX,Ryan Daniels,
2026-08-13,INVH,Jana Galan,30.1
2026-08-13,ISRG,Joanne Wuensch,27.1
2026-08-13,J,Sabahat Khan,21.3
2026-08-13,JNJ,Joanne Wuensch,10.4
2026-08-13,LITE,Papa Talla Sylla,28.9
2026-08-13,LLY,Harry Gillis,5.8
2026-08-13,LOW,Peter Keith,42.3
2026-08-13,MLM,Angel Castillo,30.2
2026-08-13,MNST,Peter Grom,18.5
2026-08-13,NEM,Richard Garchitorena,0.5
2026-08-13,NFLX,Brian Pitz,88
2026-08-13,NRG,Nicholas Campanella,96.8
2026-08-13,PAYX,Samad Samana,3.3
2026-08-13,PFE,Emily Field,-9.6
2026-08-13,PKG,Anojja Shah,25.4
2026-08-13,PODD,Joanne Wuensch,6.7
2026-08-13,PTC,Unknown Analyst,-15.4
2026-08-13,SMCI,Nehal Chokshi,10
2026-08-13,SNDK,Amit Daryanani,56.3
2026-08-13,SNDK,James Schneider,22.8
2026-08-13,SNDK,Srini Pajjuri,-10.7
2026-08-13,SNDK,Wamsi Mohan,39.5
2026-08-13,SPG,Juan C. Sanabria,21.8
2026-08-13,SPG,Samir Khanal,28.6
2026-08-13,SYY,Mark Carden,20.2
2026-08-13,TAP,Unknown Analyst,62.5
2026-08-13,TDY,Christine Yao,18.5
2026-08-13,TRMB,Alexander Sklar,
2026-08-13,TRMB,Clarke Jeffries,51.1
2026-08-13,UAL,Jason Sum,28.8
2026-08-13,UBER,Sachin Mittal,56
2026-08-13,UBER,Thomas Champion,48.9
2026-08-13,UDR,Unknown Analyst,23.9
2026-08-13,VTR,Ronald Kamdem,3.8
2026-08-13,WMB,Gabriel Daoud,22.1
2026-08-13,WMB,Richard Sunderland,22.1
2026-08-13,WSM,Joe Feldman,13.7
2026-08-13,XYL,Joshua Spector,28.3
2026-08-14,AAPL,Brandon Nispel,
2026-08-14,AJG,Kevin Heal,24.9
2026-08-14,AMAT,Atif Malik,63.2
2026-08-14,AMAT,Brian Chin,49.4
2026-08-14,AMAT,C J Muse,95.4
2026-08-14,AMAT,Charles Shi,70.1
2026-08-14,AMAT,Christian Schwab,34.5
2026-08-14,AMAT,Krish Sankar,60.9
2026-08-14,AMAT,Melissa Weathers,39.1
2026-08-14,AMAT,Steve Barger,72.4
2026-08-14,AMAT,Vivek Arya,49.4
2026-08-14,AMCR,Gabrial Hajde,4.6
2026-08-14,AMCR,Unknown Analyst,23.6
2026-08-14,AXP,Iris Gao,16.1
2026-08-14,BBY,Steven Zaccone,-5.9
2026-08-14,BDX,Joanne Wuensch,15.1
2026-08-14,BMY,Geoff Meacham,11.8
2026-08-14,BMY,Matt Phipps,
2026-08-14,BMY,Terence Flynn,-36.1
2026-08-14,CHD,Anna Lizzul,21.4
2026-08-14,CSCO,Abhishek Shukla,9.6
2026-08-14,DVN,Bill Selesky,9
2026-08-14,DVN,Unknown Analyst,9
2026-08-14,DXCM,Joanne Wuensch,17.5
2026-08-14,ESS,Anthony Paolone,9.2
2026-08-14,FDX,Christian Wetherbee,40
2026-08-14,FOXA,Bryan Kraft,24.1
2026-08-14,FOXA,David Karnovsky,27.2
2026-08-14,FOXA,Steven Cahall,24.1
2026-08-14,FOXA,Unknown Analyst,
2026-08-14,GPN,Rayna Kumar,
2026-08-14,HD,Unknown Analyst,3.3
2026-08-14,HON,Chigusa Katoku,23.5
2026-08-14,ICE,Benjamin Budish,17.1
2026-08-14,IDXX,Jonathan Block,31.9
2026-08-14,IDXX,Michael Ryskin,30
2026-08-14,JPM,Mike Mayo,11.5
2026-08-14,LDOS,David E. Strauss,29.2
2026-08-14,LMT,John Godyn,29.6
2026-08-14,LOW,Unknown Analyst,42.9
2026-08-14,LRCX,Krish Sankar,143
2026-08-14,MA,Iris Gao,10.6
2026-08-14,MAA,Michael Goldsmith,11
2026-08-14,MDT,Matthew O'Brien,-7.7
2026-08-14,MGM,John Staszak,45.5
2026-08-14,NEE,James Thalacker,15.6
2026-08-14,NEM,Anita Soni,37.8
2026-08-14,NOC,John Godyn,26.5
2026-08-14,NSC,Christian Wetherbee,22.5
2026-08-14,SHW,Vincent Andrews,23.2
2026-08-14,SMCI,Brandon Nispel,
2026-08-14,SNDK,Aaron Rakers,-13.5
2026-08-14,SNDK,Blayne Curtis,-2.3
2026-08-14,SNDK,C J Muse,61.8
2026-08-14,SNDK,Harlan Sur,25.6
2026-08-14,SNDK,Joseph Moore,-2.3
2026-08-14,SNDK,Matt Bryson,11.6
2026-08-14,SNDK,Thomas O'Malley,28.4
2026-08-14,TECH,Evan Stampler,1
2026-08-14,TPR,Aneesha Sherman,60.9
2026-08-14,TPR,Lorraine Hutchinson,30.4
2026-08-14,TPR,Paul Lejuez,47.8
2026-08-14,TPR,Robert Drbul,52.2
2026-08-14,TRMB,Jerry Revich,6
2026-08-14,TSN,Alexia Burland Howard,25.1
2026-08-14,UBER,John Blackledge,67.4
2026-08-14,UDR,Peter Abramowitz,29.8
2026-08-14,UNP,Christian Wetherbee,19.9
2026-08-14,UPS,Unknown Analyst,11
2026-08-14,V,Iris Gao,11.3
2026-08-14,VTR,Michael Carroll,14.2
2026-08-14,WAB,Ben Mohr,21.7
2026-08-14,WBD,Laurent Yoon,-0.2
2026-08-14,YUM,John Staszak,30.4
2026-08-16,AMZN,Brian Nowak,32.8
2026-08-16,AWK,Unknown Analyst,
2026-08-16,NEM,Lawson Winder,17.5
2026-08-16,NOW,Derrick Wood,3.3
2026-08-16,TMUS,Peter Supino,
2026-08-17,AAPL,Timm Schulze-Melander,19.2
2026-08-17,ABBV,Mohit Bansal,13.5
2026-08-17,ADI,Matthew Prisco,48.7
2026-08-17,ADM,Manav Gupta,11.9
2026-08-17,AEE,Richard Sunderland,16.6
2026-08-17,AEP,Richard Sunderland,15.6
2026-08-17,AIG,Ryan Tunis,19.3
2026-08-17,AKAM,Samik Chatterjee,52.5
2026-08-17,ALL,Paul Newsome,20
2026-08-17,AMAT,Jim Kelleher,37.9
2026-08-17,AMAT,Ling Lee Keng,63.2
2026-08-17,AMAT,Shane Brett CFA,47.6
2026-08-17,AMAT,Unknown Analyst,55.2
2026-08-17,AMCR,Jeffrey Zekauskas,11.7
2026-08-17,AMCR,Lee Power,11.7
2026-08-17,AMGN,Salim Syed,-7.8
2026-08-17,AMT,Matthew Niknam,
2026-08-17,APP,Mike Hickey,41.4
2026-08-17,ARE,James Kammert,2
2026-08-17,ATO,Richard Sunderland,11.4
2026-08-17,AZO,Unknown Analyst,59.2
2026-08-17,BDX,Josh Jennings,0.7
2026-08-17,BR,Alex Kramm,10
2026-08-17,BRK.B,Manyi Lu,6.1
2026-08-17,BXP,Jeffrey Spector,33.3
2026-08-17,CAH,Lisa Gill,15.1
2026-08-17,CAT,Jerry Revich,44.2
2026-08-17,CBRE,Brendan Lynch,31.7
2026-08-17,CEG,Pei Hwa Ho,37.4
2026-08-17,CEG,Sunaina Ocalan‏,16.2
2026-08-17,CEG,Unknown Analyst,16.2
2026-08-17,CNP,Nicholas Amicucci,12
2026-08-17,COHR,Jed Dorsheimer,
2026-08-17,COHR,Joseph Cardoso,46.5
2026-08-17,CPT,Anthony Paolone,13.9
2026-08-17,CPT,Richard Hightower,22.9
2026-08-17,CSCO,Amit Daryanani,37
2026-08-17,CSCO,Joseph Cardoso,37
2026-08-17,CTVA,John McNulty,24.2
2026-08-17,D,Nicholas Amicucci,10.1
2026-08-17,D,Richard Sunderland,3.8
2026-08-17,DDOG,Gregg Moskowitz,30.5
2026-08-17,DDOG,William Power,30.5
2026-08-17,DUK,Richard Sunderland,14.9
2026-08-17,ED,Nicholas Amicucci,6.2
2026-08-17,EQIX,Matthew Niknam,
2026-08-17,EQIX,Vikram Malhotra,24.8
2026-08-17,ESS,Richard Hightower,10
2026-08-17,ETR,Nicholas Amicucci,25.5
2026-08-17,ETR,Richard Sunderland,19.6
2026-08-17,EXC,Richard Sunderland,14.1
2026-08-17,EXE,Betty Jiang,22.3
2026-08-17,EXE,Charles Meade,42.9
2026-08-17,FANG,Betty Jiang,14.9
2026-08-17,FRT,Michael Goldsmith,14.5
2026-08-17,FSLR,Christine Cho CFA,42.4
2026-08-17,FSLR,Nicholas Amicucci,11.2
2026-08-17,GPN,Damon Delmonte,11.7
2026-08-17,HBAN,David George,32.2
2026-08-17,HLT,Richard Clarke,4.7
2026-08-17,HON,Stephen Volkmann,23.5
2026-08-17,INCY,Allison Bratzel,3.7
2026-08-17,INVH,Richard Hightower,33.8
2026-08-17,KIM,Michael Goldsmith,28.7
2026-08-17,KIM,Richard Hightower,24.3
2026-08-17,KO,Peter Galbo,13.3
2026-08-17,MAA,Richard Hightower,23.6
2026-08-17,MAR,Richard Clarke,18.6
2026-08-17,MNST,Nik Modi,11.8
2026-08-17,MSFT,Jason Ader,
2026-08-17,MSFT,Samik Chatterjee,26.6
2026-08-17,MU,Vivek Arya,52.6
2026-08-17,NEE,Pei Hwa Ho,11.8
2026-08-17,NI,Nicholas Amicucci,28.1
2026-08-17,NI,Paul Fremont,25.7
2026-08-17,NRG,Pei Hwa Ho,83.3
2026-08-17,OXY,Betty Jiang,20.7
2026-08-17,PEG,Richard Sunderland,20.4
2026-08-17,PFE,Evan Seigerman,8.5
2026-08-17,PFG,Wilma Burdis,2.8
2026-08-17,PGR,Ryan Tunis,-6.3
2026-08-17,PH,Amit Mehrotra,32.5
2026-08-17,PNW,Richard Sunderland,7.2
2026-08-17,PPL,Nicholas Amicucci,26
2026-08-17,PRU,Pablo Singzon,10.6
2026-08-17,PYPL,Bill Carcache,12.6
2026-08-17,RDDT,Josh Beck,35.9
2026-08-17,REG,Michael Goldsmith,16.5
2026-08-17,REG,Richard Hightower,26.1
2026-08-17,REGN,David Risinger,5
2026-08-17,REGN,Evan Seigerman,2
2026-08-17,ROP,Deane Dray,11.9
2026-08-17,SCHW,Arvind Ramnani,
2026-08-17,SMCI,Joseph Cardoso,15.1
2026-08-17,SO,Richard Sunderland,13.4
2026-08-17,SOLV,Vik Chopra,-5.4
2026-08-17,SPG,Michael Goldsmith,8.1
2026-08-17,SPG,Nicholas Joseph,12
2026-08-17,SPG,Richard Hightower,4.7
2026-08-17,SRE,Nicholas Amicucci,30.4
2026-08-17,STE,Brett Fishbin,31.2
2026-08-17,SYF,Moshe Orenbuch,19.9
2026-08-17,TPR,Alexandra Straton,38.3
2026-08-17,TPR,Ike Boruchow,39.1
2026-08-17,TPR,Kahori Tamada,21.7
2026-08-17,TRGP,Manav Gupta,8.8
2026-08-17,TRMB,Tami Zakaria,32
2026-08-17,TXN,Matthew Prisco,
2026-08-17,UDR,Richard Hightower,35.7
2026-08-17,URI,Jerry Revich,33.6
2026-08-17,VLTO,John Eade,16.4
2026-08-17,VRTX,Evan Seigerman,18
2026-08-17,VST,Pei Hwa Ho,53.6
2026-08-17,VST,Sunaina Ocalan‏,28.7
2026-08-17,VST,Unknown Analyst,28.7
2026-08-17,VTRS,Glen Santangelo,29.8
2026-08-17,WBD,Joseph Bonner,11.5
2026-08-17,WDAY,Allan Verkhovski,
2026-08-17,WDAY,Brad Zelnick,13.5
2026-08-17,WEC,Richard Sunderland,10.5
2026-08-17,XEL,Richard Sunderland,21.7
2026-08-17,XOM,Manav Gupta,6.4
2026-08-18,AMCR,Michael Roxland,21.2
2026-08-18,AMGN,Jasper Hellweg,20.4
2026-08-18,APA,Bill Selesky,6.5
2026-08-18,APP,James Heaney CFA,76.7
2026-08-18,AXP,Unknown Analyst,12.9
2026-08-18,CAH,Glen Santangelo,21.7
2026-08-18,CBRE,Julien Blouin,36.7
2026-08-18,CLX,Taylor Conrad,
2026-08-18,COP,Bill Selesky,16.1
2026-08-18,CRWD,Yi Fu Lee,5.2
2026-08-18,CVNA,David Lantz,22.6
2026-08-18,CVNA,Marvin Fong,33.3
2026-08-18,CVS,Steven Silver,28.3
2026-08-18,DLR,Irvin Liu,31.8
2026-08-18,DOC,Michael Mueller,8.2
2026-08-18,DTE,Marie Ferguson,16.7
2026-08-18,DTE,Unknown Analyst,16.7
2026-08-18,DVN,Neil Mehta,13.1
2026-08-18,ECL,Ashish Sabadra,25.1
2026-08-18,ESS,Peter Abramowitz,20.3
2026-08-18,EXR,Michael Goldsmith,19.2
2026-08-18,EXR,Nicholas Yulico,15.6
2026-08-18,FERG,Arnaud Lehmann,46.9
2026-08-18,FERG,Collin Verron,21.7
2026-08-18,FSLR,David Arcaro,64.8
2026-08-18,FTV,John Eade,23.6
2026-08-18,HD,Chris Graja,33.3
2026-08-18,HD,Christopher Nardone,35.7
2026-08-18,HD,Michael Baker,25.7
2026-08-18,HD,Steven Shemesh,14
2026-08-18,HD,Unknown Analyst,33.3
2026-08-18,HD,Zachary Fadem,33.3
2026-08-18,HON,Deane Dray,41.9
2026-08-18,IT,Jeffrey Silber,10.9
2026-08-18,JBHT,Fadi Chamoun,36.6
2026-08-18,KEYS,Mark Delaney,34.9
2026-08-18,KEYS,Tim Long,28.1
2026-08-18,LHX,Alexandra Mandery,
2026-08-18,LHX,Scott Deuschle,8.8
2026-08-18,MCK,Glen Santangelo,14.3
2026-08-18,MTB,Ebrahim Poonawala,15.3
2026-08-18,MU,Timothy Arcuri,60
2026-08-18,NCLH,Benjamin Chaiken,20.4
2026-08-18,NCLH,Robin M. Farley,41.6
2026-08-18,O,Michael Goldsmith,27.1
2026-08-18,PSA,Michael Goldsmith,10
2026-08-18,SBUX,Andrew Charles,25.2
2026-08-18,SBUX,Joshua Buchalter,25.2
2026-08-18,TDG,Michael Leshock,
2026-08-18,TPR,Oliver Chen,52.2
2026-08-18,TRGP,Gabriel Daoud,
2026-08-18,TRGP,John Mackay,6.1
2026-08-18,TRGP,Julien Dumoulin Smith,18.1
2026-08-18,ULTA,Rupesh Parikh,20.2
2026-08-18,VMRK,Steve Sakwa,17.6
2026-08-18,VRSK,Ashish Sabadra,31.1
2026-08-19,ADI,Blayne Curtis,28.5
2026-08-19,ADI,Christopher Rolland,28.5
2026-08-19,ADI,James Schneider,29.8
2026-08-19,ADI,Joshua Buchalter,24.4
2026-08-19,ADI,Stacy Rasgon,25.7
2026-08-19,ADI,Thomas O'Malley,21.7
2026-08-19,ADSK,Jason Celino,57
2026-08-19,AFL,Tracy Benguigui,-11
2026-08-19,AFL,Wesley Carmichael,5.4
2026-08-19,AIZ,Bob Huang,13.8
2026-08-19,AJG,Bob Huang,20.7
2026-08-19,AMGN,Terence Flynn,-5.2
2026-08-19,APP,Alec Brondolo,4.4
2026-08-19,CAH,Ryan Halsted,22.2
2026-08-19,CB,Bob Huang,5.7
2026-08-19,CDNS,Vivek Arya,48.7
2026-08-19,CEG,Moses Sutton,46.8
2026-08-19,CFG,Dave Rochester,25.3
2026-08-19,CME,Brian Bedell,-2.2
2026-08-19,CMS,Jeremy Tonet,24
2026-08-19,CNP,Jeremy Tonet,19.9
2026-08-19,COHR,Michael Genovese,57.5
2026-08-19,CRH,Julian Radlinger,70.6
2026-08-19,D,Shelby Tucker,25.8
2026-08-19,DGX,Erin Wright,5.5
2026-08-19,DLTR,Corey Tarlowe,20.6
2026-08-19,DTE,Jeremy Tonet,21.4
2026-08-19,DUK,Jeremy Tonet,16.6
2026-08-19,EBAY,Unknown Analyst,7.3
2026-08-19,ECL,Matthew DeYoe,
2026-08-19,EG,Andrew Kligerman,2.7
2026-08-19,EG,Unknown Analyst,2.7
2026-08-19,EL,Anna Glaessgen,7
2026-08-19,EL,Cristian Rios,13.5
2026-08-19,EL,Robert Ottenstein,33.8
2026-08-19,ETR,Jeremy Tonet,34.3
2026-08-19,F,Colin Langan,-16.7
2026-08-19,FANG,Neil Mehta,14.3
2026-08-19,FDXF,Patrick Brown,
2026-08-19,FTV,Brandon Knutson‏,7.3
2026-08-19,GEHC,Ryan Zimmerman,23.2
2026-08-19,GM,Colin Langan,-25.8
2026-08-19,HD,Bobby Griffin,
2026-08-19,HD,Bradley Thomas,
2026-08-19,HD,David Bellinger,30
2026-08-19,HD,Greg Melich,33.3
2026-08-19,HD,Joe Feldman,36.7
2026-08-19,HD,Jonathan Matuszewski,32.7
2026-08-19,HD,Max Rakhlenko,36.7
2026-08-19,HD,Scot Ciccarelli,24.3
2026-08-19,HD,Seth Sigman,40
2026-08-19,HSIC,David Larsen,29.7
2026-08-19,IBM,Matthew Swanson,17.6
2026-08-19,IFF,Joshua Spector,
2026-08-19,INCY,Matt Phipps,
2026-08-19,INTU,Brad Zelnick,40.2
2026-08-19,IR,Brandon Knutson‏,21.1
2026-08-19,JKHY,Rayna Kumar,35
2026-08-19,KEYS,Aaron Rakers,20.9
2026-08-19,KEYS,Andrew Spinola,31.3
2026-08-19,KEYS,Joseph Cardoso,26.9
2026-08-19,KEYS,Mehdi Hosseini,31.3
2026-08-19,KEYS,Meta Marshall,26.9
2026-08-19,KEYS,Quinn Fredrickson,22.4
2026-08-19,LITE,Michael Genovese,39.6
2026-08-19,LOW,Christopher Horvers,30.9
2026-08-19,LOW,Christopher Nardone,30.9
2026-08-19,LOW,Max Rakhlenko,22.1
2026-08-19,LOW,Michael Baker,
2026-08-19,LOW,Seth Sigman,35.1
2026-08-19,LOW,Steven Shemesh,20
2026-08-19,MET,Elyse Greenspan,12.3
2026-08-19,MET,Wesley Carmichael,12.3
2026-08-19,MRK,Chris Schott,
2026-08-19,MRK,Terence Flynn,21.9
2026-08-19,MRNA,Alec Stranahan,10.4
2026-08-19,MRNA,Andrew Tsai,-61
2026-08-19,MRNA,Geoff Meacham,-61
2026-08-19,MRNA,Joseph Stringer,
2026-08-19,MRNA,Luca Issi,-15.6
2026-08-19,MRNA,Myles Minter,
2026-08-19,MRNA,Salveen Richter,-22.1
2026-08-19,MRNA,Terence Flynn,-42.2
2026-08-19,MRSH,Bob Huang,14.3
2026-08-19,MTB,Dave Rochester,25.4
2026-08-19,NCLH,John Staszak,
2026-08-19,NEE,Unknown Analyst,25.5
2026-08-19,NOC,Gautam Khanna,11.9
2026-08-19,NOC,Ronald Epstein,
2026-08-19,NOW,Tal Liani,10.7
2026-08-19,NRG,Moses Sutton,113.2
2026-08-19,PG,Nik Modi,14.1
2026-08-19,PGR,Joshua Shanker,44.7
2026-08-19,PGR,Michael Zaremski,-4
2026-08-19,PGR,Robert Cox CFA,9.1
2026-08-19,PPL,Jeremy Tonet,32
2026-08-19,PRU,Wesley Carmichael,-7.1
2026-08-19,PSKY,Joseph Bonner,
2026-08-19,REG,James Feldman,20.6
2026-08-19,RMD,Jackson Philips,2.2
2026-08-19,SO,Jeremy Tonet,18.1
2026-08-19,SYY,John Ivankoe,26.5
2026-08-19,TGT,Christopher Nardone,-11.5
2026-08-19,TGT,John Heinbockel,10.6
2026-08-19,TGT,Michael Baker,16.9
2026-08-19,TGT,Oliver Chen,1.1
2026-08-19,TGT,Seth Sigman,-11.5
2026-08-19,TGT,Steven Shemesh,12.5
2026-08-19,TJX,Dana Telsey,45.4
2026-08-19,TJX,Dylan Carden,
2026-08-19,TRMB,Guy Hardwick,39
2026-08-19,UHS,Ben Hendrix,3.6
2026-08-19,UNP,Unknown Analyst,23.9
2026-08-19,VMRK,Simon Yarmak,28.2
2026-08-19,VST,Moses Sutton,81.3
2026-08-19,VST,Shelby Tucker,57.1
2026-08-19,WEC,Jeremy Tonet,17.3
2026-08-19,WEC,Marie Ferguson,16.3
2026-08-19,WTW,Bob Huang,12.9
2026-08-19,XEL,Jeremy Tonet,34.2
2026-08-20,ABBV,David Amsellem,14.7
2026-08-20,ABT,Marie Thibault,31.4
2026-08-20,ABT,Travis Steed,12.8
2026-08-20,ADI,Harlan Sur,35.2
2026-08-20,ADI,Harsh Kumar,16.3
2026-08-20,ADI,Jay Goldberg,14.9
2026-08-20,ADI,Jim Kelleher,
2026-08-20,ADI,Joseph Moore,23.9
2026-08-20,ADI,Joseph Quatrochi,35.2
2026-08-20,ADI,Quinn Bolton,21.7
2026-08-20,ADI,Rick Schafer,21.7
2026-08-20,ADI,Timothy Arcuri,32.5
2026-08-20,ADI,Tore Svanberg,34.7
2026-08-20,ADI,Unknown Analyst,16.3
2026-08-20,ADI,William Stein,9.5
2026-08-20,AEP,Carly Davenport,24.8
2026-08-20,ALB,Tina Ting Hu,52.1
2026-08-20,AMAT,Harlan Sur,
2026-08-20,AMD,Harsh Kumar,0.1
2026-08-20,AMD,Unknown Analyst,0.1
2026-08-20,AMT,Brendan Lynch,14.5
2026-08-20,AMT,Vikram Malhotra,20.3
2026-08-20,AMZN,Scott Devitt,32.8
2026-08-20,APA,Devin McDermott,-9
2026-08-20,APA,Scott Gruber,-2.3
2026-08-20,APA,Scott Hanold,4.3
2026-08-20,AVGO,Unknown Analyst,28.4
2026-08-20,BMY,Courtney Breen,
2026-08-20,BMY,Michael Yee,27.7
2026-08-20,CNC,John Stansel,1.8
2026-08-20,COF,Mark DeVries,21.3
2026-08-20,COP,Devin McDermott,14.5
2026-08-20,COP,Scott Hanold,15.3
2026-08-20,CVNA,Brad Erickson,30.3
2026-08-20,CVX,Devin McDermott,4.1
2026-08-20,DASH,Ygal Arounian,14
2026-08-20,DTE,Shahriar Pourreza,28.4
2026-08-20,DVN,Devin McDermott,29.6
2026-08-20,DVN,Scott Hanold,19.3
2026-08-20,EBAY,Ygal Arounian,22.5
2026-08-20,EL,Anna Andreeva,23.1
2026-08-20,EL,Christopher Carey,11.3
2026-08-20,EL,Dara Mohsenian,9.2
2026-08-20,EL,Filippo Falorni,23.1
2026-08-20,EL,Nik Modi,28.4
2026-08-20,EL,Oliver Chen,7
2026-08-20,EL,Peter Grom,13.5
2026-08-20,EL,Susan Anderson,-3.7
2026-08-20,EL,Sydney Wagner,7
2026-08-20,ELV,David Toung,
2026-08-20,EOG,Devin McDermott,8.9
2026-08-20,EOG,Scott Hanold,21.3
2026-08-20,EQT,Devin McDermott,34
2026-08-20,ETN,Luke Junk,17.7
2026-08-20,EXE,Devin McDermott,47.4
2026-08-20,EXPE,Ygal Arounian,49.3
2026-08-20,FANG,Devin McDermott,12.3
2026-08-20,FANG,Leo Mariani,10.2
2026-08-20,FANG,Scott Hanold,24.7
2026-08-20,FISV,Matthew Coad,12.3
2026-08-20,FTNT,Fatima Boolani,8.9
2026-08-20,GEV,Varun Govindaraj,38
2026-08-20,GILD,Terence Flynn,9.9
2026-08-20,GOOGL,Mark Shmulik,9.8
2026-08-20,HAL,Joe Laetsch,18.9
2026-08-20,HUBB,Luke Junk,23.1
2026-08-20,JKHY,Jason Kupferberg,26.6
2026-08-20,JKHY,Vasundhara Govil,29.2
2026-08-20,KEYS,Atif Malik,19.4
2026-08-20,LOW,Bradley Thomas,
2026-08-20,LOW,David Bellinger,29.9
2026-08-20,LOW,Greg Melich,19.5
2026-08-20,LOW,Joe Feldman,35.1
2026-08-20,LOW,Jonathan Matuszewski,35.1
2026-08-20,LOW,Michael Lasser,42.9
2026-08-20,LOW,Scot Ciccarelli,32
2026-08-20,LOW,Steven Forbes,42.9
2026-08-20,LOW,Zachary Fadem,27.3
2026-08-20,MAR,Robin M. Farley,16.5
2026-08-20,MAS,Matthew Bouley,16.1
2026-08-20,MCHP,Harsh Kumar,29.7
2026-08-20,MCHP,Unknown Analyst,29.7
2026-08-20,MDLZ,Alexia Burland Howard,21.6
2026-08-20,META,Mark Shmulik,20.2
2026-08-20,MO,Christine Dooley,
2026-08-20,MRK,Asad Haider,8.9
2026-08-20,MRK,Evan Seigerman,15.7
2026-08-20,MRK,Michael Yee,19.2
2026-08-20,MRNA,Courtney Breen,-70.8
2026-08-20,MRNA,Michael Yee,-2.6
2026-08-20,MRVL,Matt Murphy,2.4
2026-08-20,MU,Harsh Kumar,28
2026-08-20,MU,Unknown Analyst,28
2026-08-20,NDSN,Jeffrey Hammond,15.5
2026-08-20,NVDA,Unknown Analyst,54.8
2026-08-20,OTIS,Kristina Ruggeri,57.6
2026-08-20,OXY,Devin McDermott,17.3
2026-08-20,PFE,Courtney Breen,4.8
2026-08-20,PGR,Alex Scott,15.2
2026-08-20,PGR,Elyse Greenspan,-5.8
2026-08-20,PGR,Harry Fong,14.8
2026-08-20,PHM,Ryan Gilbert,
2026-08-20,PYPL,Iris Gao,14.5
2026-08-20,REGN,Louise Chen,-1.9
2026-08-20,ROST,Adrienne Yih,31.5
2026-08-20,ROST,Lorraine Hutchinson,16.9
2026-08-20,SBAC,Brendan Lynch,16.5
2026-08-20,SLB,Joe Laetsch,7.6
2026-08-20,SNA,Gary Prestopino,11.5
2026-08-20,SO,Carly Davenport,20.4
2026-08-20,SOLV,Patrick Wood,13.7
2026-08-20,SYY,John Staszak,
2026-08-20,TGT,Bill Kirk,-10.2
2026-08-20,TGT,Bradley Thomas,
2026-08-20,TGT,Charles Grom,26.4
2026-08-20,TGT,Christopher Horvers,-0.8
2026-08-20,TGT,Corey Tarlowe,16.9
2026-08-20,TGT,David Bellinger,-5.2
2026-08-20,TGT,Edward Kelly,16.9
2026-08-20,TGT,Greg Melich,7.5
2026-08-20,TGT,Kelly Bania,1.1
2026-08-20,TGT,Krisztina Katai,-5.2
2026-08-20,TGT,Michael Lasser,16.9
2026-08-20,TGT,Paul Lejuez,1.1
2026-08-20,TGT,Peter Benedict,7.5
2026-08-20,TGT,Peter Keith,-3.3
2026-08-20,TGT,Scot Ciccarelli,5.6
2026-08-20,TGT,Simeon Gutman,7.5
2026-08-20,TJX,Aneesha Sherman,37.5
2026-08-20,TJX,Charles Grom,21.8
2026-08-20,TJX,Ike Boruchow,10
2026-08-20,TJX,Jay Sole,55.6
2026-08-20,TJX,Joseph Civello,
2026-08-20,TJX,Michael Binetti,36
2026-08-20,TJX,Robert Drbul,49.3
2026-08-20,VLTO,Nathan Jones,20.6
2026-08-20,VMRK,Michael Goldsmith,19.2
2026-08-20,VRTX,Michael Yee,15.1
2026-08-20,WM,Unknown Analyst,28.4
2026-08-20,WMT,Charles Grom,3.1
2026-08-20,WMT,David Bellinger,21.8
2026-08-20,WMT,Georgy Vashchenko,
2026-08-20,WMT,Steven Shemesh,22.7
2026-08-20,WTW,Andrew Kligerman,46.8
2026-08-20,XOM,Devin McDermott,8.2
2026-08-21,ABT,Brandon Vazquez,
2026-08-21,ABT,Matthew Taylor,32.4
2026-08-21,ADSK,Joseph Vruwink,49.6
2026-08-21,ALL,Alex Scott,-9.6
2026-08-21,ALLE,Tomohiko Sano,11.9
2026-08-21,AMD,Suji Desilva,18.3
2026-08-21,AMP,Wilma Burdis,18
2026-08-21,ANET,James Fish,20.8
2026-08-21,AOS,Tomohiko Sano,5.8
2026-08-21,BLDR,Jay McCanless,
2026-08-21,CL,Peter Galbo,16.6
2026-08-21,COIN,Gautam Chhugani,69.9
2026-08-21,CRWD,Blair Abernethy,-13.3
2026-08-21,DAL,Sheila Kahyaoglu,38.2
2026-08-21,DE,Adam Seiden,-1.3
2026-08-21,DE,Angel Castillo,6.7
2026-08-21,DE,Jerry Revich,9.7
2026-08-21,DE,Joel Jackson,-26.9
2026-08-21,DE,Kristen Owen,0.1
2026-08-21,DE,Michael Feniger,-2.5
2026-08-21,DE,Sabahat Khan,9.9
2026-08-21,DE,Steven Fisher,6.4
2026-08-21,DE,Tami Zakaria,-14.5
2026-08-21,DECK,Blake Anderson,65.8
2026-08-21,DLTR,Rupesh Parikh,
2026-08-21,DOC,Michael Goldsmith,5.8
2026-08-21,EFX,Simon Clinch,47.9
2026-08-21,EME,Tim Mulrooney,
2026-08-21,FERG,Annelies Vermeulen,37.6
2026-08-21,GEN,Joseph Bonner,10.3
2026-08-21,HD,Simeon Gutman,33.3
2026-08-21,HONA,Kristine Liwag,25.3
2026-08-21,HSY,Nik Modi,21.3
2026-08-21,INCY,John Newman,21.3
2026-08-21,INTU,Andy Yu CFA,81.4
2026-08-21,ISRG,Adam Maeder,19.5
2026-08-21,KMB,Taylor Conrad,22.6
2026-08-21,LLY,Jason Gerberry,16.6
2026-08-21,MDLZ,Michael Lavery,8.5
2026-08-21,MLM,Keith Hughes,
2026-08-21,MRNA,Jessica Fye,-50
2026-08-21,NDSN,Christopher Glynn,18.8
2026-08-21,NDSN,Michael Halloran,12.7
2026-08-21,NFLX,Doug Anmuth,18.4
2026-08-21,NI,Shahriar Pourreza,28.1
2026-08-21,PEG,Shahriar Pourreza,27.6
2026-08-21,PEP,Michael Lavery,35.6
2026-08-21,PNR,Bryan Blair,68.1
2026-08-21,RDDT,Brian Nowak,39.2
2026-08-21,ROK,Chris Dankert,17.9
2026-08-21,ROL,Tomohiko Sano,38.8
2026-08-21,ROST,Alexandra Straton,3.3
2026-08-21,ROST,Aneesha Sherman,5.9
2026-08-21,ROST,Corey Tarlowe,25.8
2026-08-21,ROST,Dana Telsey,23.6
2026-08-21,ROST,Dylan Carden,
2026-08-21,ROST,Ike Boruchow,9.4
2026-08-21,ROST,Jay Sole,5.5
2026-08-21,ROST,Krisztina Katai,29.7
2026-08-21,ROST,Mark Altschwager,19.1
2026-08-21,ROST,Matthew Boss,20
2026-08-21,ROST,Michael Binetti,28
2026-08-21,ROST,Paul Lejuez,28
2026-08-21,ROST,Robert Drbul,
2026-08-21,SMCI,Sajal Dogra,30.5
2026-08-21,SWKS,Unknown Analyst,-21.1
2026-08-21,TER,Quinn Fredrickson,13.1
2026-08-21,TGT,Robert Drbul,
2026-08-21,TJX,Paul Lejuez,21
2026-08-21,TMUS,Laurent Yoon,30.8
2026-08-21,TROW,Unknown Analyst,19
2026-08-21,TTWO,James Heaney CFA,46
2026-08-21,TYL,Terry Tillman,
2026-08-21,UPS,Fadi Chamoun,16.1
2026-08-21,USB,John McDonald CFA,
2026-08-21,VTR,Michael Goldsmith,7.3
2026-08-21,WELL,Michael Goldsmith,18.4
2026-08-21,WMT,Bill Kirk,29.3
2026-08-21,WMT,Bobby Griffin,21.8
2026-08-21,WMT,Christopher Horvers,17.1
2026-08-21,WMT,Edward Kelly,12.4
2026-08-21,WMT,Greg Melich,17.1
2026-08-21,WMT,Joe Feldman,21.8
2026-08-21,WMT,John Heinbockel,21.8
2026-08-21,WMT,Katharina Schmenger,
2026-08-21,WMT,Krisztina Katai,5.9
2026-08-21,WMT,Michael Lasser,21.8
2026-08-21,WMT,Paul Lejuez,23.7
2026-08-21,WMT,Peter Benedict,12.4
2026-08-21,WMT,Peter Keith,19.9
2026-08-21,WMT,Scot Ciccarelli,6.8
2026-08-22,DIS,Sean Diffley,21.7
2026-08-22,XYZ,Andrew Jeffrey,
2026-08-23,COST,John Heinbockel,
2026-08-23,EOG,Neil Mehta,4.7
2026-08-23,LOW,Simeon Gutman,34
2026-08-23,MRVL,Cody Acree,12.6
2026-08-23,TDG,Michael Goldie,40.4
2026-08-24,ABNB,Mark Mahaney,21.1
2026-08-24,ACN,Bryan Keane,3.6
2026-08-24,ADI,Tristan Gerra,82.5
2026-08-24,ADP,Andy Yu CFA,6.8
2026-08-24,AMAT,Vijay Rakesh,35.6
2026-08-24,AME,Christine Yao,3.8
2026-08-24,ARE,Farrell Granath,-1.6
2026-08-24,ARE,Wes Golladay,-7
2026-08-24,BA,Douglas Harned,51
2026-08-24,BKNG,Mark Mahaney,60.4
2026-08-24,BKR,Keith Mackey,33.2
2026-08-24,CMG,David Tarantino CFA,19.7
2026-08-24,CMG,Unknown Analyst,19.7
2026-08-24,CMI,Stephen Volkmann,26.8
2026-08-24,CMI,Unknown Analyst,46.7
2026-08-24,COP,John Freeman,
2026-08-24,CSCO,Matthew Niknam,27.8
2026-08-24,CSCO,Meta Marshall,23.3
2026-08-24,CSGP,Jason Haas CFA,-14.1
2026-08-24,CSGP,Jeffrey Silber,13.4
2026-08-24,CSX,Alex Irving,1.9
2026-08-24,DAL,Savanthi Syth,23.1
2026-08-24,DAL,Thomas Fitzgerald CFA,31.9
2026-08-24,DE,Jamie Cook,17.5
2026-08-24,DE,Kyle Menges,-5
2026-08-24,DE,Michael Shlisky,11.1
2026-08-24,DECK,Ike Boruchow,8.4
2026-08-24,DOC,Farrell Granath,23
2026-08-24,DPZ,Brian Bittner,41.1
2026-08-24,DPZ,Chris O`Cull,19
2026-08-24,DPZ,Unknown Analyst,19
2026-08-24,DRI,Chris O`Cull,19.5
2026-08-24,DRI,Unknown Analyst,19.5
2026-08-24,ED,Jeremy Tonet,6.2
2026-08-24,EL,Andrea Faria Teixeira,19.9
2026-08-24,EL,Bonnie Herzog,19.9
2026-08-24,EL,Fulvio Cazzol,-1.5
2026-08-24,EL,Unknown Analyst,-1.5
2026-08-24,EMR,Chris Dankert,3.4
2026-08-24,EOG,Leo Mariani,-4.3
2026-08-24,ES,Jeremy Tonet,7.8
2026-08-24,EXC,Jeremy Tonet,11.7
2026-08-24,EXPE,Mark Mahaney,53.9
2026-08-24,EXR,Samir Khanal,17
2026-08-24,FCX,Unknown Analyst,
2026-08-24,FE,Jeremy Tonet,14.9
2026-08-24,FIX,Kurt Yinger,27.2
2026-08-24,FRT,Samir Khanal,
2026-08-24,GOOGL,Brian Nowak,14.1
2026-08-24,GWW,Christine Yao,10.5
2026-08-24,GWW,Christopher Snyder,10.5
2026-08-24,HCA,Benjamin Rossi,-0.6
2026-08-24,HD,Steven Zaccone,33.3
2026-08-24,HD,W. Andrew Carter,
2026-08-24,HWM,Douglas Harned,42.8
2026-08-24,INTC,Simon Leopold,
2026-08-24,LITE,Meta Marshall,7.4
2026-08-24,LOW,Steven Zaccone,35.1
2026-08-24,LOW,W. Andrew Carter,
2026-08-24,LRCX,Atif Malik,56.2
2026-08-24,LRCX,Vijay Rakesh,26.7
2026-08-24,LUV,Savanthi Syth,31.8
2026-08-24,MCD,Chris O`Cull,14.8
2026-08-24,MCD,Unknown Analyst,14.8
2026-08-24,MET,Bob Huang,14.4
2026-08-24,MNST,Andrea Faria Teixeira,10.7
2026-08-24,MO,Lisa Lewandowski,18.2
2026-08-24,MRK,Jasper Hellweg,15.7
2026-08-24,MRNA,Eliana Merle,-18.9
2026-08-24,MU,Vijay Rakesh,28
2026-08-24,NDSN,Matt Summerville,20.4
2026-08-24,NKE,Richard Chamberlain,26.7
2026-08-24,NUE,Unknown Analyst,19.6
2026-08-24,OKE,Manav Gupta,15.6
2026-08-24,ORCL,Andy Yu CFA,110
2026-08-24,PANW,Yi Fu Lee,10
2026-08-24,PEG,Jeremy Tonet,16.1
2026-08-24,PFE,Louise Chen,8.5
2026-08-24,PFG,Bob Huang,-4.8
2026-08-24,PGR,Gregory Peters,
2026-08-24,PHM,Trevor Allinson,34.7
2026-08-24,PKG,Terry Tillman,16
2026-08-24,PLTR,Unknown Analyst,
2026-08-24,PLTR,William Power,12.6
2026-08-24,PRU,Bob Huang,-11.3
2026-08-24,PSA,Marie Ferguson,
2026-08-24,PSX,Neil Mehta,-10.3
2026-08-24,QCOM,Atif Malik,-1.5
2026-08-24,SBAC,Ari Klein,12
2026-08-24,SBUX,Chris O`Cull,29.4
2026-08-24,SBUX,Unknown Analyst,29.4
2026-08-24,SNDK,Vijay Rakesh,4.6
2026-08-24,STLD,Unknown Analyst,16.9
2026-08-24,TGT,Kate McShane,1.8
2026-08-24,TJX,Matthew Boss,34.4
2026-08-24,TRGP,Jeremy Tonet,20.1
2026-08-24,UAL,Thomas Fitzgerald CFA,76.6
2026-08-24,USB,Gerard Cassidy,13.2
2026-08-24,VICI,Caitlin Burrows,30.7
2026-08-24,VMRK,Anthony Paolone,19.2
2026-08-24,VMRK,Jana Galan,30.7
2026-08-24,VMRK,John Kim,20.9
2026-08-24,VST,Anthony Crowdell,20.1
2026-08-24,VZ,Kutgun Maral,4
2026-08-24,WAT,Dan Leonard,12.7
2026-08-24,WDAY,Andy Yu CFA,5.7
2026-08-24,WDAY,Kirk Materne,-17.5
2026-08-24,WFC,Ebrahim Poonawala,
2026-08-24,XYL,Stephen Volkmann,39.5
2026-08-24,YUM,David Palmer,37.7
2026-08-24,YUM,David Tarantino CFA,26.1
2026-08-24,YUM,Unknown Analyst,26.1
2026-08-25,ACN,Darrin Peller,17.2
2026-08-25,ALB,Jeffrey Zekauskas,25.3
2026-08-25,AMD,Simon Leopold,16.7
2026-08-25,ARE,Julien Blouin,-3.4
2026-08-25,AXP,Darrin Peller,
2026-08-25,BIIB,Brian Abrahams,19.7
2026-08-25,BXP,Anthony Paolone,36.5
2026-08-25,BXP,Michael Goldsmith,9.8
2026-08-25,CMS,Marie Ferguson,22.4
2026-08-25,COF,Darrin Peller,36.2
2026-08-25,COIN,Kevin Heal,
2026-08-25,CPAY,Darrin Peller,33.2
2026-08-25,CPRT,John Babcock,-14.6
2026-08-25,CRH,Garik Shmois,59
2026-08-25,CRH,Unknown Analyst,59
2026-08-25,CTSH,Darrin Peller,
2026-08-25,DG,Rupesh Parikh,22.5
2026-08-25,EIX,Marie Ferguson,
2026-08-25,EL,Olivia Tong,23.1
2026-08-25,EXE,Neil Mehta,29.2
2026-08-25,EXPE,Jake Fuller,43.2
2026-08-25,EXR,Brendan Lynch,25.8
2026-08-25,FIS,Bryan Bergin,48.8
2026-08-25,FIS,Darrin Peller,51.6
2026-08-25,FIS,Jason Kupferberg,29.1
2026-08-25,FISV,Darrin Peller,
2026-08-25,FISV,Timothy Chiodo,27.1
2026-08-25,FOXA,Michael Morris,31.9
2026-08-25,FSLR,Unknown Analyst,40.3
2026-08-25,GEHC,Larry Biegelsen,32.5
2026-08-25,GPN,Darrin Peller,47
2026-08-25,GPN,Matthew Coad,11.7
2026-08-25,HST,Stephen Grambling,0.7
2026-08-25,INVH,Anthony Paolone,26.3
2026-08-25,JKHY,Darrin Peller,38.8
2026-08-25,JNJ,Asad Haider,4.4
2026-08-25,KIM,Michael Mueller,15.4
2026-08-25,LLY,Nico Chen,34.4
2026-08-25,MA,Darrin Peller,30.9
2026-08-25,MAS,Garik Shmois,17.5
2026-08-25,MAS,Unknown Analyst,17.5
2026-08-25,MCD,John Staszak,24.9
2026-08-25,MCK,Ryan Daniels,
2026-08-25,META,Ralph Schackart,
2026-08-25,MLM,Garik Shmois,27.4
2026-08-25,MLM,Unknown Analyst,27.4
2026-08-25,MO,Bonnie Herzog,11
2026-08-25,MRK,Alexandria Hammond,22.6
2026-08-25,MRNA,Alexandria Hammond,
2026-08-25,MRSH,Michael Zaremski,16
2026-08-25,MRVL,Christopher Rolland,8.5
2026-08-25,MRVL,Sajal Dogra,22.8
2026-08-25,NFLX,Peter Supino,32.3
2026-08-25,NKE,Peter McGoldrick,26.7
2026-08-25,PM,Bonnie Herzog,16.6
2026-08-25,PPL,Julien Dumoulin Smith,32
2026-08-25,PYPL,Darrin Peller,
2026-08-25,SBAC,Ric Prentiss,47.8
2026-08-25,SHW,Garik Shmois,24.7
2026-08-25,SHW,Unknown Analyst,24.7
2026-08-25,SYF,Darrin Peller,19.9
2026-08-25,TTWO,Andrew Marok,46
2026-08-25,ULTA,Krisztina Katai,28.5
2026-08-25,V,Darrin Peller,24.9
2026-08-25,VMC,Garik Shmois,37
2026-08-25,VMC,Unknown Analyst,37
2026-08-25,VMRK,Adam Kramer,22.5
2026-08-25,VMRK,James Feldman,17.6
2026-08-25,WMB,Robert Kad,43
2026-08-25,WMT,Rupesh Parikh,
2026-08-25,XYZ,Darrin Peller,49.9
2026-08-26,A,Dan Leonard,18.2
2026-08-26,ABT,Adam Maeder,15.7
2026-08-26,APP,Bernie McTernan,52.6
2026-08-26,ARE,Anthony Paolone,0.2
2026-08-26,AXON,Tim Long,52.6
2026-08-26,CDW,Amit Daryanani,10
2026-08-26,CF,Vitaly Kononov,3.1
2026-08-26,CI,Jessica Tassan,25.7
2026-08-26,CRM,Gabriela Borges,13.9
2026-08-26,CRWD,Gabriela Borges,-3.2
2026-08-26,CRWD,Jonathan Ruykhaver,5.2
2026-08-26,CTAS,Ashish Sabadra,4.2
2026-08-26,CVS,Charles Rhyee,23.8
2026-08-26,CVS,Jessica Tassan,27.2
2026-08-26,DASH,Taylor Conrad,39.9
2026-08-26,ECL,Manav Patnaik,11.3
2026-08-26,EOG,Phillips Johnston,6.1
2026-08-26,FDS,Ashish Sabadra,7.1
2026-08-26,FSLR,Corinne Blanchard,52.6
2026-08-26,GDDY,Alec Brondolo,-22
2026-08-26,GLW,Joseph Cardoso,
2026-08-26,GPN,Bryan Bergin,11.7
2026-08-26,HPQ,Katherine Murphy,-36
2026-08-26,IBKR,Patrick O'Shaughnessy,
2026-08-26,INTU,Alex Markgraff,31.9
2026-08-26,INTU,Alex Zukin,
2026-08-26,INTU,Billy Fitzsimmons,-4.4
2026-08-26,INTU,Daniel Jester,35.9
2026-08-26,INTU,Gabriela Borges,0.3
2026-08-26,INTU,James Friedman,36.9
2026-08-26,INTU,Samik Chatterjee,9.2
2026-08-26,INTU,Scott Schneeberger,25.3
2026-08-26,LH,Lisa Gill,
2026-08-26,LHX,Sheila Kahyaoglu,27.4
2026-08-26,MAA,Richard Anderson,17.7
2026-08-26,META,Brian Pitz,-12.9
2026-08-26,META,Mark Zgutowicz,
2026-08-26,META,Thomas Champion,17.9
2026-08-26,MSI,Amit Daryanani,19.9
2026-08-26,NI,Gabe Moreen,18.3
2026-08-26,NKE,Joseph Civello,18.3
2026-08-26,NVDA,C J Muse,59.4
2026-08-26,NVDA,Joshua Buchalter,25.2
2026-08-26,NVDA,Vijay Rakesh,43.4
2026-08-26,ORLY,Simeon Gutman,27.5
2026-08-26,PLTR,Louie DiPalma,
2026-08-26,PPG,Unknown Analyst,
2026-08-26,PRU,Kevin Heal,
2026-08-26,ROL,Joshua Chan,32.6
2026-08-26,SJM,Robert Dickerson,22
2026-08-26,SJM,Scott Marks CFA,23.6
2026-08-26,SNPS,Gary Mobley,48.1
2026-08-26,SNPS,James Schneider,55.9
2026-08-26,T,Kutgun Maral,9.6
2026-08-26,TRGP,Elvira Scotto,15.7
2026-08-26,UNP,Ken Hoexter,22.8
2026-08-26,VEEV,David Larsen,30.7
2026-08-26,VEEV,Gabriela Borges,-30.8
2026-08-26,VEEV,Jailendra Singh,
2026-08-26,VEEV,Rishi Jaluria,24.9
2026-08-26,VMRK,Alexander Goldfarb,24.1
2026-08-26,VMRK,Austin Wurschmidt,
2026-08-26,WM,Trevor Romeo,
2026-08-26,WSM,Steven Shemesh,16
2026-08-26,WSM,Unknown Analyst,
2026-08-26,XYZ,Harshita Rawat,23.8
2026-08-27,A,Casey Woodring,21.4
2026-08-27,A,Daniel Brennan,15
2026-08-27,A,David Westenberg,-4.1
2026-08-27,A,Evie Koslosky,11.8
2026-08-27,A,Luke Sergott,11.8
2026-08-27,A,Michael Ryskin,15
2026-08-27,A,Patrick B Donnelly,21.4
2026-08-27,A,Vijay Kumar,9.9
2026-08-27,AEP,James Thalacker,15.6
2026-08-27,ALL,Kevin Heal,-4.8
2026-08-27,AMZN,Mark Mahaney,40.8
2026-08-27,ANET,Tal Liani,20.8
2026-08-27,ARES,Chris Kotowski,28.9
2026-08-27,AVGO,Rick Schafer,51
2026-08-27,BBY,Christopher Nardone,-14.5
2026-08-27,BBY,Steven Forbes,1.6
2026-08-27,BKNG,Jake Fuller,48.5
2026-08-27,BX,Chris Kotowski,36.9
2026-08-27,BXP,Alexander Goldfarb,38
2026-08-27,CRM,Billy Fitzsimmons,17.7
2026-08-27,CRM,Brad Zelnick,15.6
2026-08-27,CRM,Brent Thill,26.1
2026-08-27,CRM,Jackson Ader,
2026-08-27,CRM,Mark Moerdler,-18
2026-08-27,CRM,Nehal Chokshi,6.3
2026-08-27,CRM,Richard Baldry,36.6
2026-08-27,CRM,Robert Oliver,15.6
2026-08-27,CRWD,Brian Essex,-1.1
2026-08-27,CRWD,Catharine Trebnick,5.2
2026-08-27,CRWD,Eric Heath,3.1
2026-08-27,CRWD,John Difucci,
2026-08-27,CRWD,Joseph Bonner,78.8
2026-08-27,CRWD,Keith Bachman,-1.1
2026-08-27,CRWD,Peter Levine,-11.6
2026-08-27,CRWD,Unknown Analyst,
2026-08-27,CSGP,Stephen Sheldon,
2026-08-27,D,Marie Ferguson,
2026-08-27,DG,Paul Lejuez,8.7
2026-08-27,DG,Robert Ohmes,43
2026-08-27,DLTR,John Heinbockel,29.5
2026-08-27,DLTR,Robert Ohmes,-10.7
2026-08-27,DPZ,John Ivankoe,29.2
2026-08-27,DRI,Christopher Carril,13.2
2026-08-27,DRI,Eric Gonzalez,13.2
2026-08-27,DTE,James Thalacker,11.3
2026-08-27,EL,Ashley Wallace,28.4
2026-08-27,EOG,Scott Gruber,4
2026-08-27,EXR,Juan C. Sanabria,24.4
2026-08-27,FCX,Hans Engel,
2026-08-27,FERG,Ryan Merkel,
2026-08-27,FISV,Andrew Harte,
2026-08-27,FTNT,Adam Borg,3
2026-08-27,GILD,Evan Seigerman,15.9
2026-08-27,HPQ,Aaron Rakers,-41.9
2026-08-27,HPQ,Amit Daryanani,-7
2026-08-27,HPQ,Asiya Merchant,-27.3
2026-08-27,HPQ,David Vogt,-18.6
2026-08-27,HPQ,Erik Woodring,-44.8
2026-08-27,HPQ,Jim Kelleher,-1.2
2026-08-27,HPQ,Joseph Cardoso,-12.8
2026-08-27,HPQ,Krish Sankar,-12.8
2026-08-27,HPQ,Mark Newman,-7
2026-08-27,HRL,Unknown Analyst,
2026-08-27,HST,Richard Hightower,9.9
2026-08-27,INTU,Steve Enders,37.2
2026-08-27,J,Andrew Wittmann,6.7
2026-08-27,KKR,Chris Kotowski,68
2026-08-27,MAR,Stephan Lingnau,
2026-08-27,META,Barton Crockett,33.1
2026-08-27,META,Laura Martin,
2026-08-27,META,Stephen Ju,7.4
2026-08-27,META,Youssef Squali,14.6
2026-08-27,MNST,Andrew Strelzik,5.1
2026-08-27,MRNA,Jasper Hellweg,16.9
2026-08-27,MRSH,Meyer Shields,15.4
2026-08-27,MRVL,Blayne Curtis,33.1
2026-08-27,MRVL,C J Muse,22.8
2026-08-27,MRVL,Harsh Kumar,2.4
2026-08-27,MRVL,James Schneider,-9.9
2026-08-27,MRVL,Srini Pajjuri,47.4
2026-08-27,MRVL,Thomas O'Malley,12.6
2026-08-27,NKE,Anna Andreeva,26.7
2026-08-27,NVDA,Aaron Rakers,43.4
2026-08-27,NVDA,Blayne Curtis,36.6
2026-08-27,NVDA,Christopher Rolland,25.2
2026-08-27,NVDA,Cody Acree,52.5
2026-08-27,NVDA,Gil Luria,36.6
2026-08-27,NVDA,Harsh Kumar,54.8
2026-08-27,NVDA,Ingo Wermann,
2026-08-27,NVDA,John Vinh,50.3
2026-08-27,NVDA,Joseph Moore,36.6
2026-08-27,NVDA,Mark Lipacis,111.7
2026-08-27,NVDA,Rick Schafer,43.4
2026-08-27,NVDA,Srini Pajjuri,50.3
2026-08-27,NVDA,Thomas O'Malley,25.2
2026-08-27,NVDA,William Stein,57.5
2026-08-27,PGR,Brian Meredith,9.6
2026-08-27,PRU,Wilma Burdis,
2026-08-27,PSA,Juan C. Sanabria,18.1
2026-08-27,PYPL,Andrew Harte,
2026-08-27,RF,Matt O'Connor,19.3
2026-08-27,SBUX,John Ivankoe,16.9
2026-08-27,SJM,Alexia Burland Howard,27.7
2026-08-27,SJM,Christopher Carey,17.1
2026-08-27,SJM,David Palmer,22
2026-08-27,SJM,Jon Andersen,
2026-08-27,SJM,"Matthew Smith, CFA",7.4
2026-08-27,SJM,Nik Modi,22
2026-08-27,SJM,Peter Galbo,17.9
2026-08-27,SJM,Peter Grom,21.2
2026-08-27,SJM,Robert Moskow,10.6
2026-08-27,SJM,Stephen Powers,1.7
2026-08-27,SNPS,Blair Abernethy,49.4
2026-08-27,SNPS,Charles Shi,50.7
2026-08-27,SNPS,Clarke Jeffries,42.9
2026-08-27,SNPS,Jason Celino,
2026-08-27,SNPS,Joseph Vruwink,45.5
2026-08-27,SNPS,Kelsey Chia,58.5
2026-08-27,SNPS,Nay Soe Naing,64.4
2026-08-27,SNPS,Ruben Roy,55.9
2026-08-27,SNPS,Siti Panigrahi,42.9
2026-08-27,SNPS,Vivek Arya,29.9
2026-08-27,SPG,Alexander Goldfarb,38.8
2026-08-27,SPG,Haendel St. Juste,10.1
2026-08-27,SW,Ioannis Masvoulas,30.8
2026-08-27,SYK,Ryan Zimmerman,30.1
2026-08-27,TSCO,Unknown Analyst,
2026-08-27,TSLA,Markus Leistner,
2026-08-27,UNH,Hans Engel,
2026-08-27,UNP,Hans Engel,
2026-08-27,UNP,Stephan Lingnau,
2026-08-27,UPS,Ariel Rosa,33.3
2026-08-27,VEEV,Billy Fitzsimmons,23
2026-08-27,VEEV,Brian Peterson,26.8
2026-08-27,VEEV,David Grossman,15.3
2026-08-27,VEEV,David Hynes,-0.1
2026-08-27,VEEV,Dylan Becker,
2026-08-27,VEEV,Joseph Vruwink,15.3
2026-08-27,VEEV,Kenneth Wong,24.9
2026-08-27,VEEV,Kirk Materne,-3.9
2026-08-27,VEEV,Ryan MacDonald,19.1
2026-08-27,VEEV,Saket Kalia,21.1
2026-08-27,VEEV,Sean Dodge,3.8
2026-08-27,VEEV,Steven Valiquette,7.6
2026-08-27,VEEV,Tamjid Chowdhury,19.1
2026-08-27,VLO,Hans Engel,
2026-08-27,VMRK,Nicholas Yulico,14.3
2026-08-27,WAT,David Westenberg,13.8
2026-08-27,WDAY,Derrick Wood,8.3
2026-08-27,WDAY,Rishi Jaluria,23.8
2026-08-27,WEC,Sophie Karp,13.4
2026-08-27,WM,Konark Gupta,23.2
2026-08-27,WSM,Bradley Thomas,20.4
2026-08-27,WSM,Christopher Nardone,17.3
2026-08-27,WSM,Jonathan Matuszewski,22.7
2026-08-27,WSM,Max Rakhlenko,24.9
2026-08-27,WSM,Michael Lasser,10.2
2026-08-27,WSM,Oliver Wintermantel,9.3
2026-08-27,WSM,Seth Sigman,-15.3
2026-08-27,WSM,Simeon Gutman,7
2026-08-27,WSM,Steven Zaccone,12.4
2026-08-27,WSM,Zachary Fadem,7
2026-08-27,XYZ,Andrew Harte,30.4
2026-08-28,A,Evan Stampler,15
2026-08-28,ADSK,Blair Abernethy,51.9
2026-08-28,ADSK,Brent Thill,38.1
2026-08-28,ADSK,Clark Wright,49.6
2026-08-28,ADSK,Clarke Jeffries,55.6
2026-08-28,ADSK,Kenneth Wong,38.1
2026-08-28,ADSK,Tamjid Chowdhury,30.3
2026-08-28,ADSK,Taylor McGinnis,49.6
2026-08-28,AIZ,Charlie Lederer,13.8
2026-08-28,AME,Christopher Glynn,
2026-08-28,AVGO,Cody Acree,53.9
2026-08-28,BBY,Kate McShane,-24.1
2026-08-28,BBY,Michael Lasser,-3.8
2026-08-28,BBY,Peter Keith,-9.1
2026-08-28,BBY,Scot Ciccarelli,6.9
2026-08-28,BBY,Seth Sigman,-9.1
2026-08-28,BBY,Simeon Gutman,-3.8
2026-08-28,BBY,Zachary Fadem,-9.1
2026-08-28,BR,Daniel Perlin,38.1
2026-08-28,CDNS,Ruben Roy,52.9
2026-08-28,COIN,Ramsey El Assal,9.1
2026-08-28,CPAY,Daniel Perlin,10.1
2026-08-28,CRM,Joseph Bonner,26.1
2026-08-28,CRWD,Shyam Patil,11.5
2026-08-28,DG,Edward Kelly,2.1
2026-08-28,DG,Joe Feldman,2.1
2026-08-28,DG,Kelly Bania,10.3
2026-08-28,DG,Michael Lasser,37.2
2026-08-28,DG,Peter Keith,0.5
2026-08-28,DG,Scot Ciccarelli,12.7
2026-08-28,DG,Simeon Gutman,18.5
2026-08-28,DLTR,Bobby Griffin,29.5
2026-08-28,DLTR,Edward Kelly,38.4
2026-08-28,DLTR,Joe Feldman,34
2026-08-28,DLTR,Kate McShane,17
2026-08-28,DLTR,Kelly Bania,-12.5
2026-08-28,DLTR,Matthew Boss,51.8
2026-08-28,DLTR,Michael Lasser,34
2026-08-28,DLTR,Scot Ciccarelli,31.3
2026-08-28,DLTR,Simeon Gutman,29.5
2026-08-28,EL,Dana Telsey,15.6
2026-08-28,EMR,Christopher Snyder,-10
2026-08-28,EQIX,Cameron McVeigh,22.4
2026-08-28,ETN,Christopher Snyder,22.4
2026-08-28,FIS,Daniel Perlin,48.8
2026-08-28,FISV,Daniel Perlin,37.7
2026-08-28,FSLR,Ameet Thakkar,34.2
2026-08-28,GILD,Gregory Renza,
2026-08-28,GILD,Louise Chen,17.9
2026-08-28,GPN,Daniel Perlin,24.6
2026-08-28,HPQ,Tim Long,-33.1
2026-08-28,HRL,Peter Galbo,15.2
2026-08-28,HRL,Pooran Sharma,10.4
2026-08-28,ISRG,Vik Chopra,
2026-08-28,MDLZ,Nik Modi,8.5
2026-08-28,MLM,Anthony Codling,26.4
2026-08-28,MRVL,Aaron Rakers,26.9
2026-08-28,MRVL,Atif Malik,12.6
2026-08-28,MRVL,Christian Schwab,22.8
2026-08-28,MRVL,Craig Ellis,29
2026-08-28,MRVL,John Vinh,63.8
2026-08-28,MRVL,Quinn Bolton,22.8
2026-08-28,MRVL,Rick Schafer,33.1
2026-08-28,MRVL,Sean O'Loughlin,0.3
2026-08-28,MRVL,Sebastien Naji,
2026-08-28,MRVL,Suji Desilva,43.3
2026-08-28,MRVL,Timothy Arcuri,26.9
2026-08-28,MRVL,Tore Svanberg,43.3
2026-08-28,NTRS,Ben Gerlinger,2.3
2026-08-28,NVDA,Atif Malik,43.4
2026-08-28,NVDA,Timothy Arcuri,36.6
2026-08-28,PAYX,Ashish Sabadra,11.9
2026-08-28,PEP,Robert Moskow,11.8
2026-08-28,PYPL,Daniel Perlin,33.6
2026-08-28,PYPL,Dominick Gabriele,-4.6
2026-08-28,PYPL,Sanjay Sakhrani,33.6
2026-08-28,SHW,Duffy Fischer,31
2026-08-28,SO,James Thalacker,21.6
2026-08-28,TTWO,Brian Pitz,38.7
2026-08-28,TTWO,Bryan Smilek,50.9
2026-08-28,TTWO,Clark Lampen,52.3
2026-08-28,TTWO,Doug Creutz,38.2
2026-08-28,TTWO,Drew Crum,46
2026-08-28,ULTA,Anna Andreeva,10.9
2026-08-28,ULTA,Anna Glaessgen,-7.6
2026-08-28,ULTA,Christopher Horvers,16.6
2026-08-28,ULTA,Dylan Carden,
2026-08-28,ULTA,Lorraine Hutchinson,20.2
2026-08-28,ULTA,Michael Lasser,31.2
2026-08-28,ULTA,Oliver Chen,10.9
2026-08-28,ULTA,Susan Anderson,35.1
2026-08-28,ULTA,Sydney Wagner,20.2
2026-08-28,VEEV,Karl Keirstead,11.4
2026-08-28,VEEV,Tyler Radke,4.9
2026-08-28,WDAY,Adam Wood,-7.2
2026-08-28,WDAY,Almas Almaganbetov,3.2
2026-08-28,WDAY,Billy Fitzsimmons,-2
2026-08-28,WDAY,Brad Reback,-17.5
2026-08-28,WDAY,Brent Thill,13.5
2026-08-28,WDAY,Brian Schwartz,13.5
2026-08-28,WDAY,Brian White,12.4
2026-08-28,WDAY,Connor Murphy,13
2026-08-28,WDAY,Daniel Jester,18.6
2026-08-28,WDAY,David Hynes,16.1
2026-08-28,WDAY,Jason Celino,10.9
2026-08-28,WDAY,John Difucci,41.8
2026-08-28,WDAY,Karl Keirstead,13.5
2026-08-28,WDAY,Lucky Schreiner,-2
2026-08-28,WDAY,Matthew VanVliet,5.7
2026-08-28,WDAY,Michael Turrin,16.1
2026-08-28,WDAY,Patrick McIlwee,
2026-08-28,WDAY,Raimo Lenschow,15.5
2026-08-28,WDAY,Scott Berg,18.6
2026-08-28,WDAY,Siti Panigrahi,8.3
2026-08-28,WDAY,Tal Liani,5.7
2026-08-28,WDAY,Unknown Analyst,41.8
2026-08-28,XYZ,Daniel Perlin,23.8
2026-08-30,A,Daniel Arias,15
2026-08-30,AMZN,Eric Sheridan,48.7
2026-08-30,AON,Brian Meredith,31.4
2026-08-30,APH,Unknown Analyst,30
2026-08-30,BDX,Travis Steed,10.7
2026-08-30,CRWD,Gregg Moskowitz,5.2
2026-08-30,DTE,Anthony Crowdell,18.3
2026-08-30,EL,Unknown Analyst,30.6
2026-08-30,IRM,Tobey Sommer,35.6
2026-08-30,NVDA,Ruben Roy,43.4
2026-08-30,RDDT,Eric Sheridan,42.5
2026-08-30,WY,Matt McKellar,41.4
2026-08-31,AAPL,Mark Newman,10.3
2026-08-31,ABNB,Benjamin Black CFA,15
2026-08-31,ABNB,Scott Devitt,33.2
2026-08-31,ABNB,Tom White,33.2
2026-08-31,AKAM,Sanjit Singh,59.3
2026-08-31,AMZN,Ike Boruchow,30.1
2026-08-31,ANET,Gianmarco Conti,10.8
2026-08-31,AON,David Motemaden,48
2026-08-31,AON,Michael Zaremski,22.2
2026-08-31,APP,James Callahan CFA,4.4
2026-08-31,AZO,Max Rakhlenko,22.4
2026-08-31,BALL,Arun Viswanathan,27.2
2026-08-31,BALL,Michael Roxland,28.9
2026-08-31,BKNG,Justin Post,39
2026-08-31,BKNG,Scott Devitt,45.6
2026-08-31,BRO,Bob Huang,-8.6
2026-08-31,BX,William Katz,23.3
2026-08-31,COHR,Melissa Weathers,26
2026-08-31,COHR,Unknown Analyst,26
2026-08-31,CRM,Paul Chew,2.1
2026-08-31,CRM,Saiyi He,31.1
2026-08-31,CSCO,Gianmarco Conti,23.3
2026-08-31,CVS,Brian Tanquilut,35.1
2026-08-31,CVX,Bob Brackett,-0.2
2026-08-31,DASH,Scott Devitt,39.9
2026-08-31,DE,Mircea Dobre,17
2026-08-31,DE,Timothy Thein,6.7
2026-08-31,DECK,Peter McGoldrick,69.6
2026-08-31,DG,Greg Melich,10.3
2026-08-31,DG,Michael Montani,10.3
2026-08-31,DLTR,Peter Keith,8.1
2026-08-31,DOC,Richard Hightower,18.1
2026-08-31,DOV,Andrew Obin,46.2
2026-08-31,DTE,Richard Sunderland,
2026-08-31,DVN,Scott Gruber,37.8
2026-08-31,EIX,Anthony Crowdell,26.6
2026-08-31,EIX,Shahriar Pourreza,12.1
2026-08-31,ETR,Paul Zimbardo CFA,30.4
2026-08-31,EXPE,Scott Devitt,28.9
2026-08-31,FIX,Brent Thielman,45.3
2026-08-31,GD,Andre Madrid,
2026-08-31,GILD,Salim Syed,13.3
2026-08-31,GL,Andrew Kligerman,29.7
2026-08-31,GL,Menno Hulshof,29.7
2026-08-31,IBM,James Friedman,2.4
2026-08-31,ICE,Daniel Fannon,21.6
2026-08-31,INCY,Evan Seigerman,3.7
2026-08-31,INTU,Siti Panigrahi,41.8
2026-08-31,KKR,Bart Dziarski,35.6
2026-08-31,KKR,Michael Cyprys,48.8
2026-08-31,LITE,Amit Daryanani,18.2
2026-08-31,LITE,Gianmarco Conti,28.9
2026-08-31,LLY,Courtney Breen,20.1
2026-08-31,LLY,Evan Seigerman,21.4
2026-08-31,MRK,Louise Chen,5.5
2026-08-31,MRSH,Matthew Heimermann,14.3
2026-08-31,NEM,Steven Green,7.8
2026-08-31,NKE,Adrienne Yih,46.4
2026-08-31,NKE,Matthew Boss,12.6
2026-08-31,NVDA,Yik Ban Chong,36.6
2026-08-31,PANW,Patrick Colville,18.3
2026-08-31,PANW,Peter Levine,14.1
2026-08-31,PCG,Shahriar Pourreza,81.8
2026-08-31,PNR,Shaun Calnan,
2026-08-31,PYPL,Matthew Coad,1.1
2026-08-31,PYPL,Owen Lau,4.9
2026-08-31,RDDT,Mark Shmulik,19.3
2026-08-31,RMD,Brett Fishbin,18.7
2026-08-31,ROST,Simeon Siegel,28
2026-08-31,SLB,Guillaume Delaby,38.9
2026-08-31,SLB,Neil Mehta,21.3
2026-08-31,SLB,Phillip Jungwirth,21.3
2026-08-31,SRE,Anthony Crowdell,3.3
2026-08-31,SWKS,Joseph Moore,
2026-08-31,TFC,Gerard Cassidy,9.1
2026-08-31,TJX,Simeon Siegel,19.5
2026-08-31,TROW,William Katz,5.6
2026-08-31,TTWO,Omar Dessouky,79.1
2026-08-31,UBER,Scott Devitt,41.8
2026-08-31,UHS,A.J. Rice,64.1
2026-08-31,ULTA,Steven Zaccone,7.2
2026-08-31,UPS,Christian Wetherbee,11
2026-08-31,VTR,Richard Hightower,17.7
2026-08-31,WDAY,Gabriela Borges,-15.4
2026-08-31,WELL,Richard Hightower,13.2
2026-08-31,WMT,Ivan Feinseth,45.2
2026-08-31,WMT,Kelly Bania,18.1
2026-08-31,XEL,Marie Ferguson,23.1
2026-09-01,A,Kallum Titchmarsh,11.8
2026-09-01,AAPL,Asiya Merchant,8.8
2026-09-01,AAPL,Gil Luria,-19.5
2026-09-01,ABT,Robbie Marcus,
2026-09-01,ADSK,Nay Soe Naing,53.3
2026-09-01,ADSK,Unknown Analyst,63.4
2026-09-01,AIG,Kevin Heal,19.3
2026-09-01,AKAM,James Fish,20.7
2026-09-01,AMAT,James Schneider,54
2026-09-01,AMAT,Timothy Arcuri,59.8
2026-09-01,AMZN,Ronald Josey,38.8
2026-09-01,AON,Elyse Greenspan,30
2026-09-01,AON,Harry Fong,29
2026-09-01,AON,Meyer Shields,41.6
2026-09-01,AON,Paul Newsome,18.5
2026-09-01,AON,Ryan Tunis,47
2026-09-01,APP,Robert Coolbrith,63.8
2026-09-01,BBY,Christopher Horvers,1.6
2026-09-01,BXP,Blaine Heck,28.6
2026-09-01,CBRE,Anthony Paolone,36.7
2026-09-01,CHTR,Sebastiano Petti,
2026-09-01,COST,David Bellinger,22.9
2026-09-01,CRWD,Fatima Boolani,9.4
2026-09-01,CRWD,Junaid Siddiqui,26.2
2026-09-01,DELL,Tim Long,6.2
2026-09-01,DG,Matthew Boss,43.8
2026-09-01,DOC,John Kilichowski,8.2
2026-09-01,DRI,Lauren Silberman,17.1
2026-09-01,EIX,Aidan Kelly,10.3
2026-09-01,EIX,Gregg Orrill,13.9
2026-09-01,EIX,Ross Fowler,-7.8
2026-09-01,EQIX,Michael Rollins,23.4
2026-09-01,ESS,James Feldman,10
2026-09-01,EXR,Eric Luebchow,14.8
2026-09-01,FISV,Ramsey El Assal,12.3
2026-09-01,FRT,James Feldman,20.8
2026-09-01,HON,Brandon Knutson‏,21.1
2026-09-01,HRL,Thomas Palmer,10.4
2026-09-01,IBKR,James Yaro,24.6
2026-09-01,INCY,Mitchell Kapoor,19.7
2026-09-01,KDP,Dara Mohsenian,22.7
2026-09-01,KIM,James Feldman,15.4
2026-09-01,KKR,Christopher Allen,19.4
2026-09-01,KLAC,Timothy Arcuri,13
2026-09-01,LLY,Akash Tewari,24.9
2026-09-01,LLY,Geoff Meacham,38.8
2026-09-01,LRCX,Timothy Arcuri,47.5
2026-09-01,LULU,Randal Konik,17.3
2026-09-01,MDT,Kendall Au,28.1
2026-09-01,MDT,Ryan Zimmerman,8.5
2026-09-01,MDT,Shagun Singh Chadha,28.1
2026-09-01,MPC,Sam Margolin,-5.9
2026-09-01,MRVL,Harlan Sur,24.9
2026-09-01,MTD,Dan Leonard,8.8
2026-09-01,MU,Unknown Analyst,47.7
2026-09-01,NI,Eli Jossen,28.1
2026-09-01,NVDA,Raimo Lenschow,25.2
2026-09-01,O,John Kilichowski,13
2026-09-01,OKE,Brandon Bingham,1.6
2026-09-01,OKE,Jeremy Tonet,13.4
2026-09-01,PANW,Shrenik Kothari,15.5
2026-09-01,PCG,Aidan Kelly,36.4
2026-09-01,PLD,Blaine Heck,23.1
2026-09-01,PSA,Eric Luebchow,5
2026-09-01,PSX,Sam Margolin,22.7
2026-09-01,PYPL,Dan Dolev,-2.7
2026-09-01,RJF,William Katz,-2.9
2026-09-01,RVTY,Dan Leonard,-5.9
2026-09-01,SJM,Thomas Palmer,21.2
2026-09-01,SLB,Lloyd Byrne,29.1
2026-09-01,SLB,Stephen Richardson,29.1
2026-09-01,SNPS,Harlan Sur,55.9
2026-09-01,SPGI,Ashish Sabadra,25.8
2026-09-01,SPGI,Toni Kaplan,29.5
2026-09-01,SRE,Julien Dumoulin Smith,19.3
2026-09-01,SW,Unknown Analyst,
2026-09-01,TJX,Corey Tarlowe,14
2026-09-01,TKO,Unknown Analyst,
2026-09-01,UDR,James Feldman,26.8
2026-09-01,UPS,Ken Hoexter,16.1
2026-09-01,VEEV,Alexei Gogolev,14.9
2026-09-01,VICI,John Kilichowski,9.6
2026-09-01,VLO,Sam Margolin,-5.9
2026-09-01,VMRK,Richard Hightower,22.5
2026-09-01,VRSN,Ygal Arounian,12.5
2026-09-01,VST,Shahriar Pourreza,50.7
2026-09-01,VTR,John Kilichowski,20
2026-09-01,WDAY,Samik Chatterjee,16.1
2026-09-01,WELL,John Kilichowski,16.2
2026-09-01,WSM,Chris Graja,11.5
2026-09-01,WSM,Christopher Horvers,13.7
2026-09-01,WSM,Cristina Fernandez,16
2026-09-01,XYZ,Will Nance,39.5
2026-09-02,A,Tycho Peterson,-0.9
2026-09-02,AMAT,Stacy Rasgon,60.9
2026-09-02,APA,John Freeman,19.9
2026-09-02,APA,Noah Hungness,11
2026-09-02,APA,Sam Margolin,11
2026-09-02,APA,Unknown Analyst,
2026-09-02,APO,Ken Worthington,21.8
2026-09-02,AVGO,Blayne Curtis,55.3
2026-09-02,AVGO,Colin Sebastian,77.9
2026-09-02,AVGO,James Schneider,52.4
2026-09-02,AVGO,Tristan Gerra,77.9
2026-09-02,AXON,John Staszak,33.1
2026-09-02,AXON,Joshua Reilly,66.3
2026-09-02,BF.B,Andrea Pistacchi,10.8
2026-09-02,BRO,Mark Hughes,
2026-09-02,COP,Unknown Analyst,3.9
2026-09-02,CPAY,Lance Jessurun,34.8
2026-09-02,CPAY,Unknown Analyst,34.8
2026-09-02,CRWD,Saket Kalia,-1.1
2026-09-02,CRWD,Shrenik Kothari,
2026-09-02,DE,David Raso,18.9
2026-09-02,DELL,Aaron Rakers,-4.1
2026-09-02,DELL,Ben Reitzes,29.4
2026-09-02,DELL,Brandon Nispel,
2026-09-02,DELL,David Vogt,-12
2026-09-02,DELL,James Fish,-1.8
2026-09-02,DELL,Joseph Cardoso,11.8
2026-09-02,DELL,Krish Sankar,-12
2026-09-02,DELL,Mark Newman,14.4
2026-09-02,DELL,Matthew Niknam,-11.1
2026-09-02,DELL,Simon Leopold,8.6
2026-09-02,DELL,Steven Fox,10
2026-09-02,DELL,Vijay Rakesh,5.6
2026-09-02,DELL,Wamsi Mohan,5.6
2026-09-02,DPZ,Dennis Geiger,30.9
2026-09-02,DVN,Unknown Analyst,33.7
2026-09-02,EXE,Scott Hanold,49.7
2026-09-02,EXR,Ravi Vaidya,11.2
2026-09-02,FDX,Jordan Alliger,23.5
2026-09-02,FSLR,Praneeth Satish,53.1
2026-09-02,GOOGL,Gil Luria,
2026-09-02,GRMN,Noah Zatzkin,
2026-09-02,HLT,Peter Supino,
2026-09-02,HOOD,Lance Jessurun,13.5
2026-09-02,HOOD,Patrick Moley,21
2026-09-02,HOOD,Unknown Analyst,13.5
2026-09-02,HPE,Tim Long,30
2026-09-02,HUBB,Christopher Snyder,28.7
2026-09-02,HWM,Scott Deuschle,49.3
2026-09-02,IBKR,Benjamin Budish,25.7
2026-09-02,IBKR,Christopher Allen,15.8
2026-09-02,IBKR,Michael Brown,12.5
2026-09-02,JCI,Christopher Snyder,25.6
2026-09-02,KLAC,David Dai CFA,41.3
2026-09-02,KR,Paul Lejuez,-5
2026-09-02,LLY,Chris Schott,21.4
2026-09-02,LULU,Michael Binetti,17.3
2026-09-02,LVS,Peter Supino,
2026-09-02,MAR,Peter Supino,
2026-09-02,MDT,Anthony Petrone,24.8
2026-09-02,MDT,David Rescott,8.5
2026-09-02,MDT,Jayson Bedford,
2026-09-02,MDT,Matthew Taylor,3.1
2026-09-02,MDT,Richard Newitter,7.5
2026-09-02,MDT,Rick Wise,3.1
2026-09-02,MLM,Adrian Huerta,38.6
2026-09-02,MSFT,Tal Liani,21.5
2026-09-02,MTD,Natalya Davies,-13.8
2026-09-02,NCLH,Lizzie Dove,6.2
2026-09-02,NTAP,Katherine Murphy,6.2
2026-09-02,NTAP,Krish Sankar,1.1
2026-09-02,NTAP,Tim Long,10.7
2026-09-02,NVDA,Harlan Sur,45.7
2026-09-02,NVDA,Vivek Arya,59.4
2026-09-02,OKE,Christopher Souther,11.3
2026-09-02,OKE,Gabriel Daoud,11.3
2026-09-02,OKE,Julien Dumoulin Smith,12.3
2026-09-02,OKE,Praneeth Satish,13.4
2026-09-02,ORLY,Max Rakhlenko,29.9
2026-09-02,OXY,Unknown Analyst,24.1
2026-09-02,PANW,Adam Borg,14.1
2026-09-02,PANW,Adam Tindle,
2026-09-02,PANW,Brad Zelnick,18.3
2026-09-02,PANW,Brian Essex,5.6
2026-09-02,PANW,Catharine Trebnick,14.1
2026-09-02,PANW,Gabriela Borges,7.3
2026-09-02,PANW,Gray Powell,11.1
2026-09-02,PANW,Gregg Moskowitz,14.1
2026-09-02,PANW,Imtiaz Koujalgi,-17.5
2026-09-02,PANW,Ittai Kidron,23.8
2026-09-02,PANW,John Difucci,
2026-09-02,PANW,Jonathan Ho,
2026-09-02,PANW,Jonathan Ruykhaver,16.9
2026-09-02,PANW,Joseph Gallo,23.8
2026-09-02,PANW,Junaid Siddiqui,19.6
2026-09-02,PANW,Keith Bachman,14.1
2026-09-02,PANW,Matthew Hedberg,30.6
2026-09-02,PANW,Meta Marshall,8.4
2026-09-02,PANW,Mike Cikos,16.9
2026-09-02,PANW,Nehal Chokshi,-1
2026-09-02,PANW,Rob Owens,12.8
2026-09-02,PANW,Roger Boyd,7.3
2026-09-02,PANW,Rudy Kessinger,15.5
2026-09-02,PANW,Saket Kalia,3.1
2026-09-02,PANW,Shaul Eyal,10
2026-09-02,PANW,Shyam Patil,14.1
2026-09-02,PANW,Tal Liani,15.5
2026-09-02,PANW,Todd Weller CFA,10
2026-09-02,PCG,Carly Davenport,74.2
2026-09-02,PH,Nathan Jones,13.9
2026-09-02,PSA,Nicholas Yulico,15.8
2026-09-02,PSA,Ravi Vaidya,7.7
2026-09-02,ROK,Christopher Snyder,31.1
2026-09-02,SLB,David Anderson,31.1
2026-09-02,SLB,Keith Mackey,19.3
2026-09-02,SPGI,Curtis Nagle,35.7
2026-09-02,SPGI,David Motemaden,34
2026-09-02,SRE,Aidan Kelly,25.4
2026-09-02,TDG,Ronald Epstein,48.7
2026-09-02,TJX,Alexandra Straton,39.9
2026-09-02,TPR,Jay Sole,101.7
2026-09-02,TRGP,Praneeth Satish,10.9
2026-09-02,TT,Christopher Snyder,31.7
2026-09-02,UBER,Ken Gawrelski,26.2
2026-09-02,V,James Friedman,15.9
2026-09-02,VICI,Haendel St. Juste,13.8
2026-09-02,VMC,Adrian Huerta,32.9
2026-09-02,VRTX,Geoff Meacham,15.1
2026-09-02,VTR,Nicholas Yulico,9.6
2026-09-02,WELL,Nicholas Yulico,9.7
2026-09-02,WELL,Ronald Kamdem,9.7
2026-09-02,WYNN,Peter Supino,56.7
2026-09-02,XYZ,Lance Jessurun,6.9
2026-09-02,XYZ,Unknown Analyst,6.9
2026-09-03,ABBV,Evan Seigerman,13.5
2026-09-03,ABNB,Thomas Champion,2.9
2026-09-03,ALGN,Brandon Vazquez,
2026-09-03,AON,Andrew Andersen,31.4
2026-09-03,AON,Bob Huang,39.2
2026-09-03,AON,Joshua Shanker,15.1
2026-09-03,APP,Ralph Schackart,
2026-09-03,AVGO,Aaron Rakers,53.9
2026-09-03,AVGO,Arthur Lai CFA,38.3
2026-09-03,AVGO,C J Muse,69.4
2026-09-03,AVGO,Christopher Rolland,38.3
2026-09-03,AVGO,Harlan Sur,63.7
2026-09-03,AVGO,Harsh Kumar,62.3
2026-09-03,AVGO,John Vinh,62.3
2026-09-03,AVGO,Joseph Moore,42.6
2026-09-03,AVGO,Joshua Buchalter,34.1
2026-09-03,AVGO,Mark Lipacis,63.2
2026-09-03,AVGO,Sajal Dogra,69.4
2026-09-03,AVGO,Sebastien Naji,
2026-09-03,AVGO,Simon Leopold,34.1
2026-09-03,AVGO,Srini Pajjuri,12.9
2026-09-03,AVGO,Thomas O'Malley,41.2
2026-09-03,AVGO,Vivek Arya,29.9
2026-09-03,AVGO,William Stein,46.8
2026-09-03,BAC,David Chiaverini,29.9
2026-09-03,BF.B,Drew Levine,-4.5
2026-09-03,BF.B,Gerald Pascarelli,
2026-09-03,BF.B,Lauren Lieberman,7
2026-09-03,BF.B,Nik Modi,3.2
2026-09-03,BIIB,David Amsellem,12.8
2026-09-03,BKR,Saurabh Pant,
2026-09-03,CARR,Varun Govindaraj,44.9
2026-09-03,CAT,Chad Dillard,25.1
2026-09-03,CDW,Maggie Nolan,
2026-09-03,CHRW,David Vernon,-1.5
2026-09-03,CIEN,Amit Daryanani,7.5
2026-09-03,CIEN,Simon Leopold,72
2026-09-03,CME,Alex Kramm,-5.8
2026-09-03,CME,Christopher Allen,3.3
2026-09-03,CME,William Katz,5.8
2026-09-03,CMI,Chad Dillard,31.5
2026-09-03,CMS,Shahriar Pourreza,20.9
2026-09-03,COST,Edward Kelly,11.7
2026-09-03,COST,Greg Melich,22.9
2026-09-03,COST,Joe Feldman,26.8
2026-09-03,COST,Michael Baker,11.7
2026-09-03,COST,Robert Drbul,25.7
2026-09-03,COST,Unknown Analyst,26.2
2026-09-03,CPRT,Jash Patwa,36.6
2026-09-03,CRWD,Adam Borg,1
2026-09-03,CRWD,Adam Tindle,5.2
2026-09-03,CRWD,Gray Powell,3.1
2026-09-03,CRWD,Ittai Kidron,5.2
2026-09-03,CRWD,Joseph Gallo,1
2026-09-03,CRWD,Kingsley Crane,-11.6
2026-09-03,CRWD,Matthew Hedberg,9.4
2026-09-03,CRWD,Michael Turrin,-1.1
2026-09-03,CRWD,Mike Cikos,5.2
2026-09-03,CRWD,Rob Owens,1
2026-09-03,CRWD,Roger Boyd,5.2
2026-09-03,CRWD,Shaul Eyal,5.2
2026-09-03,CSX,Chad Dillard,1.9
2026-09-03,CSX,Varun Govindaraj,1.9
2026-09-03,CVNA,Daniela Haigian,37.9
2026-09-03,CVS,Kevin Caliendo,32.8
2026-09-03,CVX,Jean Ann Salisbury,
2026-09-03,CVX,John Royall,16
2026-09-03,CVX,Phillip Jungwirth,12.2
2026-09-03,CVX,Sam Margolin,9.8
2026-09-03,DE,Chad Dillard,-10.1
2026-09-03,DELL,Asiya Merchant,5.6
2026-09-03,DELL,Gianmarco Conti,-8.5
2026-09-03,DG,Chris Graja,38.9
2026-09-03,EFX,George Tong,25.3
2026-09-03,EIX,Richard Sunderland,13.9
2026-09-03,EMR,Unknown Analyst,24.1
2026-09-03,EMR,Varun Govindaraj,24.1
2026-09-03,EQT,Sam Margolin,58
2026-09-03,ETR,Sophie Karp,20.6
2026-09-03,EXE,Sergey Pigarev,39.4
2026-09-03,FAST,Chris Dankert,-6.1
2026-09-03,FAST,Connor Cerniglia,-14.3
2026-09-03,FCX,Vitaly Kononov,4.8
2026-09-03,FDX,Alex Irving,30.7
2026-09-03,FDX,Varun Govindaraj,30.7
2026-09-03,FDXF,Ken Hoexter,55.7
2026-09-03,FERG,Connor Cerniglia,51.6
2026-09-03,FISV,Dan Dolev,65.3
2026-09-03,FISV,Jason Kupferberg,18.7
2026-09-03,FLEX,Mark Delaney,41.9
2026-09-03,FRT,Juan C. Sanabria,
2026-09-03,GOOGL,Scott Devitt,16.9
2026-09-03,GPN,Dan Dolev,29.3
2026-09-03,GWW,Connor Cerniglia,-1.3
2026-09-03,HON,Varun Govindaraj,27.9
2026-09-03,HPE,Aaron Rakers,-11.1
2026-09-03,HPE,Brandon Nispel,
2026-09-03,HPE,David Vogt,-2.9
2026-09-03,HPE,Erik Woodring,13.6
2026-09-03,HPE,Gianmarco Conti,11.9
2026-09-03,HPE,James Fish,-6.2
2026-09-03,HPE,Jim Kelleher,15.2
2026-09-03,HPE,Joseph Cardoso,15.2
2026-09-03,HPE,Matthew Niknam,15.2
2026-09-03,HPE,Simon Leopold,41.5
2026-09-03,HPE,Wamsi Mohan,44.8
2026-09-03,HPQ,Wamsi Mohan,-39
2026-09-03,INTC,Vijay Rakesh,-15.3
2026-09-03,J,Chad Dillard,13.7
2026-09-03,JBHT,David Vernon,40.4
2026-09-03,JCI,Andrew Obin,
2026-09-03,JCI,Unknown Analyst,32.6
2026-09-03,JNJ,Michael Yee,18.5
2026-09-03,KDP,Cristian Rios,26
2026-09-03,KR,Unknown Analyst,
2026-09-03,LII,Christopher Snyder,4.4
2026-09-03,MDT,Patrick Wood,19.4
2026-09-03,MDT,Pito Chickering,-0.1
2026-09-03,MDT,Robbie Marcus,4.2
2026-09-03,MMM,Varun Govindaraj,-11.5
2026-09-03,MPC,John Royall,8.7
2026-09-03,MPWR,Unknown Analyst,
2026-09-03,MRNA,Simon Baker CFA,-47.4
2026-09-03,MSFT,Adam Wood,21.5
2026-09-03,MSFT,Billy Fitzsimmons,11.4
2026-09-03,MSFT,Kirk Materne,6.9
2026-09-03,MSFT,Tyler Radke,21.5
2026-09-03,NCLH,Patrick Scholes,
2026-09-03,NSC,David Vernon,26.1
2026-09-03,NTAP,Aaron Rakers,-3.9
2026-09-03,NTAP,Amit Daryanani,6.2
2026-09-03,NTAP,David Vogt,-13.5
2026-09-03,NTAP,Jason Ader,
2026-09-03,NTAP,Joseph Cardoso,-1.4
2026-09-03,NTAP,Matt Bryson,-14.1
2026-09-03,NTAP,Mehdi Hosseini,-1.4
2026-09-03,NTAP,Nehal Chokshi,-5.5
2026-09-03,NTAP,Param Singh,
2026-09-03,NTAP,Unknown Analyst,
2026-09-03,NTAP,Wamsi Mohan,1.1
2026-09-03,NVDA,Kevin Cassidy,77.6
2026-09-03,NVDA,Simon Leopold,
2026-09-03,ODFL,Christian Wetherbee,44.5
2026-09-03,ODFL,Ken Hoexter,18.5
2026-09-03,OKE,Spiro M. Dounis,15.6
2026-09-03,OTIS,Varun Govindaraj,31.3
2026-09-03,PANW,Fatima Boolani,12.8
2026-09-03,PANW,Michael Turrin,30.6
2026-09-03,PANW,Saiyi He,7
2026-09-03,PAYX,Brett Huff,13.7
2026-09-03,PCAR,Chad Dillard,27.5
2026-09-03,PCG,Anthony Crowdell,6.1
2026-09-03,PCG,Gregg Orrill,43.9
2026-09-03,PCG,James Thalacker,59.1
2026-09-03,PCG,Nicholas Campanella,36.4
2026-09-03,PFG,Ryan Krueger,-0.6
2026-09-03,PG,Robert Moskow,2.5
2026-09-03,PH,Unknown Analyst,29.1
2026-09-03,PSX,John Royall,-3.3
2026-09-03,REG,Juan C. Sanabria,
2026-09-03,ROK,Joseph C Giordano,-3.8
2026-09-03,ROK,Varun Govindaraj,23.7
2026-09-03,SRE,Richard Sunderland,18.1
2026-09-03,T,Michael Rollins,9.6
2026-09-03,TMO,Michael Luo CFA,14.8
2026-09-03,TMUS,Sean Diffley,36.8
2026-09-03,TRMB,Chad Dillard,47.7
2026-09-03,TSN,Leah Jordan,27
2026-09-03,TT,Varun Govindaraj,34
2026-09-03,TTD,Laura Martin,36.5
2026-09-03,UBER,Brian Pitz,68.8
2026-09-03,UBER,Jake Fuller,41.8
2026-09-03,UBER,John Colantuoni,56
2026-09-03,UBER,Ygal Arounian,29.1
2026-09-03,UHS,Benjamin Rossi,13.2
2026-09-03,UNP,Alex Irving,23.9
2026-09-03,UNP,Varun Govindaraj,23.9
2026-09-03,UPS,Alex Irving,32.2
2026-09-03,UPS,Varun Govindaraj,32.2
2026-09-03,URI,Chad Dillard,29.9
2026-09-03,VLO,John Royall,5.3
2026-09-03,VRT,Amit Daryanani,50.4
2026-09-03,VRT,Stephen Volkmann,-1.8
2026-09-03,VTR,Michael Mueller,20
2026-09-03,VZ,Michael Rollins,14.4
2026-09-03,WELL,Michael Mueller,13.6
2026-09-03,WMB,Jeremy Tonet,26.3
2026-09-03,WY,Hong Zhang,32
2026-09-03,XOM,John Royall,13.1
2026-09-04,ABBV,Geoff Meacham,-1.6
2026-09-04,ABBV,Steve Scala,6
2026-09-04,ABBV,William Katz,6
2026-09-04,AKAM,Fatima Boolani,17.8
2026-09-04,AMGN,Mohit Bansal,13.9
2026-09-04,APH,Joseph Spak,26.2
2026-09-04,APH,William Stein,37
2026-09-04,AVGO,Atif Malik,45.4
2026-09-04,AVGO,Gil Luria,-1.2
2026-09-04,AVGO,Timothy Arcuri,32.7
2026-09-04,CCL,Jamie Rollo,41.3
2026-09-04,CIEN,Atif Malik,88.6
2026-09-04,CIEN,Dave Kang,-0.5
2026-09-04,CIEN,David Vogt,13
2026-09-04,CIEN,Ruben Roy,76.3
2026-09-04,COR,Ryan Halsted,6.6
2026-09-04,COST,Krisztina Katai,21.9
2026-09-04,COST,Zhihan Ma,27.8
2026-09-04,CRWD,Imtiaz Koujalgi,-7.4
2026-09-04,CRWD,Jonathan Ho,
2026-09-04,CRWD,Patrick Colville,11.5
2026-09-04,CRWD,Rudy Kessinger,3.1
2026-09-04,CSGP,Ashish Sabadra,16.9
2026-09-04,DG,Zhihan Ma,30.7
2026-09-04,DLR,Michael Rollins,
2026-09-04,DLTR,Zhihan Ma,16.1
2026-09-04,EFX,Ashish Sabadra,22.1
2026-09-04,EXE,Unknown Analyst,40.6
2026-09-04,FAST,Ryan Merkel,
2026-09-04,GOOG,Justin Post,
2026-09-04,ICE,Alex Kramm,25.4
2026-09-04,IT,Ashish Sabadra,6.6
2026-09-04,LIN,David Begleiter,24.9
2026-09-04,LULU,Anna Andreeva,-18.4
2026-09-04,LULU,Ashley Owens,
2026-09-04,LULU,Dana Telsey,12.2
2026-09-04,LULU,Ike Boruchow,-3.1
2026-09-04,LULU,Janine Stichter,
2026-09-04,LULU,Jay Sole,8.1
2026-09-04,LULU,Joseph Civello,-16.4
2026-09-04,LULU,Krisztina Katai,-0.1
2026-09-04,LULU,Laurent Vasilescu,-55.1
2026-09-04,LULU,Lorraine Hutchinson,24.4
2026-09-04,LULU,Mark Altschwager,17.3
2026-09-04,LULU,Peter McGoldrick,2
2026-09-04,LULU,Simeon Siegel,
2026-09-04,LULU,Tom Nikic,
2026-09-04,LULU,Zachary Warring,72.3
2026-09-04,MCO,Ashish Sabadra,30.2
2026-09-04,MRK,Mohit Bansal,15.7
2026-09-04,MSFT,Brad Reback,7.3
2026-09-04,MSFT,Unknown Analyst,
2026-09-04,NCLH,Trey Bowers,41.6
2026-09-04,NFLX,Jason Bazinet,39.3
2026-09-04,NOW,Adam Wood,
2026-09-04,NVDA,Quinn Bolton,36.6
2026-09-04,NVDA,Sebastien Naji,
2026-09-04,O,Richard Hightower,14.7
2026-09-04,ODFL,J. Bruce Chan,52
2026-09-04,PCAR,Angel Castillo,7.7
2026-09-04,PCG,Ross Fowler,6.1
2026-09-04,PH,Christine Yao,10
2026-09-04,PHM,Unknown Analyst,26.2
2026-09-04,PTC,Jason Celino,
2026-09-04,PYPL,Timothy Chiodo,16.4
2026-09-04,RVTY,Paul Knight,15
2026-09-04,RVTY,Unknown Analyst,15
2026-09-04,TGT,Zhihan Ma,-2.6
2026-09-04,TSLA,Colin Langan,-64.3
2026-09-04,TSLA,Gordon Johnson,-93.2
2026-09-04,TSLA,Rajat Gupta CFA,22.2
2026-09-04,TSLA,Tom Narayan,31.8
2026-09-04,TSN,Andrew Strelzik,23.2
2026-09-04,TSN,Peter Galbo,6.1
2026-09-04,TTD,Barton Crockett,
2026-09-04,TTD,James Heaney CFA,-13.8
2026-09-04,VICI,Richard Hightower,30.7
2026-09-04,VMC,Brian Brophy,38.3
2026-09-04,VRT,Christopher Snyder,40.3
2026-09-04,WMT,Zhihan Ma,33
2026-09-05,AMGN,Carter Gould,4.7
2026-09-05,CMG,Brian Harbour,16.7
2026-09-07,APA,Neil Mehta,-4.6
2026-09-07,AVGO,Amanda Tan,32.7
2026-09-07,CRH,Harry Goad,62.5
2026-09-07,FERG,Unknown Analyst,16.6
2026-09-07,GILD,Courtney Breen,6.6
2026-09-07,HCA,Ben Hendrix,1.7
2026-09-07,ISRG,Ryan Zimmerman,19.2
2026-09-07,LDOS,Gautam Khanna,5.7
2026-09-07,MCO,George Tong,26.5
2026-09-07,MRK,Courtney Breen,-28.5
2026-09-07,NEE,Stephan Lingnau,
2026-09-07,PANW,Paul Chew,-4.8
2026-09-08,A,Unknown Analyst,5.4
2026-09-08,AAPL,Craig Moffett,-9.4
2026-09-08,AAPL,Nicolas Cote Colisson,9.1
2026-09-08,ABBV,Jason Gerberry,6.7
2026-09-08,ABNB,Colin Sebastian,21.1
2026-09-08,ABNB,Josh Beck,21.1
2026-09-08,ABT,Larry Biegelsen,9.8
2026-09-08,AIZ,Paul Newsome,17
2026-09-08,AMD,Atif Malik,4.7
2026-09-08,AME,Jeffrey Sprague,8
2026-09-08,AMGN,Salveen Richter,17.8
2026-09-08,AMGN,Tazeen Ahmad,-17
2026-09-08,AMGN,Yaron Werber,18.3
2026-09-08,APD,Alexandra Yates,16.7
2026-09-08,APD,David Begleiter,13.5
2026-09-08,APH,Guy Hardwick,27.5
2026-09-08,APP,Clark Lampen,27.2
2026-09-08,BA,David E. Strauss,26.6
2026-09-08,BA,Gavin Parsons,44.4
2026-09-08,BA,Kenneth Herbert,34.2
2026-09-08,BBY,Michael Baker,1.6
2026-09-08,BDX,Matthew Taylor,16.2
2026-09-08,BNY,Manan Gosalia,-1.1
2026-09-08,BXP,Brendan Lynch,23.9
2026-09-08,C,Manan Gosalia,24.5
2026-09-08,CASY,Irene Nattel,51.2
2026-09-08,CASY,Phillip Blee,
2026-09-08,CDW,Asiya Merchant,3.1
2026-09-08,CDW,Guy Hardwick,3.1
2026-09-08,CFG,Ryan Kenny,34.2
2026-09-08,CHRW,Christian Wetherbee,40.2
2026-09-08,CL,Nik Modi,18.9
2026-09-08,CMS,James Thalacker,17.8
2026-09-08,COST,Georgy Vashchenko,15
2026-09-08,COST,Kate McShane,29.5
2026-09-08,CPT,Haendel St. Juste,15.9
2026-09-08,CPT,James Feldman,9.9
2026-09-08,DASH,Unknown Analyst,52.9
2026-09-08,DECK,Aneesha Sherman,33.9
2026-09-08,DG,Seth Sigman,23.4
2026-09-08,DGX,Kevin Caliendo,-0.6
2026-09-08,DLR,Brendan Lynch,8.2
2026-09-08,DLTR,Seth Sigman,42.9
2026-09-08,ECHO,John Hodulik,60.5
2026-09-08,EFX,Andrew Grobler,54.2
2026-09-08,EFX,Jason Haas CFA,33.4
2026-09-08,EQIX,Brendan Lynch,11.1
2026-09-08,ESS,Haendel St. Juste,9.2
2026-09-08,ETN,Amit Mehrotra,21.2
2026-09-08,ETR,Marie Ferguson,15.7
2026-09-08,FAST,Andrew Obin,12.2
2026-09-08,FDS,Andrew Nicholas,
2026-09-08,FDS,Manav Patnaik,-11.9
2026-09-08,FDX,Brian Ossenbeck,31.7
2026-09-08,FDXF,Brian Ossenbeck,33.2
2026-09-08,FICO,Jason Haas CFA,52.7
2026-09-08,FITB,Manan Gosalia,21
2026-09-08,FRT,Michael Mueller,16.3
2026-09-08,FSLR,Dimple Gosai,32.7
2026-09-08,GE,Ronald Epstein,28.9
2026-09-08,GLW,Asiya Merchant,46.5
2026-09-08,HOOD,Daniel Fannon,16.8
2026-09-08,HOOD,Gautam Chhugani,33.5
2026-09-08,HOOD,Ramsey El Assal,25.2
2026-09-08,HPE,Asiya Merchant,25.1
2026-09-08,HUM,Kevin Fischbeck,
2026-09-08,IEX,Jeffrey Sprague,11.7
2026-09-08,INTC,Gus Richard,10.5
2026-09-08,IRM,Brendan Lynch,25.9
2026-09-08,J,Sangita Jain,17.2
2026-09-08,JPM,David Chiaverini,5.8
2026-09-08,JPM,Manan Gosalia,5.8
2026-09-08,KEY,Manan Gosalia,20.1
2026-09-08,KLAC,Unknown Analyst,30
2026-09-08,LHX,Scott Mikus,
2026-09-08,LLY,Emily Field,21.4
2026-09-08,LMT,Gavin Parsons,26.4
2026-09-08,LRCX,Tammy Qiu,45.8
2026-09-08,LRCX,Unknown Analyst,45.8
2026-09-08,LULU,Adrienne Yih,-3.1
2026-09-08,LULU,Aneesha Sherman,17.3
2026-09-08,MAA,Alexander Goldfarb,17.7
2026-09-08,MAA,Haendel St. Juste,17.7
2026-09-08,MAA,James Feldman,22.8
2026-09-08,MRK,Vamil Divan,15.7
2026-09-08,MRSH,Hans Engel,
2026-09-08,MSFT,Chad Dillard,33.7
2026-09-08,MSFT,Mark Moerdler,33.7
2026-09-08,MTB,Ryan Kenny,33.7
2026-09-08,MTD,Unknown Analyst,4.9
2026-09-08,MU,Mark Li,28
2026-09-08,NKE,Aneesha Sherman,91.5
2026-09-08,NOW,Allan Verkhovski,25.5
2026-09-08,NTAP,Asiya Merchant,-3.9
2026-09-08,NTRS,Manan Gosalia,-2.7
2026-09-08,ORCL,Mark Moerdler,120.2
2026-09-08,PFG,Shreyank Gandhi,-0.6
2026-09-08,PFG,Tim Switzer,-0.6
2026-09-08,PM,Lisa Lewandowski,11.9
2026-09-08,PNC,Manan Gosalia,19.2
2026-09-08,PNC,Richard Ramsden,20.5
2026-09-08,PWR,Dimple Gosai,14.8
2026-09-08,PWR,Unknown Analyst,14.8
2026-09-08,QCOM,Srini Pajjuri,1.3
2026-09-08,QCOM,Stacy Rasgon,-7.2
2026-09-08,RF,Ryan Kenny,26.3
2026-09-08,ROP,Dylan Becker,
2026-09-08,RSG,Connor Cerniglia,4.1
2026-09-08,RTX,Douglas Harned,19.6
2026-09-08,RVTY,Unknown Analyst,-2.4
2026-09-08,SMCI,Asiya Merchant,-0.2
2026-09-08,SNDK,Asiya Merchant,17.2
2026-09-08,SNDK,Mark Newman,67.4
2026-09-08,SNPS,Lee Simpson,29.9
2026-09-08,STT,Manan Gosalia,6.6
2026-09-08,TFC,Manan Gosalia,11.2
2026-09-08,TMO,Doug Schenkel,12.1
2026-09-08,TMO,Unknown Analyst,12.1
2026-09-08,TTD,Justin Patterson,
2026-09-08,TTD,Mark Mahaney,0.6
2026-09-08,TTD,Matthew Swanson,7.8
2026-09-08,TTD,Ronald Josey,-21
2026-09-08,UBER,Unknown Analyst,
2026-09-08,UDR,Alexander Goldfarb,20.9
2026-09-08,UDR,Haendel St. Juste,15
2026-09-08,UHS,Stephen Baxter,-6.1
2026-09-08,ULTA,Kate McShane,24.4
2026-09-08,USB,Manan Gosalia,11.6
2026-09-08,USB,Richard Ramsden,18.2
2026-09-08,VMRK,Haendel St. Juste,19.2
2026-09-08,VTRS,Jasper Hellweg,18
2026-09-08,WDAY,Steve Enders,3.7
2026-09-08,WFC,Manan Gosalia,18.4
2026-09-08,WM,Connor Cerniglia,27.9
2026-09-08,WMT,Christopher Nardone,
2026-09-09,A,Doug Schenkel,5.4
2026-09-09,A,Eve Burstein,15
2026-09-09,AAPL,Atif Malik,8.8
2026-09-09,AAPL,Michael Ng,7.3
2026-09-09,AEP,Shelby Tucker,23.9
2026-09-09,AMD,Unknown Analyst,9.2
2026-09-09,AMGN,Morten Herholdt,11.3
2026-09-09,APA,Unknown Analyst,37.6
2026-09-09,APH,Joseph C Giordano,14.7
2026-09-09,APTV,Unknown Analyst,71.7
2026-09-09,AVGO,Unknown Analyst,29.9
2026-09-09,BBY,Chris Graja,
2026-09-09,BEN,Alex Bond,15.1
2026-09-09,BEN,William Katz,21.2
2026-09-09,BG,Benjamin Theurer,29.2
2026-09-09,BIIB,Evan Seigerman,
2026-09-09,BKNG,Ronald Josey,40.2
2026-09-09,BMY,Evan Seigerman,-4.2
2026-09-09,BMY,Louise Chen,-4.2
2026-09-09,BSX,Marie Thibault,28.6
2026-09-09,BSX,Richard Newitter,
2026-09-09,BXP,Michael Lewis,6.7
2026-09-09,CAH,Stephen Baxter,22.6
2026-09-09,CASY,Bonnie Herzog,24.6
2026-09-09,CCL,James Hardiman,68.6
2026-09-09,CHRW,Ariel Rosa,20.7
2026-09-09,CI,Elizabeth Anderson CFA,5.3
2026-09-09,CI,Lance Wilkes,38.4
2026-09-09,CIEN,Jim Kelleher,57.7
2026-09-09,CNC,Lance Wilkes,20
2026-09-09,COO,Larry Biegelsen,10.3
2026-09-09,CPT,Jeffrey Spector,31.9
2026-09-09,CRH,Timna Tanners,24.2
2026-09-09,CVS,Lance Wilkes,19.3
2026-09-09,CVX,Betty Jiang,-0.7
2026-09-09,DASH,Nat Schindler,42.5
2026-09-09,DECK,Kelly Crago,-10.7
2026-09-09,DECK,Unknown Analyst,-10.7
2026-09-09,DELL,Amit Daryanani,14.4
2026-09-09,DHR,Lu Li,18
2026-09-09,DVN,Unknown Analyst,25.5
2026-09-09,DXCM,Larry Biegelsen,0.7
2026-09-09,ELV,Lance Wilkes,18.7
2026-09-09,EOG,Unknown Analyst,9.5
2026-09-09,EXE,John Freeman,68
2026-09-09,EXE,Unknown Analyst,54.3
2026-09-09,F,Andrew Percoco,6
2026-09-09,FANG,Unknown Analyst,34.6
2026-09-09,FSLR,Aristotelis Moutopoulos,-5.6
2026-09-09,GD,Gavin Parsons,15.6
2026-09-09,GILD,Brian Abrahams,-18.1
2026-09-09,GIS,Andrew Lazar,-0.9
2026-09-09,HAL,David Anderson,57.6
2026-09-09,HCA,Lance Wilkes,-0.4
2026-09-09,HD,Zhihan Ma,14.7
2026-09-09,HOOD,Dan Dolev,16.8
2026-09-09,HOOD,Unknown Analyst,41.9
2026-09-09,HUM,Lance Wilkes,10
2026-09-09,IBM,Mark Newman,0.2
2026-09-09,IEX,Bryan Blair,20.7
2026-09-09,INTC,Unknown Analyst,1.3
2026-09-09,IVZ,Alex Bond,27.7
2026-09-09,JNJ,Leonid Timashev,6.3
2026-09-09,JPM,Ebrahim Poonawala,20.1
2026-09-09,KMB,Robert Moskow,6.3
2026-09-09,KMI,Jeremy Tonet,13.1
2026-09-09,KR,Krisztina Katai,13.3
2026-09-09,LIN,John McNulty,18.6
2026-09-09,LOW,Zhihan Ma,32
2026-09-09,LULU,Kelly Crago,-28.6
2026-09-09,LULU,Matthew Boss,-3.1
2026-09-09,LULU,Sharon Zackfia,
2026-09-09,LULU,Unknown Analyst,-28.6
2026-09-09,MA,Daniel Perlin,23.1
2026-09-09,MAA,Jana Galan,32.9
2026-09-09,MDT,Larry Biegelsen,12.9
2026-09-09,META,Brian Nowak,16.4
2026-09-09,META,John Blackledge,12.7
2026-09-09,META,Justin Patterson,
2026-09-09,META,Mark Mahaney,29.2
2026-09-09,MLM,Timna Tanners,24.1
2026-09-09,MRVL,Unknown Analyst,10.5
2026-09-09,MSFT,Rishi Jaluria,29.6
2026-09-09,MTD,Doug Schenkel,4.9
2026-09-09,NCLH,James Hardiman,55.8
2026-09-09,NEM,Unknown Analyst,16.7
2026-09-09,NKE,Kelly Crago,-15.5
2026-09-09,NKE,Piral Dadhania,
2026-09-09,NKE,Unknown Analyst,-15.5
2026-09-09,NOC,Gavin Parsons,33.5
2026-09-09,NOW,Peter Weed,83.1
2026-09-09,NRG,Gabriele Sorbara,77.5
2026-09-09,NVDA,Unknown Analyst,36.6
2026-09-09,ODFL,Ariel Rosa,28.9
2026-09-09,PAYX,David Grossman,11.9
2026-09-09,PAYX,Jason Kupferberg,-4.4
2026-09-09,PCG,Richard Sunderland,
2026-09-09,PM,Pallav Mittal,19.3
2026-09-09,PSX,Theresa Chen,-20.9
2026-09-09,QCOM,Sajal Dogra,32.2
2026-09-09,QCOM,Thomas O'Malley,1.3
2026-09-09,QCOM,Unknown Analyst,6.9
2026-09-09,RCL,James Hardiman,47.3
2026-09-09,RVTY,Doug Schenkel,-2.4
2026-09-09,RVTY,Eve Burstein,-16.3
2026-09-09,SJM,Andrew Lazar,17.9
2026-09-09,STX,Asiya Merchant,51.4
2026-09-09,STZ,Lauren Lieberman,11
2026-09-09,SW,Gabriel Simoes,
2026-09-09,SYK,Steven Lichtman,
2026-09-09,SYK,Vik Chopra,15.2
2026-09-09,TMO,Eve Burstein,-11.7
2026-09-09,TTWO,James Callahan CFA,41.2
2026-09-09,UBER,Nat Schindler,41.8
2026-09-09,ULTA,Kelly Crago,7.2
2026-09-09,ULTA,Unknown Analyst,7.2
2026-09-09,UNH,Lance Wilkes,35.8
2026-09-09,V,Daniel Perlin,26.5
2026-09-09,VEEV,Stan Berenshteyn,26.8
2026-09-09,VMC,Timna Tanners,5.5
2026-09-09,VMRK,Unknown Analyst,12.7
2026-09-09,VTRS,Daniel Clark,18
2026-09-09,WAT,Doug Schenkel,16.2
2026-09-09,WAT,Eve Burstein,6.7
2026-09-09,WAT,Lu Li,16.2
2026-09-09,WDC,Asiya Merchant,67.7
2026-09-09,WMT,Michael Baker,23.7
2026-09-09,WST,Doug Schenkel,14.5
2026-09-09,WST,Unknown Analyst,14.5
2026-09-09,WTW,Michael Zaremski,17.7
2026-09-10,AAPL,Barton Crockett,-9.7
2026-09-10,AAPL,Brian White,-0.2
2026-09-10,AAPL,Erik Woodring,7.3
2026-09-10,AAPL,Krish Sankar,19.2
2026-09-10,AAPL,Laura Martin,
2026-09-10,AAPL,Martin Yang,
2026-09-10,AAPL,Tom Forte,13.2
2026-09-10,ABBV,Luisa Hector,4.1
2026-09-10,ABBV,Rajesh Kumar,19.2
2026-09-10,ABT,Joanne Wuensch,22.6
2026-09-10,ADBE,Keith Bachman,8.7
2026-09-10,ADM,Benjamin Theurer,6.1
2026-09-10,APA,Betty Jiang,-11.2
2026-09-10,APA,David Deckelbaum,37.6
2026-09-10,APA,Tim O'Toole,37.6
2026-09-10,APTV,Tom Narayan,78.5
2026-09-10,AVGO,David O'Connor,29.9
2026-09-10,AXON,Andrew Sherman,83
2026-09-10,AZO,Zachary Fadem,22.4
2026-09-10,BIIB,Morten Herholdt,-19.5
2026-09-10,BKR,Charles Minervino,31.4
2026-09-10,BKR,David Anderson,26.2
2026-09-10,BKR,Phillip Jungwirth,31.4
2026-09-10,BMY,Rajesh Kumar,3.8
2026-09-10,CASY,Bobby Griffin,24.6
2026-09-10,CASY,Bradley Thomas,29.6
2026-09-10,CASY,Corey Tarlowe,41.2
2026-09-10,CASY,Edward Kelly,24.6
2026-09-10,CASY,Kelly Bania,34.6
2026-09-10,CASY,Krisztina Katai,55
2026-09-10,CASY,Lisa Lewandowski,45.4
2026-09-10,CASY,Mark Carden,19.6
2026-09-10,CASY,Pooran Sharma,24.6
2026-09-10,CASY,Thomas Palmer,14.2
2026-09-10,CAT,Sergey Glinyanov,22.3
2026-09-10,CAT,Unknown Analyst,22.3
2026-09-10,CHD,Lauren Lieberman,-9.2
2026-09-10,CL,Lauren Lieberman,-0.5
2026-09-10,CLX,Bonnie Herzog,-7.3
2026-09-10,CLX,Lauren Lieberman,1.1
2026-09-10,CMS,Richard Sunderland,
2026-09-10,COIN,Michael Cyprys,28.7
2026-09-10,COO,Brett Fishbin,
2026-09-10,COO,David Saxon,32
2026-09-10,COO,Jason Bednar,6.7
2026-09-10,COO,Jeff Johnson,10.3
2026-09-10,COO,Patrick Wood,19.4
2026-09-10,COO,Robbie Marcus,4.9
2026-09-10,COO,Travis Steed,17.6
2026-09-10,COO,Young Li,26.6
2026-09-10,COP,David Deckelbaum,12.3
2026-09-10,COP,Unknown Analyst,12.3
2026-09-10,CSX,Christian Wetherbee,14.6
2026-09-10,DAL,Atul Maheswari,24.3
2026-09-10,DASH,Nikhil Devnani,39.9
2026-09-10,DDOG,Steven Wahrhaftig,19.6
2026-09-10,DE,Unknown Analyst,-6.4
2026-09-10,DECK,Adrienne Yih,69.6
2026-09-10,DELL,David Paige,12.7
2026-09-10,DLR,Tom Catherwood,20.8
2026-09-10,DPZ,Andrew Charles,8.8
2026-09-10,DVN,Betty Jiang,19.3
2026-09-10,DVN,David Deckelbaum,25.5
2026-09-10,DVN,Tim O'Toole,25.5
2026-09-10,EBAY,Nikhil Devnani,2.8
2026-09-10,EFX,Kyle Peterson,
2026-09-10,EL,Lauren Lieberman,3.8
2026-09-10,EOG,Betty Jiang,1.9
2026-09-10,EOG,David Deckelbaum,9.5
2026-09-10,EOG,Tim O'Toole,9.5
2026-09-10,EQIX,Tom Catherwood,21.4
2026-09-10,EQT,David Deckelbaum,32
2026-09-10,EQT,Robert Hodges,32
2026-09-10,EQT,Unknown Analyst,32
2026-09-10,EW,Brandon Vazquez,
2026-09-10,EW,Joanne Wuensch,24.6
2026-09-10,EW,Marie Thibault,24.6
2026-09-10,EXE,David Deckelbaum,54.3
2026-09-10,EXE,Tim O'Toole,54.3
2026-09-10,EXPD,Ken Hoexter,8.4
2026-09-10,FANG,David Deckelbaum,34.6
2026-09-10,FANG,Tim O'Toole,34.6
2026-09-10,FCX,Nick Cash,2
2026-09-10,FDS,Toni Kaplan,5.7
2026-09-10,FDX,Ariel Rosa,18.2
2026-09-10,FDXF,David Vernon,10.7
2026-09-10,FTNT,Steven Wahrhaftig,-8.7
2026-09-10,GILD,Morten Herholdt,16.6
2026-09-10,GIS,Scott Marks CFA,-3.6
2026-09-10,GLW,Martin Yang,33.2
2026-09-10,GLW,Matthew Niknam,
2026-09-10,GOOG,Jason Helfstein,15.3
2026-09-10,GPC,Chris Dankert,32.7
2026-09-10,GPN,James Friedman,30.5
2026-09-10,HOOD,James Yaro,20.2
2026-09-10,HRL,Benjamin Theurer,44
2026-09-10,HSIC,Allen Lutz,29.7
2026-09-10,HST,Robin M. Farley,5.3
2026-09-10,HSY,Andrew Lazar,17.8
2026-09-10,HUM,Andrew Mok CFA,5.4
2026-09-10,HWM,Kristina Ruggeri,30.6
2026-09-10,INTC,David O'Connor,1.3
2026-09-10,IT,Joshua Chan,5.5
2026-09-10,JNJ,Morten Herholdt,18.5
2026-09-10,KIM,Caitlin Burrows,19.8
2026-09-10,KMB,Christopher Carey,7.3
2026-09-10,KMI,John Mackay,9.9
2026-09-10,KMI,Manav Gupta,35.1
2026-09-10,KMI,Robert Hodges,9.9
2026-09-10,KMI,Selman Akyol,9.9
2026-09-10,KMI,Theresa Chen,6.8
2026-09-10,KO,Lauren Lieberman,5.4
2026-09-10,LLY,Rajesh Kumar,-18.5
2026-09-10,LULU,Alexandra Straton,-15.4
2026-09-10,LULU,Paul Lejuez,19.3
2026-09-10,LUV,Atul Maheswari,19.6
2026-09-10,MDLZ,Andrew Lazar,15
2026-09-10,MDT,Brandon Vazquez,
2026-09-10,MDT,Joanne Wuensch,19.4
2026-09-10,META,Jason Helfstein,
2026-09-10,MKC,Andrew Lazar,12.9
2026-09-10,MPC,Jean Ann Salisbury,-3.5
2026-09-10,MRK,Daina Graybosch,9.6
2026-09-10,MRK,Jason Gerberry,13
2026-09-10,MRK,Rajesh Kumar,17.1
2026-09-10,MRNA,Harry Gillis,-35.1
2026-09-10,MRVL,David O'Connor,10.5
2026-09-10,MSFT,Gabriela Borges,29.6
2026-09-10,NTAP,Jim Kelleher,13.8
2026-09-10,NVDA,David O'Connor,36.6
2026-09-10,NVDA,James Schneider,36.6
2026-09-10,O,Ronald Kamdem,18.2
2026-09-10,ODFL,David Vernon,15.6
2026-09-10,OKE,John Mackay,-4.8
2026-09-10,OKE,Robert Hodges,12.3
2026-09-10,OKE,Robert Kad,19.8
2026-09-10,OKE,Tim O'Toole,12.3
2026-09-10,ORCL,Thomas Blakey,92.4
2026-09-10,ORCL,Tyler Radke,123.6
2026-09-10,OXY,David Deckelbaum,15.6
2026-09-10,OXY,Robert Hodges,15.6
2026-09-10,OXY,Unknown Analyst,15.6
2026-09-10,PANW,Steven Wahrhaftig,10
2026-09-10,PAYX,Bryan Keane,29.2
2026-09-10,PCAR,Nicholas Housden,29.2
2026-09-10,PFE,Rajesh Kumar,8.5
2026-09-10,PFG,Michael Ward CFA,2
2026-09-10,PGR,Bob Huang,-1.6
2026-09-10,PSA,Brendan Lynch,18.5
2026-09-10,PSX,Jean Ann Salisbury,-3
2026-09-10,QCOM,David O'Connor,6.9
2026-09-10,REGN,Brian Abrahams,-6.1
2026-09-10,REGN,Rajesh Kumar,17.2
2026-09-10,RMD,Laura Sutcliffe,6.7
2026-09-10,ROST,Joseph Civello,
2026-09-10,SNPS,Joseph Quatrochi,23.4
2026-09-10,SYK,Joanne Wuensch,30.9
2026-09-10,SYY,Edward Kelly,26.5
2026-09-10,TAP,Lauren Lieberman,9.2
2026-09-10,TJX,Adrienne Yih,47.8
2026-09-10,TPR,Adrienne Yih,60.9
2026-09-10,TRGP,Brandon Bingham,7.5
2026-09-10,TRGP,Robert Hodges,16.4
2026-09-10,TRGP,Theresa Chen,-2.8
2026-09-10,TRGP,Tim O'Toole,16.4
2026-09-10,TSCO,Seth Sigman,8.7
2026-09-10,TSN,Michael Lavery,25.1
2026-09-10,UAL,Atul Maheswari,26
2026-09-10,UBER,Nikhil Devnani,34.8
2026-09-10,UBER,Oliver Lester,
2026-09-10,UNH,Andrew Mok CFA,17
2026-09-10,URI,Tami Zakaria,15.4
2026-09-10,VLO,Jean Ann Salisbury,-4.4
2026-09-10,VLO,Theresa Chen,-21.8
2026-09-10,VLTO,Deane Dray,15.4
2026-09-10,WMB,Brandon Bingham,18
2026-09-10,WMB,Robert Hodges,18
2026-09-10,WMB,Tim O'Toole,18
2026-09-10,WMT,Bradley Thomas,
2026-09-10,WMT,Robert Drbul,31.2
2026-09-10,WMT,Seth Sigman,23.7
2026-09-10,XOM,Betty Jiang,8.2
2026-09-10,XYZ,Unknown Analyst,36.9
2026-09-10,YUM,Zachary Fadem,26.8
2026-09-11,A,Blayne Curtis,-0.9
2026-09-11,ABBV,Louise Chen,6
2026-09-11,ACN,James Schneider,25.4
2026-09-11,ADBE,Adam Wood,-3.4
2026-09-11,ADBE,Arjun Bhatia,
2026-09-11,ADBE,Billy Fitzsimmons,0.6
2026-09-11,ADBE,Brent Thill,10.7
2026-09-11,ADBE,Derrick Wood,-1.4
2026-09-11,ADBE,Gil Luria,16.7
2026-09-11,ADBE,J. Parker Lane,-9.4
2026-09-11,ADBE,Jackson Ader,-21.5
2026-09-11,ADBE,Karl Keirstead,2.6
2026-09-11,ADBE,Kirk Materne,0.6
2026-09-11,ADBE,Matthew Swanson,26.8
2026-09-11,ADBE,Michael Turrin,8.7
2026-09-11,ADBE,Robert Oliver,0.6
2026-09-11,ADBE,Saiyi He,20.7
2026-09-11,ADBE,Saket Kalia,18.7
2026-09-11,ADBE,Samik Chatterjee,26.8
2026-09-11,ADBE,Tal Liani,-11.5
2026-09-11,ADBE,Unknown Analyst,
2026-09-11,AEP,Shahriar Pourreza,23.1
2026-09-11,ALB,Laurence Alexander,88.8
2026-09-11,AMD,Ruben Roy,15.6
2026-09-11,AMZN,Youssef Squali,
2026-09-11,APD,Salvator Tiano,
2026-09-11,APD,Unknown Analyst,
2026-09-11,APP,Jason Bazinet,92.8
2026-09-11,ATO,Eli Jossen,12
2026-09-11,AWK,Gregg Orrill,19.1
2026-09-11,BAC,David Smith -CFA,
2026-09-11,BG,Manav Gupta,33.5
2026-09-11,BKR,Joe Laetsch,22.7
2026-09-11,BSX,Matthew Taylor,37.8
2026-09-11,CASY,Greg Melich,28.8
2026-09-11,CASY,Michael Montani,28.8
2026-09-11,CDNS,Shebly Seyrafi,32.7
2026-09-11,CF,Unknown Analyst,-10.9
2026-09-11,CLX,Christopher Carey,8.3
2026-09-11,CLX,Filippo Falorni,16.7
2026-09-11,CLX,Javier Escalante,19.1
2026-09-11,CNC,Kevin Fischbeck,21.5
2026-09-11,CNP,Shahriar Pourreza,27.7
2026-09-11,COIN,Peter Christiansen,8.1
2026-09-11,COO,Anthony Petrone,35.6
2026-09-11,COO,Joanne Wuensch,8.5
2026-09-11,COP,Betty Jiang,13.8
2026-09-11,CPRT,Bret Jordan,60.5
2026-09-11,CPRT,Craig Kennison,29.8
2026-09-11,CPRT,Gary Prestopino,36.6
2026-09-11,CRH,Angel Castillo,61.3
2026-09-11,CRL,Elizabeth Anderson CFA,15.9
2026-09-11,CTAS,Curtis Nagle,16.4
2026-09-11,CTVA,Unknown Analyst,
2026-09-11,DAL,Brandon Oglenski,19.3
2026-09-11,DECK,Jay Sole,105.3
2026-09-11,DHI,Sam Reid,5.1
2026-09-11,DOW,Salvator Tiano,
2026-09-11,DOW,Unknown Analyst,
2026-09-11,DRI,Dennis Geiger,14.7
2026-09-11,DRI,Jim Salera,5.1
2026-09-11,DRI,Jon Tower,18.5
2026-09-11,EL,Stephen Powers,25.2
2026-09-11,ELV,Andrew Mok CFA,11.2
2026-09-11,ELV,Kevin Fischbeck,16.8
2026-09-11,EQIX,Irvin Liu,24.3
2026-09-11,EQT,Betty Jiang,36
2026-09-11,EW,Matthew Taylor,19
2026-09-11,FDS,Faiza Alwy,5.3
2026-09-11,FIS,Bill Carcache,17.9
2026-09-11,GIS,Nik Modi,23.9
2026-09-11,GPN,Bill Carcache,18.7
2026-09-11,GWW,Ryan Merkel,
2026-09-11,HAS,James Hardiman,22.2
2026-09-11,HOOD,David Smith -CFA,
2026-09-11,HOOD,Devin Ryan,37.7
2026-09-11,HPQ,David Paige,-4.1
2026-09-11,IFF,Lauren Lieberman,15.7
2026-09-11,IFF,Salvator Tiano,
2026-09-11,IFF,Unknown Analyst,
2026-09-11,IP,George Staphos,33.2
2026-09-11,IP,Michael Roxland,
2026-09-11,IVZ,Glenn Schorr,21.2
2026-09-11,IVZ,William Katz,27.7
2026-09-11,JNJ,Nico Chen,0
2026-09-11,KDP,Lauren Lieberman,22.7
2026-09-11,KMB,Michael Lavery,20.6
2026-09-11,KMB,Nik Modi,65.5
2026-09-11,KR,Leah Jordan,18.3
2026-09-11,KR,Robert Ohmes,41.7
2026-09-11,KR,Scott Marks CFA,20
2026-09-11,KR,Thomas Palmer,3.3
2026-09-11,LH,David S Macdonald,9.1
2026-09-11,LH,Elizabeth Anderson CFA,6
2026-09-11,LH,Jared Haase,
2026-09-11,LH,Kevin Caliendo,18.5
2026-09-11,LH,Luke Sergott,2.9
2026-09-11,LIN,James Hooper,22.3
2026-09-11,LIN,Salvator Tiano,17.7
2026-09-11,LIN,Unknown Analyst,17.7
2026-09-11,LULU,Christine Dooley,
2026-09-11,LUV,Brandon Oglenski,41.5
2026-09-11,LVS,Robin M. Farley,40.1
2026-09-11,LYB,Salvator Tiano,
2026-09-11,LYB,Unknown Analyst,
2026-09-11,LYV,Stephen Laszczyk,25.7
2026-09-11,MCD,Andrew Charles,13.6
2026-09-11,MCO,Owen Lau,24
2026-09-11,MGM,Robin M. Farley,21.7
2026-09-11,MLM,Philip Ng,46.7
2026-09-11,MMM,Andrew Kaplowitz,11.7
2026-09-11,MOS,Salvator Tiano,
2026-09-11,MOS,Unknown Analyst,
2026-09-11,MRK,Nico Chen,22.6
2026-09-11,MRNA,Cory Kasimov,-48.1
2026-09-11,MRNA,Nico Chen,-2.6
2026-09-11,MRVL,Vivek Arya,
2026-09-11,MSCI,Owen Lau,11.2
2026-09-11,MU,James Schneider,8.3
2026-09-11,NOW,Mike Cikos,14.4
2026-09-11,OKE,Jason Gabelman,-0.5
2026-09-11,ORCL,Billy Fitzsimmons,52.4
2026-09-11,ORCL,Brad Reback,35.5
2026-09-11,ORCL,Brian Schwartz,86.3
2026-09-11,ORCL,Brian White,
2026-09-11,ORCL,Derrick Wood,62.6
2026-09-11,ORCL,Gil Luria,52.4
2026-09-11,ORCL,Jackson Ader,103.2
2026-09-11,ORCL,Joseph Bonner,52.4
2026-09-11,ORCL,Karl Keirstead,69.4
2026-09-11,ORCL,Keith Bachman,32.1
2026-09-11,ORCL,Patrick Colville,45.7
2026-09-11,ORCL,Raimo Lenschow,70.7
2026-09-11,ORCL,Rishi Jaluria,11.8
2026-09-11,ORCL,Samik Chatterjee,35.5
2026-09-11,ORCL,Sebastien Naji,
2026-09-11,ORCL,Tal Liani,62.6
2026-09-11,OXY,Stephen Richardson,19
2026-09-11,PAYX,Jared Levine,0.7
2026-09-11,PCAR,Jerry Revich,35.3
2026-09-11,PG,Lauren Lieberman,3.8
2026-09-11,PG,Robert Ottenstein,10
2026-09-11,PHM,Sam Reid,23.7
2026-09-11,PKG,George Staphos,11.7
2026-09-11,PKG,Michael Roxland,
2026-09-11,PLTR,Gil Luria,40.7
2026-09-11,PLTR,John McPeake,26.7
2026-09-11,PPG,Salvator Tiano,27.2
2026-09-11,PPG,Unknown Analyst,27.2
2026-09-11,RJF,David Smith -CFA,
2026-09-11,RJF,Unknown Analyst,
2026-09-11,SHW,Salvator Tiano,
2026-09-11,SHW,Unknown Analyst,
2026-09-11,SPGI,Jason Haas CFA,29.5
2026-09-11,SPGI,Owen Lau,27.3
2026-09-11,SRE,Shahriar Pourreza,45.1
2026-09-11,STZ,Stephen Powers,14.3
2026-09-11,SWK,Unknown Analyst,17.2
2026-09-11,TEL,Colin Langan,7.1
2026-09-11,TKO,Stephen Laszczyk,16.2
2026-09-11,TPR,Unknown Analyst,
2026-09-11,TRGP,Gabe Moreen,9.5
2026-09-11,TSLA,Andrew Percoco,9.8
2026-09-11,TSN,Benjamin Theurer,42.1
2026-09-11,UAL,Brandon Oglenski,47.2
2026-09-11,ULTA,Adrienne Yih,19.2
2026-09-11,ULTA,Michael Baker,15.5
2026-09-11,VRTX,Jessica Fye,10.2
2026-09-11,WMT,Corey Tarlowe,12.4
2026-09-11,WYNN,Robin M. Farley,69
2026-09-11,WYNN,Unknown Analyst,69
2026-09-12,AVGO,Vijay Rakesh,49.6
2026-09-12,COO,Steven Lichtman,
2026-09-12,DELL,Mehdi Hosseini,23.2
2026-09-12,HPE,Mehdi Hosseini,2
2026-09-12,KLAC,Mehdi Hosseini,
2026-09-12,LRCX,Mehdi Hosseini,64.9
2026-09-12,SMCI,Mehdi Hosseini,-61.6
2026-09-12,SNDK,Mehdi Hosseini,53.2
2026-09-12,TER,Mehdi Hosseini,48.1
2026-09-13,ADP,Bryan Keane,5.7
2026-09-13,APH,Asiya Merchant,33.8
2026-09-13,CFG,Ebrahim Poonawala,22.3
2026-09-13,COO,Jonathan Block,26.6
2026-09-13,DHR,Doug Schenkel,18
2026-09-13,GEHC,Vik Chopra,10.7
2026-09-13,HPE,Amit Daryanani,
2026-09-13,INVH,Juan C. Sanabria,30.1
2026-09-13,JBL,David Vogt,43.5
2026-09-13,META,Eric Sheridan,8.9
2026-09-13,MSFT,Michael Turrin,41.8
2026-09-13,ORCL,Brent Thill,96.5
2026-09-13,ORCL,Gabriela Borges,62.6
2026-09-14,AAPL,Edison Lee,-21.4
2026-09-14,AAPL,Helena Wang,-10.6
2026-09-14,ABBV,Trung Huynh,6
2026-09-14,ABNB,Justin Post,18.1
2026-09-14,ABNB,Patrick Scholes,-2.5
2026-09-14,ABT,Josh Jennings,32.4
2026-09-14,ACN,James Faucette,-4.6
2026-09-14,ACN,Jason Kupferberg,5.8
2026-09-14,ADBE,Gabriela Borges,-19.5
2026-09-14,ADBE,Mark Moerdler,50.1
2026-09-14,ADBE,Tyler Radke,0.6
2026-09-14,ADI,Vivek Arya,
2026-09-14,ADP,Kevin Mcveigh,6.8
2026-09-14,ADSK,Mason Marion,-1
2026-09-14,ADSK,Unknown Analyst,-1
2026-09-14,AKAM,Gabriela Borges,-10.2
2026-09-14,AMD,Stacy Rasgon,18.3
2026-09-14,AMD,Vivek Arya,12.9
2026-09-14,AMT,Madison Rezaei,23.7
2026-09-14,AON,Andrew Kligerman,42.6
2026-09-14,APA,Chris Baker,-11.2
2026-09-14,APP,Matthew Cost,44.6
2026-09-14,AVGO,Stacy Rasgon,62.3
2026-09-14,AXP,Mihir Bhatia,
2026-09-14,BA,Sheila Kahyaoglu,49.4
2026-09-14,BAC,Mike Mayo,19.5
2026-09-14,BALL,Unknown Analyst,22.3
2026-09-14,BKR,Josh Silverstein,26.2
2026-09-14,BKR,Stephen Gengaro,31.4
2026-09-14,BKR,Stephen Richardson,33.2
2026-09-14,BMY,Trung Huynh,2.2
2026-09-14,BSX,Travis Steed,24
2026-09-14,CAT,Kyle Menges,37.3
2026-09-14,CCI,Madison Rezaei,31.4
2026-09-14,CCI,Richard Choe,9.5
2026-09-14,CCL,Richard Clarke,
2026-09-14,CCL,Trey Bowers,64.1
2026-09-14,CHRW,Ken Hoexter,47.4
2026-09-14,CHTR,Laurent Yoon,16.1
2026-09-14,CHTR,Peter Supino,-8.7
2026-09-14,CHTR,Sean Diffley,16.1
2026-09-14,CMCSA,Laurent Yoon,23.1
2026-09-14,CMG,Sara Senatore,58.5
2026-09-14,COIN,Ed Engel,-8.9
2026-09-14,COIN,James Yaro,12.7
2026-09-14,COP,Stephen Richardson,10
2026-09-14,CPRT,John Staszak,
2026-09-14,CPT,Steve Sakwa,13.9
2026-09-14,CRL,Kallum Titchmarsh,8.6
2026-09-14,DLR,Madison Rezaei,24.1
2026-09-14,DLR,Unknown Analyst,24.1
2026-09-14,DOW,Matthew DeYoe,
2026-09-14,DVN,John Freeman,37.8
2026-09-14,EBAY,Nathan Feather,13.6
2026-09-14,EBAY,Unknown Analyst,21.6
2026-09-14,ECHO,Sean Diffley,43.4
2026-09-14,EMR,Andrew Obin,
2026-09-14,EQIX,Madison Rezaei,24.3
2026-09-14,EQT,Scott Hanold,26
2026-09-14,ETN,Andrew Obin,
2026-09-14,ETN,Chad Dillard,25.7
2026-09-14,EXC,Paul Cole,18.8
2026-09-14,EXPE,Justin Post,28.2
2026-09-14,FCX,Bob Brackett,
2026-09-14,FERG,Philip Ng,37.6
2026-09-14,FICO,Kevin Mcveigh,15.8
2026-09-14,FICO,Owen Lau,68.5
2026-09-14,FOX,Matthew Condon,64.5
2026-09-14,FOXA,Matthew Condon,47.4
2026-09-14,GD,Ronald Epstein,
2026-09-14,GE,Scott Mikus,11.4
2026-09-14,GEHC,Travis Steed,15.4
2026-09-14,GEV,Gordon Johnson,-50
2026-09-14,GIS,David Palmer,4.6
2026-09-14,GM,Joseph Spak,38.7
2026-09-14,GOOGL,Justin Post,
2026-09-14,HD,Kate McShane,25.7
2026-09-14,HLT,Patrick Scholes,3.4
2026-09-14,HON,Scott Davis,
2026-09-14,HONA,Scott Mikus,16.1
2026-09-14,HOOD,Brian Bedell,15.2
2026-09-14,HOOD,Michael Cyprys,25.2
2026-09-14,HST,Patrick Scholes,23.6
2026-09-14,HUBB,Chad Dillard,30.7
2026-09-14,HUBB,Unknown Analyst,30.7
2026-09-14,HWM,Michael Ciarmoli,52.4
2026-09-14,HWM,Ronald Epstein,52.4
2026-09-14,HWM,Unknown Analyst,52.4
2026-09-14,INTC,Stacy Rasgon,1.3
2026-09-14,INVH,James Feldman,
2026-09-14,INVH,Steve Sakwa,26.3
2026-09-14,ISRG,Travis Steed,19.5
2026-09-14,JBL,Mark Delaney,25.2
2026-09-14,JKHY,Andrew Schmitt,22.7
2026-09-14,JKHY,James Faucette,9.8
2026-09-14,JNJ,Michael Nedelcovych,11.1
2026-09-14,KDP,Peter Galbo,22.7
2026-09-14,KDP,Taylor Conrad,16.3
2026-09-14,KEY,Ryan Nash,29.7
2026-09-14,KEYS,David Ridley Lane,20.9
2026-09-14,KIM,Steve Sakwa,11
2026-09-14,KMB,Lauren Lieberman,7.3
2026-09-14,KR,Bill Kirk,21.7
2026-09-14,KR,Joe Feldman,25
2026-09-14,KR,John Heinbockel,10
2026-09-14,KR,Kelly Bania,0
2026-09-14,KR,Michael Lasser,5
2026-09-14,KR,Michael Montani,16.7
2026-09-14,KVUE,Taylor Conrad,
2026-09-14,LHX,Michael Ciarmoli,47.6
2026-09-14,LHX,Unknown Analyst,47.6
2026-09-14,LII,Nicole Deblase,23.6
2026-09-14,LLY,Luisa Hector,21.4
2026-09-14,LLY,Trung Huynh,30.1
2026-09-14,LRCX,Stacy Rasgon,33.6
2026-09-14,LULU,Brooke Roach,-3.1
2026-09-14,LUV,Thomas Fitzgerald CFA,
2026-09-14,MAA,Steve Sakwa,8.5
2026-09-14,MAR,Patrick Scholes,6.2
2026-09-14,MCD,Brian Harbour,24.1
2026-09-14,MCD,Lauren Silberman,20.9
2026-09-14,MCD,Logan Reich,16.8
2026-09-14,MCK,Ryan Halsted,-3.4
2026-09-14,MDT,Travis Steed,19.4
2026-09-14,META,Ygal Arounian,-2.4
2026-09-14,MKC,Robert Moskow,12.9
2026-09-14,MOS,Joel Jackson,22.5
2026-09-14,MPC,Joe Laetsch,6.6
2026-09-14,MPC,Justin Jenkins,4.7
2026-09-14,MPC,Manav Gupta,5.9
2026-09-14,MRK,Trung Huynh,2.1
2026-09-14,NCLH,Richard Clarke,
2026-09-14,NEM,Bob Brackett,16.7
2026-09-14,NFLX,Mark Mahaney,53.2
2026-09-14,NKE,Jonathan Komp,23.9
2026-09-14,NKE,Paul Lejuez,9.8
2026-09-14,NOC,Michael Ciarmoli,16
2026-09-14,NOC,Unknown Analyst,16
2026-09-14,NVDA,Stacy Rasgon,82.1
2026-09-14,ORCL,Egor Tolmachev,38.9
2026-09-14,ORCL,John Difucci,171
2026-09-14,OXY,Sam Margolin,39.4
2026-09-14,PAYX,Kevin Mcveigh,7.6
2026-09-14,PLTR,Martin Yang,12.6
2026-09-14,PLTR,Param Singh,12.6
2026-09-14,PNR,Unknown Analyst,39.5
2026-09-14,PRU,Andrew Kligerman,-3.7
2026-09-14,PSKY,Unknown Analyst,
2026-09-14,PSX,Joe Laetsch,4
2026-09-14,PSX,Justin Jenkins,9.8
2026-09-14,PSX,Manav Gupta,9.8
2026-09-14,PWR,Alasdair Leslie,17.5
2026-09-14,PWR,Hanxu Wang,17.5
2026-09-14,RCL,Richard Clarke,44.4
2026-09-14,SBAC,Madison Rezaei,22.6
2026-09-14,SOLV,Ryan Zimmerman,6.9
2026-09-14,SPG,Michael Mueller,8.6
2026-09-14,SPG,Steve Sakwa,6.7
2026-09-14,SW,Brian Morgan,30.8
2026-09-14,SYF,Donald Fandetti,17.3
2026-09-14,SYF,Mihir Bhatia,
2026-09-14,SYF,Vincent Caintic,
2026-09-14,T,Laurent Yoon,-2.1
2026-09-14,TDG,Michael Ciarmoli,
2026-09-14,TDG,Scott Mikus,22.6
2026-09-14,TDG,Unknown Analyst,
2026-09-14,TEL,Mark Delaney,38.3
2026-09-14,TJX,Brooke Roach,39.9
2026-09-14,TJX,Lorraine Hutchinson,37.5
2026-09-14,TMUS,Douglas Harned,30.8
2026-09-14,UDR,Adam Kramer,23.9
2026-09-14,UDR,Steve Sakwa,26.8
2026-09-14,UNH,A.J. Rice,30
2026-09-14,UNH,Elizabeth Anderson CFA,27.4
2026-09-14,URI,Kyle Menges,31.2
2026-09-14,VLO,Joe Laetsch,-0.6
2026-09-14,VLO,Justin Jenkins,8.9
2026-09-14,VLO,Manav Gupta,8.9
2026-09-14,VRT,Varun Govindaraj,47.6
2026-09-14,VRTX,Terence Flynn,30.8
2026-09-14,VZ,Laurent Yoon,-2.3
2026-09-14,WAT,Kallum Titchmarsh,2
2026-09-14,WDAY,Mark Moerdler,22.8
2026-09-14,WMT,Kate McShane,23.7
2026-09-14,WMT,Oliver Chen,17.1
2026-09-14,WSM,Kate McShane,24.4
2026-09-14,WST,Kallum Titchmarsh,0.7
2026-09-15,AAPL,Amit Daryanani,8.8
2026-09-15,ABNB,Richard Clarke,31.4
2026-09-15,ACGL,Yaron Kinar,2.7
2026-09-15,ACN,Bryan Bergin,-5.7
2026-09-15,ADM,Andrew Strelzik,
2026-09-15,AIG,Yaron Kinar,12.7
2026-09-15,AJG,Yaron Kinar,21.6
2026-09-15,AMD,David O'Connor,9.2
2026-09-15,AMD,William Stein,8.1
2026-09-15,AMZN,Ken Gawrelski,34
2026-09-15,AMZN,Mark Shmulik,26.9
2026-09-15,AON,Adam Klauber,
2026-09-15,AON,Yaron Kinar,24.2
2026-09-15,APA,Josh Silverstein,4.3
2026-09-15,APO,Benjamin Budish,24.2
2026-09-15,APO,William Katz,25.8
2026-09-15,APTV,Rajat Gupta CFA,28.2
2026-09-15,AZO,Michael Lasser,59.2
2026-09-15,AZO,Steven Zaccone,20.6
2026-09-15,BAC,Manan Gosalia,16
2026-09-15,BAC,Richard Ramsden,31.6
2026-09-15,BKNG,Richard Clarke,11.7
2026-09-15,BLK,Craig Siegenthaler,24.5
2026-09-15,BRO,Yaron Kinar,26.4
2026-09-15,C,Richard Ramsden,28.3
2026-09-15,CB,Yaron Kinar,1.9
2026-09-15,CCI,Michael Rollins,
2026-09-15,CCL,Chris Woronka,32.2
2026-09-15,CFG,Jason Goldberg,20.8
2026-09-15,CI,Stephen Baxter,11.5
2026-09-15,CL,Unknown Analyst,13.2
2026-09-15,CMCSA,John Hodulik,18.7
2026-09-15,CMCSA,Kutgun Maral,31.9
2026-09-15,CMG,Unknown Analyst,4.7
2026-09-15,CMS,Julien Dumoulin Smith,13.3
2026-09-15,CNC,Stephen Baxter,4.8
2026-09-15,CNP,Stephen D'Ambrisi,4.2
2026-09-15,COF,Mihir Bhatia,25.3
2026-09-15,COF,Moshe Orenbuch,25.3
2026-09-15,COP,Josh Silverstein,28.2
2026-09-15,COST,Steven Shemesh,11.7
2026-09-15,CPT,Ami Probandt,4.9
2026-09-15,CRM,Kirk Materne,21.9
2026-09-15,CRWD,Steven Wahrhaftig,5.2
2026-09-15,CSGP,George Tong,37.5
2026-09-15,CTVA,Arun Viswanathan,27.9
2026-09-15,CVS,Allen Lutz,35.1
2026-09-15,CVS,Stephen Baxter,38.5
2026-09-15,DDOG,Mark Shmulik,3.1
2026-09-15,DELL,Katherine Murphy,0.3
2026-09-15,DG,Kate McShane,15.2
2026-09-15,DIS,Annick Mass,25.6
2026-09-15,DIS,Michael Ng,40.3
2026-09-15,DOC,Joe Dickstein,3.3
2026-09-15,DPZ,Unknown Analyst,
2026-09-15,DRI,Brian Bittner,17.1
2026-09-15,DRI,Unknown Analyst,14.7
2026-09-15,DRI,Zachary Fadem,0.3
2026-09-15,DVN,Josh Silverstein,29.6
2026-09-15,EBAY,Ken Gawrelski,-17.7
2026-09-15,EFX,Manav Patnaik,25.9
2026-09-15,ELV,Stephen Baxter,15.1
2026-09-15,EOG,Josh Silverstein,26.9
2026-09-15,ESS,Ami Probandt,5.9
2026-09-15,EXE,Josh Silverstein,47.4
2026-09-15,EXPE,Richard Clarke,11
2026-09-15,FANG,Josh Silverstein,31.5
2026-09-15,FAST,Nigel Coe,4.1
2026-09-15,FCX,Sam Crittenden,18.8
2026-09-15,FERG,Nigel Coe,
2026-09-15,FITB,Christopher Mcgratty,13.4
2026-09-15,FITB,Mike Mayo,26.6
2026-09-15,FIX,Joshua Chan,34.7
2026-09-15,FRT,Richard Hightower,10.9
2026-09-15,GEV,Sunaina Ocalan‏,38
2026-09-15,GEV,Unknown Analyst,38
2026-09-15,GLW,John Roberts CFA,19.9
2026-09-15,GPC,Kate McShane,5.4
2026-09-15,GWW,Nigel Coe,
2026-09-15,HAL,Josh Silverstein,24.9
2026-09-15,HIG,Yaron Kinar,16.8
2026-09-15,HPE,Katherine Murphy,23.4
2026-09-15,HUM,Stephen Baxter,30
2026-09-15,INTC,Ivan Feinseth,33.5
2026-09-15,INTU,Kirk Materne,31.9
2026-09-15,JKHY,Daniel Perlin,14.9
2026-09-15,JPM,Richard Ramsden,24.7
2026-09-15,KDP,John Staszak,16.3
2026-09-15,KEY,Jason Goldberg,15.3
2026-09-15,LEN,Rafe Jadrosich,-8.4
2026-09-15,LLY,Kerry Holford,21.4
2026-09-15,LOW,Kate McShane,40.3
2026-09-15,LVS,Lizzie Dove,37.6
2026-09-15,MAA,Ami Probandt,8.5
2026-09-15,MCD,Andy Barish,30.9
2026-09-15,MCD,Unknown Analyst,
2026-09-15,MCK,Elizabeth Anderson CFA,14.3
2026-09-15,MCO,Jason Haas CFA,27.4
2026-09-15,MDT,Josh Jennings,19.4
2026-09-15,META,Doug Anmuth,23.2
2026-09-15,META,Ken Gawrelski,-3.9
2026-09-15,MS,Richard Ramsden,18
2026-09-15,MSCI,Manav Patnaik,32.9
2026-09-15,MSFT,Raimo Lenschow,3.7
2026-09-15,MU,Krish Sankar,57.5
2026-09-15,NDAQ,Benjamin Budish,18.7
2026-09-15,NEE,Nicholas Amicucci,33
2026-09-15,NEM,Hugo Nicolaci,3.3
2026-09-15,NEM,Josh Wolfson,25.6
2026-09-15,NFLX,Annick Mass,32.3
2026-09-15,NKE,Cristina Fernandez,23.9
2026-09-15,NKE,Joe Feldman,23.9
2026-09-15,ORCL,Kirk Materne,
2026-09-15,ORCL,Siti Panigrahi,116.8
2026-09-15,OTIS,Unknown Analyst,13.8
2026-09-15,OXY,Josh Silverstein,13.9
2026-09-15,PG,Cristian Rios,1.8
2026-09-15,PG,Kaumil Gajrawala,20.9
2026-09-15,PGR,Yaron Kinar,7.7
2026-09-15,PLTR,Karl Keirstead,40.7
2026-09-15,PM,Unknown Analyst,
2026-09-15,PNC,Jason Goldberg,21.8
2026-09-15,PNR,Nigel Coe,62.7
2026-09-15,PPL,Stephen D'Ambrisi,5
2026-09-15,PSKY,Annick Mass,17.5
2026-09-15,QCOM,Unknown Analyst,51.9
2026-09-15,RL,Ike Boruchow,26.8
2026-09-15,RMD,Craig Wong-Pan,16.4
2026-09-15,RSG,Nigel Coe,
2026-09-15,SBUX,Unknown Analyst,
2026-09-15,SCHW,Jeff Schmitt,
2026-09-15,SLB,Josh Silverstein,46.7
2026-09-15,SMCI,Katherine Murphy,-13
2026-09-15,SOLV,Jason Bednar,18.2
2026-09-15,SPGI,Manav Patnaik,36.4
2026-09-15,STZ,Nadine Sarwat,65.6
2026-09-15,SYF,Terry Ma,23.9
2026-09-15,SYK,Travis Steed,38.1
2026-09-15,SYY,John Heinbockel,13.9
2026-09-15,TAP,Bonnie Herzog,25.2
2026-09-15,TAP,Nadine Sarwat,19.9
2026-09-15,TDY,James Ricchiuti,25.9
2026-09-15,TDY,Robert Jamieson,25.9
2026-09-15,TFC,Erika Najarian,13.3
2026-09-15,TFC,Ryan Nash,21.5
2026-09-15,TGT,Joe Feldman,15.1
2026-09-15,TMO,Daniel Arias,
2026-09-15,TPR,Brooke Roach,47
2026-09-15,TPR,Dana Telsey,52.2
2026-09-15,TRV,Yaron Kinar,-7.1
2026-09-15,TSLA,Mark Delaney,-1.2
2026-09-15,TXN,Joshua Buchalter,27.5
2026-09-15,UAL,David Vernon,49
2026-09-15,UBER,Justin Post,43.3
2026-09-15,UDR,Ami Probandt,20.9
2026-09-15,UDR,Michael Lewis,12.1
2026-09-15,ULTA,Dana Telsey,32.2
2026-09-15,ULTA,Ike Boruchow,-3
2026-09-15,UNH,Stephen Baxter,39.6
2026-09-15,VEEV,Charles Rhyee,8.8
2026-09-15,VICI,Ronald Kamdem,22.3
2026-09-15,VLTO,Nigel Coe,32.3
2026-09-15,VMRK,Ami Probandt,22.5
2026-09-15,VTR,Joe Dickstein,17.7
2026-09-15,WBD,Annick Mass,-0.2
2026-09-15,WELL,Joe Dickstein,20.2
2026-09-15,WFC,Christopher Mcgratty,9.2
2026-09-15,WFC,Richard Ramsden,24.2
2026-09-15,WM,Nigel Coe,
2026-09-15,WMB,Julien Dumoulin Smith,18
2026-09-15,WRB,Yaron Kinar,2.9
2026-09-15,XYL,Nigel Coe,
2026-09-15,XYZ,Timothy Chiodo,27.8
2026-09-15,YUM,Unknown Analyst,17.4
2026-09-16,AAPL,Tim Long,-27
2026-09-16,ABNB,Matthew Cost,2.9
2026-09-16,ADSK,Matthew Hedberg,40.4
2026-09-16,ALGN,Jason Bednar,60.1
2026-09-16,AMGN,Evan Seigerman,17.8
2026-09-16,AMGN,Geoff Meacham,6
2026-09-16,AMGN,Matt Phipps,
2026-09-16,AMZN,Justin Post,26.9
2026-09-16,APA,Leo Mariani,-13.4
2026-09-16,APD,Patrick Cunningham,17
2026-09-16,AXP,Donald Fandetti,33.9
2026-09-16,AXP,Terry Ma,17.4
2026-09-16,AZO,Simeon Gutman,26
2026-09-16,BKNG,Matthew Cost,36.6
2026-09-16,BMY,David Amsellem,30.9
2026-09-16,BX,Benjamin Budish,2.5
2026-09-16,CAT,Adam Seiden,12.4
2026-09-16,CCI,Brendan Lynch,15
2026-09-16,CCL,Brandt Montour,50.4
2026-09-16,CCL,Steven Wieczynski,59.5
2026-09-16,CI,Charles Rhyee,22.8
2026-09-16,CIEN,Sean O'Loughlin,14.7
2026-09-16,CIEN,Tal Liani,57.7
2026-09-16,CMCSA,Jessica Reif Ehrlich,53.9
2026-09-16,CMCSA,Sebastiano Petti,27.5
2026-09-16,COF,Donald Fandetti,28.8
2026-09-16,COF,Terry Ma,18.9
2026-09-16,COIN,Andrew Harte,23.6
2026-09-16,COIN,Dan Dolev,-20.2
2026-09-16,COST,Christopher Nardone,22.3
2026-09-16,COST,Rupesh Parikh,29.6
2026-09-16,CPRT,Wesley Brooks,23
2026-09-16,CRL,David Toung,19.5
2026-09-16,CRL,Ryan Halsted,2.1
2026-09-16,CRM,Allan Verkhovski,26.1
2026-09-16,CRM,Gregg Moskowitz,17.7
2026-09-16,CRM,Keith Bachman,19.8
2026-09-16,CRM,Raimo Lenschow,16
2026-09-16,CRM,Terry Tillman,
2026-09-16,CTAS,Connor Cerniglia,1.2
2026-09-16,CTSH,Arvind Ramnani,
2026-09-16,CTVA,Benjamin Theurer,13
2026-09-16,CTVA,Joel Jackson,18
2026-09-16,CTVA,Joshua Spector,11.8
2026-09-16,CTVA,Matthew DeYoe,19.2
2026-09-16,CTVA,Unknown Analyst,20.5
2026-09-16,CVX,Neil Mehta,14.6
2026-09-16,DDOG,Miller Jump,
2026-09-16,DHI,Jonathan Bettenhausen,1.4
2026-09-16,ECL,Jason Haas CFA,9.5
2026-09-16,EG,Meyer Shields,10.4
2026-09-16,EQT,Neal Dingmann,
2026-09-16,EXPE,Brian Nowak,-15.9
2026-09-16,EXPE,Matthew Cost,-15.9
2026-09-16,EXR,Ronald Kamdem,13.4
2026-09-16,FAST,Unknown Analyst,0
2026-09-16,FITB,Jason Goldberg,26.6
2026-09-16,FLEX,Tim Long,32.7
2026-09-16,FTNT,Shaul Eyal,26.6
2026-09-16,GEV,Andrew Obin,39.3
2026-09-16,GIS,Peter Grom,-9.1
2026-09-16,GIS,Thomas Palmer,-3.6
2026-09-16,GNRC,Manish Somaiya,60.5
2026-09-16,GOOGL,Mark Mahaney,28.3
2026-09-16,HAS,Anthony Bonadio,2.8
2026-09-16,HBAN,Jon Arfstrom,25.9
2026-09-16,IDXX,Andrea Alfonso,30.9
2026-09-16,INCY,Brian Abrahams,-13
2026-09-16,JBHT,Brandon Oglenski,21.7
2026-09-16,JBHT,Christian Wetherbee,30.2
2026-09-16,JBHT,Ken Hoexter,28.9
2026-09-16,JKHY,Bill Carcache,13
2026-09-16,JKHY,Christopher Kennedy,
2026-09-16,JKHY,John Davis,28.5
2026-09-16,JKHY,Peter Heckmann,27.9
2026-09-16,JKHY,Timothy Chiodo,9.8
2026-09-16,JKHY,Will Nance,17.5
2026-09-16,JNJ,Trung Huynh,6.3
2026-09-16,JPM,Jason Goldberg,20.1
2026-09-16,KEYS,Matthew Niknam,
2026-09-16,KKR,Benjamin Budish,36.6
2026-09-16,KO,Michael Lavery,7.6
2026-09-16,KR,Simeon Gutman,11.7
2026-09-16,KVUE,Susan Anderson,
2026-09-16,LEN,Jonathan Bettenhausen,-1.9
2026-09-16,LEN,Susan Maklari,30.8
2026-09-16,LII,Unknown Analyst,36.4
2026-09-16,LLY,David Risinger,
2026-09-16,MCD,Peter Saleh,41
2026-09-16,MCK,Allen Lutz,20
2026-09-16,META,Justin Post,21.7
2026-09-16,META,Ronald Josey,20.2
2026-09-16,MSI,Matthew Niknam,
2026-09-16,MTB,Mike Mayo,-1.5
2026-09-16,NDAQ,Jeff Schmitt,
2026-09-16,NEM,Daniel Major,25.6
2026-09-16,NVR,Jonathan Bettenhausen,4.1
2026-09-16,O,Haendel St. Juste,7.7
2026-09-16,ODFL,Jordan Alliger,41
2026-09-16,ON,Christopher Rolland,114.3
2026-09-16,ON,Matthew Prisco,28.6
2026-09-16,ON,Vijay Rakesh,35.8
2026-09-16,PAYX,Jacob Smith CFA,
2026-09-16,PAYX,Scott Wurtzel,
2026-09-16,PFE,Trung Huynh,-9.6
2026-09-16,PHM,Jonathan Bettenhausen,16
2026-09-16,PLTR,Arvind Ramnani,
2026-09-16,PPL,Marie Ferguson,20
2026-09-16,PSA,Ronald Kamdem,16.1
2026-09-16,RDDT,Unknown Analyst,69
2026-09-16,RF,Jason Goldberg,5.3
2026-09-16,RSG,Jerry Revich,7.3
2026-09-16,RTX,Sheila Kahyaoglu,28.9
2026-09-16,SBUX,Sharon Zackfia,
2026-09-16,SCHW,Benjamin Budish,19.3
2026-09-16,SCHW,David Smith -CFA,
2026-09-16,SYK,Kendall Au,52.7
2026-09-16,SYK,Larry Biegelsen,26.5
2026-09-16,TDG,Kenneth Herbert,24.3
2026-09-16,TFC,Jason Goldberg,15.3
2026-09-16,TKO,Ian S. Moore,26.8
2026-09-16,TTWO,Alec Brondolo,46
2026-09-16,UNP,Thomas Wadewitz,21.3
2026-09-16,VEEV,Unknown Analyst,
2026-09-16,VRSK,Manav Patnaik,28.3
2026-09-16,VRTX,Louise Chen,9.8
2026-09-16,VTR,Julien Blouin,29.2
2026-09-16,VTRS,David Amsellem,-23.3
2026-09-16,WM,Jerry Revich,27
2026-09-16,WTW,Yaron Kinar,22.6
2026-09-16,YUM,Chris O`Cull,19.6
2026-09-17,A,John Dunigan,15.7
2026-09-17,AAPL,Samik Chatterjee,1.3
2026-09-17,AAPL,Wamsi Mohan,10.3
2026-09-17,ADSK,Adam Borg,31.2
2026-09-17,ADSK,Dylan Becker,
2026-09-17,ADSK,Matthew Martino,
2026-09-17,ADSK,Saket Kalia,38.1
2026-09-17,ADSK,Siti Panigrahi,
2026-09-17,ADSK,Tomer Zilberman,38.1
2026-09-17,AMGN,David Amsellem,19.6
2026-09-17,AMGN,Emily Field,-0.5
2026-09-17,AMGN,Gregory Renza,
2026-09-17,AMGN,Louise Chen,17.8
2026-09-17,AMGN,Michael Yee,12.6
2026-09-17,ARES,Benjamin Budish,10.6
2026-09-17,AVY,Unknown Analyst,6.9
2026-09-17,AWK,Ross Fowler,2.9
2026-09-17,BLDR,Sam Reid,9.4
2026-09-17,BSX,Josh Jennings,28.6
2026-09-17,BXP,Nicholas Yulico,14.5
2026-09-17,CCL,Lizzie Dove,36.7
2026-09-17,CCL,Sharon Zackfia,
2026-09-17,CIEN,Joseph Cardoso,73.5
2026-09-17,CIEN,Meta Marshall,29
2026-09-17,CIEN,Michael Genovese,50.5
2026-09-17,CIEN,Ryan Koontz,49.1
2026-09-17,CIEN,Tim Long,57.1
2026-09-17,CIEN,Tim Savageaux,57.7
2026-09-17,CNC,Andrew Mok CFA,21.5
2026-09-17,COST,Michael Lasser,42.4
2026-09-17,CPT,Nicholas Yulico,1.9
2026-09-17,CRM,Adam Wood,-1.2
2026-09-17,CRM,Arjun Bhatia,
2026-09-17,CRM,Brian Peterson,
2026-09-17,CRM,Brian Schwartz,15.6
2026-09-17,CRM,David Hynes,26.1
2026-09-17,CRM,Derrick Wood,26.1
2026-09-17,CRM,Egor Tolmachev,24
2026-09-17,CRM,Gil Luria,-5.4
2026-09-17,CRM,J. Parker Lane,26.1
2026-09-17,CRM,John Difucci,26.1
2026-09-17,CRM,Matthew VanVliet,26.1
2026-09-17,CRM,Michael Turrin,5.1
2026-09-17,CRM,Rishi Jaluria,5.1
2026-09-17,CRM,Samik Chatterjee,11.4
2026-09-17,CRM,Scott Berg,68.1
2026-09-17,CRM,Tal Liani,-32.8
2026-09-17,CRWD,Peter Weed,-44.5
2026-09-17,CTVA,Alexandra Yates,13
2026-09-17,CTVA,Patrick Cunningham,13
2026-09-17,CTVA,Salvator Tiano,
2026-09-17,DAL,Christian Wetherbee,31.9
2026-09-17,DD,Abigail Eberts,28.7
2026-09-17,DOW,Abigail Eberts,21.8
2026-09-17,DOW,David Begleiter,11.4
2026-09-17,EMR,Unknown Analyst,20.1
2026-09-17,EOG,John Freeman,29
2026-09-17,EQT,Josh Silverstein,54
2026-09-17,ESS,Nicholas Yulico,8.5
2026-09-17,FANG,John Freeman,32.5
2026-09-17,FDS,Curtis Nagle,-26
2026-09-17,FERG,Sam Reid,37.6
2026-09-17,FICO,Manav Patnaik,79
2026-09-17,FRT,Nicholas Yulico,13.6
2026-09-17,FTNT,Peter Weed,-14.6
2026-09-17,GEV,David Arcaro,43.6
2026-09-17,GNRC,Brian Drab,
2026-09-17,GNRC,George Gianarikas,80.8
2026-09-17,GNRC,Joseph Osha,
2026-09-17,GNRC,Michael Halloran,47
2026-09-17,GNRC,Sean Milligan,36.4
2026-09-17,GNRC,Stephen Gengaro,37.4
2026-09-17,GNRC,Tommy Moll,61.5
2026-09-17,GOOGL,Ivan Feinseth,38.3
2026-09-17,GS,Manan Gosalia,21.5
2026-09-17,HBAN,Manan Gosalia,19.6
2026-09-17,HBAN,Mike Mayo,32.2
2026-09-17,HCA,Brian Tanquilut,5.2
2026-09-17,HCA,Whit Mayo,
2026-09-17,HD,Michael Lasser,40
2026-09-17,HONA,Charles Minervino,16.1
2026-09-17,HST,Marie Ferguson,23.6
2026-09-17,INTU,Jared Levine,14.1
2026-09-17,INTU,Michael Turrin,-1.1
2026-09-17,INTU,Rishi Jaluria,27
2026-09-17,INVH,Nicholas Yulico,4.1
2026-09-17,IQV,Kallum Titchmarsh,1.3
2026-09-17,JBHT,Daniel Moore CFA,23.8
2026-09-17,JBHT,Jeff Kauffman,28.1
2026-09-17,JBHT,Patrick Brown,28.1
2026-09-17,JBHT,Thomas Wadewitz,12.7
2026-09-17,JCI,Amit Mehrotra,25.6
2026-09-17,JKHY,Nik Cremo,19.5
2026-09-17,KMI,Julien Dumoulin Smith,3.6
2026-09-17,KR,Seth Sigman,1.7
2026-09-17,LEN,Matthew Bouley,-8.4
2026-09-17,LEN,Michael Dahl,-9.7
2026-09-17,LEN,Sam Reid,4.7
2026-09-17,LEN,Unknown Analyst,
2026-09-17,LLY,Seamus Fernandez,11.4
2026-09-17,LUV,Christian Wetherbee,22
2026-09-17,MAA,Michael Lewis,11
2026-09-17,MAA,Nicholas Yulico,5.1
2026-09-17,MAS,Sam Reid,20.5
2026-09-17,MCD,Jon Tower,24.9
2026-09-17,MDT,Michael Matson,23.7
2026-09-17,MKC,Scott Marks CFA,27.3
2026-09-17,MU,Melissa Weathers,
2026-09-17,MU,Srini Pajjuri,47.7
2026-09-17,NKE,Jay Sole,18.3
2026-09-17,NUE,Katja Jancic,18.8
2026-09-17,NUE,Nick Cash,21.6
2026-09-17,NUE,Timna Tanners,12.7
2026-09-17,ON,Anthony Stoss,
2026-09-17,ON,Blayne Curtis,64.3
2026-09-17,ON,James Schneider,35.8
2026-09-17,ON,Jed Dorsheimer,
2026-09-17,ON,John Vinh,
2026-09-17,ON,Joseph Quatrochi,21.5
2026-09-17,ON,Joshua Buchalter,35.8
2026-09-17,ON,Quinn Bolton,65.8
2026-09-17,ON,Suji Desilva,78.6
2026-09-17,ON,Thomas O'Malley,42.9
2026-09-17,ON,Timothy Arcuri,
2026-09-17,ON,Tore Svanberg,7.2
2026-09-17,ON,Tristan Gerra,54.3
2026-09-17,ON,Vivek Arya,71.5
2026-09-17,ORCL,Michael Turrin,89.7
2026-09-17,ORLY,Kate McShane,33.4
2026-09-17,ORLY,Michael Baker,25.1
2026-09-17,ORLY,Steven Shemesh,29.9
2026-09-17,ORLY,Zachary Fadem,18
2026-09-17,PANW,Peter Weed,-3.5
2026-09-17,PSKY,Kannan Venkateshwar,-21.6
2026-09-17,RDDT,Youssef Squali,82.3
2026-09-17,REG,Nicholas Yulico,11
2026-09-17,RSG,Michael Feniger,10.5
2026-09-17,SPG,Greg McGinniss,7.6
2026-09-17,STLD,Katja Jancic,25.8
2026-09-17,STLD,Nick Cash,27.1
2026-09-17,STLD,Timna Tanners,9.2
2026-09-17,STZ,Seamus Cassidy,26.1
2026-09-17,SWK,Sam Reid,6.1
2026-09-17,TDG,Seth Seifman,30.3
2026-09-17,TMO,Evan Stampler,1.3
2026-09-17,TRGP,Robert Kad,22.9
2026-09-17,TSLA,Dan Levy,1.6
2026-09-17,TTD,Youssef Squali,
2026-09-17,UAL,Christian Wetherbee,51.8
2026-09-17,UDR,Nicholas Yulico,12.1
2026-09-17,VMRK,Michael Gorman,2.9
2026-09-17,WBD,Kannan Venkateshwar,4.3
2026-09-17,WEC,Paul Cole,17.3
2026-09-17,XYL,Unknown Analyst,
2026-09-17,XYZ,Bill Carcache,36.9
2026-09-18,AAPL,David Vogt,-11.8
2026-09-18,ABNB,Matthew Condon,21.1
2026-09-18,ACN,Jonathan Lee CFA,
2026-09-18,ACN,Nate Svensson,-4.6
2026-09-18,ADSK,Daniel Jester,30.3
2026-09-18,ADSK,Elizabeth Porter,45
2026-09-18,ADSK,Michael Turrin,51.9
2026-09-18,ADSK,Tyler Radke,
2026-09-18,AEE,David Arcaro,5
2026-09-18,AEP,David Arcaro,6.5
2026-09-18,ALL,Meyer Shields,0
2026-09-18,ALL,Yaron Kinar,20
2026-09-18,AOS,Unknown Analyst,19.9
2026-09-18,ATO,David Arcaro,11.4
2026-09-18,AZO,Brian Nagel,22.4
2026-09-18,BA,Ronald Epstein,36.8
2026-09-18,BAC,Jason Goldberg,24.7
2026-09-18,BALL,Jeffrey Zekauskas,7.4
2026-09-18,BBY,Joe Feldman,1.6
2026-09-18,BF.B,Eric Serotta,-12.1
2026-09-18,BIIB,Mohit Bansal,15.1
2026-09-18,BNY,Jason Goldberg,16.6
2026-09-18,BSX,Joanne Wuensch,14.8
2026-09-18,C,Jason Goldberg,16.9
2026-09-18,CAT,Michael Feniger,
2026-09-18,CEG,David Arcaro,44.9
2026-09-18,CLX,Anna Lizzul,20.3
2026-09-18,CMS,David Arcaro,17.8
2026-09-18,CNP,David Arcaro,-1
2026-09-18,CRM,Brian White,11.8
2026-09-18,CRM,Karl Keirstead,9.3
2026-09-18,CRM,Tyler Radke,10.5
2026-09-18,CRWD,Meta Marshall,0.1
2026-09-18,CRWD,Tal Liani,9.4
2026-09-18,CRWD,Todd Weller CFA,17.8
2026-09-18,CSX,Ken Hoexter,16.8
2026-09-18,CTSH,Bryan Bergin,-9.8
2026-09-18,CTSH,Nate Svensson,16.9
2026-09-18,D,David Arcaro,3.8
2026-09-18,DAL,James Goodall,31.9
2026-09-18,DASH,Justin Post,
2026-09-18,DELL,Erik Woodring,-12.2
2026-09-18,DHR,Tycho Peterson,-0.9
2026-09-18,DRI,Brian Harbour,21.8
2026-09-18,DTE,David Arcaro,9.7
2026-09-18,DUK,David Arcaro,8.1
2026-09-18,DXCM,Josh Jennings,6.3
2026-09-18,DXCM,Richard Newitter,14.2
2026-09-18,ED,David Arcaro,-8
2026-09-18,EIX,David Arcaro,8.5
2026-09-18,ELV,A.J. Rice,11.9
2026-09-18,EQT,Gabriel Daoud,
2026-09-18,ETR,David Arcaro,-3.9
2026-09-18,EXC,David Arcaro,18.8
2026-09-18,FDX,Ravi Shanker,-47.3
2026-09-18,FE,David Arcaro,8.3
2026-09-18,FTV,Unknown Analyst,16.4
2026-09-18,GEN,Meta Marshall,10.3
2026-09-18,GIS,Peter Galbo,18.4
2026-09-18,GNRC,Chip Moore,20.5
2026-09-18,GNRC,Mark Strouse,27.7
2026-09-18,GNRC,Praneeth Satish,35
2026-09-18,GS,Jason Goldberg,32.2
2026-09-18,HBAN,Jason Goldberg,25.9
2026-09-18,HSIC,Jason Bednar,22.6
2026-09-18,INTU,Adam Wood,3.9
2026-09-18,INTU,Arjun Bhatia,
2026-09-18,INTU,Arvind Ramnani,-1.1
2026-09-18,INTU,Brad Reback,-1.1
2026-09-18,INTU,Brent Thill,64.9
2026-09-18,INTU,Raimo Lenschow,34.6
2026-09-18,INTU,Tal Liani,18.7
2026-09-18,INTU,Taylor McGinnis,18.7
2026-09-18,IRM,Shlomo Rosenbaum,22.4
2026-09-18,JNJ,Louise Chen,13
2026-09-18,KMI,Praneeth Satish,13.1
2026-09-18,LDOS,Mariana Perez Mora,5.7
2026-09-18,LDOS,Ronald Epstein,5.7
2026-09-18,LEN,John Lovallo,23
2026-09-18,LEN,Ryan Gilbert,-17.6
2026-09-18,LEN,Unknown Analyst,
2026-09-18,LUV,James Goodall,-2.4
2026-09-18,MA,Harshita Rawat,25.6
2026-09-18,MCD,Danilo Gargiulo,18.8
2026-09-18,MCHP,Joseph Moore,40.6
2026-09-18,MCK,Erin Wright,11.7
2026-09-18,MKC,Peter Galbo,33.4
2026-09-18,MKC,Thomas Palmer,27.3
2026-09-18,MLM,Brent Thielman,
2026-09-18,MNST,Dara Mohsenian,23
2026-09-18,MRVL,Joseph Moore,0.7
2026-09-18,MS,Jason Goldberg,29.3
2026-09-18,MTB,Jason Goldberg,17.5
2026-09-18,NEE,David Arcaro,37.9
2026-09-18,NFLX,Steven Cahall,-20.6
2026-09-18,NKE,Alexandra Straton,-12.7
2026-09-18,NRG,David Arcaro,53.4
2026-09-18,NTAP,Erik Woodring,-3.4
2026-09-18,NTRS,Jason Goldberg,6.2
2026-09-18,NUE,Bill Peterson,24
2026-09-18,NUE,Lawson Winder,12.7
2026-09-18,NUE,Richard Garchitorena,18.8
2026-09-18,NUE,Vitaly Kononov,14.7
2026-09-18,ON,William Stein,7.2
2026-09-18,ORCL,Axel Herlinghaus,
2026-09-18,ORCL,Sanjit Singh,42.3
2026-09-18,ORLY,Phillip Blee,
2026-09-18,ORLY,Unknown Analyst,27.5
2026-09-18,PAYX,James Faucette,-6.1
2026-09-18,PCG,David Arcaro,51.5
2026-09-18,PEG,David Arcaro,26.1
2026-09-18,PEP,Peter Galbo,17.1
2026-09-18,PGR,Adam Klauber,
2026-09-18,PGR,Meyer Shields,17.1
2026-09-18,PM,"Matthew Smith, CFA",8.7
2026-09-18,PNW,David Arcaro,-5.5
2026-09-18,PPL,David Arcaro,17
2026-09-18,PSX,Phillip Jungwirth,13.5
2026-09-18,RDDT,Nicholas Jones CFA,19.3
2026-09-18,RDDT,Wyatt Swanson,22.6
2026-09-18,RF,David George,-1.8
2026-09-18,SO,David Arcaro,-0.6
2026-09-18,SOLV,Rick Wise,12.6
2026-09-18,SRE,David Arcaro,23
2026-09-18,STLD,Bill Peterson,15.6
2026-09-18,STLD,Lawson Winder,10.5
2026-09-18,STLD,Richard Garchitorena,15.6
2026-09-18,STT,Jason Goldberg,9.4
2026-09-18,STZ,Dara Mohsenian,32.8
2026-09-18,STZ,Peter Galbo,21.9
2026-09-18,SW,Michael Roxland,28.6
2026-09-18,SYK,William Plovanic,39.9
2026-09-18,T,John Hodulik,21.4
2026-09-18,T,Ryan Gravett,21.4
2026-09-18,T,Sebastiano Petti,29.2
2026-09-18,TRGP,Jason Gabelman,19.8
2026-09-18,TSN,Thomas Palmer,19.4
2026-09-18,TTD,Michael Morris,-6.6
2026-09-18,TTWO,Matthew Cost,36.3
2026-09-18,UAL,James Goodall,38
2026-09-18,UHS,Whit Mayo,16
2026-09-18,USB,Jason Goldberg,24.9
2026-09-18,V,Harshita Rawat,22.2
2026-09-18,VEEV,Craig Hettenbach,5.7
2026-09-18,VMC,Brent Thielman,
2026-09-18,VRSK,Jason Haas CFA,48.2
2026-09-18,VST,David Arcaro,61.4
2026-09-18,WFC,Jason Goldberg,25.4
2026-09-18,WMT,Simeon Gutman,17.1
2026-09-18,XEL,David Arcaro,14.8