date,ticker,analyst,percent
2026-01-28,AMCR,Joseph Michael,8.7
2026-01-28,AMZN,Alexander Haissl,-10.4
2026-01-28,CCI,Ric Prentiss,40.2
2026-01-28,EIX,Paul Zimbardo CFA,-3.6
2026-01-28,FISV,Unknown Analyst,-3.1
2026-01-28,GEHC,Nico Chen,56.4
2026-01-28,GLW,Jim Kelleher,-9.9
2026-01-28,LRCX,Kinngai Chan,
2026-01-28,MA,Fahed Kunwar,20.3
2026-01-28,NOC,Michael Ciarmoli,20
2026-01-28,NOW,Bradley Sills,81.1
2026-01-28,PYPL,Fahed Kunwar,-6.9
2026-01-28,ROP,Brent Thill,28.7
2026-01-28,ROP,Stephen Tusa,2.2
2026-01-28,SYY,Alexander Slagle,14.2
2026-01-28,UNH,Sarah James,16.1
2026-01-28,UPS,Parash Jain,24.7
2026-01-28,V,Fahed Kunwar,3.9
2026-01-28,WEC,Julien Dumoulin Smith,14.9
2026-01-28,WST,Nico Chen,-7.6
2026-01-29,AJG,Tracy Benguigui,20.3
2026-01-29,CHRW,Christopher Kuhn,34.2
2026-01-29,CMCSA,Peter Supino,
2026-01-29,EQT,Doug Leggate,14.7
2026-01-29,GLW,Unknown Analyst,
2026-01-29,GM,Matthias Volkert,14.5
2026-01-29,LHX,Myles Walton,58.8
2026-01-29,LMT,Myles Walton,
2026-01-29,LUV,John Staszak,40.2
2026-01-29,LUV,Michael Linenberg,37.6
2026-01-29,META,Scott Devitt,38.9
2026-01-29,PCG,Steve Fleishman,52.2
2026-01-29,PPG,Aleksey Yefremov,
2026-01-29,PPG,Unknown Analyst,18.5
2026-01-29,ROP,Joe Ritchie,13.3
2026-01-29,T,Bryan Kraft,26.6
2026-01-29,TSLA,Colin Rusch,
2026-01-29,TT,John Eade,
2026-01-29,UPS,Zoe Zhang,29.6
2026-01-29,WM,Stephanie Moore,17.1
2026-01-30,ARE,Jonathan Petersen,11.5
2026-01-30,AVGO,Chris Caso,10.5
2026-01-30,CAT,Greg Badishkanian,-18.1
2026-01-30,DECK,Brooke Roach,13.2
2026-01-30,DECK,Michael Binetti,32.9
2026-01-30,DLTR,Unknown Analyst,
2026-01-30,DOV,Stephen Tusa,27
2026-01-30,DOW,Eric Boyes,10.2
2026-01-30,HON,Peter Arment,18.6
2026-01-30,KLAC,Tammy Qiu,879.8
2026-01-30,KVUE,Keith Devas,1.2
2026-01-30,LMT,Michael Ciarmoli,32.6
2026-01-30,MA,Tien Tsin Huang,15.1
2026-01-30,MA,Trevor Williams,18.6
2026-01-30,MDT,Unknown Analyst,33
2026-01-30,RCL,David Katz,28.4
2026-01-30,REGN,Christopher Raymond,11.3
2026-01-30,RMD,Larry Biegelsen,23.7
2026-01-30,RMD,Mark Wilson CFA,43.9
2026-01-30,SBUX,Eric Gonzalez,
2026-01-30,SHW,Aleksey Yefremov,
2026-01-30,SRE,Sophie Karp,
2026-01-30,TT,Stephen Tusa,4
2026-01-30,V,Paul Golding,10.7
2026-01-30,V,Trevor Williams,10.7
2026-02-01,TER,Warren Lau,5.3
2026-02-02,ADSK,Kash Rangan,
2026-02-02,AJG,Unknown Analyst,16.5
2026-02-02,AMZN,Andrew Boone,22.7
2026-02-02,CHTR,Brandon Nispel,
2026-02-02,CHTR,Mike Ng,26.9
2026-02-02,CHTR,Timothy Horan,
2026-02-02,CVX,Bill Selesky,-5.2
2026-02-02,DIS,Markus Leistner,
2026-02-02,FISV,Kartik Mehta CFA,
2026-02-02,IP,Unknown Analyst,
2026-02-02,KLAC,Unknown Analyst,868.8
2026-02-02,LHX,Kristine Liwag,58.8
2026-02-02,LII,Stephen Tusa,34.7
2026-02-02,MA,Kazuya Nishimura,7.2
2026-02-02,META,Unknown Analyst,23.5
2026-02-02,MSFT,Paul Chew,9
2026-02-02,ON,Pradeep Ramani,-8.1
2026-02-02,RVTY,Tycho Peterson,-15.5
2026-02-02,SNDK,Unknown Analyst,-59.6
2026-02-02,UNH,Bram Kaplan,2.6
2026-02-02,V,Kazuya Nishimura,-0.1
2026-02-02,VZ,Eric Luebchow,-13.1
2026-02-02,WDC,Jim Kelleher,-32.9
2026-02-03,AES,Julien Dumoulin Smith,8.2
2026-02-03,APTV,Unknown Analyst,
2026-02-03,AXP,David George,-13.8
2026-02-03,BR,Patrick O'Shaughnessy,53.2
2026-02-03,CHTR,Unknown Analyst,61.2
2026-02-03,COF,David George,29.6
2026-02-03,DIS,Brandon Nispel,
2026-02-03,DIS,Thomas Yeh,26.7
2026-02-03,GOOG,Lloyd Walmsley,19.2
2026-02-03,IDXX,Mark Massaro,58.5
2026-02-03,LMT,Robert Czerwensky,26.9
2026-02-03,PHM,Buck Horne,22.6
2026-02-03,PYPL,Saul Martinez,-12.5
2026-02-03,RVTY,Brandon Couillard,-11.5
2026-02-03,TTWO,Cory Carpenter,27.6
2026-02-03,TTWO,Jason Bazinet,25.3
2026-02-04,ADM,Salvator Tiano,
2026-02-04,AMCR,Mark Wilson CFA,60.7
2026-02-04,AZO,Michael Lasser,58.3
2026-02-04,BALL,Ghansham Panjabi,25.2
2026-02-04,BALL,Stefan Diaz,10.2
2026-02-04,BKNG,Matthew Condon,
2026-02-04,CF,Mazahir Mammadli,-45.9
2026-02-04,CFG,Unknown Analyst,5
2026-02-04,CMG,Eric Gonzalez,16
2026-02-04,CTSH,Amit Daryanani,66.7
2026-02-04,EFX,Alexander Hess,36.1
2026-02-04,EMR,Brett Linzey,13.7
2026-02-04,EMR,Nicole Deblase,11.7
2026-02-04,HIG,Matthew Heimermann,4.9
2026-02-04,HUBB,Brett Linzey,24.9
2026-02-04,HUBB,Stephen Tusa,15.6
2026-02-04,JKHY,Dan Waggoner,34.1
2026-02-04,KEY,Unknown Analyst,14.5
2026-02-04,MPC,Suvro Sarkar,-48
2026-02-04,NXPI,Harsh Kumar,-4.9
2026-02-04,PRU,Thomas Gallagher,-7.7
2026-02-04,PYPL,Andrew Boone,
2026-02-04,TDG,Michael Ciarmoli,48.8
2026-02-04,TDG,Peter Arment,22.8
2026-02-04,UBER,Andrew Boone,39.5
2026-02-04,VLO,Duladeth Bik,-49.5
2026-02-04,XOM,Phillip Jungwirth,-6.6
2026-02-05,ALGN,Jeff Johnson,44.5
2026-02-05,BG,Pooran Sharma,6.2
2026-02-05,BSX,Lee Hambright,160.6
2026-02-05,CCI,Batya Levi,38.9
2026-02-05,CCI,Maher Yaghi,24.3
2026-02-05,COST,Peter Benedict,21.6
2026-02-05,CTVA,Aleksey Yefremov,
2026-02-05,CVNA,Robert Mollins,529
2026-02-05,DOC,Marie Ferguson,
2026-02-05,FOXA,John Hodulik,18.3
2026-02-05,FOXA,Thomas Yeh,16.8
2026-02-05,FTNT,Madeline Brooks,-23.1
2026-02-05,FTV,Robert Mason CFA,18.9
2026-02-05,GEHC,Patrick Wood,33
2026-02-05,IQV,David Larsen,
2026-02-05,JKHY,Charles Nabhan,27.2
2026-02-05,JKHY,David Koning,27.2
2026-02-05,LHX,John Godyn,70.2
2026-02-05,ODFL,Richa Harnain,14
2026-02-05,ORCL,Patrick Walravens,89.6
2026-02-05,PSX,Duladeth Bik,-57.6
2026-02-05,QCOM,Harsh Kumar,9.9
2026-02-05,RCL,Ivan Feinseth,63.4
2026-02-05,RDDT,Michael Morris,61.6
2026-02-05,YUM,Brian Bittner,
2026-02-06,AMGN,Unknown Analyst,6
2026-02-06,BIIB,William Pickering,-7.4
2026-02-06,BXP,Upal Rana,
2026-02-06,CAT,Unknown Analyst,-2.3
2026-02-06,FTNT,Daniel Ives,-42.3
2026-02-06,GEN,Madeline Brooks,9.1
2026-02-06,GWW,Patrick Baumann,-9
2026-02-06,IQV,Dan Leonard,-8.3
2026-02-06,IQV,David Windley,-2.6
2026-02-06,JCI,Stephen Tusa,8.2
2026-02-06,MGM,Shaun Kelley,0.3
2026-02-06,ORLY,Christopher Horvers,25.8
2026-02-06,ORLY,Tristan M. Thomas-Martin,28.2
2026-02-06,QCOM,Unknown Analyst,-1.1
2026-02-06,ROK,Noah Kaye,-75.5
2026-02-06,YUM,Eric Gonzalez,
2026-02-09,ADBE,Ben Reitzes,7
2026-02-09,ALGN,Sidharth Sahoo,32.6
2026-02-09,ARES,Unknown Analyst,19.3
2026-02-09,CI,Kevin Caliendo,33.6
2026-02-09,EMR,Tommy Moll,1.8
2026-02-09,HOOD,Steven Chubak,11
2026-02-09,IDXX,David Westenberg,48.6
2026-02-09,LNT,William Appicelli,14.5
2026-02-09,MDLZ,Brian Holland,
2026-02-09,MSCI,Bill Selesky,
2026-02-09,ORCL,Ben Reitzes,6.5
2026-02-09,PLTR,Shigemichi Yoshizu,7.6
2026-02-09,PNR,Stephen Tusa,117.4
2026-02-09,QCOM,Fang Boon Foo,9.9
2026-02-09,RDDT,Ronald Josey,55.3
2026-02-09,SWK,Chris Graja,
2026-02-09,VTR,Marie Ferguson,-2.2
2026-02-09,WEC,Shelby Tucker,18.7
2026-02-09,XEL,Shelby Tucker,23.2
2026-02-09,XYZ,Trevor Williams,-5.3
2026-02-10,BDX,Larry Biegelsen,-11.7
2026-02-10,BDX,Unknown Analyst,6.8
2026-02-10,BDX,Unknown Analyst,-1.6
2026-02-10,BKNG,Robert Mollins,24.8
2026-02-10,DDOG,Jake Roberge,
2026-02-10,EL,Jeremy Fialko,9.1
2026-02-10,IBM,Sachin Mittal,50
2026-02-10,ON,David Williams,
2026-02-10,ON,Harsh Kumar,-1.5
2026-02-10,REG,Wes Golladay,12.6
2026-02-10,SBUX,Alison Fok,-40.2
2026-02-10,TER,Amanda Tan,-13.1
2026-02-10,UDR,John Kim,16.7
2026-02-10,VST,Julien Dumoulin Smith,36.8
2026-02-10,WAT,Tycho Peterson,15.1
2026-02-10,WST,David Windley,-14.8
2026-02-11,CVS,Unknown Analyst,
2026-02-11,DD,Laurence Alexander,-53.5
2026-02-11,DDOG,Unknown Analyst,-9.6
2026-02-11,DGX,Patrick B Donnelly,-8.5
2026-02-11,EW,Larry Biegelsen,18.5
2026-02-11,FISV,Charles Nabhan,35.7
2026-02-11,GILD,Brian Skorney,0.9
2026-02-11,HOOD,David Smith CFA,6.6
2026-02-11,MAR,Unknown Analyst,1.6
2026-02-11,MDLZ,Matthew Abraham,5.7
2026-02-11,MRNA,Mani Foroohar,-91.7
2026-02-11,TRMB,Nay Soe Naing,61.3
2026-02-11,TTD,Joe Wittine,
2026-02-11,YUM,Gregory Francfort,27.8
2026-02-12,AMAT,Kinngai Chan,
2026-02-12,AMCR,Anthony Pettinari,27.6
2026-02-12,BAX,Matthew Taylor,-20.2
2026-02-12,CRWD,Stephen Bersey,115.7
2026-02-12,ECL,Michael Harrison CFA,23.1
2026-02-12,EW,Danielle Antalffy,6.7
2026-02-12,GOOG,Joseph Parkhill,3.7
2026-02-12,HII,Ronald Epstein,43
2026-02-12,HLT,Unknown Analyst,-3.7
2026-02-12,ODFL,Kristina Ruggeri,22.4
2026-02-12,PFE,Narumi Nakagiri,-2.6
2026-02-12,TRMB,Unknown Analyst,37
2026-02-12,TSLA,Ivan Feinseth,50.5
2026-02-12,VRT,Nicole Deblase,9.3
2026-02-13,AEP,Steve Fleishman,15.1
2026-02-13,AMAT,Jed Dorsheimer,
2026-02-13,AMAT,Leon Chen,-6.9
2026-02-13,ANET,Mike Ng,-5.8
2026-02-13,CHD,Edward Lewis,-3.3
2026-02-13,CLX,Edward Lewis,33.3
2026-02-13,CRM,Patrick Walravens,27.2
2026-02-13,DUK,Shelby Tucker,19.7
2026-02-13,DXCM,Suraj Kalia,
2026-02-13,EXPE,Lee Horowitz,-13.1
2026-02-13,FCX,Alexandra Yates,
2026-02-13,GLW,Stephen Bersey,-18.9
2026-02-13,HBAN,Steven Alexopoulos,36.4
2026-02-13,KIM,Wes Golladay,7.8
2026-02-13,KMB,Unknown Analyst,44.7
2026-02-13,MRK,James Shin,4.2
2026-02-13,ON,Richard Edwards,-22.5
2026-02-13,PCG,Unknown Analyst,52.2
2026-02-13,PG,Unknown Analyst,8.1
2026-02-13,TTWO,Andy Yu CFA,26.7
2026-02-13,TYL,Trevor J. Walsh,48.5
2026-02-13,WST,Dan Leonard,-1.8
2026-02-13,WST,Justin Bowers,-9
2026-02-15,DUK,Pei Hwa Ho,13
2026-02-16,GOOG,Markus Leistner,
2026-02-16,HLT,Unknown Analyst,9.4
2026-02-16,IFF,Edlain Rodriguez,10
2026-02-17,APA,Michael Scialla,-46.3
2026-02-17,CVX,James West,-4.2
2026-02-17,DG,Unknown Analyst,-10.9
2026-02-17,DLTR,Sam Hudson,39.6
2026-02-17,HWM,Noah Poponak,11.9
2026-02-17,MRSH,Gregory Peters,27.2
2026-02-17,NFLX,Hamilton Faber,55
2026-02-17,PANW,Madeline Brooks,-27.4
2026-02-17,WBD,Hamilton Faber,10.6
2026-02-17,WMT,Sam Hudson,40
2026-02-18,CDNS,Unknown Analyst,31.3
2026-02-18,DTE,Ryan Levine,26.7
2026-02-18,DTE,Sophie Karp,
2026-02-18,EQT,Cameron Bean,16.5
2026-02-18,EXE,Cameron Bean,58.2
2026-02-18,GPN,Tien Tsin Huang,1.9
2026-02-18,KVUE,Javier Escalante,1.2
2026-02-18,MDLZ,Christopher Carey,12.1
2026-02-18,PODD,Brandon Vazquez,
2026-02-18,PPG,Eric Boyes,21.3
2026-02-18,TMUS,Jonathan Kees,31.6
2026-02-18,VZ,Jonathan Kees,14.6
2026-02-18,WDAY,Patrick Walravens,
2026-02-19,ADI,David Williams,5.6
2026-02-19,BKNG,Meredith Prichard Jensen,77.7
2026-02-19,BKNG,Shyam Patil,14.7
2026-02-19,CVNA,Scott Devitt,514.5
2026-02-19,ES,Shelby Tucker,12.4
2026-02-19,ETN,Joe O'Dea,-13
2026-02-19,FE,Anthony Crowdell,10.6
2026-02-19,GOOGL,Ivan Feinseth,32.9
2026-02-19,OMC,Thomas Yeh,3.8
2026-02-19,PODD,Matthew Taylor,203.1
2026-02-19,SO,William Appicelli,11.3
2026-02-19,WMT,Joe Thomas,22.3
2026-02-20,AEE,William Appicelli,21.1
2026-02-20,AES,David Arcaro,55.5
2026-02-20,AES,Lilyanna Yang,8.2
2026-02-20,AKAM,Mark Murphy,-32.6
2026-02-20,CNP,Ryan Levine,20.2
2026-02-20,CRH,Brent Thielman,35.5
2026-02-20,DASH,Andrew Boone,23.8
2026-02-20,EBAY,Scott Devitt,-7.2
2026-02-20,EBAY,Unknown Analyst,-11.8
2026-02-20,ED,Andrew Weisel,9.9
2026-02-20,EIX,Shelby Tucker,48.2
2026-02-20,EXC,Joseph Parkhill,18.2
2026-02-20,INVH,Aaron Hecht,27.1
2026-02-20,INVH,Austin Wurschmidt,23.5
2026-02-20,MCO,Unknown Analyst,
2026-02-20,PPL,Unknown Analyst,
2026-02-20,PWR,Gus Richard,-19.3
2026-02-20,SNPS,Frank Lee CFA,14.5
2026-02-20,SO,Andrew Weisel,18.2
2026-02-20,STT,Emily Ericksen,-22.4
2026-02-22,SW,Reinhardt van der Walt,43.5
2026-02-23,CAT,Unknown Analyst,7.3
2026-02-23,CHD,Rupesh Parikh,22.1
2026-02-23,ED,Ryan Levine,22.1
2026-02-23,ETR,Unknown Analyst,
2026-02-23,EXE,Sam Margolin,29.7
2026-02-23,FISV,Hal Goetsch,33.8
2026-02-23,GPN,Ramsey El Assal,-0.3
2026-02-23,GRMN,Ronald Epstein,-34.6
2026-02-23,KHC,John Baumgartner,1.6
2026-02-23,NVDA,Stefan Chang,14.5
2026-02-23,PCAR,Unknown Analyst,16.5
2026-02-23,PPL,Ryan Levine,11.5
2026-02-23,PPL,William Appicelli,20.3
2026-02-23,PYPL,Madison Suhr,
2026-02-24,AWK,Unknown Analyst,12.6
2026-02-24,CMCSA,Sam McHugh,7.1
2026-02-24,DPZ,Gregory Francfort,41.2
2026-02-24,ED,Shelby Tucker,5.2
2026-02-24,FIS,James Friedman,44.2
2026-02-24,FIS,Unknown Analyst,
2026-02-24,HSIC,Michael Cherny,-1.5
2026-02-24,PYPL,Unknown Analyst,
2026-02-24,QCOM,Gary Mobley,1.7
2026-02-24,WDAY,Mark Marcon,2.3
2026-02-25,ABBV,Nico Chen,-10.5
2026-02-25,AFL,Elyse Greenspan,2.4
2026-02-25,CRL,Dan Leonard,-37.1
2026-02-25,CRWD,Todd Weller CFA,124.9
2026-02-25,EOG,Unknown Analyst,-5.7
2026-02-25,FIS,Tien Tsin Huang,57.3
2026-02-25,GDDY,Stephen Ju,7.1
2026-02-25,HAS,Xian Siew,28.9
2026-02-25,HSIC,Unknown Analyst,-1.5
2026-02-25,LOW,Robert Ohmes,42.3
2026-02-25,TTD,Rob Sanderson,74.3
2026-02-25,WDAY,Bradley Sills,42.7
2026-02-25,WDAY,Jake Roberge,
2026-02-26,AJG,Cave Montazeri,16.5
2026-02-26,CRM,Unknown Analyst,-19.3
2026-02-26,FSLR,Unknown Analyst,22
2026-02-26,LHX,Michael Ciarmoli,56.4
2026-02-26,LHX,Peter Arment,71.1
2026-02-26,LHX,Ronald Epstein,
2026-02-26,MCO,Faiza Alwy,18.7
2026-02-26,NDAQ,Unknown Analyst,10.8
2026-02-26,PM,Taylor Conrad,9.9
2026-02-26,PNW,Anthony Crowdell,7.2
2026-02-26,PNW,Ryan Levine,13.4
2026-02-26,PSKY,Bryan Kraft,13.2
2026-02-26,PSKY,Thomas Yeh,3.8
2026-02-26,RSG,Unknown Analyst,-1.2
2026-02-26,SWK,Brett Linzey,23.3
2026-02-26,TJX,Krisztina Katai,44.4
2026-02-26,TKO,Benjamin Swinburne,13
2026-02-26,TTD,Daniel Salmon,18.5
2026-02-26,WBD,Ric Prentiss,
2026-02-27,ADSK,Alexei Gogolev,58.2
2026-02-27,ADSK,Steven Koenig,46
2026-02-27,ADSK,Will Jellison,53
2026-02-27,AEP,William Appicelli,7
2026-02-27,AES,Angie Storozynski,
2026-02-27,HST,Chris Woronka,21.4
2026-02-27,LYV,Ed Vyvyan,13.4
2026-02-27,MAA,Unknown Analyst,
2026-02-27,NFLX,Andrew Beale,
2026-02-27,O,Richard Anderson,14.3
2026-02-27,PEG,Andrew Weisel,27.1
2026-02-27,Q,Aleksey Yefremov,
2026-02-27,SBAC,Batya Levi,38
2026-02-27,SJM,Brian Holland,
2026-02-27,WBD,Andrew Beale,11.4
2026-02-27,WBD,Bryan Kraft,10.6
2026-02-27,WBD,Matthew Harrigan,
2026-03-01,NDSN,Walter Liptak,3.3
2026-03-02,ADSK,Bhavin Shah,55.4
2026-03-02,APP,David Mak,5
2026-03-02,D,Andrew Weisel,4.1
2026-03-02,EME,Sangita Jain,
2026-03-02,ESS,Unknown Analyst,3
2026-03-02,NSC,Stephanie Moore,9.3
2026-03-02,PYPL,Unknown Analyst,2.4
2026-03-02,REG,Ki Bin Kim,12.6
2026-03-02,XYZ,Saul Martinez,-2.8
2026-03-03,AES,Anthony Crowdell,1.4
2026-03-03,AVGO,Frank Lee CFA,24.3
2026-03-03,AZO,John Heinbockel,53
2026-03-03,CME,Kevin Heal,
2026-03-03,EOG,Bill Selesky,
2026-03-03,GE,Unknown Analyst,
2026-03-03,GEHC,David Toung,48.6
2026-03-03,MAA,Michael Gorman,20.2
2026-03-03,OTIS,Lewis Merrick,57.7
2026-03-03,PANW,Adam Shepherd,-44
2026-03-03,PEG,William Appicelli,40.9
2026-03-03,REG,Michael Mueller,11.2
2026-03-03,SHW,Unknown Analyst,23.7
2026-03-04,AZO,Greg Melich,42.5
2026-03-04,COO,Issie Kirby,57.7
2026-03-04,CRWD,Brad Zelnick,112.8
2026-03-04,CRWD,Steven Koenig,93.5
2026-03-04,DHI,Unknown Analyst,12.4
2026-03-04,DOW,Aleksey Yefremov,30.9
2026-03-04,LYB,Aleksey Yefremov,14.6
2026-03-04,MU,Warren Lau,-33.4
2026-03-04,NKE,Alison Fok,92.9
2026-03-04,NVDA,Bhavtosh Vajpayee,37.4
2026-03-04,NVR,Unknown Analyst,25
2026-03-04,PHM,Unknown Analyst,43.8
2026-03-04,TDY,Christopher Snyder,12.6
2026-03-04,TKO,Peter Supino,
2026-03-04,VEEV,Bradley Sills,15.9
2026-03-05,AEP,Nicholas Amicucci,24.1
2026-03-05,AES,Nicholas Amicucci,1.4
2026-03-05,AFL,Jimmy Bhullar,
2026-03-05,APA,Subash Chandra,-10.6
2026-03-05,AVGO,Jim Kelleher,17.4
2026-03-05,DAL,James Goodall,-12.4
2026-03-05,DASH,Lloyd Walmsley,26.3
2026-03-05,EBAY,Kevin Wang,-15.5
2026-03-05,EXE,Subash Chandra,30.8
2026-03-05,EXPE,Lloyd Walmsley,-12.8
2026-03-05,FANG,Subash Chandra,-4.9
2026-03-05,GL,Jimmy Bhullar,5.7
2026-03-05,HIG,Jimmy Bhullar,
2026-03-05,INCY,Unknown Analyst,-9.4
2026-03-05,KMI,Gabe Moreen,19.9
2026-03-05,LII,Unknown Analyst,63.9
2026-03-05,LUV,James Goodall,-10.8
2026-03-05,MRSH,Jimmy Bhullar,27.7
2026-03-05,NFLX,Ken Leon,48.6
2026-03-05,PEG,Nicholas Amicucci,32.6
2026-03-05,PFG,Jimmy Bhullar,-11.3
2026-03-05,PLD,Craig Mailman,6.8
2026-03-05,PRU,Jimmy Bhullar,
2026-03-05,SO,Nicholas Amicucci,27.3
2026-03-05,SYK,Unknown Analyst,68.7
2026-03-05,TTD,Douglas Arthur,178.9
2026-03-05,UAL,James Goodall,0.2
2026-03-05,VEEV,Unknown Analyst,23.5
2026-03-06,INTU,Kartik Mehta CFA,78.8
2026-03-06,MRVL,Leon Chen,-53.4
2026-03-06,SO,Shelby Tucker,28.5
2026-03-06,SRE,William Appicelli,20
2026-03-06,UNP,Unknown Analyst,9.4
2026-03-06,WBD,Robert Fishman,
2026-03-08,FTV,Scott Graham,
2026-03-09,DOW,Frank Mitsch,30.9
2026-03-09,DOW,Kevin McCarthy,27.5
2026-03-09,DPZ,John Staszak,
2026-03-09,GEV,Simon Toyne,14.9
2026-03-09,LYB,Frank Mitsch,16.2
2026-03-09,LYB,Kevin McCarthy,17.8
2026-03-09,SBUX,Greg Badishkanian,
2026-03-09,WBD,Steven Cahall,10.6
2026-03-09,WMB,Unknown Analyst,0.2
2026-03-10,AMGN,Akash Tewari,-7.2
2026-03-10,AVY,John Dunigan,9.2
2026-03-10,AZO,Brian Nagel,49.5
2026-03-10,COIN,Unknown Analyst,
2026-03-10,CRM,Unknown Analyst,21.1
2026-03-10,DOW,Laurence Alexander,34.3
2026-03-10,INTU,Omar Sheikh,117.7
2026-03-10,L,Unknown Analyst,83.8
2026-03-10,LOW,Unknown Analyst,
2026-03-10,LYB,Laurence Alexander,9.9
2026-03-10,NOW,Omar Sheikh,62.2
2026-03-10,ORCL,Robert Oliver,43.1
2026-03-10,T,Andrew Beale,7.4
2026-03-10,WDAY,Omar Sheikh,13.1
2026-03-11,BG,Salvator Tiano,6.2
2026-03-11,D,Jeremy Tonet,-0.6
2026-03-11,FISV,Ivan Feinseth,84.2
2026-03-11,REGN,Akash Tewari,13.9
2026-03-11,VRTX,Joon Lee,1.9
2026-03-12,ADBE,Bradley Sills,82.4
2026-03-12,AEP,Jeremy Tonet,12.7
2026-03-12,APA,Mark Lear,-17.3
2026-03-12,DVN,Mark Lear,33.4
2026-03-12,EQIX,Unknown Analyst,
2026-03-12,FANG,Mark Lear,21
2026-03-12,HWM,Michael Ciarmoli,21.9
2026-03-12,OXY,Mark Lear,7.4
2026-03-12,RSG,Adam Bubes,14.5
2026-03-12,WY,Unknown Analyst,
2026-03-13,ADBE,Brad Zelnick,22.9
2026-03-13,EBAY,Lee Horowitz,
2026-03-13,FDS,Unknown Analyst,5.9
2026-03-13,INTC,James Hooper,-65
2026-03-13,MA,Ivan Feinseth,29.1
2026-03-13,PEG,Paul Fremont,16.7
2026-03-13,RSG,Brad Hewitt,33.3
2026-03-13,TSN,Unknown Analyst,
2026-03-13,ULTA,Unknown Analyst,
2026-03-13,VMC,Unknown Analyst,34.5
2026-03-13,WM,Brad Hewitt,
2026-03-15,INCY,Faisal Khurshid,-22.6
2026-03-16,ADBE,Joseph Bonner,
2026-03-16,AON,Roman Schweizer,37.4
2026-03-16,BF.B,Peter Grom,-4.7
2026-03-16,ETN,Stephen Volkmann,1.1
2026-03-16,ICE,Unknown Analyst,30.9
2026-03-16,INTU,Stefan Slowinski,44
2026-03-16,NOW,Stefan Slowinski,5.6
2026-03-16,NVDA,Ben Reitzes,74.1
2026-03-16,NVDA,Jay Goldberg,
2026-03-16,TTD,Rocco Strauss,74.3
2026-03-17,APD,Bill Selesky,8.4
2026-03-17,BSX,Danielle Antalffy,144.3
2026-03-17,COR,David Toung,24.4
2026-03-17,HBAN,Dan Waggoner,18.6
2026-03-17,ISRG,Danielle Antalffy,49
2026-03-17,JNJ,Danielle Antalffy,5.4
2026-03-17,LEN,Buck Horne,
2026-03-17,NFLX,Joseph Bonner,55
2026-03-17,O,Unknown Analyst,
2026-03-17,SYK,Danielle Antalffy,37.9
2026-03-17,T,John Hodulik,19
2026-03-17,TMUS,Michael Rollins,23.4
2026-03-18,AJG,Unknown Analyst,61.5
2026-03-18,CMG,Jake Bartlett,
2026-03-18,EXR,John Paul,11.9
2026-03-18,EXR,Unknown Analyst,11.9
2026-03-18,ISRG,Nico Chen,30
2026-03-18,KO,James Edwardes Jones,-1.5
2026-03-18,MDT,Nico Chen,-1.1
2026-03-18,META,Ivan Feinseth,45.8
2026-03-18,MU,Kinngai Chan,
2026-03-18,SYK,Nico Chen,63.3
2026-03-18,XYZ,Fahed Kunwar,-30.6
2026-03-19,ACN,Arun Viswanathan,37.6
2026-03-19,AFL,Wilma Burdis,3.2
2026-03-19,BALL,Rishi Jaluria,18.5
2026-03-19,DRI,Christine Cho,14.3
2026-03-19,DTE,William Appicelli,26
2026-03-19,GIS,John Baumgartner,8.8
2026-03-19,KIM,Cooper Clark,7.8
2026-03-19,MA,Alexandre Faure,5.4
2026-03-19,OTIS,Stephen Tusa,
2026-03-19,WSM,Peter Benedict,-0.5
2026-03-19,WSM,Unknown Analyst,-11.6
2026-03-20,ACN,Jim Kelleher,82.2
2026-03-20,ACN,Phani Kanumuri,19.6
2026-03-20,AEE,Marie Ferguson,9.6
2026-03-20,BDX,David Toung,1.2
2026-03-20,CCI,Unknown Analyst,34.9
2026-03-20,CVX,Kim Fustier,0.4
2026-03-20,DRI,Jeff Bernstein,10.5
2026-03-20,ECL,Chris Parkinson,
2026-03-20,EQT,Mark Lear,1.7
2026-03-20,FDX,Parash Jain,15.4
2026-03-20,OMC,Joseph Barnet-Lamb,44.3
2026-03-20,OXY,Samantha Hoh,10.6
2026-03-20,PSX,Paul Cheng,-46
2026-03-20,VTRS,Unknown Analyst,3
2026-03-22,LMT,Richard Safran,44.2
2026-03-23,BA,Adrien Rabier,41.6
2026-03-23,DRI,Nick Setyan,12
2026-03-23,FDX,Richa Harnain,53.5
2026-03-23,MSFT,Ben Reitzes,-19.3
2026-03-23,PCG,Julien Dumoulin Smith,37.7
2026-03-23,PTC,Siti Panigrahi,22.3
2026-03-24,ADM,Unknown Analyst,
2026-03-24,ARES,Michael Brown,12.4
2026-03-24,BX,Michael Brown,6.6
2026-03-24,COO,Matt Miksic,91.1
2026-03-24,CVS,Michael Cherny,3.5
2026-03-24,DE,Unknown Analyst,
2026-03-24,ES,Paul Zimbardo CFA,-16.8
2026-03-24,PGR,Andrew Andersen,-1.2
2026-03-24,REG,Nicholas Yulico,9.9
2026-03-24,RTX,Hans Engel,
2026-03-24,SOLV,Unknown Analyst,-31.4
2026-03-24,VRT,Wesley Brooks,26.4
2026-03-25,AMZN,Ivan Feinseth,22.7
2026-03-25,DG,Unknown Analyst,36.5
2026-03-25,EXC,Ryan Levine,34.4
2026-03-25,FANG,Unknown Analyst,
2026-03-25,GM,Emmanuel Rosner,12.1
2026-03-25,MDLZ,Bingqing Zhu,-11.9
2026-03-25,NRG,Ryan Levine,58.6
2026-03-25,PH,Raj Ray,14.7
2026-03-25,T,Unknown Analyst,
2026-03-25,WRB,Robert Farnam,4.4
2026-03-25,WRB,Unknown Analyst,4.4
2026-03-25,YUM,Unknown Analyst,4.4
2026-03-26,A,Jack Meehan,-1.3
2026-03-26,AES,John Eade,
2026-03-26,CTVA,Unknown Analyst,-7
2026-03-26,GNRC,Andrea James,18.7
2026-03-26,GNRC,Dimple Gosai,32.6
2026-03-26,GOOG,Brian Nowak,-1.6
2026-03-26,GPN,Madison Suhr,
2026-03-26,PAYX,Mark Marcon,7.9
2026-03-26,RVTY,Jack Meehan,-27.6
2026-03-26,TSN,John Baumgartner,35.9
2026-03-26,UBER,Brian Nowak,39.5
2026-03-26,WAB,Oliver Holmes,0.6
2026-03-27,ADP,Unknown Analyst,-18
2026-03-27,AME,Raj Ray,4.6
2026-03-27,BSX,Jayson Bedford,104.7
2026-03-27,CCL,Benjamin Chaiken,71.4
2026-03-27,CCL,Meredith Prichard Jensen,32.3
2026-03-27,DOV,Raj Ray,25.4
2026-03-27,ECL,Andres Castanos-Mollor,16.2
2026-03-27,EMR,Raj Ray,-1.4
2026-03-27,ES,William Appicelli,8
2026-03-27,ETN,Raj Ray,0.6
2026-03-27,FRT,Linda Tsai,4.1
2026-03-27,GOOG,Laura Martin,19.2
2026-03-27,HON,Michael Goldie,34.9
2026-03-27,IEX,Raj Ray,-4.6
2026-03-27,NKE,Amit Daryanani,87.5
2026-03-29,MRK,Carter Gould,-16.6
2026-03-30,ADI,Alexi de Unger,2.7
2026-03-30,AME,Richard Eastman,-2.8
2026-03-30,AMT,Unknown Analyst,15.3
2026-03-30,ANET,Unknown Analyst,-19.3
2026-03-30,CCI,Unknown Analyst,19
2026-03-30,CMG,Stephen J McManus,2.2
2026-03-30,CRWD,Alex Zukin,117.7
2026-03-30,CRWD,Joshua Tilton,117.7
2026-03-30,CSCO,Unknown Analyst,-16.2
2026-03-30,CTVA,Alexandra Yates,8.5
2026-03-30,CVS,Courtney Breen,-0.7
2026-03-30,DELL,Unknown Analyst,-70
2026-03-30,DLR,Anthony Hau,9.8
2026-03-30,EQIX,Anthony Hau,8.6
2026-03-30,FISV,Dominick Gabriele,20.2
2026-03-30,FISV,Unknown Analyst,20.2
2026-03-30,FITB,Scott Siefers,-1.3
2026-03-30,GPN,Hal Goetsch,119.7
2026-03-30,HCA,Courtney Breen,26.7
2026-03-30,HPE,Unknown Analyst,-50.1
2026-03-30,JKHY,Dominick Gabriele,22.3
2026-03-30,JKHY,Unknown Analyst,22.3
2026-03-30,JPM,Scott Siefers,-8.8
2026-03-30,KEYS,Richard Eastman,-8.5
2026-03-30,KEYS,Unknown Analyst,-8.5
2026-03-30,LYV,Unknown Analyst,11.7
2026-03-30,MA,Dominick Gabriele,10.9
2026-03-30,MA,Unknown Analyst,10.9
2026-03-30,MRK,Steve Scala,-4.8
2026-03-30,MTB,Unknown Analyst,-14.5
2026-03-30,PYPL,Unknown Analyst,-14.4
2026-03-30,RF,Scott Siefers,-7.1
2026-03-30,ROK,Richard Eastman,-4.3
2026-03-30,SBAC,Unknown Analyst,4.1
2026-03-30,SBUX,Stephen J McManus,-14.9
2026-03-30,TER,Richard Eastman,-12.6
2026-03-30,TFC,Mike Mayo,9.1
2026-03-30,TKO,Matthew Condon,26.1
2026-03-30,TRMB,Quinn Fredrickson,47.4
2026-03-30,TRMB,Richard Eastman,47.4
2026-03-30,V,Dominick Gabriele,4.5
2026-03-30,V,Unknown Analyst,4.5
2026-03-30,XYZ,Dominick Gabriele,-5.3
2026-03-30,XYZ,Unknown Analyst,-5.3
2026-03-31,APH,Stephen Volkmann,72.8
2026-03-31,AVY,Hillary Cacanando,18.1
2026-03-31,BAC,Saul Martinez,-12.3
2026-03-31,C,Saul Martinez,-6.4
2026-03-31,CCL,Chris Woronka,40.7
2026-03-31,EMR,Stephen Volkmann,15
2026-03-31,GE,Jairam Nathan,-7
2026-03-31,GOOG,Mark Shmulik,2.8
2026-03-31,LIN,Martin Roediger,5.1
2026-03-31,META,Stacy Rasgon,38.9
2026-03-31,MTB,Scott Siefers,-2
2026-03-31,NUE,Unknown Analyst,-19.1
2026-03-31,PCAR,Lewis Merrick,2.7
2026-03-31,PNC,Saul Martinez,-4.2
2026-03-31,QCOM,Melissa Fairbanks,
2026-03-31,ROK,Stephen Volkmann,14.4
2026-03-31,TEL,Alex Dwyer,17.9
2026-03-31,TFC,Saul Martinez,9.1
2026-03-31,USB,Saul Martinez,0.3
2026-03-31,VICI,Jay Kornreich,36.9
2026-03-31,WAB,Stephen Volkmann,2.4
2026-03-31,WAB,Unknown Analyst,2.4
2026-03-31,WFC,Saul Martinez,4.1
2026-03-31,WTW,Andrew Andersen,
2026-04-01,ABT,Unknown Analyst,
2026-04-01,BMY,Unknown Analyst,
2026-04-01,BSX,Hans Engel,
2026-04-01,CRWD,Unknown Analyst,141.8
2026-04-01,CSCO,Hans Engel,
2026-04-01,DG,Unknown Analyst,16.4
2026-04-01,EOG,Mark Lear,-0.2
2026-04-01,EW,Michael Polark,9
2026-04-01,FANG,Unknown Analyst,9.8
2026-04-01,FCX,Unknown Analyst,-13.6
2026-04-01,GOOG,Justin Patterson,10.3
2026-04-01,HIG,Wood Lay,9.3
2026-04-01,IBM,Hans Engel,
2026-04-01,INTC,Unknown Analyst,
2026-04-01,LII,Joe O'Dea,31.1
2026-04-01,LRCX,Stephan Lingnau,
2026-04-01,MA,David Togut,-3.4
2026-04-01,MDT,Matt Miksic,31.9
2026-04-01,MSFT,Unknown Analyst,-9.2
2026-04-01,NOW,Unknown Analyst,
2026-04-01,O,Omotayo Okusanya,17.6
2026-04-01,ORCL,Hans Engel,
2026-04-01,PANW,Unknown Analyst,-39.5
2026-04-01,PLTR,Unknown Analyst,
2026-04-01,PLTR,Yi Fu Lee,
2026-04-01,QCOM,Unknown Analyst,
2026-04-02,ALL,Andrew Kligerman,
2026-04-02,COP,Alastair Syme,9.2
2026-04-02,CVX,Alastair Syme,9.8
2026-04-02,DDOG,Unknown Analyst,4
2026-04-02,EXE,Paul Diamond CFA,31.8
2026-04-02,GL,John Barnidge,-2.4
2026-04-02,GOOG,Ken Gawrelski,7.6
2026-04-02,KIM,Unknown Analyst,
2026-04-02,LLY,Steve Scala,12
2026-04-02,MLM,Rohit Seth,37.3
2026-04-02,RTX,Scott Mikus,22.4
2026-04-02,UDR,Austin Wurschmidt,19.6
2026-04-02,UDR,Unknown Analyst,19.6
2026-04-02,WEC,Ross Fowler,10.1
2026-04-03,CCL,Matthew Boss,89
2026-04-05,SBAC,Jonathan Petersen,-1.9
2026-04-06,ADM,Dushyant Ailani,-11.2
2026-04-06,CME,Unknown Analyst,-0.2
2026-04-06,DHI,Kenneth Zener,
2026-04-06,FDX,Kristina Ruggeri,28.2
2026-04-06,LEN,Kenneth Zener,-7
2026-04-06,MCD,Brian Bittner,40.6
2026-04-06,MDT,David Toung,26.4
2026-04-06,NVR,Kenneth Zener,-8.1
2026-04-06,PCAR,Sherif El-Sabbahy,-1.3
2026-04-06,PHM,Kenneth Zener,-15.4
2026-04-06,PRU,Unknown Analyst,
2026-04-06,PSX,Doug Leggate,-26
2026-04-06,RJF,Daniel Fannon,-16.4
2026-04-06,SHW,Laurence Alexander,11.3
2026-04-06,SOLV,Mark Strouse,
2026-04-06,TMO,Patrick B Donnelly,12.3
2026-04-06,TSLA,Ben Kallo,47.2
2026-04-06,WRB,Kelly Motta,-5.6
2026-04-07,AVGO,Dan Waggoner,3.6
2026-04-07,BKNG,Amanda Tan,12.1
2026-04-07,EFX,Rayna Kumar,46.7
2026-04-07,EQT,Jeoffrey Lambujon,31.3
2026-04-07,EXE,Phillip Jungwirth,26.5
2026-04-07,FITB,Ryan Nash,0.5
2026-04-07,IQV,Patrick B Donnelly,-23.6
2026-04-07,IR,Joe Ritchie,31.6
2026-04-07,JBHT,Scott Group,-9.8
2026-04-07,ODFL,Scott Group,2.9
2026-04-07,PH,Joe Ritchie,9.4
2026-04-07,TROW,Unknown Analyst,-24.7
2026-04-07,WAT,Patrick B Donnelly,4.1
2026-04-07,XEL,Julien Dumoulin Smith,31.1
2026-04-08,ABNB,Ivan Feinseth,8.7
2026-04-08,APP,Aaron Lee,119.2
2026-04-08,AVGO,Jay Goldberg,
2026-04-08,BKNG,Ivan Feinseth,49.5
2026-04-08,CME,Kyle Voigt,10.7
2026-04-08,COP,Ryan Todd,14.3
2026-04-08,HOOD,Kyle Voigt,-33.4
2026-04-08,IBKR,Unknown Analyst,-17.9
2026-04-08,ICE,Kyle Voigt,20.7
2026-04-08,NDAQ,Kyle Voigt,0.9
2026-04-08,PCG,William Appicelli,66.7
2026-04-08,PSX,Ryan Todd,-31.8
2026-04-08,REGN,William Pickering,17.9
2026-04-08,SCHW,Kyle Voigt,2.6
2026-04-08,T,Sam McHugh,7.4
2026-04-08,TMUS,Craig Moffett,39.3
2026-04-08,UPS,Stephanie Moore,34.6
2026-04-08,VLO,Ryan Todd,-32.6
2026-04-09,ABT,Unknown Analyst,18.7
2026-04-09,CVX,Jeoffrey Lambujon,5.1
2026-04-09,DELL,George Notter,
2026-04-09,FDX,Jonathan Chappell,25
2026-04-09,KHC,Max Gumport,-26.8
2026-04-09,MET,Thomas Gallagher,-1.2
2026-04-09,MPC,Ryan Todd,-42.4
2026-04-09,PSX,Phillip Jungwirth,-24.8
2026-04-09,SJM,Max Gumport,3.2
2026-04-09,TRMB,Jason Celino,63
2026-04-09,XOM,Lloyd Byrne,10.9
2026-04-09,XOM,Ryan Todd,9.6
2026-04-10,BDX,David Roman,-6.1
2026-04-10,D,Julien Dumoulin Smith,1
2026-04-10,EXE,Mark Lear,45.5
2026-04-10,MSFT,Stefan Slowinski,12.2
2026-04-10,NI,Marie Ferguson,25.6
2026-04-10,ORCL,Ari Terjanian,
2026-04-10,RSG,Tami Zakaria,10
2026-04-10,SO,Ryan Levine,30.8
2026-04-10,TSCO,Jeff Lick,60.6
2026-04-10,WM,Tami Zakaria,26.5
2026-04-12,CEG,Unknown Analyst,15.9
2026-04-12,DAL,Daniel Mckenzie,
2026-04-12,DTE,Julien Dumoulin Smith,28.2
2026-04-12,INTC,Jay Goldberg,-36.9
2026-04-12,LUV,Daniel Mckenzie,
2026-04-12,NRG,Angie Storozynski,
2026-04-12,UAL,Daniel Mckenzie,
2026-04-13,ALB,Colin Rusch,88.9
2026-04-13,CI,Joanna Gajuk,34.6
2026-04-13,CRL,Charles Weston,-22.7
2026-04-13,CTSH,Kevin Mcveigh,6.7
2026-04-13,FLEX,Unknown Analyst,-33.5
2026-04-13,GOOGL,Trevor Young,6.4
2026-04-13,GS,Stephen Biggar,3.6
2026-04-13,J,Jerry Revich,-3.4
2026-04-13,LEN,Mark Lipacis,3
2026-04-13,MDLZ,Stephen Powers,-11.9
2026-04-13,MPC,Zach Parham,-40.6
2026-04-13,NKE,Akshay Gupta,30.4
2026-04-13,NKE,Erwan Rambourg,30.4
2026-04-13,O,Jana Galan,17.6
2026-04-13,PLD,Unknown Analyst,25.2
2026-04-13,PNW,Gary Hovis,10.3
2026-04-13,PNW,Marie Ferguson,10.3
2026-04-13,PPL,Paul Zimbardo CFA,40.8
2026-04-13,PPL,Unknown Analyst,40.8
2026-04-13,RMD,Unknown Analyst,16.8
2026-04-13,ROL,Anthony Chukumba,61.2
2026-04-13,RTX,Adrien Rabier,
2026-04-13,SBUX,Andy Barish,-6.8
2026-04-13,SW,Andrew Jones CFA,29.6
2026-04-13,SYK,Mike Kratky,48.8
2026-04-13,WELL,Andy Barish,59.2
2026-04-14,BBY,Greg Melich,-28.4
2026-04-14,C,Jia Hui NG,15.3
2026-04-14,CARR,Andrew Buscaglia,7.9
2026-04-14,DHR,Unknown Analyst,14.9
2026-04-14,EQT,Unknown Analyst,20.2
2026-04-14,GIS,Robert Dickerson,
2026-04-14,GIS,Unknown Analyst,
2026-04-14,HSY,Unknown Analyst,21.6
2026-04-14,INTC,Christopher Stathoulopoulos,-36.9
2026-04-14,JCI,Andrew Buscaglia,-17.8
2026-04-14,JNJ,Lee Hambright,
2026-04-14,JPM,Jia Hui NG,-13
2026-04-14,KHC,Robert Dickerson,
2026-04-14,KHC,Unknown Analyst,
2026-04-14,LII,Andrew Buscaglia,46.2
2026-04-14,META,Madison Rezaei,38.9
2026-04-14,MKC,Unknown Analyst,
2026-04-14,REG,Haendel St. Juste,9.9
2026-04-14,RVTY,Unknown Analyst,-23.6
2026-04-14,TKO,Nicholas Herman,
2026-04-14,TT,Andrew Buscaglia,24.3
2026-04-14,VRT,Andrew Buscaglia,34.2
2026-04-14,YUM,Brian Mullan,12.2
2026-04-15,AEP,Unknown Analyst,15.1
2026-04-15,BXP,Unknown Analyst,31.4
2026-04-15,D,Ross Fowler,1
2026-04-15,DASH,Michael Morton,36.7
2026-04-15,ED,Unknown Analyst,-3.3
2026-04-15,GPC,Christopher Horvers,-6.5
2026-04-15,JPM,Unknown Analyst,
2026-04-15,KMB,Filippo Falorni,-8.3
2026-04-15,MS,Brandon Berman,2.6
2026-04-15,NEE,Anthony Crowdell,15.4
2026-04-15,NEE,Carly Davenport,19.1
2026-04-15,NTAP,Unknown Analyst,-36.3
2026-04-15,PCG,Unknown Analyst,66.7
2026-04-15,RMD,Chris Cooper,
2026-04-15,RMD,Unknown Analyst,
2026-04-15,SBUX,Ivan Feinseth,23.6
2026-04-15,STZ,Christian Junquera,25.8
2026-04-15,UPS,Unknown Analyst,26.6
2026-04-15,V,Unknown Analyst,11.2
2026-04-15,WEC,Unknown Analyst,2.5
2026-04-15,WFC,John Pancari,5.2
2026-04-15,WFC,Scott Siefers,4.1
2026-04-15,WMT,Clement Xu,30.7
2026-04-15,XEL,Unknown Analyst,20.5
2026-04-16,BAC,Scott Siefers,-5.9
2026-04-16,CNP,Julien Dumoulin Smith,25.3
2026-04-16,CRM,Mark Murphy,29.2
2026-04-16,EFX,Unknown Analyst,31.4
2026-04-16,FICO,Unknown Analyst,43.7
2026-04-16,NEM,Shane Nagle,2.5
2026-04-16,NOW,Brad Zelnick,1.9
2026-04-16,PCG,Shelby Tucker,73.9
2026-04-16,WFC,Eric Shih,-2.5
2026-04-16,WYNN,Joseph Stauff,44.8
2026-04-17,AAPL,David O'Connor,
2026-04-17,ABT,Bruce Jackson,17.7
2026-04-17,ABT,Rick Wise,17.7
2026-04-17,ABT,Suraj Kalia,12.8
2026-04-17,APD,Sebastian Bray,20.1
2026-04-17,APD,Unknown Analyst,20.1
2026-04-17,BNY,David Konrad,-7.8
2026-04-17,CVX,Lucas Herrmann,
2026-04-17,DAL,Duane Pfennigwerth,6.4
2026-04-17,DHR,Ed Ridley-Day,2.4
2026-04-17,EXC,Anthony Crowdell,11.2
2026-04-17,EXC,Nicholas Campanella,13.5
2026-04-17,JBHT,Kristina Ruggeri,5.4
2026-04-17,LIN,Michael Harrison CFA,23.3
2026-04-17,LNT,Michaela Jamison,17.5
2026-04-17,MRK,Natalya Davies,24.4
2026-04-17,NCLH,Ivan Feinseth,115.9
2026-04-17,NEM,Unknown Analyst,18.3
2026-04-17,PLD,Michael Goldsmith,18.6
2026-04-17,PLD,Steve Sakwa,-0.6
2026-04-17,TFC,David Chiaverini,-10.7
2026-04-17,TMO,Natalya Davies,1.7
2026-04-17,TMUS,Unknown Analyst,48.1
2026-04-17,TRV,Kevin Heal,-12
2026-04-17,XOM,Lucas Herrmann,-0.6
2026-04-19,LHX,Richard Safran,
2026-04-19,TXN,Unknown Analyst,-18.1
2026-04-20,AAPL,Angelo Zino,-6.7
2026-04-20,ABBV,Unknown Analyst,1.9
2026-04-20,ABT,Anthony Petrone,12.8
2026-04-20,ABT,Matt Miksic,40.3
2026-04-20,ACGL,Jimmy Bhullar,14.5
2026-04-20,AEE,Unknown Analyst,20.1
2026-04-20,AEP,Angie Storozynski,17.6
2026-04-20,AEP,Unknown Analyst,20
2026-04-20,AIG,Jimmy Bhullar,14.2
2026-04-20,ATO,Unknown Analyst,19.5
2026-04-20,AWK,Unknown Analyst,-0.5
2026-04-20,CB,Jimmy Bhullar,0.5
2026-04-20,CCI,John Kim,32.2
2026-04-20,CMS,Unknown Analyst,28.1
2026-04-20,CNC,David Windley,-41.3
2026-04-20,CNP,Unknown Analyst,22.7
2026-04-20,D,Unknown Analyst,4.1
2026-04-20,DGX,Elizabeth Anderson CFA,-10.6
2026-04-20,DTE,Unknown Analyst,24.5
2026-04-20,DUK,Unknown Analyst,18.9
2026-04-20,EIX,Angie Storozynski,
2026-04-20,EIX,Unknown Analyst,46.4
2026-04-20,EOG,Unknown Analyst,-8.4
2026-04-20,ES,Angie Storozynski,
2026-04-20,ETR,Angie Storozynski,
2026-04-20,ETR,Unknown Analyst,23.4
2026-04-20,EXC,Julien Dumoulin Smith,15.8
2026-04-20,EXC,Unknown Analyst,15.8
2026-04-20,FIX,Austin Wang,18.3
2026-04-20,INTC,Felix Pan,-31
2026-04-20,INTC,Jerome Ramel,-41.7
2026-04-20,JPM,Paul Johnson,1.9
2026-04-20,MDLZ,Unknown Analyst,0.9
2026-04-20,PANW,Unknown Analyst,-35
2026-04-20,PCG,Unknown Analyst,66.7
2026-04-20,PEG,Unknown Analyst,25.7
2026-04-20,PLD,Todd Thomas,
2026-04-20,PNW,Unknown Analyst,12.4
2026-04-20,PYPL,Mihir Bhatia,2.4
2026-04-20,RF,Kevin Heal,2.9
2026-04-20,SBAC,Unknown Analyst,17.5
2026-04-20,SO,Angie Storozynski,
2026-04-20,SO,Unknown Analyst,18.2
2026-04-20,SRE,Unknown Analyst,29.6
2026-04-20,UNH,David Windley,-1.6
2026-04-20,VMC,Unknown Analyst,
2026-04-20,WEC,Paul Cole,17.7
2026-04-20,WEC,Unknown Analyst,17.7
2026-04-20,XEL,Unknown Analyst,25.8
2026-04-21,ABT,Narumi Nakagiri,-9.8
2026-04-21,AMGN,Unknown Analyst,-3
2026-04-21,ARES,Unknown Analyst,-13.4
2026-04-21,AVY,Matt Roberts,13.4
2026-04-21,CL,Edward Lewis,15.2
2026-04-21,CL,Kaumil Gajrawala,1.4
2026-04-21,CMG,Brian Vaccaro,13.3
2026-04-21,COHR,Papa Talla Sylla,37.5
2026-04-21,FE,Julien Dumoulin Smith,12.7
2026-04-21,FISV,Unknown Analyst,26
2026-04-21,GPC,"Mark Jordan, CFA",1
2026-04-21,GPN,Unknown Analyst,-13.9
2026-04-21,HAL,James West,
2026-04-21,HAL,Kevin Simpson,31.1
2026-04-21,INVH,Michael Gorman,
2026-04-21,KKR,Glenn Schorr,17.7
2026-04-21,MCD,Unknown Analyst,
2026-04-21,META,Nicolas Cote Colisson,39.7
2026-04-21,NEE,Shahriar Pourreza,20.3
2026-04-21,NI,Julien Dumoulin Smith,32.8
2026-04-21,NKE,Thomas Maul,
2026-04-21,PCG,Ryan Levine,52.2
2026-04-21,PLD,Nicholas Joseph,21.5
2026-04-21,PYPL,Unknown Analyst,-3.2
2026-04-21,SBUX,Unknown Analyst,6.3
2026-04-21,STLD,Chris LaFemina,-8.3
2026-04-21,TEL,Christopher Glynn,34.5
2026-04-21,UAL,Duane Pfennigwerth,
2026-04-21,V,Unknown Analyst,-1.5
2026-04-21,VLO,Doug Leggate,-48
2026-04-21,XOM,Doug Leggate,
2026-04-21,XYZ,Unknown Analyst,-6.6
2026-04-22,ALB,Mazahir Mammadli,60
2026-04-22,ARES,Brian McKenna,44.3
2026-04-22,CB,Tracy Benguigui,10.3
2026-04-22,CCI,James Schneider,25.6
2026-04-22,CSX,Scott Group,2.1
2026-04-22,DHI,Michael Rehaut,-7.9
2026-04-22,DHI,Tyler Batory,
2026-04-22,DHR,Catherine Ramsey Schulte,22.4
2026-04-22,DTE,Paul Cole,22.2
2026-04-22,EQT,Kalei Akamine,36.9
2026-04-22,EVRG,James Thalacker,7.8
2026-04-22,GL,Jack Matten,-13.5
2026-04-22,HAL,Arun Jayaram,17.2
2026-04-22,ISRG,Unknown Analyst,39.5
2026-04-22,KDP,Kevin Grundy,-10.8
2026-04-22,LULU,Angus Kelleher-Ferguson,62.7
2026-04-22,MA,Unknown Analyst,6.3
2026-04-22,MCO,Scott Wurtzel,12.6
2026-04-22,MSCI,Faiza Alwy,31.4
2026-04-22,NOW,Adam Tindle,-1.9
2026-04-22,NOW,Alex Zukin,-5.7
2026-04-22,NVR,Trevor Allinson,
2026-04-22,ODFL,Stephanie Moore,27.9
2026-04-22,OTIS,Nigel Coe,50.5
2026-04-22,OTIS,Patrick Baumann,27.4
2026-04-22,PLD,Michael Mueller,15.7
2026-04-22,PM,Christine Dooley,
2026-04-22,SBUX,Unknown Analyst,-1.8
2026-04-22,SCHW,David Konrad,2.6
2026-04-22,STLD,Alexander Hacking,6.3
2026-04-22,T,Mike Ng,34.3
2026-04-22,TSCO,Bradley Thomas,
2026-04-22,TSLA,Ryan Brinkman,
2026-04-22,UNH,John Ransom,-2.4
2026-04-22,WAB,Scott Group,7
2026-04-23,AXP,Hoang Nguyen,1.6
2026-04-23,AXP,Stephen Biggar,20.1
2026-04-23,BSX,Christopher Pasquale,97.8
2026-04-23,CHTR,Matthew Harrigan,198.4
2026-04-23,CMCSA,Mike Ng,15.1
2026-04-23,CSX,Stephanie Moore,6.2
2026-04-23,DDOG,Unknown Analyst,-23.1
2026-04-23,DECK,Rick Patel,63.7
2026-04-23,ED,Ross Fowler,0.5
2026-04-23,FCX,Chris LaFemina,5.5
2026-04-23,GEV,Ben Kallo,46.2
2026-04-23,GEV,Charles Minervino,35.8
2026-04-23,HBAN,Karl Shepard,18.6
2026-04-23,HBAN,Scott Siefers,6.8
2026-04-23,HON,Gautam Khanna,127.3
2026-04-23,HSY,Megan Alexander,31
2026-04-23,INTC,Sean O'Loughlin,-27.1
2026-04-23,ISRG,Matt Miksic,76.4
2026-04-23,JNJ,Josh Jennings,-5.9
2026-04-23,KHC,Megan Alexander,-10.6
2026-04-23,KMI,Brandon Bingham,3.7
2026-04-23,LRCX,Aaron Rakers,7.3
2026-04-23,LVS,Unknown Analyst,63.4
2026-04-23,MCD,Chris Luyckx,21.2
2026-04-23,NOW,Joseph Bonner,1.1
2026-04-23,NOW,Patrick Walravens,18.5
2026-04-23,NVR,Michael Rehaut,9.7
2026-04-23,ORCL,Keith Weiss,37.7
2026-04-23,OTIS,Julian Mitchell,11.4
2026-04-23,SNA,Sherif El-Sabbahy,-12.1
2026-04-23,T,Eric Luebchow,7.4
2026-04-23,TEL,Stephen Bersey,10.4
2026-04-23,TSLA,Bill Selesky,
2026-04-23,TSLA,Daniel Ives,64.2
2026-04-23,TXN,Chris Caso,17.2
2026-04-23,UAL,Tabitha Foo,0.2
2026-04-23,VRT,Unknown Analyst,28.4
2026-04-23,WRB,Michael Zaremski,-2.7
2026-04-23,WST,Vijay Kumar,
2026-04-23,WY,Hamir Patel,26.9
2026-04-24,AMP,Thomas Gallagher,5.6
2026-04-24,AXP,Gustavo Gala,-7.6
2026-04-24,BX,Glenn Schorr,12.8
2026-04-24,CCI,Unknown Analyst,
2026-04-24,CMCSA,Kutgun Maral,42.9
2026-04-24,CNP,Anthony Crowdell,15.1
2026-04-24,DLR,Mike Ng,14
2026-04-24,DLR,Unknown Analyst,23.6
2026-04-24,DLR,Unknown Analyst,20.4
2026-04-24,DOV,Amit Mehrotra,42.8
2026-04-24,DOV,Brett Linzey,42.8
2026-04-24,DOV,Julian Mitchell,21.7
2026-04-24,DOV,Nicole Deblase,21.1
2026-04-24,EW,David Rescott,3.1
2026-04-24,EW,Matt Miksic,30.4
2026-04-24,GEV,John Staszak,35.8
2026-04-24,GL,Thomas Gallagher,-8.3
2026-04-24,HON,Joe O'Dea,127.3
2026-04-24,IBM,Ingo Wermann,21.3
2026-04-24,INTC,Mark Lipacis,7.8
2026-04-24,INTC,Unknown Analyst,
2026-04-24,LRCX,Jim Kelleher,0.6
2026-04-24,LUV,Achal Kumar,-8
2026-04-24,LUV,Duane Pfennigwerth,12.1
2026-04-24,MAS,Chris Graja,34.3
2026-04-24,NEM,Ralph M. Profiti,38
2026-04-24,NOW,Steven Koenig,-17.8
2026-04-24,PODD,Issie Kirby,66.7
2026-04-24,ROP,Julian Mitchell,-4
2026-04-24,SLB,Kenneth Herbert,8.8
2026-04-24,TMO,Catherine Ramsey Schulte,4.8
2026-04-24,TSCO,Unknown Analyst,51.5
2026-04-24,TSLA,Garrett Nelson,4
2026-04-24,TSLA,Unknown Analyst,4
2026-04-24,UNP,Stephanie Moore,14.3
2026-04-24,UPS,Harrison Bauer,15.7
2026-04-24,VRSN,Robert Oliver,21.3
2026-04-24,VRT,Patrick Baumann,36.2
2026-04-24,VRT,Stephen Tusa,36.2
2026-04-24,WST,Patrick B Donnelly,15.5
2026-04-25,INTC,Suji Desilva,-2.9
2026-04-26,HIG,Ryan Krueger,9.3
2026-04-27,APA,Kalei Akamine,-32.9
2026-04-27,ATO,Ross Fowler,26.2
2026-04-27,BA,Jason Sum,33
2026-04-27,BKR,Stephen Richardson,28.7
2026-04-27,BLDR,Trey Grooms,65.6
2026-04-27,CEG,James Weston,37.7
2026-04-27,CNP,Nicholas Campanella,12.5
2026-04-27,COP,Kalei Akamine,-10.4
2026-04-27,DLR,Gregory P Miller,32.6
2026-04-27,DOV,Joe Ritchie,18.5
2026-04-27,DOW,David Begleiter,37.8
2026-04-27,DVN,Kalei Akamine,13.5
2026-04-27,EOG,Kalei Akamine,-5.7
2026-04-27,ETN,Brett Linzey,14
2026-04-27,EXE,Kalei Akamine,26.5
2026-04-27,FANG,Kalei Akamine,1.5
2026-04-27,FTNT,Ellie Bagshaw,-33.4
2026-04-27,GEV,Moses Sutton,24.3
2026-04-27,HBAN,Ryan Nash,18.6
2026-04-27,HCA,Raj Kumar CFA,24.1
2026-04-27,HCA,Unknown Analyst,24.1
2026-04-27,HIG,Brian Meredith,13.7
2026-04-27,KR,Hans Engel,
2026-04-27,MS,Hans Engel,
2026-04-27,NFLX,Hans Engel,
2026-04-27,NRG,James Weston,85.1
2026-04-27,PFE,Umer Raffat,
2026-04-27,PFG,Thomas Gallagher,-7
2026-04-27,PG,Andy Sim,15
2026-04-27,RDDT,Joseph Barker,-30.3
2026-04-27,RDDT,Unknown Analyst,-30.3
2026-04-27,ROL,Oliver Davies CFA,90
2026-04-27,RTX,Stephan Lingnau,
2026-04-27,RTX,Unknown Analyst,16.3
2026-04-27,SPGI,Unknown Analyst,30.3
2026-04-27,STX,Unknown Analyst,-15.7
2026-04-27,TGT,Mavis Hui,-6.9
2026-04-27,VST,James Weston,40.2
2026-04-27,VZ,Mike Ng,8.7
2026-04-27,WDC,Matt Bryson,18.5
2026-04-27,WRB,John Staszak,
2026-04-27,XYZ,Gustavo Gala,32.6
2026-04-28,AMD,Ross Seymore,-51.6
2026-04-28,BRO,John Staszak,
2026-04-28,CAH,Max Smock,
2026-04-28,COF,Wood Lay,39.2
2026-04-28,CPAY,James Faucette,-4.5
2026-04-28,DOV,Patrick Baumann,32.2
2026-04-28,DOV,Walter Liptak,40.2
2026-04-28,DPZ,Christine Cho,38
2026-04-28,DPZ,Jeff Bernstein,1.1
2026-04-28,DPZ,Nick Setyan,34.8
2026-04-28,DPZ,Todd Brooks,38
2026-04-28,EIX,Ryan Levine,53.6
2026-04-28,GEV,Julian Mitchell,30.6
2026-04-28,GOOG,Benjamin Black CFA,16.3
2026-04-28,INTC,Egor Tolmachev,-2.9
2026-04-28,INTC,Unknown Analyst,-2.9
2026-04-28,INVH,Rob Simone,8.9
2026-04-28,INVH,Unknown Analyst,8.9
2026-04-28,KMB,Andy Sim,13.1
2026-04-28,KMI,Bill Selesky,
2026-04-28,MU,Dan Waggoner,2.5
2026-04-28,NXPI,Blayne Curtis,26.8
2026-04-28,ODFL,Daniel Moore CFA,27.4
2026-04-28,PG,Jim Kelleher,
2026-04-28,PHM,Michael Rehaut,9.9
2026-04-28,SBUX,Gregory Francfort,-1.8
2026-04-28,T,Vince Valentini,22.8
2026-04-28,TER,Brian Chin,2.7
2026-04-28,VZ,Timothy Horan,10.7
2026-04-29,ACGL,David Motemaden,4.1
2026-04-29,ADP,Jacob Smith CFA,0.6
2026-04-29,ALLE,Alexander Virgo,14.1
2026-04-29,ALLE,Julian Mitchell,5
2026-04-29,AMT,Ric Prentiss,34.9
2026-04-29,AMT,Richard Choe,34.9
2026-04-29,AMZN,Jed Kelly,24.6
2026-04-29,AMZN,Sergio Segura,28.5
2026-04-29,AMZN,Shweta Khajuria,24.6
2026-04-29,CHTR,Unknown Analyst,
2026-04-29,CMG,Chris O`Cull,24.3
2026-04-29,CNC,Michael Wiederhorn,-12.7
2026-04-29,CNC,Scott Fidel,-39.8
2026-04-29,DHI,Chris Graja,34.2
2026-04-29,ECL,Eric Boyes,13
2026-04-29,ESS,John Kim,2.6
2026-04-29,EXE,Michael Scialla,70.8
2026-04-29,FFIV,Ryan Koontz,
2026-04-29,FFIV,Unknown Analyst,
2026-04-29,FICO,Jeffrey Meuler,57.2
2026-04-29,FICO,Patrick O'Shaughnessy,77.6
2026-04-29,FICO,Ryan Griffin CFA,72.5
2026-04-29,FIX,Julio Romero,21.2
2026-04-29,GLW,Unknown Analyst,-10.5
2026-04-29,GLW,Unknown Analyst,20.2
2026-04-29,GM,Alexander Potter,19.1
2026-04-29,GM,Dmitriy Pozdnyakov,-11.2
2026-04-29,GNRC,Jeffrey Rossetti,52.4
2026-04-29,GOOG,Jed Kelly,26.7
2026-04-29,GOOGL,Rob Sanderson,4.9
2026-04-29,HLT,John Staszak,24.1
2026-04-29,HLT,Unknown Analyst,24.1
2026-04-29,HOOD,Ed Engel,-4.9
2026-04-29,MCO,Jim Kelleher,15.8
2026-04-29,MCO,Unknown Analyst,15.8
2026-04-29,MDLZ,Unknown Analyst,12.1
2026-04-29,META,Jed Kelly,-4
2026-04-29,NEM,Hugo Nicolaci,-1.3
2026-04-29,NXPI,Chris Caso,35.2
2026-04-29,NXPI,Melissa Fairbanks,26.8
2026-04-29,NXPI,Ross Seymore,33.1
2026-04-29,PNR,Julian Mitchell,62.6
2026-04-29,QCOM,Rick Schafer,-14.3
2026-04-29,SBUX,Brian Bittner,
2026-04-29,SBUX,Brian Mullan,11.4
2026-04-29,SBUX,Christopher Carril,
2026-04-29,SBUX,Jeff Bernstein,17.5
2026-04-29,SBUX,Unknown Analyst,13.4
2026-04-29,SYY,Jeff Bernstein,3.4
2026-04-29,TMUS,Eric Luebchow,28.9
2026-04-29,TMUS,Nilesh Bhaiya,22.9
2026-04-29,TMUS,Nilesh Bhaiya,22.9
2026-04-29,TMUS,Timothy Horan,42.6
2026-04-29,TPR,Mark Altschwager,39.3
2026-04-29,TTWO,Martin Yang,23
2026-04-29,UHS,John Ransom,
2026-04-29,UPS,Richa Harnain,5.7
2026-04-29,UPS,Unknown Analyst,14.7
2026-04-29,V,John Davis,5
2026-04-29,WDAY,"Robert Simmons, CFA",
2026-04-30,AAPL,Unknown Analyst,-0.7
2026-04-30,ACGL,Matthew Heimermann,27.5
2026-04-30,ACGL,Unknown Analyst,14.5
2026-04-30,ACGL,Unknown Analyst,27.5
2026-04-30,ADP,Bryan Bergin,-19.5
2026-04-30,AFL,Thomas Gallagher,-5.4
2026-04-30,ALGN,Steven Valiquette,45.9
2026-04-30,AMT,Marie Ferguson,18.1
2026-04-30,AMT,Unknown Analyst,18.1
2026-04-30,AMZN,Barton Crockett,29.3
2026-04-30,AMZN,Maria Ripps,28.5
2026-04-30,AMZN,Mark Kelley,24.2
2026-04-30,AMZN,Michael Graham,28.5
2026-04-30,AMZN,Shyam Patil,26.6
2026-04-30,AMZN,Simeon Siegel,24.6
2026-04-30,APD,Hassan Ahmed,18.4
2026-04-30,APH,Luke Junk,110.9
2026-04-30,APH,Samik Chatterjee,138.3
2026-04-30,BF.B,Robert Moskow,-4.7
2026-04-30,BKR,Unknown Analyst,33.8
2026-04-30,CARR,Alexander Virgo,47.9
2026-04-30,CI,Sarah James,21.1
2026-04-30,CI,Unknown Analyst,21.1
2026-04-30,CMCSA,Walter Piecyk,
2026-04-30,CMG,Jeff Bernstein,5
2026-04-30,CRH,Prieto Luis,57.9
2026-04-30,CSGP,Faiza Alwy,44.5
2026-04-30,CVNA,Lee Horowitz,55.3
2026-04-30,EBAY,Eric Sheridan,-7.2
2026-04-30,EME,Brian Brophy,17.6
2026-04-30,EQIX,Frank Louthan,20.5
2026-04-30,EQIX,Gregory P Miller,30.1
2026-04-30,EQIX,Mike Ng,-2.2
2026-04-30,EQIX,Timothy Horan,15.6
2026-04-30,ETR,William Appicelli,28.2
2026-04-30,EXE,Tim Rezvan,
2026-04-30,EXE,Zach Parham,38.1
2026-04-30,F,Chris McNally,0.2
2026-04-30,FE,Unknown Analyst,19.2
2026-04-30,GEHC,David Roman,
2026-04-30,GEHC,Matt Miksic,22
2026-04-30,GM,Ryan Brinkman,14.5
2026-04-30,GOOGL,Dan Waggoner,10.8
2026-04-30,GOOGL,Shyam Patil,35.9
2026-04-30,HIG,Gregory Peters,10
2026-04-30,HON,Kristina Ruggeri,186.6
2026-04-30,HOOD,Unknown Analyst,-20
2026-04-30,HSY,Robert Dickerson,
2026-04-30,HUM,Kevin Caliendo,-36.1
2026-04-30,INCY,Unknown Analyst,-5.3
2026-04-30,INTC,Ivan Feinseth,14.6
2026-04-30,IR,Julian Mitchell,30.3
2026-04-30,ITW,Joe Ritchie,-5.3
2026-04-30,KIM,Juan C. Sanabria,16.4
2026-04-30,KLAC,Jim Kelleher,7.9
2026-04-30,KLAC,Vedvati Shrotre,2.4
2026-04-30,LH,Andrew Brackmann,
2026-04-30,LII,Jeffrey Sprague,63.9
2026-04-30,LII,Julian Mitchell,63.1
2026-04-30,MA,James Friedman,16.8
2026-04-30,MA,Jim Kelleher,
2026-04-30,META,Mark Kelley,20.4
2026-04-30,MGM,Unknown Analyst,
2026-04-30,MGM,Unknown Analyst,12.8
2026-04-30,MSFT,Bram Kaplan,11
2026-04-30,MSFT,Unknown Analyst,25.1
2026-04-30,MSFT,William Power,0.9
2026-04-30,MSFT,Yanni Samoilis,0.9
2026-04-30,MSFT,Yi Fu Lee,5.9
2026-04-30,NXPI,Unknown Analyst,39.5
2026-04-30,OKE,James Weston,-4.8
2026-04-30,OMC,Christine Dooley,
2026-04-30,OMC,David Karnovsky,45.6
2026-04-30,OMC,Grace Song,5
2026-04-30,PPG,Jeffrey Zekauskas,18.5
2026-04-30,PSX,Betty Zhang,-41.8
2026-04-30,PSX,Zach Parham,-22.1
2026-04-30,QCOM,Jay Goldberg,-45
2026-04-30,QCOM,Kinngai Chan,
2026-04-30,QCOM,Ross Seymore,-12.1
2026-04-30,REGN,Matthew Biegler,10.7
2026-04-30,SWK,Julian Mitchell,6.5
2026-04-30,SWK,Timothy Wojs,-5.9
2026-04-30,T,Walter Piecyk,
2026-04-30,TER,Atif Malik,5.3
2026-04-30,TER,Samik Chatterjee,5.3
2026-04-30,TMO,Bill Selesky,-8.2
2026-04-30,TMO,David Toung,-8.2
2026-04-30,TMO,Unknown Analyst,-8.2
2026-04-30,TMUS,Walter Piecyk,
2026-04-30,TXN,Jim Kelleher,19.1
2026-04-30,V,Stephen Biggar,6.9
2026-04-30,V,Unknown Analyst,6.9
2026-04-30,VMC,Michael Feniger,
2026-04-30,VMC,Trey Grooms,34.5
2026-04-30,VRSK,Jeffrey Silber,22
2026-04-30,VST,Jeremy Tonet,55.7
2026-04-30,WM,David Manthey,24.1
2026-04-30,WM,Noah Kaye,23.7
2026-04-30,YUM,Dennis Geiger,27.8
2026-04-30,YUM,Jeff Bernstein,31.3
2026-04-30,YUM,Unknown Analyst,31.3
2026-05-01,ALL,Andrew Andersen,-1.5
2026-05-01,AMGN,Umer Raffat,
2026-05-01,AMGN,Unknown Analyst,
2026-05-01,AMGN,Unknown Analyst,-20.5
2026-05-01,AOS,Michael Halloran,22
2026-05-01,BIIB,Ilya Zubkov,12.8
2026-05-01,BLDR,Sam Darkatsh,65.6
2026-05-01,CAH,Eric Coldwell,5.7
2026-05-01,CARR,Brett Linzey,30.5
2026-05-01,CARR,Jeffrey Hammond,
2026-05-01,CARR,Julian Mitchell,37.5
2026-05-01,CARR,Timothy Wojs,30.5
2026-05-01,CIEN,Mike Harrison,19
2026-05-01,CL,Bonnie Herzog,15.2
2026-05-01,COHR,Mike Harrison,49
2026-05-01,COP,Betty Zhang,-9
2026-05-01,CPT,Barry Oxford,16.5
2026-05-01,CPT,John Kim,11.6
2026-05-01,DDOG,Unknown Analyst,-32.2
2026-05-01,DXCM,Brandon Vazquez,-28.9
2026-05-01,EBAY,John Blackledge,-18.3
2026-05-01,EBAY,Shyam Patil,2.1
2026-05-01,GD,Kristina Ruggeri,11
2026-05-01,GDDY,Trevor Young,20.3
2026-05-01,HUBB,Alexander Virgo,27.1
2026-05-01,ITW,Andrew Obin,11.9
2026-05-01,LHX,Gautam Khanna,50.7
2026-05-01,LHX,Unknown Analyst,
2026-05-01,LIN,John Roberts CFA,23.3
2026-05-01,LITE,Dave Kang,11.8
2026-05-01,LITE,Mike Harrison,37
2026-05-01,MA,Dan Dolev,
2026-05-01,MA,Paul Golding,16.8
2026-05-01,MPWR,Melissa Fairbanks,45.8
2026-05-01,MPWR,Ross Seymore,49.9
2026-05-01,NOW,Unknown Analyst,-5.7
2026-05-01,PH,Philip Walsh,15.8
2026-05-01,PLTR,Stephen Bersey,-9.7
2026-05-01,PWR,Brian Brophy,20.5
2026-05-01,PWR,Liam Burke,9.9
2026-05-01,PWR,Nicholas Amicucci,23
2026-05-01,RCL,Chris Woronka,13.8
2026-05-01,RCL,Unknown Analyst,34.5
2026-05-01,RDDT,Andrew Boone,52.1
2026-05-01,RDDT,Ken Gawrelski,11.6
2026-05-01,RMD,Unknown Analyst,4
2026-05-01,SNDK,Melissa Fairbanks,-10
2026-05-01,SO,Alex Kania,
2026-05-01,SO,James Weston,19.3
2026-05-01,SW,Unknown Analyst,34.2
2026-05-01,SWK,Michael Rehaut,-16
2026-05-01,SYK,Caitlin Roberts,45.2
2026-05-01,SYK,David Roman,31
2026-05-01,SYK,Jeff Johnson,39.7
2026-05-01,SYK,Lee Hambright,48.8
2026-05-01,SYK,Matt Miksic,43
2026-05-01,SYK,Pito Chickering,14.3
2026-05-01,SYK,Rick Wise,30.6
2026-05-01,SYK,William Plovanic,45.2
2026-05-01,TT,Brett Linzey,7.3
2026-05-01,TT,Joe Ritchie,20.2
2026-05-01,TT,Julian Mitchell,32.2
2026-05-01,TT,Timothy Wojs,16.4
2026-05-01,TTWO,Mike Hickey,39.2
2026-05-01,VICI,Barry Jonas,53
2026-05-01,VLO,Betty Zhang,-42.1
2026-05-01,VLO,Stephen Richardson,-36
2026-05-01,WMB,Gabe Moreen,12.6
2026-05-01,WTW,David Motemaden,14.1
2026-05-01,XEL,William Appicelli,20.5
2026-05-03,CL,Andy Sim,9.4
2026-05-03,GD,Noah Poponak,-12.1
2026-05-03,GDDY,Brent Thill,
2026-05-03,IP,Mark Weintraub,13.5
2026-05-03,LHX,Noah Poponak,64.9
2026-05-03,TDY,Greg Konrad,28.4
2026-05-03,TXT,Sheila Kahyaoglu,42
2026-05-04,ADP,John Eade,-10.5
2026-05-04,AIG,Matthew Heimermann,16.8
2026-05-04,AIG,Robert Cox CFA,19.5
2026-05-04,AMAT,Unknown Analyst,9.5
2026-05-04,AMD,Frank Lee CFA,-34.1
2026-05-04,AMZN,Unknown Analyst,
2026-05-04,BAX,Matt Miksic,13.4
2026-05-04,BLK,Edmond Fok,15.8
2026-05-04,CAT,John Eade,20.9
2026-05-04,CAT,Kristina Ruggeri,20.9
2026-05-04,CHD,Javier Escalante,11.5
2026-05-04,CI,Charles Rhyee,20.4
2026-05-04,CINF,Unknown Analyst,
2026-05-04,COP,Suvro Sarkar,6.3
2026-05-04,CRH,Unknown Analyst,52.5
2026-05-04,CSGP,Brett Huff,37.9
2026-05-04,CSGP,Surinder Thind,80.6
2026-05-04,CVX,Betty Zhang,-12.6
2026-05-04,CVX,Josh Silverstein,2.8
2026-05-04,CVX,Stephen Richardson,5.1
2026-05-04,CVX,Suvro Sarkar,3.7
2026-05-04,D,Carly Davenport,5.7
2026-05-04,EBAY,Benjamin Black CFA,15.1
2026-05-04,EBAY,Mark Kelley,
2026-05-04,F,James Picariello,-6.9
2026-05-04,FRT,Floris van Dijkum,9.3
2026-05-04,FTV,Joe O'Dea,18.9
2026-05-04,GM,Chris McNally,16.8
2026-05-04,GOOGL,Andrew Boone,52.1
2026-05-04,GOOGL,Hans Engel,
2026-05-04,GOOGL,Paul Chew,32.9
2026-05-04,GS,Edmond Fok,2
2026-05-04,HOOD,Edmond Fok,-11.2
2026-05-04,HUBB,Julian Mitchell,9.3
2026-05-04,HUBB,Tommy Moll,30.3
2026-05-04,INCY,Unknown Analyst,7
2026-05-04,ITW,Joe O'Dea,-4.9
2026-05-04,ITW,Julian Mitchell,-6.8
2026-05-04,LHX,Kristina Ruggeri,73.1
2026-05-04,LHX,Unknown Analyst,73.1
2026-05-04,LII,Patrick Baumann,42.6
2026-05-04,LIN,Jeffrey Zekauskas,13.7
2026-05-04,LNT,Andrew Weisel,10
2026-05-04,LNT,Michaela Jamison,20.4
2026-05-04,LYB,Eric Boyes,9.9
2026-05-04,LYV,Kutgun Maral,16.4
2026-05-04,MCHP,C J Muse,34.8
2026-05-04,MO,Damian McNeela,-4.3
2026-05-04,MS,Edmond Fok,2.6
2026-05-04,ON,Unknown Analyst,51
2026-05-04,OXY,John Freeman,22
2026-05-04,PCAR,Unknown Analyst,18.1
2026-05-04,PKG,Hillary Cacanando,9.2
2026-05-04,PWR,Atidrip Modak,27
2026-05-04,PWR,Philip Shen,23
2026-05-04,PYPL,Adam Frisch,-25.5
2026-05-04,RCL,Matthew Boss,32.6
2026-05-04,RVTY,Catherine Ramsey Schulte,-5.9
2026-05-04,SCHW,Ken Shih,7.2
2026-05-04,SO,Unknown Analyst,15.9
2026-05-04,TAP,Bill Kirk,49
2026-05-04,TRGP,Sunil Sibal,
2026-05-04,TT,Joe O'Dea,5.1
2026-05-04,VLO,Zach Parham,-23.4
2026-05-04,XOM,Betty Zhang,-1.8
2026-05-04,XOM,Stephen Richardson,11.5
2026-05-05,AIG,Unknown Analyst,34.1
2026-05-05,AMGN,Hans Engel,
2026-05-05,AMZN,Stephan Lingnau,
2026-05-05,ANET,Mehdi Hosseini,0.2
2026-05-05,BAC,Unknown Analyst,
2026-05-05,BKNG,Unknown Analyst,
2026-05-05,CAH,Steven Silver,5.7
2026-05-05,CAH,Unknown Analyst,5.7
2026-05-05,CBRE,Joe Dickstein,21
2026-05-05,COST,Hans Engel,
2026-05-05,DIS,Stephan Lingnau,
2026-05-05,DLR,Andy Yu CFA,12.9
2026-05-05,DXCM,Unknown Analyst,3.6
2026-05-05,EL,Andy Sim,-9.4
2026-05-05,EQIX,Andy Yu CFA,17.4
2026-05-05,ETN,Stephan Lingnau,
2026-05-05,ETR,Ryan Levine,14.9
2026-05-05,EXPD,Harrison Bauer,-19
2026-05-05,FANG,Betty Zhang,-4.9
2026-05-05,FSLR,Dmitriy Pozdnyakov,24.4
2026-05-05,GM,Stephan Lingnau,
2026-05-05,HD,Unknown Analyst,
2026-05-05,HSIC,Erin Wright,-27.6
2026-05-05,IEX,Walter Liptak,11.5
2026-05-05,IQV,Max Smock,
2026-05-05,ISRG,Unknown Analyst,
2026-05-05,J,Louie DiPalma,
2026-05-05,JNJ,Hans Engel,
2026-05-05,LITE,Blayne Curtis,29.4
2026-05-05,LYB,David Begleiter,25.6
2026-05-05,MDLZ,Unknown Analyst,7.3
2026-05-05,MRK,Hans Engel,
2026-05-05,NOW,Billy Fitzsimmons,5.6
2026-05-05,NOW,Keith Weiss,35.8
2026-05-05,NOW,Rob Owens,5.6
2026-05-05,ON,Harlan Sur,31.3
2026-05-05,ON,Joseph Moore,14.3
2026-05-05,ON,Ross Seymore,44.5
2026-05-05,ON,Suji Desilva,64.2
2026-05-05,PFE,Hans Engel,
2026-05-05,PG,Stephan Lingnau,
2026-05-05,PH,Joseph C Giordano,-10.5
2026-05-05,PNW,Sophie Karp,
2026-05-05,PSKY,David Plaus,3.8
2026-05-05,PSKY,Steven Cahall,-34
2026-05-05,REG,Nicholas Joseph,9.9
2026-05-05,ROST,Hans Engel,
2026-05-05,SOLV,David Roman,-24.5
2026-05-05,TAP,Javier Gonzalez Lastra,56.7
2026-05-05,TMO,Hans Engel,
2026-05-05,TSN,Pooran Sharma,32.1
2026-05-05,VRTX,Hans Engel,
2026-05-05,VRTX,Jay Olson,16.4
2026-05-05,VZ,Hans Engel,
2026-05-05,XOM,Suvro Sarkar,6.6
2026-05-06,ADM,Thomas Palmer,-14.7
2026-05-06,AEE,Steve Fleishman,16.3
2026-05-06,AEP,Andrew Weisel,13.5
2026-05-06,AEP,Unknown Analyst,
2026-05-06,AMD,Jay Goldberg,-16.7
2026-05-06,AMD,Suji Desilva,-3.1
2026-05-06,APA,Doug Leggate,5.1
2026-05-06,APTV,Colin Rusch,84.5
2026-05-06,AXON,George Notter,40.8
2026-05-06,AXON,Mike Ng,11.6
2026-05-06,BALL,Matt Roberts,
2026-05-06,BKNG,Trevor Young,20.7
2026-05-06,BRK.B,Edmond Fok,-2
2026-05-06,CDW,Adam Tindle,-2.5
2026-05-06,CMI,Luke Junk,25.7
2026-05-06,COHR,George Notter,31
2026-05-06,DVN,Betty Zhang,-8.4
2026-05-06,EMR,Julian Mitchell,-5.4
2026-05-06,EOG,Betty Zhang,-5.7
2026-05-06,ETN,Patrick Baumann,4.6
2026-05-06,ETN,Stephen Tusa,4.6
2026-05-06,EXC,Steve Fleishman,
2026-05-06,FANG,Suvro Sarkar,8.3
2026-05-06,FISV,David Koning,51.2
2026-05-06,FISV,Unknown Analyst,
2026-05-06,GOOGL,Lloyd Walmsley,35.9
2026-05-06,GOOGL,Sachin Mittal,35.9
2026-05-06,HBAN,Unknown Analyst,18.6
2026-05-06,IDXX,Keith Devas,56.9
2026-05-06,IDXX,Unknown Analyst,44.4
2026-05-06,J,Michael Feniger,2.9
2026-05-06,JCI,Unknown Analyst,13
2026-05-06,JKHY,Unknown Analyst,29.1
2026-05-06,KKR,Michael Brown,24.7
2026-05-06,LHX,Seth Seifman,54.8
2026-05-06,LITE,Simon Leopold,9.4
2026-05-06,LITE,Tim Savageaux,7.9
2026-05-06,LYV,John Hodulik,6.4
2026-05-06,LYV,Peter Henderson,5.8
2026-05-06,MAA,Nicholas Joseph,14.6
2026-05-06,MAR,John Staszak,27
2026-05-06,META,Sachin Mittal,28.7
2026-05-06,MNST,Charlie Higgs,107.4
2026-05-06,MPC,Betty Zhang,-47
2026-05-06,MSFT,Sachin Mittal,15.6
2026-05-06,NCLH,Andrew May,
2026-05-06,NCLH,Unknown Analyst,
2026-05-06,NI,Steve Fleishman,25.6
2026-05-06,NRG,Steve Fleishman,67.5
2026-05-06,OXY,Betty Zhang,-7.3
2026-05-06,PEG,Sophie Karp,
2026-05-06,PODD,Andrew Ranieri,122.8
2026-05-06,PRU,Jack Matten,-27
2026-05-06,PRU,Michael Ward CFA,-22.8
2026-05-06,PTC,Joshua Tilton,49.1
2026-05-06,REGN,Nicholas Lorusso,22.8
2026-05-06,ROK,Brett Linzey,3.9
2026-05-06,ROK,Joe Ritchie,13.7
2026-05-06,ROK,Julian Mitchell,12
2026-05-06,ROK,Stephen Tusa,-2.7
2026-05-06,RVTY,Evie Koslosky,-19.6
2026-05-06,SMCI,Jonathan Tanwanteng,
2026-05-06,SMCI,Kevin Cassidy,-0.2
2026-05-06,SMCI,Samik Chatterjee,-20.2
2026-05-06,SMCI,Simon Leopold,12.2
2026-05-06,SWKS,Anthony Stoss,-3.8
2026-05-06,TDG,Charles Minervino,22.8
2026-05-06,TDG,Gautam Khanna,27.2
2026-05-06,TDG,Noah Poponak,69.9
2026-05-06,UDR,Nicholas Joseph,15.3
2026-05-06,WAT,Catherine Ramsey Schulte,-5.2
2026-05-06,WEC,Anthony Crowdell,17.7
2026-05-06,WTW,Gregory Peters,7.7
2026-05-07,AES,Nicholas Campanella,8.2
2026-05-07,AME,Julian Mitchell,-4.9
2026-05-07,AMGN,Ilya Zubkov,-0.6
2026-05-07,APA,Betty Zhang,-19.5
2026-05-07,APO,Brian Bedell,24.1
2026-05-07,APO,Glenn Schorr,12.4
2026-05-07,APP,Cory Carpenter,59
2026-05-07,APP,Unknown Analyst,76.3
2026-05-07,AXON,Jordan Lyonnais,46
2026-05-07,AXON,Joseph Cardoso,57.5
2026-05-07,AXON,Trevor J. Walsh,46
2026-05-07,AXON,William Power,40.8
2026-05-07,CDW,Tim Long,-20
2026-05-07,CVS,George Hill,-2.8
2026-05-07,DASH,Eric Sheridan,38.6
2026-05-07,DASH,Mark Kelley,-8.4
2026-05-07,DASH,Shweta Khajuria,-1
2026-05-07,DD,David Begleiter,41.7
2026-05-07,DIS,James Heaney CFA,23.9
2026-05-07,DUK,Marie Ferguson,
2026-05-07,EMR,Joseph C Giordano,-1.4
2026-05-07,EOG,Suvro Sarkar,1.8
2026-05-07,EXC,Unknown Analyst,
2026-05-07,FLEX,Ruben Roy,42.5
2026-05-07,FLEX,Samik Chatterjee,38.2
2026-05-07,FTNT,Eric Heath,
2026-05-07,FTNT,Todd Weller CFA,-26.3
2026-05-07,GPN,Charles Nabhan,-9.4
2026-05-07,GPN,Unknown Analyst,7.6
2026-05-07,IFF,Jeffrey Zekauskas,10
2026-05-07,JCI,Timothy Wojs,2.7
2026-05-07,KHC,Stephen Powers,-10.6
2026-05-07,LLY,James Shin,15.2
2026-05-07,MAR,Unknown Analyst,24.6
2026-05-07,MCD,David Tarantino CFA,20.8
2026-05-07,O,Eric Borden,14.3
2026-05-07,O,Greg McGinniss,16
2026-05-07,ORCL,Adam Shepherd,69.7
2026-05-07,OXY,Josh Silverstein,5.8
2026-05-07,PSKY,Daniel Duran,32.1
2026-05-07,PYPL,Paul Golding,-6.9
2026-05-07,QCOM,Louis Miscioscia,23.6
2026-05-07,ROK,Unknown Analyst,19.1
2026-05-07,TECH,Daniel Arias,-30.7
2026-05-07,TECH,Daniel Markowitz CFA,-30.7
2026-05-07,TECH,Paul Knight,
2026-05-07,TPR,Unknown Analyst,
2026-05-07,TTD,Jed Kelly,38.5
2026-05-07,UBER,Doug Anmuth,53.5
2026-05-07,UBER,Mark Kelley,42.3
2026-05-07,UBER,Shweta Khajuria,39.5
2026-05-07,VRSK,Gregory Peters,30.5
2026-05-07,VTR,Austin Wurschmidt,5.6
2026-05-07,WBD,John Hodulik,10.6
2026-05-07,WM,John Eade,
2026-05-08,ABNB,Doug Anmuth,-17.7
2026-05-08,ABNB,Unknown Analyst,-0.1
2026-05-08,AEP,James Weston,16.8
2026-05-08,AKAM,Frank Louthan,31.1
2026-05-08,ALB,Ben Kallo,100.8
2026-05-08,ATO,Ryan Levine,17
2026-05-08,AXP,Keith Horowitz,
2026-05-08,BAX,Steven Silver,
2026-05-08,BNY,Emily Ericksen,
2026-05-08,C,Scott Siefers,4.5
2026-05-08,COF,Keith Horowitz,48.8
2026-05-08,COIN,Gustavo Gala,-37.2
2026-05-08,COIN,Moshe Katri,27.8
2026-05-08,CRL,David Windley,-19.1
2026-05-08,DASH,Tom White,-1
2026-05-08,DASH,Unknown Analyst,11.4
2026-05-08,DDOG,Unknown Analyst,-0.5
2026-05-08,ED,William Appicelli,11.8
2026-05-08,EMR,Joe O'Dea,1.8
2026-05-08,EMR,Unknown Analyst,15
2026-05-08,EVRG,William Appicelli,11.5
2026-05-08,FITB,Keith Horowitz,
2026-05-08,FLEX,Unknown Analyst,51.1
2026-05-08,FTNT,Unknown Analyst,-26.3
2026-05-08,GEN,Keith Weiss,-7.5
2026-05-08,JPM,Unknown Analyst,
2026-05-08,KEY,Keith Horowitz,
2026-05-08,MCD,Jeff Bernstein,38.6
2026-05-08,MCD,Unknown Analyst,
2026-05-08,MCHP,Harlan Sur,61.7
2026-05-08,MCHP,James Schneider,55
2026-05-08,MCHP,Melissa Fairbanks,68.5
2026-05-08,MCK,George Hill,-0.7
2026-05-08,MCK,Max Smock,
2026-05-08,MRK,Unknown Analyst,-9.7
2026-05-08,MSI,Adam Tindle,13.7
2026-05-08,MSI,Unknown Analyst,12.6
2026-05-08,MTB,Unknown Analyst,
2026-05-08,NTRS,Emily Ericksen,
2026-05-08,NVDA,David Dai CFA,37.4
2026-05-08,NWS,David Fabris,
2026-05-08,NWSA,David Fabris,-0.1
2026-05-08,OXY,Suvro Sarkar,-5.6
2026-05-08,PANW,Unknown Analyst,-25.9
2026-05-08,QCOM,Ivan Feinseth,53.9
2026-05-08,RSG,Kevin Chiang,11.8
2026-05-08,SHW,Greg Melich,23.7
2026-05-08,TPR,Michael Binetti,47.7
2026-05-08,TRGP,Selman Akyol,-7.7
2026-05-08,TTD,Alicia Reese,46.4
2026-05-08,TTD,Clark Lampen,
2026-05-08,TTD,Thomas Champion,67.4
2026-05-08,VTRS,Les Sulewski,21.1
2026-05-08,WMB,John Freeman,9.8
2026-05-08,WMB,Justin Jenkins,9.8
2026-05-08,WMT,Spencer Hanus,27.9
2026-05-08,XYZ,John Davis,13.6
2026-05-09,IFF,Unknown Analyst,1.4
2026-05-10,AMAT,Jay Goldberg,9.5
2026-05-10,FIS,Will Nance,49.4
2026-05-10,LRCX,Jay Goldberg,0.6
2026-05-11,ABNB,Amanda Tan,2.8
2026-05-11,ABNB,Trevor Young,-26.6
2026-05-11,AKAM,Gabriela Borges,-18.5
2026-05-11,ALB,Bill Selesky,95.7
2026-05-11,APA,Bob Brackett,-10.6
2026-05-11,BDX,Matt Miksic,14.7
2026-05-11,CAT,David Raso,34.7
2026-05-11,CMI,David Raso,51.8
2026-05-11,COIN,Joseph Vafi,71.2
2026-05-11,COP,Bob Brackett,-11.9
2026-05-11,DE,Jairam Nathan,8
2026-05-11,DVN,Bob Brackett,17.5
2026-05-11,EOG,Bob Brackett,5.2
2026-05-11,EXC,Nicholas Amicucci,32.1
2026-05-11,EXPE,Amanda Tan,6.8
2026-05-11,EXPE,Trevor Young,-6
2026-05-11,FANG,Bob Brackett,17.6
2026-05-11,FOXA,Mike Ng,22.8
2026-05-11,FOXA,Nilesh Bhaiya,22.8
2026-05-11,IR,David Raso,15.2
2026-05-11,IRM,Unknown Analyst,28.5
2026-05-11,ITW,David Raso,1.4
2026-05-11,JBHT,Jonathan Chappell,-8.3
2026-05-11,MSI,Jim Kelleher,11.5
2026-05-11,MSI,Unknown Analyst,11.5
2026-05-11,MTD,Catherine Ramsey Schulte,-7.7
2026-05-11,NI,Ryan Levine,13.5
2026-05-11,O,Zhiger Kurmet,16
2026-05-11,PCAR,David Raso,13.3
2026-05-11,PH,David Raso,12
2026-05-11,PWR,Manish Somaiya,38.5
2026-05-11,RSG,John Eade,
2026-05-11,RVTY,Unknown Analyst,
2026-05-11,UBER,Steven Fox,32.6
2026-05-11,URI,David Raso,11.3
2026-05-12,ALB,David Begleiter,112.7
2026-05-12,AMD,Louis Miscioscia,-3.1
2026-05-12,CEG,Unknown Analyst,22.9
2026-05-12,DASH,Dominic Ball,73.3
2026-05-12,DLTR,Paul Lejuez,5.8
2026-05-12,DRI,Danilo Gargiulo,9.6
2026-05-12,FOXA,Sean Diffley,16.8
2026-05-12,FTV,Chigusa Katoku,17
2026-05-12,FTV,Stephen Tusa,17
2026-05-12,GPN,Unknown Analyst,-32
2026-05-12,HST,Nicholas Joseph,7.9
2026-05-12,INTC,Ross Seymore,-2.9
2026-05-12,LRCX,Ling Lee Keng,15.2
2026-05-12,MET,Jimmy Bhullar,-1.2
2026-05-12,MNST,Sean McGowan,84.3
2026-05-12,MO,Unknown Analyst,
2026-05-12,MOS,Hamir Patel,-0.8
2026-05-12,MOS,Jeffrey Zekauskas,-24.6
2026-05-12,NSC,Unknown Analyst,9.3
2026-05-12,SPG,Arvind Ramnani,
2026-05-12,ULTA,Kelly Crago,9.7
2026-05-12,UNH,Elizabeth Anderson CFA,5.5
2026-05-12,VTR,Jonathan Petersen,11.1
2026-05-12,WELL,Jonathan Petersen,5.3
2026-05-12,WMB,Manav Gupta,24.9
2026-05-12,XYZ,Paul Golding,-5.3
2026-05-13,ABBV,Jasper Hellweg,-2.8
2026-05-13,BF.B,Nadine Sarwat,10.6
2026-05-13,DOC,Wes Golladay,3.4
2026-05-13,DOW,Bill Selesky,
2026-05-13,ECHO,Pierre Ferragu,72.9
2026-05-13,ETN,Kristina Ruggeri,
2026-05-13,EXC,Sophie Karp,-5
2026-05-13,GILD,Matthew Biegler,14.8
2026-05-13,GIS,Michael Lavery,14.4
2026-05-13,JNJ,Matt Miksic,-4
2026-05-13,MAS,Michael Rehaut,13.8
2026-05-13,MSFT,Daniel Ives,16
2026-05-13,NEE,Jeremy Tonet,27.6
2026-05-13,NFLX,Kutgun Maral,48.6
2026-05-13,NWSA,Jason Bazinet,29.1
2026-05-13,O,Haendel St. Juste,10.9
2026-05-13,OKE,Bill Selesky,0.4
2026-05-13,ORLY,Unknown Analyst,21.2
2026-05-13,PFE,Alexandria Hammond,-6.2
2026-05-13,PSX,Bill Selesky,-24.1
2026-05-13,TSCO,Spencer Hanus,45.4
2026-05-13,XOM,Bill Selesky,1.8
2026-05-14,AAPL,Ivan Feinseth,12.9
2026-05-14,AXP,Mikhail Paramonov,14
2026-05-14,CSCO,George Notter,
2026-05-14,CSCO,Stephen Bersey,22.2
2026-05-14,DHR,Unknown Analyst,-0.1
2026-05-14,DPZ,Unknown Analyst,25.2
2026-05-14,DXCM,Unknown Analyst,34.9
2026-05-14,IFF,Laurence Alexander,25.6
2026-05-14,KEY,Scott Siefers,9.9
2026-05-14,KMB,Peter Galbo,22.3
2026-05-14,KMI,Jean Ann Salisbury,
2026-05-14,NVDA,David Siffringer,60.3
2026-05-14,RVTY,Michael Ryskin,
2026-05-14,TECH,Unknown Analyst,-14
2026-05-14,TMO,Unknown Analyst,-19.6
2026-05-14,TT,Chigusa Katoku,7.6
2026-05-14,VRT,Ananda Baruah,94.5
2026-05-14,VRT,Nigel Coe,
2026-05-14,WAT,Brandon Couillard,-9.4
2026-05-15,AMAT,Chris Caso,20.5
2026-05-15,ANET,Simon Leopold,-17.8
2026-05-15,ATO,Shelby Tucker,20.1
2026-05-15,BIIB,Umer Raffat,
2026-05-15,BXP,Richard Anderson,8.2
2026-05-15,D,Shahriar Pourreza,5.7
2026-05-15,DELL,Jim Hin Kwong Au,-48.9
2026-05-15,DXCM,David Roman,-3.6
2026-05-15,DXCM,Lee Hambright,-7.3
2026-05-15,DXCM,Unknown Analyst,2.4
2026-05-15,EXC,Shelby Tucker,13.5
2026-05-15,FCX,Liam Fitzpatrick,1.3
2026-05-15,FE,Shelby Tucker,14.9
2026-05-15,FISV,Unknown Analyst,45.4
2026-05-15,GILD,Unknown Analyst,14.8
2026-05-15,LIN,Alexandra Yates,20.8
2026-05-15,PNW,Shelby Tucker,5.1
2026-05-15,RCL,Kevin Kopelman,29.5
2026-05-15,SCHW,William Katz,1.6
2026-05-15,SPG,Marie Ferguson,2.5
2026-05-15,STZ,Filippo Falorni,51.1
2026-05-15,WEC,Shahriar Pourreza,20.6
2026-05-16,MAR,Geraldine Wong,24.6
2026-05-17,DVN,Lloyd Byrne,25.4
2026-05-17,FFIV,Amit Daryanani,15.4
2026-05-18,AMD,Ben Reitzes,4.6
2026-05-18,APTV,Ryan Brinkman,84.5
2026-05-18,BMY,Unknown Analyst,-10.4
2026-05-18,CARR,Patrick Baumann,16.6
2026-05-18,CPAY,Dominick Gabriele,-0.5
2026-05-18,CRM,Andy Yu CFA,-3.1
2026-05-18,DLTR,Michael Montani,18.5
2026-05-18,DXCM,Matt Miksic,-22.9
2026-05-18,GPN,Unknown Analyst,18.9
2026-05-18,HD,Brian Nagel,0.4
2026-05-18,INTC,Ben Reitzes,45.7
2026-05-18,INTC,Cody Acree,36
2026-05-18,INVH,Buck Horne,16.2
2026-05-18,LYB,Unknown Analyst,
2026-05-18,MRVL,Ben Reitzes,-6.8
2026-05-18,ORLY,Bill Selesky,39.8
2026-05-18,QCOM,Ben Reitzes,20.9
2026-05-18,REGN,Alexandria Hammond,10
2026-05-18,REGN,Cory Kasimov,5.6
2026-05-18,SNDK,Ben Reitzes,43.9
2026-05-18,TSN,Unknown Analyst,13.3
2026-05-18,TT,Patrick Baumann,7.6
2026-05-19,APO,Unknown Analyst,
2026-05-19,APTV,Michael Ward,69.1
2026-05-19,BAC,Unknown Analyst,
2026-05-19,C,Unknown Analyst,
2026-05-19,CDNS,Unknown Analyst,
2026-05-19,CRWD,Markus Leistner,-39.5
2026-05-19,ELV,Elizabeth Anderson CFA,-14
2026-05-19,FRT,Nicholas Yulico,11.9
2026-05-19,FTNT,Markus Leistner,-19.9
2026-05-19,HD,Steven Forbes,37.7
2026-05-19,KIM,Nicholas Yulico,7.8
2026-05-19,LHX,Imogen Mansfield,56.4
2026-05-19,LHX,Imogen Mansfield,56.4
2026-05-19,MOS,Unknown Analyst,7.2
2026-05-19,MRK,Unknown Analyst,-4.1
2026-05-19,NVDA,Frank Lee CFA,48.9
2026-05-19,RCL,Benjamin Chaiken,46.1
2026-05-19,UBER,Bill Selesky,
2026-05-19,XYZ,Joseph Vafi,7.3
2026-05-20,AMP,Brennan Hawken,-12.1
2026-05-20,CCI,Andrew Rosivach CFA,24.3
2026-05-20,CHRW,Stephanie Moore,30.9
2026-05-20,CNC,George Hill,20.4
2026-05-20,D,Angie Storozynski,
2026-05-20,ECL,Laurence Alexander,24.9
2026-05-20,ELV,George Hill,18.9
2026-05-20,GOOGL,Mark Kelley,24.1
2026-05-20,GOOGL,Nitin Bansal,27
2026-05-20,HD,Peter Benedict,23.1
2026-05-20,HSY,John Baumgartner,6.7
2026-05-20,INCY,Unknown Analyst,-13.6
2026-05-20,INTU,Matthew Hedberg,55.5
2026-05-20,KEYS,David Ridley Lane,19.6
2026-05-20,MRNA,Unknown Analyst,-72.2
2026-05-20,NVDA,Jim Kelleher,23.7
2026-05-20,TGT,Georgy Vashchenko,-16.6
2026-05-20,VRT,Julian Mitchell,60.3
2026-05-20,VRTX,Unknown Analyst,-0.1
2026-05-21,ADI,Atif Malik,21.4
2026-05-21,ADI,Mark Lipacis,25.1
2026-05-21,ADI,Melissa Fairbanks,13.5
2026-05-21,AFL,Bob Huang,8.4
2026-05-21,AXP,Dominick Gabriele,19.8
2026-05-21,BX,Ken Shih,16.7
2026-05-21,COIN,Ken Shih,14.1
2026-05-21,EW,David Toung,
2026-05-21,FCX,Unknown Analyst,8.3
2026-05-21,GNRC,Tommy Moll,55.1
2026-05-21,GPN,Unknown Analyst,34.8
2026-05-21,HAS,Megan Alexander,35.5
2026-05-21,INTU,Almas Almaganbetov,33.7
2026-05-21,INTU,Jim Kelleher,49.3
2026-05-21,INTU,Keith Weiss,80.4
2026-05-21,KEYS,Samik Chatterjee,15.2
2026-05-21,LLY,Alexandria Hammond,21
2026-05-21,LOW,Peter Benedict,37.2
2026-05-21,LOW,Unknown Analyst,
2026-05-21,NEM,Unknown Analyst,4.9
2026-05-21,NUE,Unknown Analyst,4.1
2026-05-21,NVDA,Daniel Ives,51.2
2026-05-21,NVDA,Matt Bryson,51.2
2026-05-21,NVDA,Richard Shannon,26
2026-05-21,NVDA,Ross Seymore,16.8
2026-05-21,NVDA,Tristan Gerra,129.1
2026-05-21,RCL,Robin M. Farley,18.8
2026-05-21,SPGI,Kevin Heal,
2026-05-21,STLD,Unknown Analyst,12.6
2026-05-21,SYF,Dominick Gabriele,6.6
2026-05-21,TGT,Unknown Analyst,
2026-05-21,TJX,Mark Altschwager,38.9
2026-05-21,TMO,Unknown Analyst,-4.1
2026-05-21,WDAY,Andrew Sherman,-16.5
2026-05-22,CAT,Stephen Volkmann,27.7
2026-05-22,CI,A.J. Rice,42.5
2026-05-22,CMI,Michael Feniger,31.3
2026-05-22,COO,Unknown Analyst,52.1
2026-05-22,COR,Max Smock,
2026-05-22,DDOG,Dan Waggoner,13
2026-05-22,DECK,Janine Stichter,
2026-05-22,DECK,Jenny Liu,44
2026-05-22,ELV,A.J. Rice,9.9
2026-05-22,FICO,Faiza Alwy,68.3
2026-05-22,GILD,Akash Tewari,25.2
2026-05-22,HPE,Unknown Analyst,-58.1
2026-05-22,PNC,Unknown Analyst,8.1
2026-05-22,RL,Paul Kearney,29.5
2026-05-22,ROST,Brooke Roach,17
2026-05-22,SOLV,Larry Biegelsen,-20
2026-05-22,TGT,Chris Graja,-3.7
2026-05-22,TPR,Christine Dooley,
2026-05-22,TTWO,Chris Schoell,39.2
2026-05-22,WDAY,Alexander Sklar,
2026-05-22,WDAY,Keith Weiss,-0.4
2026-05-22,WMT,Unknown Analyst,27.9
2026-05-24,DIS,Unknown Analyst,22
2026-05-24,TXN,Jay Goldberg,48.9
2026-05-25,KIM,Haendel St. Juste,7.8
2026-05-25,RL,Brooke Roach,32.1
2026-05-26,A,Catherine Ramsey Schulte,6.2
2026-05-26,AFL,John Barnidge,12.8
2026-05-26,AIZ,John Barnidge,2.7
2026-05-26,ALB,Kevin McCarthy,90.6
2026-05-26,APD,Michael Sison,16.7
2026-05-26,APTV,Bill Selesky,51.5
2026-05-26,AZO,Kate McShane,42.4
2026-05-26,AZO,Phillip Blee,
2026-05-26,AZO,Steven Forbes,39
2026-05-26,CMI,Timothy Thein,33.8
2026-05-26,D,Anthony Crowdell,11.9
2026-05-26,DD,Michael Sison,29.9
2026-05-26,FE,Ross Fowler,14.9
2026-05-26,FRT,Cooper Clark,12.8
2026-05-26,FTV,Julian Mitchell,15.2
2026-05-26,GE,Richard Safran,15.9
2026-05-26,HWM,Samuel McKinney,
2026-05-26,IFF,Michael Sison,19.6
2026-05-26,IRM,Unknown Analyst,29.4
2026-05-26,LOW,Chris Graja,
2026-05-26,MOS,Michael Sison,-12.7
2026-05-26,MRVL,Frank Lee CFA,27.1
2026-05-26,NTAP,Unknown Analyst,-42.3
2026-05-26,PH,Joe O'Dea,0
2026-05-26,PPG,Michael Sison,23.2
2026-05-26,PTC,Unknown Analyst,30
2026-05-26,REG,Cooper Clark,17.9
2026-05-26,SNPS,Unknown Analyst,59.3
2026-05-26,TRV,Jimmy Bhullar,-14.2
2026-05-26,WTW,Elyse Greenspan,1.1
2026-05-27,APA,William Janela,-19.5
2026-05-27,AZO,Bobby Griffin,39
2026-05-27,AZO,Christopher Horvers,33.8
2026-05-27,AZO,Craig Kennison,25.1
2026-05-27,AZO,David Bellinger,11.2
2026-05-27,AZO,Michael Baker,30.4
2026-05-27,AZO,Scot Ciccarelli,32.7
2026-05-27,AZO,Scott Stember,39.8
2026-05-27,AZO,Tristan M. Thomas-Martin,39
2026-05-27,AZO,Unknown Analyst,39
2026-05-27,AZO,Unknown Analyst,32.7
2026-05-27,CDW,Samik Chatterjee,-15.5
2026-05-27,CF,Michael Sison,12.7
2026-05-27,CF,Richard Garchitorena,12.7
2026-05-27,COO,David Roman,13.2
2026-05-27,CTVA,Michael Sison,7.3
2026-05-27,DG,Krisztina Katai,-11.7
2026-05-27,DLTR,Krisztina Katai,-16.2
2026-05-27,DVN,Nitin Kumar CFA,35.4
2026-05-27,EOG,Nitin Kumar CFA,6.5
2026-05-27,ESS,Michael Lewis,4.8
2026-05-27,FANG,Nitin Kumar CFA,17.1
2026-05-27,FFIV,Samik Chatterjee,5.7
2026-05-27,FSLR,Gordon Johnson,50.7
2026-05-27,GL,Randy Binner,-0.7
2026-05-27,HUM,Courtney Breen,-29.7
2026-05-27,LDOS,Matthew Akers,28
2026-05-27,LH,Unknown Analyst,2.7
2026-05-27,MGM,Scot Ciccarelli,37.9
2026-05-27,MRVL,Joshua Buchalter,-15.3
2026-05-27,NVDA,Ivan Feinseth,94.7
2026-05-27,PKG,Unknown Analyst,
2026-05-27,PLD,Ronald Kamdem,11.2
2026-05-27,PODD,David Roman,55.4
2026-05-27,ROL,Connor Cerniglia,49.7
2026-05-27,TRGP,Jean Ann Salisbury,3.4
2026-05-27,TRGP,Spiro M. Dounis,4.4
2026-05-28,A,Brandon Couillard,8.9
2026-05-28,AZO,Steven Zaccone,28.6
2026-05-28,BAC,Unknown Analyst,3.7
2026-05-28,BBY,Madeline Cech,-33.9
2026-05-28,BBY,Robert Ohmes,-33.9
2026-05-28,BBY,Unknown Analyst,-0.9
2026-05-28,BSX,Matt Miksic,107.1
2026-05-28,CRM,Andrew Sherman,-3.1
2026-05-28,CRM,Keith Weiss,15.9
2026-05-28,D,Paul Zimbardo CFA,18.1
2026-05-28,DELL,Jim Kelleher,-18.9
2026-05-28,DLTR,Georgy Vashchenko,4.9
2026-05-28,EME,Unknown Analyst,40.9
2026-05-28,EQT,Nitin Kumar CFA,33.2
2026-05-28,EXE,Nitin Kumar CFA,52.9
2026-05-28,FFIV,Mike Ng,-6.5
2026-05-28,FFIV,Nilesh Bhaiya,-6.5
2026-05-28,FIX,Unknown Analyst,30.1
2026-05-28,HPQ,Samik Chatterjee,-26.7
2026-05-28,ICE,Kevin Heal,20.7
2026-05-28,INVH,Unknown Analyst,
2026-05-28,MRVL,Natalia Winkler,-2.6
2026-05-28,MRVL,Ross Seymore,1.7
2026-05-28,MRVL,Simon Leopold,-0.5
2026-05-28,MRVL,Suji Desilva,16.5
2026-05-28,OMC,Bianca Dallal,12.6
2026-05-28,PODD,Matt Miksic,50
2026-05-28,PWR,Brent Thielman,23
2026-05-28,PWR,Unknown Analyst,23
2026-05-28,RJF,Alexander Blostein,12.4
2026-05-28,TTD,Bianca Dallal,-23.3
2026-05-28,VZ,Sachin Mittal,-3.2
2026-05-29,ADSK,Nick Altmann,41.2
2026-05-29,ATO,Gabe Moreen,12.8
2026-05-29,AZO,Simeon Gutman,25.3
2026-05-29,BBY,Matt McCartney,-17.4
2026-05-29,BBY,Michael Piccolo,-17.4
2026-05-29,BBY,Unknown Analyst,
2026-05-29,BSX,Michael Polark,
2026-05-29,CHD,Bonnie Herzog,17.9
2026-05-29,COST,Kelly Bania,45.3
2026-05-29,COST,Rupesh Parikh,28.2
2026-05-29,COST,Seth Sigman,10.5
2026-05-29,COST,Simeon Gutman,24.9
2026-05-29,CPRT,John Staszak,
2026-05-29,DE,Stephen Volkmann,-18.6
2026-05-29,DLTR,Unknown Analyst,
2026-05-29,F,Edison Yu,7.4
2026-05-29,FFIV,Sebastien Naji,
2026-05-29,FISV,Youssef Squali,12.4
2026-05-29,FRT,Omotayo Okusanya,18
2026-05-29,HD,Christopher Horvers,
2026-05-29,INTU,Mark Murphy,88.1
2026-05-29,IQV,David Toung,
2026-05-29,KIM,Unknown Analyst,
2026-05-29,KMI,Michael Blum,13.4
2026-05-29,MMM,Julian Mitchell,12.1
2026-05-29,REG,Omotayo Okusanya,13.9
2026-05-29,WDAY,Mark Murphy,2.3
2026-05-31,ABT,David Roman,10.8
2026-06-01,A,Michael Polark,-8.1
2026-06-01,AZO,Robert Ohmes,
2026-06-01,BMY,Unknown Analyst,14.7
2026-06-01,CCL,Brandon Rolle,58.2
2026-06-01,CTSH,Terry Tillman,10
2026-06-01,DDOG,Arti Vula,
2026-06-01,DDOG,Mark Murphy,
2026-06-01,DHR,Michael Polark,
2026-06-01,DIS,Mike Ng,53.9
2026-06-01,FIS,Andrew Schmitt,
2026-06-01,FRT,Haendel St. Juste,13.7
2026-06-01,INCY,Unknown Analyst,
2026-06-01,J,Unknown Analyst,14.9
2026-06-01,MLM,Harry Goad,9
2026-06-01,MLM,Unknown Analyst,9
2026-06-01,MSFT,Arti Vula,
2026-06-01,MSFT,Keith Weiss,31.1
2026-06-01,MSFT,Mark Murphy,
2026-06-01,MSFT,Patrick Walravens,11
2026-06-01,MTD,Michael Polark,-8.8
2026-06-01,NCLH,Brandon Rolle,48.4
2026-06-01,NOW,Arti Vula,
2026-06-01,NOW,Mark Murphy,
2026-06-01,O,Joe Dickstein,16
2026-06-01,ORCL,Mark Murphy,
2026-06-01,RCL,Brandon Rolle,16.9
2026-06-01,RVTY,Michael Polark,
2026-06-01,SHW,Christopher Perrella,2.1
2026-06-01,TMO,Michael Polark,-12.3
2026-06-01,TRMB,Unknown Analyst,47.4
2026-06-01,UBER,Ronald Josey,53.5
2026-06-01,UPS,Chad Dillard,29.6
2026-06-01,VMC,Harry Goad,12
2026-06-01,VMC,Unknown Analyst,12
2026-06-01,WAT,Michael Polark,4.1
2026-06-01,WBD,Douglas Arthur,10.6
2026-06-01,WST,Michael Polark,8.3
2026-06-01,XYZ,Steven Kron,
2026-06-02,AAPL,Mike Ng,2.3
2026-06-02,ALB,Andres Castanos-Mollor,63.4
2026-06-02,BXP,John Kim,5.1
2026-06-02,CRH,Adrian Huerta,58.1
2026-06-02,CRH,Elodie Rall,58.1
2026-06-02,CRL,Max Smock,
2026-06-02,CSCO,Mike Ng,11.5
2026-06-02,CSCO,Nilesh Bhaiya,11.5
2026-06-02,DG,Georgy Vashchenko,12.4
2026-06-02,EW,Krish Sankar,23.3
2026-06-02,GM,Daniel Ives,11
2026-06-02,GOOGL,Paul Rossington,24.1
2026-06-02,HPE,Ananda Baruah,20.8
2026-06-02,HPE,Mark Newman,-0.1
2026-06-02,HPE,Samik Chatterjee,9.5
2026-06-02,ISRG,Imron Zafar,-0.9
2026-06-02,JCI,Joe O'Dea,9.6
2026-06-02,JCI,Julian Mitchell,-1.4
2026-06-02,LH,David Toung,-0.5
2026-06-02,META,Rocco Strauss,13.4
2026-06-02,MGM,John DeCree,25.3
2026-06-02,MGM,Steven Pizzella,37.9
2026-06-02,NVDA,Chris Caso,26
2026-06-02,PANW,David Siffringer,2.8
2026-06-02,PWR,Sherif El-Sabbahy,23
2026-06-02,RL,Christine Dooley,
2026-06-02,VRSN,Jamesmichael Sherman-Lewis,9.3
2026-06-02,VRTX,Unknown Analyst,5.9
2026-06-03,A,Sidharth Sahoo,12.3
2026-06-03,AVGO,Sean O'Loughlin,38.1
2026-06-03,AVGO,Tristan Gerra,74
2026-06-03,AVY,Alexandra Yates,3.3
2026-06-03,CCL,Unknown Analyst,53.8
2026-06-03,DG,Anthony Chukumba,-7.7
2026-06-03,DG,John Heinbockel,28.4
2026-06-03,DG,Unknown Analyst,-7.7
2026-06-03,DHR,Sidharth Sahoo,14.9
2026-06-03,DHR,Unknown Analyst,4.9
2026-06-03,FANG,Tim Rezvan,9.8
2026-06-03,HLT,Ari Klein,12.7
2026-06-03,HLT,Duane Pfennigwerth,14.3
2026-06-03,HON,Joe Ritchie,172.8
2026-06-03,ICE,Craig Siegenthaler,59.5
2026-06-03,IFF,Salvator Tiano,10
2026-06-03,JCI,Nigel Coe,17.1
2026-06-03,MRVL,Mark Lipacis,6.3
2026-06-03,NCLH,Unknown Analyst,61.9
2026-06-03,PANW,Daniel Ives,2.8
2026-06-03,PANW,Joshua Tilton,-3.2
2026-06-03,PANW,Rahul Chopra,8.9
2026-06-03,PANW,Trevor J. Walsh,-3.2
2026-06-03,PANW,Yun Kim,-12.3
2026-06-03,RCL,Unknown Analyst,23
2026-06-03,SHW,Michael Sison,8.3
2026-06-03,T,Timothy Horan,
2026-06-03,TMO,Sidharth Sahoo,-11.4
2026-06-03,TPL,Tim Rezvan,73.1
2026-06-03,ULTA,Anthony Chukumba,0.6
2026-06-03,ULTA,Mark Altschwager,28
2026-06-03,ULTA,Michael Binetti,16.1
2026-06-03,ULTA,Simeon Gutman,15.2
2026-06-03,ULTA,Unknown Analyst,0.6
2026-06-03,VTR,Julien Blouin,22.2
2026-06-03,WAT,Sidharth Sahoo,6.5
2026-06-04,ALB,Michael Sison,70.2
2026-06-04,AVGO,Harrison Bauer,35.4
2026-06-04,AVGO,Kevin Cassidy,38.1
2026-06-04,AVGO,Ross Seymore,42.3
2026-06-04,BRK.B,Kevin Heal,
2026-06-04,CMS,Julien Dumoulin Smith,10.2
2026-06-04,CRWD,Daniel Ives,-12.9
2026-06-04,CRWD,Trevor J. Walsh,-5.7
2026-06-04,CSGP,Michael Rindos,47.7
2026-06-04,FDXF,Jonathan Chappell,30.9
2026-06-04,FICO,George Tong,56.6
2026-06-04,LIN,Michael Sison,22.3
2026-06-04,MDT,David Roman,-8.8
2026-06-04,MDT,Lee Hambright,6.6
2026-06-04,PPL,Alex Kania,32
2026-06-04,RDDT,Alan Gould,64.8
2026-06-04,RSG,Sherif El-Sabbahy,8.2
2026-06-04,RSG,Unknown Analyst,14.5
2026-06-04,SJM,Unknown Analyst,-0.9
2026-06-04,TTD,Mark Kelley,46.4
2026-06-04,USB,Unknown Analyst,-15.4
2026-06-04,VEEV,Adam Hotchkiss,-37.1
2026-06-04,VEEV,Hannah Rudoff,-10.4
2026-06-04,VEEV,Martin Yang,-14.3
2026-06-04,VTRS,David Amsellem,-27.3
2026-06-05,APP,Joe Wittine,
2026-06-05,AVGO,Fang Boon Foo,7.7
2026-06-05,BLK,William Katz,6
2026-06-05,CIEN,Samik Chatterjee,81.7
2026-06-05,CNP,Marie Ferguson,
2026-06-05,COST,Scot Ciccarelli,6.3
2026-06-05,CRL,Michael Ryskin,
2026-06-05,DOV,Joe O'Dea,34.9
2026-06-05,FDXF,J. Bruce Chan,24.7
2026-06-05,FISV,Thomas Poutrieux,-10.8
2026-06-05,GIS,Megan Alexander,-10.7
2026-06-05,IR,Joe O'Dea,20.7
2026-06-05,LULU,Georgy Vashchenko,40.4
2026-06-05,NVDA,Fang Boon Foo,14.5
2026-06-05,OTIS,Joe O'Dea,15.8
2026-06-05,PLTR,Unknown Analyst,37.5
2026-06-05,PPL,Anthony Crowdell,8.6
2026-06-05,TSLA,Stephan Lingnau,
2026-06-07,MGM,Vitaly Umansky,
2026-06-07,ORCL,Andrew Sherman,99.6
2026-06-07,STX,Vijay Rakesh,31.3
2026-06-08,ADI,Unknown Analyst,13.5
2026-06-08,AEP,Marie Ferguson,
2026-06-08,APTV,Alexander Potter,106.4
2026-06-08,CI,Ann Hynes,21.1
2026-06-08,CL,Robert Ottenstein,15.2
2026-06-08,ELV,Lisa Gill,13.7
2026-06-08,EXR,Steve Sakwa,9.7
2026-06-08,FITB,David George,6
2026-06-08,FRT,Michael Lewis,3.2
2026-06-08,HST,RJ Milligan,21.4
2026-06-08,IBKR,Steven Chubak,10.5
2026-06-08,KIM,Steve Sakwa,7.8
2026-06-08,PAYX,Bryan Bergin,-15.4
2026-06-08,PH,Julian Mitchell,7.3
2026-06-08,PODD,Jayson Bedford,63.7
2026-06-08,XEL,Sophie Karp,19.2
2026-06-09,ADSK,Unknown Analyst,57.7
2026-06-09,ALLE,Joe O'Dea,1.1
2026-06-09,AWK,William Appicelli,1.7
2026-06-09,BSX,Stephanie Elghazi,58.2
2026-06-09,CARR,Joe O'Dea,23.6
2026-06-09,CAT,Sherif El-Sabbahy,20.8
2026-06-09,CFG,David Siffringer,6.4
2026-06-09,CL,Taylor Conrad,
2026-06-09,CRWD,Rahul Chopra,-12.9
2026-06-09,GPN,Andrew Harte,-27.5
2026-06-09,HON,Julian Mitchell,136.2
2026-06-09,HON,Unknown Analyst,15.1
2026-06-09,HUBB,Joe O'Dea,21.6
2026-06-09,MCHP,Unknown Analyst,28
2026-06-09,NSC,Kristina Ruggeri,
2026-06-09,ROK,Unknown Analyst,16.9
2026-06-09,RTX,Jason Sum,11.3
2026-06-09,SJM,Marc Torrente,3.2
2026-06-09,SJM,Megan Alexander,-9.2
2026-06-09,SRE,Marie Ferguson,26
2026-06-09,SYF,Hoang Nguyen,17.1
2026-06-09,ULTA,Moshe Orenbuch,9.7
2026-06-09,WDC,Mark Newman,31.9
2026-06-10,AOS,Bryan Blair,30.7
2026-06-10,AZO,Bill Selesky,50.3
2026-06-10,DDOG,Daniel Ives,17.5
2026-06-10,DDOG,Derrick Wood,17.5
2026-06-10,DVN,Nicholas Pope,13.5
2026-06-10,DVN,Phillip Jungwirth,29.4
2026-06-10,FISV,Unknown Analyst,
2026-06-10,GOOGL,Chad Dillard,15.2
2026-06-10,GPN,Unknown Analyst,
2026-06-10,HOOD,Brian Foran,
2026-06-10,HST,Floris van Dijkum,25.9
2026-06-10,HST,Shaun Kelley,14.7
2026-06-10,INTC,Amanda Tan,11.7
2026-06-10,MMM,Joe O'Dea,0
2026-06-10,MU,SK Kim,64.1
2026-06-10,PPL,Marie Ferguson,17.4
2026-06-10,UNP,Kristina Ruggeri,
2026-06-10,URI,Timothy Thein,28.9
2026-06-11,ADBE,Gabriela Borges,-24.7
2026-06-11,ALLE,David Macgregor,7.6
2026-06-11,AMZN,Steven McDermott,20.7
2026-06-11,CL,Cristian Rios,10.6
2026-06-11,CL,Unknown Analyst,10.6
2026-06-11,CME,Simon Clinch,17.2
2026-06-11,EL,Unknown Analyst,-15.6
2026-06-11,ES,Marie Ferguson,
2026-06-11,FE,William Appicelli,10.6
2026-06-11,HON,Stephen Tusa,
2026-06-11,ICE,Simon Clinch,12.5
2026-06-11,JBL,Ruplu Bhattacharya,28.9
2026-06-11,KDP,Unknown Analyst,21.1
2026-06-11,KO,Cristian Rios,-4.9
2026-06-11,KO,Unknown Analyst,-4.9
2026-06-11,LEN,Michael Roxland,
2026-06-11,MRVL,Kevin Cassidy,1.7
2026-06-11,MU,Chris Caso,28.2
2026-06-11,NDAQ,Simon Clinch,20.6
2026-06-11,ORCL,Arti Vula,39.7
2026-06-11,ORCL,Brad Zelnick,99.6
2026-06-11,ORCL,Daniel Ives,59.7
2026-06-11,ORCL,Gabriela Borges,59
2026-06-11,ORCL,Jason Ader,
2026-06-11,ORCL,Joseph Bonner,49.7
2026-06-11,PEP,Cristian Rios,4.9
2026-06-11,PEP,Unknown Analyst,4.9
2026-06-11,PG,Cristian Rios,7.4
2026-06-11,PG,Unknown Analyst,7.4
2026-06-11,ROK,Joe O'Dea,2.7
2026-06-11,SPGI,Sean Kennedy,34.9
2026-06-11,TECH,David Westenberg,-9.9
2026-06-11,TSLA,Unknown Analyst,
2026-06-11,TSN,Taylor Conrad,
2026-06-12,ADBE,Alex Zukin,-25.7
2026-06-12,ADBE,Andrew Sherman,-2.9
2026-06-12,ADBE,Arti Vula,34.8
2026-06-12,ADBE,Brian Schwartz,
2026-06-12,ADBE,Egor Tolmachev,-0.9
2026-06-12,ADBE,Elizabeth Porter,44.7
2026-06-12,ADBE,Gregg Moskowitz,-2.9
2026-06-12,ADBE,Keith Weiss,44.7
2026-06-12,ADBE,Mark Moerdler,50.3
2026-06-12,ADBE,Mark Murphy,34.8
2026-06-12,ADBE,Nick Altmann,
2026-06-12,BSX,Matthew O'Brien,51.2
2026-06-12,CAH,Unknown Analyst,
2026-06-12,CHTR,Lyaysyan Sedova,14.6
2026-06-12,CMCSA,Lyaysyan Sedova,15.1
2026-06-12,CSX,Nik Modi,-4
2026-06-12,EG,Unknown Analyst,-22.8
2026-06-12,ETN,Julian Mitchell,-7.8
2026-06-12,HON,Alexander Virgo,161.9
2026-06-12,LEN,Michael Dahl,6.8
2026-06-12,LEN,Stephen Kim,3
2026-06-12,LITE,Unknown Analyst,15.4
2026-06-12,MDLZ,Megan Alexander,13.7
2026-06-12,MKC,Thomas Palmer,22.8
2026-06-12,TAP,Kaumil Gajrawala,5.3
2026-06-12,TAP,Robert Ottenstein,20.7
2026-06-12,TYL,Michael Turrin,-0.5
2026-06-12,UBER,Ivan Feinseth,60.5
2026-06-14,TYL,Derrick Wood,33.7
2026-06-15,ACN,Surinder Thind,0.6
2026-06-15,AMT,Michael Rollins,26.5
2026-06-15,APH,Unknown Analyst,
2026-06-15,COF,Hoang Nguyen,24.8
2026-06-15,COF,Ryan Nash,24.8
2026-06-15,CTSH,Surinder Thind,8.3
2026-06-15,DD,Joe Ritchie,25.2
2026-06-15,DGX,Andrew Brackmann,
2026-06-15,DOC,Juan C. Sanabria,18.2
2026-06-15,EMR,Unknown Analyst,-4.7
2026-06-15,EW,David Roman,16.2
2026-06-15,EXR,Michael Mueller,14.1
2026-06-15,FAST,Unknown Analyst,-6.7
2026-06-15,FITB,Matt Olney,6
2026-06-15,FOXA,Robert Coolbrith,10.7
2026-06-15,GPC,Unknown Analyst,8.5
2026-06-15,GWW,Unknown Analyst,-2.3
2026-06-15,INVH,Juan C. Sanabria,27.1
2026-06-15,ISRG,David Roman,51.2
2026-06-15,KEY,Matt Olney,19
2026-06-15,LEN,Ryan Gilbert,-15.8
2026-06-15,LEN,Tyler Batory,
2026-06-15,NOW,Yi Fu Lee,-1.9
2026-06-15,ORCL,Paul Chew,57.7
2026-06-15,PODD,Matthew O'Brien,59.1
2026-06-15,PSA,Michael Mueller,14
2026-06-15,PSA,Nicholas Joseph,22.4
2026-06-15,RF,Russell Gunther,2.9
2026-06-15,RL,Unknown Analyst,
2026-06-15,ROK,Unknown Analyst,16.7
2026-06-15,SBAC,Michael Rollins,26.7
2026-06-15,STX,Samik Chatterjee,10.8
2026-06-15,TXT,David E. Strauss,13.6
2026-06-15,VST,Angie Storozynski,55
2026-06-15,WDC,Samik Chatterjee,45.4
2026-06-16,ACN,Meha Pau,19.6
2026-06-16,CRM,Daniel Ives,31.2
2026-06-16,CTSH,Meha Pau,-1.7
2026-06-16,DOC,Dave Rodgers,18.2
2026-06-16,DOC,Unknown Analyst,18.2
2026-06-16,EMR,Unknown Analyst,-4.7
2026-06-16,ESS,Julien Blouin,5.5
2026-06-16,FAST,Unknown Analyst,-6.7
2026-06-16,FSLR,Unknown Analyst,3.8
2026-06-16,GWW,Unknown Analyst,-2.3
2026-06-16,HD,Brian McNamara,
2026-06-16,HOOD,Stephen Biggar,-2.3
2026-06-16,HST,Marie Ferguson,21.4
2026-06-16,HUBB,Unknown Analyst,11.9
2026-06-16,INVH,Julien Blouin,16.2
2026-06-16,KIM,Marie Ferguson,16.4
2026-06-16,KIM,Ronald Kamdem,3.5
2026-06-16,LEN,Jade Rahmani,8
2026-06-16,LEN,John Lovallo,18.1
2026-06-16,LEN,Michael Rehaut,-3.3
2026-06-16,MAA,Julien Blouin,5.8
2026-06-16,NEE,Unknown Analyst,30
2026-06-16,ORCL,Axel Herlinghaus,
2026-06-16,REG,Ronald Kamdem,17.9
2026-06-16,VICI,Unknown Analyst,57.1
2026-06-16,VST,James West,
2026-06-16,VTR,Dave Rodgers,4.5
2026-06-16,VTR,Omotayo Okusanya,11.1
2026-06-16,VTR,Unknown Analyst,4.5
2026-06-16,WELL,Dave Rodgers,-4.1
2026-06-16,WELL,Unknown Analyst,-4.1
2026-06-17,ADBE,Dan Bergstrom,13
2026-06-17,ADBE,Paul Chew,52.6
2026-06-17,AJG,David Motemaden,22.8
2026-06-17,AMD,David Dai CFA,16.2
2026-06-17,CCL,Unknown Analyst,58.2
2026-06-17,HOOD,Ian S. Moore,15.5
2026-06-17,JBL,Jim Kelleher,49.3
2026-06-17,LDOS,Mariana Perez Mora,-3
2026-06-17,MNST,Cristian Rios,9.4
2026-06-17,MNST,Unknown Analyst,118.9
2026-06-17,MOS,Vitaly Kononov,27
2026-06-17,ROP,Kenneth Wong,
2026-06-17,SLB,Atidrip Modak,
2026-06-17,UBER,James Goodall,56.3
2026-06-17,ULTA,Taylor Conrad,0.6
2026-06-18,ACN,Amit Daryanani,-2.1
2026-06-18,ACN,David Koning,3.3
2026-06-18,ADSK,Andrew Degasperi,38.9
2026-06-18,AEP,Paul Fremont,15.9
2026-06-18,AJG,Andrew Andersen,10.3
2026-06-18,AJG,Andrew Kligerman,61.5
2026-06-18,AJG,Gregory Peters,
2026-06-18,AJG,Michael Zaremski,10.3
2026-06-18,AXP,Philipp Haessler,15.5
2026-06-18,CBRE,Ronald Kamdem,28.1
2026-06-18,COST,Steven Zaccone,12.7
2026-06-18,CRM,Tom Curcuruto,
2026-06-18,CTVA,Unknown Analyst,15.6
2026-06-18,DG,Corey Tarlowe,8.4
2026-06-18,DIS,Jessica Reif Ehrlich,17.3
2026-06-18,FDS,Henry Hayden,-17.2
2026-06-18,INTC,David Dai CFA,-2.9
2026-06-18,INVH,Nicholas Yulico,8.9
2026-06-18,JBL,Luke Junk,38.3
2026-06-18,JBL,Melissa Fairbanks,41.5
2026-06-18,JBL,Tim Long,33.9
2026-06-18,MCO,Charles Bendit,5.3
2026-06-18,MSCI,Charles Bendit,24.4
2026-06-18,NEE,William Appicelli,27.6
2026-06-18,NFLX,Matthew Condon,
2026-06-18,O,Nicholas Yulico,12.6
2026-06-18,PRU,Unknown Analyst,
2026-06-18,PTC,Andrew Degasperi,-0.6
2026-06-18,SPGI,Charles Bendit,26.6
2026-06-18,SWK,Joe O'Dea,0.9
2026-06-18,SYK,Matthew Taylor,65.1
2026-06-18,VRSK,Henry Hayden,5
2026-06-19,ACN,Keith Bachman,-18.4
2026-06-19,KIM,Unknown Analyst,12.1
2026-06-20,ACN,Maggie Nolan,
2026-06-21,ACN,David Grossman,22.3
2026-06-21,ACN,Tien Tsin Huang,-2.7
2026-06-21,INVH,Haendel St. Juste,12.6
2026-06-21,JBL,Ruben Roy,44.6
2026-06-21,MU,Brian Chin,53.8
2026-06-21,TEL,Amit Daryanani,8.5
2026-06-21,TMUS,Kutgun Maral,48.1
2026-06-22,AAPL,Rob Chang CFA,-5.2
2026-06-22,ACN,Arvind Ramnani,-18.4
2026-06-22,ACN,Dan Dolev,22.9
2026-06-22,ACN,Daniel Perlin,-4.8
2026-06-22,ACN,David Paige,-4.8
2026-06-22,ACN,Jonathan Lee CFA,0.6
2026-06-22,ACN,Kevin Mcveigh,49.5
2026-06-22,ACN,Sean Kennedy,22.9
2026-06-22,BBY,Bradley Thomas,
2026-06-22,BIIB,Eric Schmidt FCA,-5.1
2026-06-22,CASY,Dan Guglielmo,45.6
2026-06-22,CRH,Michael Feniger,61.5
2026-06-22,GNRC,Tanner James,80.8
2026-06-22,JBL,Samik Chatterjee,41.5
2026-06-22,KIM,Andrew Rosivach CFA,20.7
2026-06-22,KR,Bill Kirk,33.4
2026-06-22,LNT,Marie Ferguson,
2026-06-22,MA,Jason Kupferberg,17.4
2026-06-22,PM,Dara Mohsenian,4.7
2026-06-22,SMCI,Unknown Analyst,19.7
2026-06-22,STX,Steven Fox,
2026-06-22,T,Ryan Gravett,19
2026-06-22,TDG,Seth Seifman,27.2
2026-06-22,VMRK,Michael Lewis,9.9
2026-06-22,VZ,John Hodulik,-5.2
2026-06-22,WDC,Steven Fox,
2026-06-22,XYZ,Jason Kupferberg,14.9
2026-06-23,ABBV,Nicholas Lorusso,8.9
2026-06-23,ABBV,Tyler Van Buren,8.9
2026-06-23,CCL,Kevin Kopelman,49.5
2026-06-23,CCL,Lizzie Dove,53.8
2026-06-23,CCL,Robin M. Farley,53.8
2026-06-23,CCL,Sharon Zackfia,
2026-06-23,D,Nicholas Campanella,7.2
2026-06-23,DPZ,David Tarantino CFA,12.3
2026-06-23,DRI,David Palmer,9.6
2026-06-23,ED,Marie Ferguson,5.2
2026-06-23,EXC,Andrew Weisel,8.9
2026-06-23,GOOGL,Joseph Bonner,30
2026-06-23,HD,Spencer Hanus,
2026-06-23,NKE,Sam Poser,54.9
2026-06-23,NUE,Samuel McKinney,5.6
2026-06-23,PFE,Michael Yee,-2.6
2026-06-23,PODD,Travis Steed,57.6
2026-06-23,PODD,Unknown Analyst,44
2026-06-23,PSA,Samir Khanal,12.6
2026-06-23,PSA,Unknown Analyst,19.7
2026-06-23,STZ,Kaumil Gajrawala,28.2
2026-06-23,SW,Hillary Cacanando,31.9
2026-06-23,TGT,Spencer Hanus,
2026-06-23,TT,Unknown Analyst,24.3
2026-06-23,TYL,Alexei Gogolev,55.9
2026-06-23,VRT,Unknown Analyst,61.8
2026-06-23,VZ,Nilesh Bhaiya,10.7
2026-06-24,BNY,Unknown Analyst,-6.6
2026-06-24,CCL,Brandt Montour,53.8
2026-06-24,CCL,Christopher Stathoulopoulos,45.1
2026-06-24,CCL,Steven Wieczynski,62.6
2026-06-24,CCL,Unknown Analyst,53.8
2026-06-24,CME,Hans Engel,
2026-06-24,CVX,Unknown Analyst,
2026-06-24,DE,Unknown Analyst,
2026-06-24,EQT,Phillip Jungwirth,29.5
2026-06-24,FDX,Fadi Chamoun,9
2026-06-24,FDX,J. Bruce Chan,4.5
2026-06-24,FDX,Jason Seidl,13.5
2026-06-24,FDX,Ken Hoexter,21.2
2026-06-24,FDX,Patrick Brown,5.8
2026-06-24,FDX,Ravi Shanker,-48.7
2026-06-24,GPN,Unknown Analyst,
2026-06-24,MA,Unknown Analyst,
2026-06-24,MCD,Stephan Lingnau,
2026-06-24,MET,John Barnidge,-7.4
2026-06-24,MU,Gil Luria,105.1
2026-06-24,MU,Tristan Gerra,31.2
2026-06-24,NKE,Joe Feldman,49.5
2026-06-24,PAYX,Andrew Nicholas,
2026-06-24,PAYX,Jacob Smith CFA,
2026-06-24,PEP,Unknown Analyst,
2026-06-24,PFG,John Barnidge,7.6
2026-06-24,PLD,Caitlin Burrows,15.7
2026-06-24,PLTR,Daniel Ives,37.5
2026-06-24,PRU,John Barnidge,-7.7
2026-06-24,QCOM,Harrison Bauer,4.4
2026-06-24,ROP,George Kurosawa,15.8
2026-06-24,SPGI,Unknown Analyst,
2026-06-24,UBER,Unknown Analyst,
2026-06-24,UNH,Michael Craig Jones,25.3
2026-06-24,V,Unknown Analyst,
2026-06-24,VRTX,Unknown Analyst,
2026-06-24,WM,Unknown Analyst,
2026-06-24,WMT,Stephan Lingnau,
2026-06-25,AMT,Ben Davis,15.3
2026-06-25,CCL,John Staszak,53.8
2026-06-25,CCL,Trey Bowers,67
2026-06-25,CSCO,Jackson Ader,15.9
2026-06-25,CSX,David Vernon,-20.3
2026-06-25,DELL,Unknown Analyst,
2026-06-25,DRI,Andrew Charles,2.4
2026-06-25,DXCM,Unknown Analyst,3.6
2026-06-25,ECL,Patrick Cunningham,19.5
2026-06-25,FDX,Lucas Servera,17
2026-06-25,FDX,Stephanie Moore,15.4
2026-06-25,GLW,Samik Chatterjee,
2026-06-25,HRL,Leah Jordan,31.3
2026-06-25,INTC,Unknown Analyst,
2026-06-25,KKR,Alexander Blostein,9.8
2026-06-25,KMI,Unknown Analyst,55.5
2026-06-25,MKC,Robert Dickerson,
2026-06-25,MKC,Scott Marks CFA,20.8
2026-06-25,MU,Ben Reitzes,125.6
2026-06-25,MU,Hans Engel,
2026-06-25,MU,Joseph Moore,23
2026-06-25,MU,Kevin Cassidy,53.8
2026-06-25,MU,Matt Bryson,43.6
2026-06-25,MU,Mehdi Hosseini,105.1
2026-06-25,MU,Melissa Fairbanks,53.8
2026-06-25,MU,Melissa Weathers,58.9
2026-06-25,MU,Quinn Bolton,69.2
2026-06-25,MU,Sebastien Naji,
2026-06-25,MU,Srini Pajjuri,53.8
2026-06-25,NSC,Jonathan Chappell,1.5
2026-06-25,OKE,Michael Blum,30.4
2026-06-25,PAYX,Cassie Chan,-18
2026-06-25,PAYX,Daniel Jester,-11.1
2026-06-25,PAYX,Tien Tsin Huang,-9.3
2026-06-25,QCOM,Kevin Cassidy,45.6
2026-06-25,QCOM,Samik Chatterjee,45.6
2026-06-25,TECH,Puneet Souda,1.2
2026-06-25,TRGP,Hans Engel,
2026-06-25,TRGP,Michael Blum,12.7
2026-06-25,UNP,Jonathan Chappell,3.4
2026-06-25,VLTO,Stephen Volkmann,16.9
2026-06-26,AAPL,Daniel Ives,20.4
2026-06-26,AMAT,Craig Ellis,73.1
2026-06-26,AMT,Unknown Analyst,20.9
2026-06-26,ARE,Jeffrey Spector,5.6
2026-06-26,BEN,Michael Cyprys,1
2026-06-26,BRO,Gregory Peters,5.8
2026-06-26,CPRT,Dmitriy Pozdnyakov,30.2
2026-06-26,DRI,Andrew Strelzik,4.8
2026-06-26,DRI,Brian Bittner,12
2026-06-26,DRI,Brian Harbour,12.4
2026-06-26,DRI,Brian Mullan,1
2026-06-26,DRI,Brian Vaccaro,
2026-06-26,DRI,David Tarantino CFA,4.8
2026-06-26,DRI,Peter Saleh,12
2026-06-26,DRI,Zachary Fadem,0.1
2026-06-26,ESS,Buck Horne,17.3
2026-06-26,FDXF,Fadi Chamoun,16.9
2026-06-26,FDXF,Lucas Servera,
2026-06-26,FDXF,Stephanie Moore,55.9
2026-06-26,FSLR,Sunaina Ocalan‏,
2026-06-26,HAL,Phillip Jungwirth,25.6
2026-06-26,IBM,Daniel Ives,43.9
2026-06-26,JBHT,Christopher Kuhn,10.9
2026-06-26,MDLZ,Georgy Vashchenko,13.7
2026-06-26,MKC,"Matthew Smith, CFA",7.2
2026-06-26,MKC,Peter Grom,1.3
2026-06-26,MKC,Stephen Powers,16.9
2026-06-26,MOS,Mazahir Mammadli,19.1
2026-06-26,MSCI,Alex Kramm,29.8
2026-06-26,MU,Aaron Rakers,56.4
2026-06-26,MU,Thomas O'Malley,105.1
2026-06-26,NKE,Brian Nagel,63
2026-06-26,NKE,Krisztina Katai,16.8
2026-06-26,O,Michael Gorman,
2026-06-26,ODFL,Brandon Oglenski,22.4
2026-06-26,ON,Krish Sankar,44.5
2026-06-26,ON,Unknown Analyst,
2026-06-26,QCOM,Ingo Wermann,45.6
2026-06-26,SBAC,Unknown Analyst,10.5
2026-06-26,STT,David Smith -CFA,-9
2026-06-26,TAP,Robert Moskow,10.5
2026-06-26,TECH,Brandon Couillard,-14
2026-06-26,TECH,Catherine Ramsey Schulte,1.2
2026-06-26,TECH,Justin Bowers,1.2
2026-06-26,TECH,Steven Etoch,1.2
2026-06-28,GM,Vijay Rakesh,16.8
2026-06-28,MCHP,Vijay Rakesh,50.9
2026-06-28,MU,Yik Ban Chong,91.7
2026-06-29,ABT,Unknown Analyst,7.9
2026-06-29,AMP,Alexander Blostein,-1.4
2026-06-29,APP,Andrew Marok,97.6
2026-06-29,BNY,Brennan Hawken,-4.1
2026-06-29,CMCSA,John Hodulik,27
2026-06-29,CRH,Pujarini Ghosh,69.4
2026-06-29,CRWD,Ellie Kearney,-11.7
2026-06-29,DRI,John Staszak,16.7
2026-06-29,DRI,Sara Senatore,
2026-06-29,FRT,RJ Milligan,18
2026-06-29,FTNT,Peter Weed,-41.1
2026-06-29,FTNT,Stephen Bersey,-34.6
2026-06-29,GEV,Christine Cho CFA,30.6
2026-06-29,HON,Jairam Nathan,26
2026-06-29,HONA,Gautam Khanna,58
2026-06-29,HONA,Scott Mikus,93.4
2026-06-29,IFF,Alexandra Yates,1.7
2026-06-29,KIM,RJ Milligan,25.1
2026-06-29,MU,C J Muse,105.1
2026-06-29,MU,Jim Hin Kwong Au,43.6
2026-06-29,NTRS,Brennan Hawken,1.5
2026-06-29,NVDA,Dien Wang,44.3
2026-06-29,PYPL,Patrick Moley,-21.8
2026-06-29,REG,RJ Milligan,17.9
2026-06-29,STT,Brennan Hawken,-13.1
2026-06-29,STX,Ben Reitzes,92.7
2026-06-29,STX,C J Muse,56.6
2026-06-29,TECH,Patrick B Donnelly,1.2
2026-06-29,URI,Seth Weber,33.5
2026-06-29,WDC,Ben Reitzes,134.8
2026-06-29,XYZ,Patrick Moley,26.2
2026-06-30,ABT,David Rescott,18.7
2026-06-30,ALGN,Michael Cherny,52.5
2026-06-30,AMAT,Mehdi Hosseini,97.2
2026-06-30,AXP,Ben Gerlinger,9.3
2026-06-30,AXP,Unknown Analyst,22
2026-06-30,BAC,Chris Kotowski,
2026-06-30,C,Chris Kotowski,
2026-06-30,CARR,Unknown Analyst,30.5
2026-06-30,CCL,Ivan Feinseth,84.6
2026-06-30,CHRW,Thomas Wadewitz,50.5
2026-06-30,CMCSA,Bryan Kraft,27
2026-06-30,CMCSA,Michael Rollins,27
2026-06-30,CNP,Alex Kania,
2026-06-30,COF,Unknown Analyst,21.9
2026-06-30,EOG,Phillip Jungwirth,8.6
2026-06-30,EQT,Sergey Pigarev,46.1
2026-06-30,FOXA,Peter Supino,7.7
2026-06-30,GS,Chris Kotowski,
2026-06-30,HON,Nicole Deblase,30
2026-06-30,HONA,Matthew Akers,54.8
2026-06-30,ICE,Alexander Blostein,14.4
2026-06-30,MA,Bill Carcache,4.9
2026-06-30,MA,Unknown Analyst,4.9
2026-06-30,MET,Unknown Analyst,
2026-06-30,MLM,Michael Feniger,31.8
2026-06-30,MS,Chris Kotowski,
2026-06-30,NEM,Daniel Major,-5.4
2026-06-30,NKE,Brooke Roach,14.1
2026-06-30,NKE,Robert Drbul,49.5
2026-06-30,NKE,Simeon Siegel,63
2026-06-30,O,Jay Kornreich,9.2
2026-06-30,PAYX,James Faucette,-5.9
2026-06-30,PG,Daniel Brennan,3.3
2026-06-30,PLD,Samir Khanal,22.3
2026-06-30,PTC,Alexei Gogolev,10.9
2026-06-30,SPG,Andrew Rosivach CFA,
2026-06-30,SPG,Michael Mueller,12.8
2026-06-30,STZ,Robert Moskow,42.1
2026-06-30,TECH,Kyle Boucher,1.2
2026-06-30,TECH,Robert Wasserman,
2026-06-30,TFC,Ben Gerlinger,7.1
2026-06-30,TSCO,Jonathan Matuszewski,54.5
2026-06-30,TTD,Richard Kramer,-19.1
2026-06-30,V,Unknown Analyst,6.4
2026-06-30,VLO,Joe Laetsch,-34.7
2026-06-30,WFC,Keith Horowitz,-0.3
2026-07-01,AEP,Julien Dumoulin Smith,24.9
2026-07-01,ATO,Marie Ferguson,13.4
2026-07-01,BF.B,Bonnie Herzog,-8.5
2026-07-01,BIIB,Ananda Ghosh,9.1
2026-07-01,CEG,Ryan Levine,4.3
2026-07-01,COHR,Simon Leopold,42.5
2026-07-01,COIN,Ian S. Moore,88.3
2026-07-01,CVX,Doug Leggate,-1.9
2026-07-01,DD,Patrick Cunningham,33.9
2026-07-01,DOW,John Roberts CFA,20.6
2026-07-01,EMR,Varun Govindaraj,15
2026-07-01,FDS,George Tong,-9.1
2026-07-01,FDS,Jason Haas CFA,-19.1
2026-07-01,FDS,Scott Wurtzel,-7.6
2026-07-01,FDS,Wahid Amin,-19.1
2026-07-01,FDX,Thomas Wadewitz,12.2
2026-07-01,FDXF,Jordan Alliger,45
2026-07-01,GEV,Unknown Analyst,
2026-07-01,GIS,Leah Jordan,-2.4
2026-07-01,HONA,Robert Stallard,53.5
2026-07-01,KLAC,Stacy Rasgon,9.3
2026-07-01,KR,Greg Badishkanian,47
2026-07-01,KR,John Heinbockel,21.4
2026-07-01,KR,Leah Jordan,23.1
2026-07-01,MLM,Brent Thielman,
2026-07-01,MMM,Unknown Analyst,-20.6
2026-07-01,NKE,Ashley Owens,
2026-07-01,NKE,Cristina Fernandez,27.7
2026-07-01,NKE,Katharina Schmenger,
2026-07-01,NKE,Randal Konik,103.8
2026-07-01,NKE,Tom Nikic,
2026-07-01,OTIS,Unknown Analyst,40.4
2026-07-01,PEP,Andrea Faria Teixeira,24.7
2026-07-01,PNW,Nicholas Campanella,12.4
2026-07-01,PPG,John Roberts CFA,28
2026-07-01,Q,John Roberts CFA,42.4
2026-07-01,RTX,John Godyn,14.3
2026-07-01,SLB,Scott Gruber,12.4
2026-07-01,STZ,Dara Mohsenian,29
2026-07-01,STZ,Georgy Vashchenko,41.3
2026-07-01,STZ,Michael Lavery,30.7
2026-07-01,STZ,Seamus Cassidy,42.1
2026-07-01,TDY,John Godyn,12.6
2026-07-01,TFC,Michael Rose,
2026-07-01,TXT,John Godyn,22.2
2026-07-01,VLO,Unknown Analyst,-25.2
2026-07-01,VLTO,Joseph C Giordano,6.3
2026-07-02,ADBE,Stephen Bersey,22.1
2026-07-02,CHRW,David Hicks CFA,32.9
2026-07-02,CHTR,Michael Ng,-14.2
2026-07-02,DAL,Michael Goldie,31.4
2026-07-02,DD,John Roberts CFA,22.8
2026-07-02,DDOG,Yi Fu Lee,49.2
2026-07-02,DIS,Ric Prentiss,4.2
2026-07-02,DLTR,Charles Grom,5.8
2026-07-02,DOW,Michael Sison,20.6
2026-07-02,EFX,Kevin Mcveigh,30.2
2026-07-02,EFX,Sean Kennedy,24.3
2026-07-02,EOG,Josh Silverstein,7.2
2026-07-02,FDS,Alex Kramm,30.9
2026-07-02,FDS,Curtis Nagle,-19.1
2026-07-02,FDS,David Motemaden,5.9
2026-07-02,FDS,Jeffrey Silber,5.9
2026-07-02,GE,Sheila Kahyaoglu,40.6
2026-07-02,GIS,Christopher Carey,-7.9
2026-07-02,GIS,David Palmer,8.8
2026-07-02,GIS,"Matthew Smith, CFA",11.6
2026-07-02,GIS,Nik Modi,25.5
2026-07-02,GIS,Robert Moskow,-10.7
2026-07-02,GIS,Stephen Powers,-7.9
2026-07-02,GNRC,Vikram Bagri,60.4
2026-07-02,GOOGL,Richard Clarke,15.2
2026-07-02,INTC,Frank Lee CFA,94.3
2026-07-02,LVS,David Katz,21.4
2026-07-02,LYB,Abigail Eberts,9.9
2026-07-02,LYB,Hassan Ahmed,30.3
2026-07-02,LYB,Michael Sison,9.9
2026-07-02,MGM,David Katz,20.3
2026-07-02,NKE,Nick Anderson CFA,33.2
2026-07-02,ORLY,David Bellinger,28.2
2026-07-02,STZ,Andrew Strelzik,55.2
2026-07-02,STZ,Bill Kirk,70.7
2026-07-02,STZ,Christopher Carey,38.8
2026-07-02,STZ,Drew Levine,34.7
2026-07-02,STZ,Gerald Pascarelli,51.1
2026-07-02,STZ,Nadine Sarwat,60.9
2026-07-02,STZ,Nik Modi,51.1
2026-07-02,STZ,Robert Ottenstein,42.9
2026-07-02,TSLA,Jed Dorsheimer,
2026-07-02,UAL,Michael Goldie,43.4
2026-07-02,VLO,Phillip Jungwirth,-25.7
2026-07-02,WST,Paul Knight,12.6
2026-07-02,WYNN,David Katz,63.1
2026-07-03,MGM,James Hardiman,20.3
2026-07-05,LRCX,James Schneider,27.4
2026-07-05,MSFT,Chris Caso,5.9
2026-07-05,NEM,Unknown Analyst,15.1
2026-07-06,ABT,Vijay Kumar,9.9
2026-07-06,AIG,Vikram Gandhi,16.8
2026-07-06,ALL,Vikram Gandhi,4.1
2026-07-06,ARE,Vikram Malhotra,17.3
2026-07-06,BAC,Glenn Schorr,0.5
2026-07-06,BAX,Vijay Kumar,0.8
2026-07-06,BDX,Vijay Kumar,1.2
2026-07-06,BXP,Steve Sakwa,5.1
2026-07-06,C,Glenn Schorr,3
2026-07-06,CB,Vikram Gandhi,10.3
2026-07-06,CFG,John Pancari,13.5
2026-07-06,CVS,Rajesh Kumar,8.8
2026-07-06,DHR,Vijay Kumar,14.9
2026-07-06,DOC,Vikram Malhotra,18.2
2026-07-06,EW,Vijay Kumar,18.5
2026-07-06,EXR,Michael Griffin CFA,8.3
2026-07-06,FERG,Chad Dillard,39.3
2026-07-06,GIS,Peter Grom,-7.9
2026-07-06,GIS,Thomas Palmer,-2.4
2026-07-06,GS,Glenn Schorr,4.5
2026-07-06,HBAN,Andrew J Dietrich,15.7
2026-07-06,HBAN,John Pancari,24.6
2026-07-06,IQV,Sidharth Sahoo,-8.3
2026-07-06,ISRG,Vijay Kumar,16.5
2026-07-06,JPM,Glenn Schorr,1.1
2026-07-06,JPM,Saul Martinez,-4.6
2026-07-06,KEY,Andrew J Dietrich,12.2
2026-07-06,KEY,Vivek Juneja,12.2
2026-07-06,KR,Kelly Bania,2.6
2026-07-06,MDT,Vijay Kumar,15.4
2026-07-06,MS,Glenn Schorr,8.7
2026-07-06,MTB,John Pancari,8.4
2026-07-06,MTB,Unknown Analyst,0.1
2026-07-06,MTD,Vijay Kumar,4.4
2026-07-06,O,Anthony Paolone,10.9
2026-07-06,O,Wes Golladay,9.2
2026-07-06,ORLY,Dan Waggoner,32.8
2026-07-06,ORLY,Shaul Eyal,36.3
2026-07-06,PGR,Vikram Gandhi,1.6
2026-07-06,PNC,John Pancari,14.6
2026-07-06,PSA,Steve Sakwa,6.6
2026-07-06,PYPL,Brendan Biles,
2026-07-06,RF,David George,-7.1
2026-07-06,RF,Mike Mayo,-0.4
2026-07-06,RF,Unknown Analyst,-7.1
2026-07-06,SYK,Vijay Kumar,27
2026-07-06,TMO,Vijay Kumar,-6.5
2026-07-06,TRV,Gregory Peters,6.6
2026-07-06,TRV,Vikram Gandhi,-6.4
2026-07-06,UNH,Sidharth Sahoo,0.2
2026-07-06,USB,David Chiaverini,19.4
2026-07-06,VLO,Lloyd Byrne,-20.1
2026-07-06,XYZ,Tien Tsin Huang,26.2
2026-07-07,ACGL,Alex Scott,10.3
2026-07-07,AVGO,Hans Engel,
2026-07-07,BX,Daniel Fannon,12.8
2026-07-07,CB,Alex Scott,14.4
2026-07-07,CBRE,Benjamin Toms,
2026-07-07,CFG,Erika Najarian,16.3
2026-07-07,COIN,Bo Pei CFA,14.1
2026-07-07,COP,Nitin Kumar CFA,6.3
2026-07-07,CSX,Daniel Moore CFA,8.3
2026-07-07,CVS,Sarah James,16.2
2026-07-07,DAL,Christopher Stathoulopoulos,35.2
2026-07-07,DPZ,Jon Tower,7.5
2026-07-07,ELV,Sarah James,7.5
2026-07-07,EXPE,John Staszak,12.2
2026-07-07,FIS,Harshita Rawat,91.4
2026-07-07,FISV,Harshita Rawat,47.3
2026-07-07,FISV,Madison Suhr,
2026-07-07,FITB,Erika Najarian,18.8
2026-07-07,FOXA,Laurent Yoon,10.7
2026-07-07,FRT,Steve Sakwa,6.7
2026-07-07,GPN,Harshita Rawat,-2.6
2026-07-07,HBAN,Unknown Analyst,30.5
2026-07-07,HOOD,Unknown Analyst,39.3
2026-07-07,HUM,Sarah James,-26.8
2026-07-07,KEY,Erika Najarian,23.6
2026-07-07,KR,Michael Montani,33.4
2026-07-07,LUV,Christopher Stathoulopoulos,40.2
2026-07-07,META,Hans Engel,
2026-07-07,MO,Faham Baig,14.5
2026-07-07,NEE,Nicholas Campanella,10.6
2026-07-07,PCAR,Unknown Analyst,
2026-07-07,PNC,Erika Najarian,17.9
2026-07-07,RCL,John Staszak,26.9
2026-07-07,RF,Erika Najarian,9.5
2026-07-07,SPG,Steve Sakwa,5
2026-07-07,SPGI,Alex Kramm,27.8
2026-07-07,SYY,Jacob Aiken Phillips,
2026-07-07,TFC,Erika Najarian,9.1
2026-07-07,TRMB,Kristen Owen,
2026-07-07,TSCO,Oliver Wintermantel,21.2
2026-07-07,USB,Erika Najarian,5
2026-07-07,VRTX,Brian Skorney,-32.1
2026-07-07,WEC,Nicholas Campanella,11.1
2026-07-07,WFC,Erika Najarian,15.2
2026-07-08,ACGL,Brian Meredith,24.9
2026-07-08,AFL,Michael Ward CFA,7.6
2026-07-08,AIG,Brian Meredith,30.1
2026-07-08,AMT,Andrew Rosivach CFA,5.7
2026-07-08,AWK,Jeremy Tonet,6.8
2026-07-08,BKR,Carlos Escalante,18.5
2026-07-08,BKR,Scott Gruber,27
2026-07-08,BRO,Brian Meredith,10.3
2026-07-08,CB,Brian Meredith,9.1
2026-07-08,CB,Meyer Shields,15
2026-07-08,CCL,Tristan M. Thomas-Martin,31.9
2026-07-08,CHRW,Unknown Analyst,47.3
2026-07-08,COP,Phillip Jungwirth,-1.7
2026-07-08,CRL,Patrick B Donnelly,-4.8
2026-07-08,CSX,Bascome Majors,16.4
2026-07-08,CSX,Unknown Analyst,16.4
2026-07-08,DIS,Nilesh Bhaiya,53
2026-07-08,DTE,Shelby Tucker,25.2
2026-07-08,EFX,Unknown Analyst,18.3
2026-07-08,EXE,Lloyd Byrne,48.7
2026-07-08,EXPD,Bascome Majors,3.8
2026-07-08,EXPD,Unknown Analyst,3.8
2026-07-08,FDX,Bascome Majors,21.8
2026-07-08,FDX,Reed Seay,21.8
2026-07-08,FDXF,Bascome Majors,40.3
2026-07-08,FDXF,Unknown Analyst,40.3
2026-07-08,FIS,Unknown Analyst,15.4
2026-07-08,FISV,Tien Tsin Huang,20.2
2026-07-08,FISV,Unknown Analyst,12.4
2026-07-08,FOX,Jessica Reif Ehrlich,-7.6
2026-07-08,FRT,Andrew Rosivach CFA,25
2026-07-08,GPN,Unknown Analyst,-8.3
2026-07-08,HAL,Carlos Escalante,-5.1
2026-07-08,INVH,Michael Goldsmith,27.1
2026-07-08,JBHT,Unknown Analyst,33.1
2026-07-08,JKHY,Unknown Analyst,5.5
2026-07-08,KHC,Christopher Carey,1.6
2026-07-08,LNT,Shelby Tucker,23.4
2026-07-08,LYV,Steven Cahall,30.5
2026-07-08,MA,Unknown Analyst,12.4
2026-07-08,MCO,Unknown Analyst,
2026-07-08,MET,Michael Ward CFA,8.1
2026-07-08,MNST,Christopher Carey,21
2026-07-08,MSCI,Patrick O'Shaughnessy,37
2026-07-08,MTD,Patrick B Donnelly,19.8
2026-07-08,NCLH,Tristan M. Thomas-Martin,41.7
2026-07-08,NSC,Bascome Majors,10.5
2026-07-08,NSC,Unknown Analyst,10.5
2026-07-08,ODFL,Bascome Majors,55.7
2026-07-08,ODFL,Reed Seay,55.7
2026-07-08,PEP,Kevin Grundy,34.2
2026-07-08,PNW,Unknown Analyst,34.2
2026-07-08,PYPL,Unknown Analyst,-21.8
2026-07-08,RMD,Jonathan Block,7.7
2026-07-08,SLB,Carlos Escalante,10.6
2026-07-08,SPGI,Unknown Analyst,
2026-07-08,SYK,Unknown Analyst,51.7
2026-07-08,T,Nilesh Bhaiya,
2026-07-08,TAP,Christopher Carey,5.3
2026-07-08,UNP,Bascome Majors,15
2026-07-08,UNP,Unknown Analyst,15
2026-07-08,UPS,Reed Seay,34.6
2026-07-08,USB,Michael Rose,14.6
2026-07-08,V,Unknown Analyst,13.4
2026-07-08,VICI,Ronald Kamdem,24.8
2026-07-08,VMC,Steven Fisher,38.1
2026-07-08,WAB,Brady Lierz,13
2026-07-08,WDC,Mehdi Hosseini,11.8
2026-07-08,WFC,Michael Rose,
2026-07-08,XYZ,Unknown Analyst,26.2
2026-07-09,ABBV,Chris Schott,8.9
2026-07-09,ADP,Jason Kupferberg,-7.6
2026-07-09,AEE,Nicholas Campanella,11.5
2026-07-09,ALGN,Unknown Analyst,38.6
2026-07-09,AMP,Suneet Kamath,15.7
2026-07-09,APA,Phillip Jungwirth,0.6
2026-07-09,APH,Wamsi Mohan,10.2
2026-07-09,ARES,Devin Ryan,21.5
2026-07-09,BX,Devin Ryan,28.4
2026-07-09,CARR,Nigel Coe,39.2
2026-07-09,CL,Michael Lavery,10.6
2026-07-09,COIN,Devin Ryan,85.4
2026-07-09,COST,Christopher Horvers,21.6
2026-07-09,CPT,Nicholas Yulico,5.8
2026-07-09,DOV,Nigel Coe,38.6
2026-07-09,DPZ,David Palmer,12.3
2026-07-09,ECL,David Begleiter,21.3
2026-07-09,EMR,Nigel Coe,9.7
2026-07-09,ESS,Nicholas Yulico,12.5
2026-07-09,EXE,Unknown Analyst,21.3
2026-07-09,FAST,Nigel Coe,-4.7
2026-07-09,FDX,Brandon Oglenski,36.2
2026-07-09,FIX,Adam Bubes,27.7
2026-07-09,GEHC,Unknown Analyst,9.5
2026-07-09,GWW,Nigel Coe,
2026-07-09,HON,Nigel Coe,31
2026-07-09,HONA,Kristina Ruggeri,73.8
2026-07-09,HPE,Chad Dillard,-0.1
2026-07-09,HSIC,Unknown Analyst,-3.8
2026-07-09,HSY,Michael Lavery,15.4
2026-07-09,INTC,Chad Dillard,-2.9
2026-07-09,ISRG,Unknown Analyst,40.3
2026-07-09,ITW,Nigel Coe,6.7
2026-07-09,JBHT,William Bonello,
2026-07-09,LEN,Chris Graja,35.7
2026-07-09,LEN,Rafe Jadrosich,
2026-07-09,MET,Suneet Kamath,6
2026-07-09,MRSH,Ryan Tunis,23.2
2026-07-09,MRVL,Amanda Tan,22.8
2026-07-09,MSFT,Chad Dillard,30.3
2026-07-09,MU,Harlan Sur,57.9
2026-07-09,NDAQ,Patrick O'Shaughnessy,23.9
2026-07-09,PEP,Bonnie Herzog,32
2026-07-09,PEP,Peter Grom,16.6
2026-07-09,PEP,Robert Ottenstein,24.7
2026-07-09,PFG,Suneet Kamath,-15.6
2026-07-09,PNR,Nigel Coe,55.5
2026-07-09,PRU,Suneet Kamath,-7.7
2026-07-09,PSX,Joe Laetsch,-24.5
2026-07-09,PSX,Lloyd Byrne,-20.2
2026-07-09,REGN,Biren Amin,9.3
2026-07-09,SMCI,Chad Dillard,-7.7
2026-07-09,SOLV,Unknown Analyst,-7.4
2026-07-09,SPG,Omotayo Okusanya,7.4
2026-07-09,SRE,Nicholas Campanella,23.6
2026-07-09,SYK,David Toung,34.3
2026-07-09,SYK,Unknown Analyst,33.9
2026-07-09,TMO,Justin Bowers,3.3
2026-07-09,TRV,Ryan Tunis,-4.1
2026-07-09,TSLA,Andrew Boone,
2026-07-09,VICI,Anthony Paolone,28.9
2026-07-09,VLTO,Nigel Coe,15.8
2026-07-09,WST,Kallum Titchmarsh,5.4
2026-07-09,XEL,Nicholas Campanella,19.2
2026-07-09,XYZ,Dan Dolev,26.2
2026-07-10,ABBV,Michael Harvey,8.9
2026-07-10,ABBV,Tim Anderson,7.3
2026-07-10,ACN,Nate Svensson,-26
2026-07-10,AES,Charles Minervino,1.4
2026-07-10,AFL,Suneet Kamath,-6.3
2026-07-10,AKAM,Unknown Analyst,
2026-07-10,AME,Christopher Snyder,1.3
2026-07-10,AMP,Michael Cyprys,-12.3
2026-07-10,APD,Eric Boyes,17.4
2026-07-10,APO,Alexander Blostein,13.2
2026-07-10,BEN,Craig Siegenthaler,
2026-07-10,BIIB,Jasper Hellweg,
2026-07-10,BRO,Matthew Carletti,17.8
2026-07-10,CB,Matthew Carletti,18.3
2026-07-10,CMG,Jon Tower,24.3
2026-07-10,COP,Lloyd Byrne,17.2
2026-07-10,CTSH,Nate Svensson,-8.3
2026-07-10,CVX,Lloyd Byrne,0.9
2026-07-10,DAL,Ravi Shanker,56.4
2026-07-10,DOV,Andrew Kaplowitz,40.7
2026-07-10,DVA,A.J. Rice,48.7
2026-07-10,FICO,Rayna Kumar,
2026-07-10,FISV,Bryan Keane,10.5
2026-07-10,FOXA,Unknown Analyst,7.7
2026-07-10,FSLR,Charles Minervino,29.2
2026-07-10,FTV,Christopher Snyder,7.9
2026-07-10,GL,Suneet Kamath,-3
2026-07-10,GOOGL,Justin Patterson,31.5
2026-07-10,HSY,Peter Galbo,15.4
2026-07-10,ICE,Michael Cyprys,3.6
2026-07-10,LIN,Eric Boyes,12.6
2026-07-10,LVS,George Choi,70.4
2026-07-10,MDT,Mike Kratky,
2026-07-10,MU,Krish Sankar,64.1
2026-07-10,PEP,Christopher Carey,2.7
2026-07-10,PEP,Dara Mohsenian,17.4
2026-07-10,PEP,Kaumil Gajrawala,11.5
2026-07-10,PEP,Stephen Powers,13.7
2026-07-10,PEP,Zheng Feng Chee,3.4
2026-07-10,PH,Christopher Snyder,9.2
2026-07-10,PH,Matthew McCann CFA,
2026-07-10,PH,Unknown Analyst,
2026-07-10,PWR,Julien Dumoulin Smith,20.5
2026-07-10,RJF,Craig Siegenthaler,11.3
2026-07-10,RJF,Michael Cyprys,0.3
2026-07-10,RMD,Matthew Taylor,3.1
2026-07-10,RMD,Unknown Analyst,3.1
2026-07-10,RSG,Bryan Burgmeier,16.3
2026-07-10,SLB,James Rollyson,8.8
2026-07-10,SRE,Shelby Tucker,32
2026-07-10,TROW,Ken Worthington,0.7
2026-07-10,VTRS,Jason Gerberry,-15.2
2026-07-10,WDC,Aaron Rakers,63.2
2026-07-10,WM,Bryan Burgmeier,26
2026-07-10,WRB,David Motemaden,-2.7
2026-07-10,WY,Buck Horne,36
2026-07-12,AXP,Saul Martinez,1.3
2026-07-12,COF,Saul Martinez,9.9
2026-07-12,FCX,Bill Peterson,8.3
2026-07-12,MPC,Lloyd Byrne,-15.4
2026-07-12,SPGI,George Tong,24.7
2026-07-12,SYF,Saul Martinez,27.6
2026-07-13,ABBV,Michael Yee,1.1
2026-07-13,ABNB,Unknown Analyst,2.8
2026-07-13,ACGL,Yaron Kinar,8.2
2026-07-13,AEE,Paul Cole,7.7
2026-07-13,AEP,Nicholas Campanella,11.9
2026-07-13,AMP,Crispin Love,-7.1
2026-07-13,AON,Pablo Singzon,36.1
2026-07-13,APO,Crispin Love,20.9
2026-07-13,APO,Etienne Ricard,-2.3
2026-07-13,APO,John Barnidge,20.9
2026-07-13,BBY,Anthony Chukumba,-9.7
2026-07-13,BEN,Brennan Hawken,15.9
2026-07-13,BIIB,Salveen Richter,15.1
2026-07-13,BIIB,Thomas Shrader,
2026-07-13,BKNG,Unknown Analyst,9.2
2026-07-13,BX,Brennan Hawken,10.5
2026-07-13,CASY,Chuck Cerankosky,54.4
2026-07-13,CAT,Kristen Owen,35
2026-07-13,CB,Yaron Kinar,4.1
2026-07-13,CNC,Ann Hynes,3.9
2026-07-13,CNC,Stephen Baxter,3.9
2026-07-13,COST,Steven Shemesh,10.5
2026-07-13,CSX,Patrick Brown,14.4
2026-07-13,CVS,Ann Hynes,26.8
2026-07-13,CVX,Nitin Kumar CFA,4.6
2026-07-13,DAL,Andrew Didora,25.1
2026-07-13,DAL,David Vernon,32.6
2026-07-13,DAL,Jamie Baker,42.7
2026-07-13,DAL,John Staszak,31.4
2026-07-13,DAL,Michael Linenberg,31.4
2026-07-13,DASH,Unknown Analyst,11.4
2026-07-13,EBAY,Unknown Analyst,
2026-07-13,EFX,Ryan Griffin CFA,5.9
2026-07-13,ELV,Ann Hynes,12.2
2026-07-13,ETN,Andrew Obin,
2026-07-13,EXPE,John Colantuoni,10.4
2026-07-13,FAST,William Blunt,11.5
2026-07-13,FSLR,Unknown Analyst,19.1
2026-07-13,GEV,Unknown Analyst,25.9
2026-07-13,GWW,William Blunt,0
2026-07-13,HIG,Yaron Kinar,19.5
2026-07-13,HRL,Michael Lavery,26.4
2026-07-13,HUM,Ann Hynes,14.2
2026-07-13,IVZ,Brennan Hawken,5.3
2026-07-13,JNJ,Michael Nedelcovych,13
2026-07-13,JNJ,Shagun Singh Chadha,8.1
2026-07-13,JNJ,Steve Scala,13
2026-07-13,KKR,Crispin Love,23.7
2026-07-13,KVUE,Filippo Falorni,6.9
2026-07-13,LDOS,Seth Seifman,24.2
2026-07-13,LITE,David Vogt,3.6
2026-07-13,LITE,Joshua Buchalter,-13.7
2026-07-13,LLY,Seamus Fernandez,14.1
2026-07-13,LRCX,David Dai CFA,14
2026-07-13,MPC,Justin Jenkins,-15.4
2026-07-13,MPC,Phillip Jungwirth,-26.8
2026-07-13,MRSH,Pablo Singzon,19.8
2026-07-13,NSC,Unknown Analyst,
2026-07-13,ODFL,Patrick Brown,34
2026-07-13,OKE,Gabe Moreen,-1.7
2026-07-13,PSX,Justin Jenkins,-9.4
2026-07-13,PYPL,Matthew O'Neill,-1.3
2026-07-13,RMD,David Bailey,5.4
2026-07-13,SCHW,Brian Foran,21.2
2026-07-13,TEL,Asiya Merchant,8.5
2026-07-13,TKO,David Joyce,10.3
2026-07-13,TRV,Andrew Kligerman,-20.8
2026-07-13,TRV,Paul Newsome,-9.4
2026-07-13,TRV,Unknown Analyst,-20.8
2026-07-13,UHS,Ann Hynes,14.4
2026-07-13,UNP,Patrick Brown,27.6
2026-07-13,VLO,Justin Jenkins,-12.9
2026-07-13,VRTX,Sadia Rahman,6.7
2026-07-13,WELL,Juan C. Sanabria,4
2026-07-13,WST,Curtis Moiles,29.1
2026-07-13,XOM,Nitin Kumar CFA,2.4
2026-07-14,ACN,James Friedman,-23.9
2026-07-14,ADI,John Vinh,38.6
2026-07-14,ALL,Jimmy Bhullar,11.2
2026-07-14,ATO,Jeremy Tonet,21.3
2026-07-14,ATO,Nicholas Campanella,12.1
2026-07-14,BAC,Christopher Mcgratty,11.7
2026-07-14,BAC,Gerard Cassidy,3.7
2026-07-14,BAC,Stephen Biggar,11.7
2026-07-14,BEN,Ken Worthington,1
2026-07-14,BSX,David Roman,32.6
2026-07-14,C,Christopher Mcgratty,14.5
2026-07-14,C,Gerard Cassidy,8.1
2026-07-14,C,Stephen Biggar,8.1
2026-07-14,CHRW,Fadi Chamoun,24.4
2026-07-14,CHRW,Harrison Bauer,47.9
2026-07-14,CL,Filippo Falorni,26.7
2026-07-14,CME,Alexander Blostein,-11.8
2026-07-14,CMS,Nicholas Campanella,20.6
2026-07-14,CPT,Unknown Analyst,
2026-07-14,CSGP,Jeffrey Meuler,11.6
2026-07-14,CSX,Harrison Bauer,18.5
2026-07-14,CTVA,Edlain Rodriguez,15.6
2026-07-14,DOW,Patrick Cunningham,20.6
2026-07-14,DRI,Gregory Francfort,12
2026-07-14,EBAY,John Colantuoni,-30.4
2026-07-14,FAST,Christopher Snyder,-2.7
2026-07-14,GE,Kenneth Herbert,23.6
2026-07-14,GS,Christopher Mcgratty,9.8
2026-07-14,GS,Manan Gosalia,11.3
2026-07-14,GWW,Tommy Moll,5.9
2026-07-14,HCA,Sarah James,23
2026-07-14,HON,Christopher Snyder,21.1
2026-07-14,IBM,Abhishek Shukla,-21.5
2026-07-14,IBM,Stephen Bersey,-21.5
2026-07-14,JBHT,Harrison Bauer,20.5
2026-07-14,JPM,Gerard Cassidy,3.9
2026-07-14,KMB,Unknown Analyst,-8.3
2026-07-14,LEN,Matthew Bouley,-0.8
2026-07-14,MAA,Unknown Analyst,
2026-07-14,MGM,Trey Bowers,21.1
2026-07-14,MU,John Vinh,79.4
2026-07-14,NDAQ,Alexander Blostein,15.1
2026-07-14,NFLX,Alicia Reese,52.5
2026-07-14,NSC,Harrison Bauer,12.4
2026-07-14,ODFL,Harrison Bauer,26.8
2026-07-14,OXY,Michael Scialla,12.3
2026-07-14,OXY,Phillip Jungwirth,5.8
2026-07-14,TROW,Michael Cho,0.7
2026-07-14,UBER,Justin Patterson,46.5
2026-07-14,UNH,Matthew Gillmor CFA,25.3
2026-07-14,UNP,Harrison Bauer,17.1
2026-07-14,VLO,Vikram Bagri,-22.6
2026-07-14,VMC,Adam Thalhimer,38.5
2026-07-14,WAT,Evie Koslosky,4.1
2026-07-14,WFC,Christopher Mcgratty,4.1
2026-07-14,WFC,Gerard Cassidy,10.8
2026-07-14,WM,Jerry Revich,25.6
2026-07-14,WMB,Theresa Chen,3
2026-07-14,WY,George Staphos,22.4
2026-07-14,WYNN,Trey Bowers,60.8
2026-07-14,XOM,Neil Mehta,-5.4
2026-07-15,ACN,Sachin Mittal,-27.7
2026-07-15,ANET,Hans Engel,
2026-07-15,APA,Josh Silverstein,-8.3
2026-07-15,APTV,Alexander Perry,
2026-07-15,AWK,Nicholas Campanella,-5.6
2026-07-15,BA,Charles Minervino,35.4
2026-07-15,BAC,Ben Gerlinger,5.3
2026-07-15,BAC,David George,-1.1
2026-07-15,BAC,John McDonald CFA,
2026-07-15,BAC,Mike Mayo,10.1
2026-07-15,BALL,Gabrial Hajde,18.5
2026-07-15,BAX,David Roman,-11.8
2026-07-15,BLK,Craig Siegenthaler,22.3
2026-07-15,BLK,Stephen Biggar,
2026-07-15,BNY,Alexander Blostein,8.8
2026-07-15,BNY,Gerard Cassidy,3.3
2026-07-15,BNY,Hans Engel,
2026-07-15,BNY,Mike Mayo,-0.4
2026-07-15,C,David Chiaverini,18.9
2026-07-15,C,Ebrahim Poonawala,26.8
2026-07-15,C,John McDonald CFA,
2026-07-15,C,Mike Mayo,18.9
2026-07-15,CCL,Andrew Didora,84.6
2026-07-15,CDNS,Unknown Analyst,55.5
2026-07-15,CEG,Ross Fowler,26.8
2026-07-15,CEG,Sophie Karp,12.7
2026-07-15,CHRW,Jeff Kauffman,53.8
2026-07-15,CHRW,Unknown Analyst,53.8
2026-07-15,CMG,Danilo Gargiulo,38.1
2026-07-15,CSX,Jeff Kauffman,
2026-07-15,CSX,Nathan Martin,10.3
2026-07-15,CSX,Unknown Analyst,
2026-07-15,CTAS,George Tong,14.6
2026-07-15,DPZ,Brian Harbour,18.7
2026-07-15,DVN,Josh Silverstein,7.5
2026-07-15,ELV,Amit Daryanani,
2026-07-15,ELV,Ben Hendrix,1.3
2026-07-15,ELV,Jason Cassorla,8.7
2026-07-15,ELV,Scott Fidel,-5.7
2026-07-15,EVRG,Paul Zimbardo CFA,26.2
2026-07-15,EVRG,Unknown Analyst,26.2
2026-07-15,EW,Anthony Petrone,24.5
2026-07-15,EXPD,Jeff Kauffman,
2026-07-15,EXPD,Unknown Analyst,
2026-07-15,EXR,RJ Milligan,12.6
2026-07-15,FANG,Phillip Jungwirth,4.9
2026-07-15,FAST,Kenneth Newman,
2026-07-15,FAST,Sam Darkatsh,
2026-07-15,FAST,Stephen Volkmann,5.4
2026-07-15,FDX,Jeff Kauffman,20.2
2026-07-15,FDX,Unknown Analyst,20.2
2026-07-15,FDXF,Jeff Kauffman,48.1
2026-07-15,FDXF,Unknown Analyst,48.1
2026-07-15,FIX,Hans Engel,
2026-07-15,GOOGL,Ygal Arounian,31.5
2026-07-15,GS,Brennan Hawken,11.7
2026-07-15,GS,Kian Abouhossein,-7.2
2026-07-15,GS,Mike Mayo,28.7
2026-07-15,HAL,Unknown Analyst,17.2
2026-07-15,HCA,Andrew Cooper,
2026-07-15,IBM,Jim Kelleher,15.1
2026-07-15,IBM,Param Singh,43.9
2026-07-15,ICE,Patrick Moley,20.7
2026-07-15,ISRG,Anthony Petrone,8.4
2026-07-15,JBHT,Jeff Kauffman,
2026-07-15,JBHT,Jordan Alliger,-3.5
2026-07-15,JBHT,Unknown Analyst,
2026-07-15,JNJ,Rick Wise,-2.1
2026-07-15,JPM,David George,-14.4
2026-07-15,JPM,John McDonald CFA,
2026-07-15,KDP,Filippo Falorni,17.9
2026-07-15,LEN,Anthony Pettinari,10.6
2026-07-15,LNT,James Thalacker,23.4
2026-07-15,MCD,Zachary Fadem,18.8
2026-07-15,MGM,Lizzie Dove,7.8
2026-07-15,MRK,Geoff Meacham,-13.2
2026-07-15,MRSH,Paul Newsome,2.9
2026-07-15,MRVL,Stephan Lingnau,
2026-07-15,MTB,David Chiaverini,25.1
2026-07-15,MTB,Gerard Cassidy,6.3
2026-07-15,NOW,Gregg Moskowitz,5.6
2026-07-15,NOW,Jeff Jones,5.6
2026-07-15,PANW,Ivan Feinseth,30
2026-07-15,PGR,Matthew Heimermann,19.9
2026-07-15,PNC,David Chiaverini,24.9
2026-07-15,PNC,Gerard Cassidy,11.8
2026-07-15,PNC,Michael Rose,12.6
2026-07-15,PNC,Stephen Biggar,14.6
2026-07-15,PNR,Brian K. Lee,27.3
2026-07-15,PNR,Scott Graham,
2026-07-15,PNR,Stephen Volkmann,59.1
2026-07-15,PSA,RJ Milligan,
2026-07-15,QCOM,Frank Lee CFA,-1.1
2026-07-15,ROL,Marc VanT Sant,32.5
2026-07-15,SBUX,Danilo Gargiulo,11.4
2026-07-15,SNPS,Unknown Analyst,43.4
2026-07-15,STX,Mark Newman,20.5
2026-07-15,STZ,Peter Grom,37.2
2026-07-15,SW,Gabrial Hajde,20.3
2026-07-15,T,Maher Yaghi,12.2
2026-07-15,T,Unknown Analyst,
2026-07-15,TAP,Filippo Falorni,7.9
2026-07-15,TJX,Hans Engel,
2026-07-15,UAL,Andrew Didora,36.6
2026-07-15,UNH,Jessica Tassan,25.3
2026-07-15,UNP,Jeff Kauffman,23.1
2026-07-15,UNP,Unknown Analyst,23.1
2026-07-15,UPS,Jeff Kauffman,
2026-07-15,UPS,Unknown Analyst,
2026-07-15,VMC,Patrick Brown,26.6
2026-07-15,VST,Ross Fowler,36.1
2026-07-15,VST,Sophie Karp,46.2
2026-07-15,VTR,Unknown Analyst,26.7
2026-07-15,VZ,Michael Funk,-5.2
2026-07-15,WELL,Unknown Analyst,13.7
2026-07-15,WFC,Ben Gerlinger,-0.3
2026-07-15,WFC,David Chiaverini,10.8
2026-07-15,WFC,David George,1.9
2026-07-15,WM,Adam Bubes,26.5
2026-07-15,WMB,Julien Dumoulin Smith,16.7
2026-07-15,WTW,Joshua Shanker,
2026-07-15,WYNN,Daniel Politzer,52.8
2026-07-16,ABT,Shagun Singh Chadha,27.5
2026-07-16,AEE,Jeremy Tonet,30.6
2026-07-16,BLK,Alex Bond,20.4
2026-07-16,BLK,Benjamin Budish,34.3
2026-07-16,BLK,Brian Bedell,16.5
2026-07-16,BLK,Ken Worthington,26.3
2026-07-16,BLK,Michael Brown,22.3
2026-07-16,BLK,Michael Cho,26.3
2026-07-16,BLK,Michael Cyprys,37.8
2026-07-16,BNY,Christopher Mcgratty,8.8
2026-07-16,BNY,David Smith -CFA,9.4
2026-07-16,CFG,Christopher Mcgratty,12.1
2026-07-16,CFG,David Chiaverini,27.7
2026-07-16,CFG,Gerard Cassidy,12.1
2026-07-16,CFG,Ryan Nash,19.2
2026-07-16,CHD,Andrea Faria Teixeira,11.5
2026-07-16,CMCSA,Sebastiano Petti,15.1
2026-07-16,CTAS,Andrew Wittmann,6.2
2026-07-16,CTAS,Jason Haas CFA,24.1
2026-07-16,CTAS,Jasper Bibb,
2026-07-16,CTAS,John Eade,14.1
2026-07-16,CTAS,Joshua Chan,14.1
2026-07-16,CTAS,Manav Patnaik,21.6
2026-07-16,CTAS,Shlomo Rosenbaum,-5.7
2026-07-16,CTAS,Tim Mulrooney,
2026-07-16,CTSH,Sachin Mittal,-11.7
2026-07-16,CVX,Manav Gupta,2.8
2026-07-16,DDOG,Eric Heath,44.7
2026-07-16,DOW,Duffy Fischer,17.1
2026-07-16,DUK,Carly Davenport,21.4
2026-07-16,DVN,John Freeman,27.4
2026-07-16,ELV,David S Macdonald,13.4
2026-07-16,ELV,David Windley,7.5
2026-07-16,ELV,Michael Ha,-6.1
2026-07-16,ELV,Stephen Baxter,13
2026-07-16,EXC,Carly Davenport,4.3
2026-07-16,FAST,Guy Hardwick,-6.7
2026-07-16,FAST,Kristina Ruggeri,11.5
2026-07-16,FE,Unknown Analyst,17.1
2026-07-16,FLEX,Paul Meeks,29.6
2026-07-16,FOXA,Jason Bazinet,18.3
2026-07-16,GE,Gautam Khanna,17.4
2026-07-16,GE,John Godyn,33.2
2026-07-16,GS,Ben Gerlinger,16.6
2026-07-16,GS,Ebrahim Poonawala,26.3
2026-07-16,ISRG,Shagun Singh Chadha,55.8
2026-07-16,JBHT,Bascome Majors,36.8
2026-07-16,JBHT,Brandon Oglenski,10.9
2026-07-16,JBHT,Brian Ossenbeck,15.7
2026-07-16,JBHT,Daniel Moore CFA,18.3
2026-07-16,JBHT,Jason Seidl,9.8
2026-07-16,JBHT,Ken Hoexter,25.7
2026-07-16,JBHT,Lucas Servera,9.1
2026-07-16,JBHT,Patrick Brown,16.5
2026-07-16,JBHT,Ravi Shanker,-26
2026-07-16,JBHT,Thomas Wadewitz,7.6
2026-07-16,JNJ,Chris Schott,1.7
2026-07-16,JNJ,Ilya Zubkov,5.4
2026-07-16,JNJ,Jayson Bedford,-0.2
2026-07-16,JPM,Glenn Thum,6.7
2026-07-16,KDP,Stephen Powers,-4.4
2026-07-16,MO,Simon Hales,1.5
2026-07-16,MS,Christopher Mcgratty,16.6
2026-07-16,MS,Kian Abouhossein,-9
2026-07-16,MS,Mike Mayo,12
2026-07-16,MS,Unknown Analyst,21.7
2026-07-16,MSFT,Josh Baer,31.1
2026-07-16,MTB,Christopher Mcgratty,4.2
2026-07-16,MTB,David George,4.2
2026-07-16,MTB,Manan Gosalia,5.5
2026-07-16,MTB,Mike Mayo,-6.6
2026-07-16,MTB,Peter Winter,10.9
2026-07-16,NFLX,Kannan Venkateshwar,3.4
2026-07-16,NFLX,Steven Cahall,3.4
2026-07-16,NOW,Andrew Sherman,5.6
2026-07-16,PANW,Connor Murphy,27.3
2026-07-16,PEP,Filippo Falorni,
2026-07-16,PG,Andrea Faria Teixeira,11.5
2026-07-16,PGR,Paul Newsome,10.7
2026-07-16,PLD,Tom Catherwood,25.2
2026-07-16,PNC,Andrew Terrell,12.6
2026-07-16,PNC,Chris Kotowski,15.1
2026-07-16,PNC,Christopher Mcgratty,6.5
2026-07-16,PNC,David George,14.6
2026-07-16,PNC,Ebrahim Poonawala,19.1
2026-07-16,PNC,John McDonald CFA,
2026-07-16,PNC,Mike Mayo,16.7
2026-07-16,PSKY,Laurent Yoon,13.2
2026-07-16,RDDT,John Colantuoni,58.5
2026-07-16,SRE,Unknown Analyst,30.8
2026-07-16,STT,Gerard Cassidy,1.3
2026-07-16,STT,Stephen Biggar,9.6
2026-07-16,TKO,Unknown Analyst,31.4
2026-07-16,UAL,Catherine O'Brien,50.2
2026-07-16,UAL,Christopher Stathoulopoulos,50.2
2026-07-16,UNH,Ben Hendrix,26.1
2026-07-16,UNH,Scott Fidel,29.3
2026-07-16,WEC,Carly Davenport,2.5
2026-07-16,WFC,Stephen Biggar,
2026-07-17,ABT,Jayson Bedford,
2026-07-17,ABT,Unknown Analyst,32.4
2026-07-17,AEE,Stephen D'Ambrisi,8.7
2026-07-17,ALB,Rock Hoffman,31.9
2026-07-17,AMCR,Ketan Mamtora,11.1
2026-07-17,APD,James Hooper,18.4
2026-07-17,APD,Peter Clark,18.4
2026-07-17,BAC,Glenn Thum,8.5
2026-07-17,BLK,Brennan Hawken,20.4
2026-07-17,BNY,Ebrahim Poonawala,7.6
2026-07-17,CFG,David George,6.4
2026-07-17,CFG,Ebrahim Poonawala,16.3
2026-07-17,CFG,Manan Gosalia,12.1
2026-07-17,CFG,Matthew Breese,-0.7
2026-07-17,CFG,Peter Winter,20.6
2026-07-17,CNC,Joanna Gajuk,11.4
2026-07-17,D,Stephen D'Ambrisi,18.1
2026-07-17,DUK,Stephen D'Ambrisi,12.2
2026-07-17,ECHO,Ric Prentiss,23.5
2026-07-17,ED,Stephen D'Ambrisi,3.3
2026-07-17,ELV,Erin Wright,-3.5
2026-07-17,ELV,Ryan Langston,11.1
2026-07-17,ELV,Whit Mayo,-5.7
2026-07-17,ETR,Stephen D'Ambrisi,19.6
2026-07-17,EVRG,Stephen D'Ambrisi,16.4
2026-07-17,EXC,Stephen D'Ambrisi,11.2
2026-07-17,FITB,Gerard Cassidy,13.3
2026-07-17,FITB,Mike Mayo,22.4
2026-07-17,FITB,Peter Winter,18.8
2026-07-17,GD,Douglas Harned,11.8
2026-07-17,GE,Charles Minervino,32.9
2026-07-17,GE,Gavin Parsons,34.4
2026-07-17,GE,Kristine Liwag,23.6
2026-07-17,GIS,Alexia Burland Howard,-13.5
2026-07-17,HII,Douglas Harned,20.5
2026-07-17,HUBB,Chad Dillard,26.8
2026-07-17,IFF,Daniel Lungo,17.2
2026-07-17,ISRG,Brandon Vazquez,
2026-07-17,ISRG,David Rescott,35.4
2026-07-17,ISRG,Jayson Bedford,30.8
2026-07-17,ISRG,Mike Kratky,23
2026-07-17,ISRG,Richard Newitter,38.2
2026-07-17,ISRG,Rick Wise,49
2026-07-17,JBHT,J. Bruce Chan,8
2026-07-17,JNJ,David Risinger,3.9
2026-07-17,KHC,Alexia Burland Howard,-14.6
2026-07-17,KMI,Ameet Thakkar,16.7
2026-07-17,KR,Edward Kelly,-0.8
2026-07-17,LHX,Douglas Harned,64.9
2026-07-17,LIN,Matthew DeYoe,18
2026-07-17,LIN,Steve Byrne,18
2026-07-17,LLY,David Risinger,
2026-07-17,LMT,Douglas Harned,17.1
2026-07-17,LNT,Stephen D'Ambrisi,18.9
2026-07-17,MCD,Ivan Feinseth,54.4
2026-07-17,MCO,Surinder Thind,28.4
2026-07-17,MKC,Alexia Burland Howard,32.5
2026-07-17,MS,Ben Gerlinger,9.6
2026-07-17,MS,Brennan Hawken,16.6
2026-07-17,MS,Ebrahim Poonawala,16.6
2026-07-17,MS,Gerard Cassidy,13.4
2026-07-17,MS,Mikhail Paramonov,14.3
2026-07-17,MSCI,Surinder Thind,37
2026-07-17,NCLH,David Katz,21.5
2026-07-17,NFLX,Andrew Marok,
2026-07-17,NFLX,Barton Crockett,-3.1
2026-07-17,NFLX,Brian White,
2026-07-17,NFLX,David Joyce,31.8
2026-07-17,NFLX,David Plaus,61.5
2026-07-17,NFLX,Eric Sheridan,21.4
2026-07-17,NFLX,James Heaney CFA,16.3
2026-07-17,NFLX,Jason Helfstein,9.8
2026-07-17,NFLX,Jeffrey Wlodarczak,-9.6
2026-07-17,NFLX,Jessica Reif Ehrlich,35.7
2026-07-17,NFLX,John Blackledge,29.2
2026-07-17,NFLX,John Hodulik,48.6
2026-07-17,NFLX,Justin Patterson,18.9
2026-07-17,NFLX,Laura Martin,55
2026-07-17,NFLX,Laurent Yoon,22.7
2026-07-17,NFLX,Maria Ripps,61.5
2026-07-17,NFLX,Mark Mahaney,29.2
2026-07-17,NFLX,Michael Morris,-3.1
2026-07-17,NFLX,Ralph Schackart,
2026-07-17,NFLX,Sean Diffley,7.2
2026-07-17,NFLX,Thomas Champion,9.8
2026-07-17,NFLX,Tommy Lai,-3.1
2026-07-17,NFLX,Unknown Analyst,-3.1
2026-07-17,NI,Stephen D'Ambrisi,25.6
2026-07-17,NOC,Douglas Harned,27.2
2026-07-17,NOW,Sanjit Singh,35.8
2026-07-17,OXY,Scott Gruber,-2.4
2026-07-17,PEG,Stephen D'Ambrisi,11.9
2026-07-17,PLD,Dave Rodgers,
2026-07-17,PLD,Vikram Malhotra,17.1
2026-07-17,PNW,Stephen D'Ambrisi,3
2026-07-17,PPG,James Hooper,23.2
2026-07-17,PWR,Ameet Thakkar,23
2026-07-17,PWR,Chad Dillard,11.4
2026-07-17,PWR,Unknown Analyst,
2026-07-17,PYPL,Harshita Rawat,2.4
2026-07-17,RF,David Chiaverini,6.2
2026-07-17,RF,Gerard Cassidy,12.8
2026-07-17,RF,Manan Gosalia,16.2
2026-07-17,RVTY,Puneet Souda,
2026-07-17,SHW,Daniel Lungo,18.5
2026-07-17,SO,Stephen D'Ambrisi,15.9
2026-07-17,STT,Alexander Blostein,9.1
2026-07-17,STT,Ben Gerlinger,8.6
2026-07-17,STT,David Konrad,11.2
2026-07-17,STT,David Smith CFA,-1.2
2026-07-17,STT,James Mitchell,10.7
2026-07-17,STT,Mike Mayo,11.2
2026-07-17,TRV,Adam Klauber,
2026-07-17,TSCO,Bobby Griffin,21.2
2026-07-17,TSCO,Steven Zaccone,12.1
2026-07-17,UAL,Ravi Shanker,73
2026-07-17,UBER,Unknown Analyst,39.5
2026-07-17,UNH,A.J. Rice,29.3
2026-07-17,UNH,David S Macdonald,31.9
2026-07-17,UNH,David Toung,24
2026-07-17,UNH,Erin Wright,39.5
2026-07-17,UNH,Kevin Fischbeck,35.1
2026-07-17,UNH,Michael Ha,19.5
2026-07-17,UNH,Michael Wiederhorn,31.9
2026-07-17,UNH,Whit Mayo,
2026-07-17,USB,Andrew Terrell,6.6
2026-07-17,USB,Chris Kotowski,22.5
2026-07-17,USB,Christopher Mcgratty,5
2026-07-17,USB,David George,8.2
2026-07-17,USB,Ebrahim Poonawala,8.2
2026-07-17,USB,Mike Mayo,9.8
2026-07-17,USB,Peter Winter,17.8
2026-07-17,WEC,Stephen D'Ambrisi,17.7
2026-07-17,WFC,Glenn Thum,27.4
2026-07-17,XEL,Stephen D'Ambrisi,24.5
2026-07-19,UAL,Sheila Kahyaoglu,41.1
2026-07-19,UNH,Ryan Langston,13.4
2026-07-20,ABNB,Eric Sheridan,-8.9
2026-07-20,ADBE,Bhavtosh Vajpayee,18.9
2026-07-20,APO,Vikram Gandhi,12.4
2026-07-20,BKNG,Eric Sheridan,23.6
2026-07-20,BMY,Asad Haider,-4.1
2026-07-20,BNY,Glenn Schorr,-2.9
2026-07-20,BX,Vikram Gandhi,5.1
2026-07-20,CAH,Allen Lutz,10.8
2026-07-20,CAH,Kevin Caliendo,16.8
2026-07-20,CB,Pablo Singzon,10.6
2026-07-20,COP,Stephen Richardson,5.6
2026-07-20,CPT,Peter Abramowitz,10.7
2026-07-20,CRL,Michael Luo CFA,-21.3
2026-07-20,CRM,Bhavtosh Vajpayee,-33.4
2026-07-20,DDOG,Patrick Walravens,40.6
2026-07-20,DIS,John Hodulik,24.8
2026-07-20,DPZ,Danilo Gargiulo,25.2
2026-07-20,DPZ,Logan Reich,12.3
2026-07-20,DPZ,Peter Saleh,36.4
2026-07-20,ETR,Nicholas Campanella,21.5
2026-07-20,EVRG,Nicholas Campanella,12.7
2026-07-20,FITB,Christopher Mcgratty,9.6
2026-07-20,FITB,Ebrahim Poonawala,18.8
2026-07-20,FITB,John Pancari,9.6
2026-07-20,GE,David E. Strauss,20.5
2026-07-20,GE,Noah Poponak,
2026-07-20,GE,Seth Seifman,23.6
2026-07-20,GILD,Daina Graybosch,-11.6
2026-07-20,GS,Saul Martinez,-3.3
2026-07-20,INTC,Unknown Analyst,-41.7
2026-07-20,JPM,Christopher Mcgratty,7.8
2026-07-20,JPM,Matthew Kelley,7.8
2026-07-20,KKR,Vikram Gandhi,19.7
2026-07-20,KO,Stephen Powers,4.2
2026-07-20,LNT,Nicholas Campanella,8.5
2026-07-20,LYV,Batya Levi,22.2
2026-07-20,MAA,Peter Abramowitz,9.8
2026-07-20,MCHP,Joseph Quatrochi,18.6
2026-07-20,MO,Alexia Burland Howard,-14.5
2026-07-20,MS,Saul Martinez,0.3
2026-07-20,MSFT,Bhavtosh Vajpayee,7.9
2026-07-20,MSFT,Brad Zelnick,11
2026-07-20,NFLX,Helena Wang,42.1
2026-07-20,NFLX,Markus Leistner,
2026-07-20,NOW,Bhavtosh Vajpayee,-45.7
2026-07-20,NOW,Gil Luria,28.3
2026-07-20,ORCL,Bhavtosh Vajpayee,-3.5
2026-07-20,PANW,Joseph Bonner,28.5
2026-07-20,PAYX,Ramsey El Assal,-7.6
2026-07-20,PEG,Nicholas Campanella,14.7
2026-07-20,PEG,Paul Zimbardo CFA,7.7
2026-07-20,PEP,Nik Modi,18.1
2026-07-20,PG,Peter Grom,18.4
2026-07-20,PM,Callum Elliott,-8.4
2026-07-20,PPL,Ross Fowler,14.4
2026-07-20,RF,Christopher Mcgratty,9.5
2026-07-20,RF,Dave Rochester,16.2
2026-07-20,RF,Ebrahim Poonawala,9.5
2026-07-20,RF,John Pancari,2.9
2026-07-20,SCHW,Brennan Hawken,-2.1
2026-07-20,SO,Nicholas Campanella,15.9
2026-07-20,SPG,Caitlin Burrows,17.7
2026-07-20,STLD,Lawson Winder,8.4
2026-07-20,STT,Ebrahim Poonawala,1.9
2026-07-20,STT,Glenn Schorr,3.4
2026-07-20,SYY,Danilo Gargiulo,2.2
2026-07-20,TAP,Nadine Sarwat,15.6
2026-07-20,TER,Timothy Arcuri,31.7
2026-07-20,TFC,Christopher Mcgratty,9.1
2026-07-20,TFC,David George,11.1
2026-07-20,TFC,Ebrahim Poonawala,11.1
2026-07-20,TFC,John Pancari,13.1
2026-07-20,TFC,Ryan Nash,17.1
2026-07-20,TFC,Stephen Biggar,15.1
2026-07-20,TPR,Rick Patel,39.3
2026-07-20,TRV,David Motemaden,-9.9
2026-07-20,TRV,Elyse Greenspan,-5.1
2026-07-20,TRV,Joshua Shanker,-18.2
2026-07-20,TRV,Matthew Heimermann,2.6
2026-07-20,TRV,Robert Cox CFA,-6.7
2026-07-20,TSCO,Peter Benedict,15.1
2026-07-20,USB,John Pancari,14.6
2026-07-20,VMRK,Peter Abramowitz,9.9
2026-07-20,WDAY,Bhavtosh Vajpayee,-50.5
2026-07-20,WRB,Alex Scott,-11.3
2026-07-20,WRB,Joshua Shanker,-1.3
2026-07-20,WRB,Robert Cox CFA,11.6
2026-07-20,WRB,Ryan Tunis,5.9
2026-07-21,ABBV,Asad Haider,-5.1
2026-07-21,AEE,Shahriar Pourreza,14.4
2026-07-21,ARES,Michael Cyprys,21.5
2026-07-21,ATO,Constantine Lednev,22.6
2026-07-21,AWK,Shahriar Pourreza,-4.9
2026-07-21,BIIB,Yatin Suneja,28.9
2026-07-21,BNY,Ben Gerlinger,5.7
2026-07-21,BNY,Stephen Biggar,10.7
2026-07-21,BXP,Vikram Malhotra,5.1
2026-07-21,CB,Joshua Shanker,-7.2
2026-07-21,CB,Robert Cox CFA,14.1
2026-07-21,CB,Ryan Tunis,-0.4
2026-07-21,CFG,Ben Gerlinger,19.2
2026-07-21,CFG,Brian Foran,13.5
2026-07-21,CNP,Ross Fowler,9.9
2026-07-21,COF,Jon Arfstrom,12.8
2026-07-21,COHR,Samik Chatterjee,42.5
2026-07-21,COIN,Madison Suhr,-9.8
2026-07-21,CPT,Unknown Analyst,22.3
2026-07-21,CSCO,Samik Chatterjee,29.3
2026-07-21,DDOG,Howard Ma,35.6
2026-07-21,DECK,Unknown Analyst,63.7
2026-07-21,DELL,Samik Chatterjee,-3
2026-07-21,DHI,Michael Dahl,-9.3
2026-07-21,DHI,Susan Maklari,37.8
2026-07-21,DHR,Dan Leonard,7.4
2026-07-21,DHR,Subbu Nambi,-0.1
2026-07-21,DPZ,Andrew Strelzik,34.8
2026-07-21,DPZ,Lauren Silberman,28.4
2026-07-21,DRI,John Ivankoe,7.2
2026-07-21,DVN,Charles Minervino,25.4
2026-07-21,DVN,Unknown Analyst,-12.4
2026-07-21,EFX,Andrew Nicholas,
2026-07-21,EFX,John Eade,
2026-07-21,EME,Unknown Analyst,5.7
2026-07-21,EOG,Charles Minervino,15.4
2026-07-21,EOG,Subash Chandra,
2026-07-21,EQT,Leo Mariani,-3.8
2026-07-21,EQT,Neal Dingmann,
2026-07-21,EQT,Neil Mehta,11
2026-07-21,ES,Shahriar Pourreza,10.9
2026-07-21,ESS,Unknown Analyst,22.4
2026-07-21,ETR,Shahriar Pourreza,24.4
2026-07-21,EW,Travis Steed,18.5
2026-07-21,FANG,Charles Minervino,24.4
2026-07-21,FANG,Josh Silverstein,18.6
2026-07-21,FCX,Ralph M. Profiti,12.6
2026-07-21,FE,Shahriar Pourreza,19.2
2026-07-21,FITB,Kevin Heal,15.1
2026-07-21,FITB,Unknown Analyst,15.1
2026-07-21,GM,Alexander Perry,23.8
2026-07-21,GM,Michael Ward,53
2026-07-21,GM,Mickey Legg,22.6
2026-07-21,GPC,Kate McShane,1
2026-07-21,HAL,Keith Mackey,25.6
2026-07-21,HAL,Neil Mehta,17.2
2026-07-21,HAS,Keegan Cox,9.2
2026-07-21,HAS,Kylie Cohu,20.2
2026-07-21,HAS,Stephen Laszczyk,27.8
2026-07-21,HLT,Daniel Politzer,19.2
2026-07-21,HLT,Kevin Kopelman,27.4
2026-07-21,HST,Daniel Politzer,12.4
2026-07-21,IBKR,Brennan Hawken,20.4
2026-07-21,IBM,Brian Essex,2.8
2026-07-21,ICE,Ken Worthington,14.4
2026-07-21,INTC,Stacy Rasgon,-2.9
2026-07-21,ISRG,Robbie Marcus,21.9
2026-07-21,ISRG,Unknown Analyst,
2026-07-21,JPM,Ben Gerlinger,1.1
2026-07-21,KEY,Gerard Cassidy,14.5
2026-07-21,KIM,Floris van Dijkum,29.4
2026-07-21,KMI,Elvira Scotto,13.4
2026-07-21,LITE,Samik Chatterjee,25.7
2026-07-21,LNT,Shahriar Pourreza,20.4
2026-07-21,MAA,Unknown Analyst,33
2026-07-21,META,Dominic Ball,54.3
2026-07-21,META,Josh Beck,31.2
2026-07-21,MMM,Deane Dray,-20
2026-07-21,MMM,Nigel Coe,21.8
2026-07-21,MRSH,Adam Klauber,
2026-07-21,MRSH,Joshua Shanker,2.9
2026-07-21,MRSH,Robert Cox CFA,11.4
2026-07-21,MRSH,Rowland Mayor,13.1
2026-07-21,MSCI,Ashish Sabadra,18.1
2026-07-21,MSCI,George Tong,21
2026-07-21,MTB,Brian Foran,11.7
2026-07-21,NOC,Kenneth Herbert,23.3
2026-07-21,NTAP,Samik Chatterjee,-12.2
2026-07-21,OKE,Elvira Scotto,-6.9
2026-07-21,OMC,Adrien Hilaire,0
2026-07-21,PEP,Lauren Lieberman,4.2
2026-07-21,PFG,Wesley Carmichael,-2.7
2026-07-21,PLD,Michael Lewis,19.3
2026-07-21,PNC,Ben Gerlinger,18.7
2026-07-21,PNR,Brett Linzey,50.2
2026-07-21,PPL,Shahriar Pourreza,26.2
2026-07-21,RF,Ben Gerlinger,19.5
2026-07-21,RF,Brian Foran,12.8
2026-07-21,RF,Peter Winter,12.8
2026-07-21,RL,Ike Boruchow,25.3
2026-07-21,ROP,Brett Linzey,-13.8
2026-07-21,SCHW,Alexander Blostein,19.3
2026-07-21,SCHW,Patrick Moley,10
2026-07-21,SYF,Jon Arfstrom,5.3
2026-07-21,TAP,Bonnie Herzog,25.9
2026-07-21,TFC,Andrew Terrell,13.1
2026-07-21,TRV,Alex Scott,-15.2
2026-07-21,TRV,Bob Huang,-12
2026-07-21,TRV,Brian Meredith,2.1
2026-07-21,TRV,Cave Montazeri,-3.3
2026-07-21,TRV,Harry Fong,13.3
2026-07-21,TRV,Meyer Shields,-0.6
2026-07-21,TRV,Michael Zaremski,1
2026-07-21,TXN,Christopher Rolland,26.5
2026-07-21,UAL,Jamie Baker,84.8
2026-07-21,UDR,Unknown Analyst,39.5
2026-07-21,UNH,Ann Hynes,30
2026-07-21,UNH,Lisa Gill,36.1
2026-07-21,USB,Ben Gerlinger,14.6
2026-07-21,WDC,Joseph Cardoso,59.9
2026-07-21,WRB,Elyse Greenspan,-2.7
2026-07-21,WRB,Mark Hughes,18.7
2026-07-21,WRB,Meyer Shields,0.1
2026-07-21,WRB,Yaron Kinar,5.9
2026-07-21,XYL,Mark Strouse,21.5
2026-07-22,ABBV,Courtney Breen,-12.5
2026-07-22,ADSK,John Difucci,15.3
2026-07-22,ADSK,Unknown Analyst,15.3
2026-07-22,AEE,James Thalacker,13.4
2026-07-22,AFL,Andrew Kligerman,-4.6
2026-07-22,AMCR,Ramoun Lazar,6.1
2026-07-22,CB,Adam Klauber,
2026-07-22,CB,Cave Montazeri,4.7
2026-07-22,CB,Elyse Greenspan,5.2
2026-07-22,CB,Harry Fong,21.2
2026-07-22,CB,Paul Newsome,10.6
2026-07-22,CCI,Ari Klein,25.6
2026-07-22,CHRW,Richa Harnain,44
2026-07-22,CME,Ashish Sabadra,9.6
2026-07-22,CME,Craig Siegenthaler,-16.5
2026-07-22,COF,Bill Carcache,21.9
2026-07-22,COF,Brian Foran,
2026-07-22,COF,Jeffrey Adelson,31.1
2026-07-22,COF,John Hecht,44
2026-07-22,COF,John Pancari,6.6
2026-07-22,COF,Richard Shane,18.1
2026-07-22,COF,Sanjay Sakhrani,39.2
2026-07-22,COF,Vincent Caintic,24.3
2026-07-22,CSX,Jordan Alliger,-1.9
2026-07-22,DDOG,Andrew Sherman,35.6
2026-07-22,DHI,Jade Rahmani,21.1
2026-07-22,DHI,John Lovallo,49.4
2026-07-22,DHI,Jonathan Bettenhausen,8.8
2026-07-22,DHI,Matthew Bouley,2.3
2026-07-22,DHI,Rafe Jadrosich,8.8
2026-07-22,DHI,Ryan Gilbert,33.4
2026-07-22,DHI,Stephen Kim,28.4
2026-07-22,DHR,Aristotelis Moutopoulos,4.9
2026-07-22,DHR,Brandon Couillard,-2.6
2026-07-22,DHR,Daniel Arias,9.9
2026-07-22,DHR,Daniel Brennan,17.9
2026-07-22,DHR,Justin Bowers,19.9
2026-07-22,DHR,Matt Larew,
2026-07-22,DHR,Patrick B Donnelly,14.9
2026-07-22,EFX,Arthur Truslove,30.2
2026-07-22,EFX,Curtis Nagle,24.3
2026-07-22,EFX,Faiza Alwy,23.1
2026-07-22,EFX,Jeffrey Meuler,37.3
2026-07-22,EFX,Jeffrey Silber,5.9
2026-07-22,EFX,Manav Patnaik,18.3
2026-07-22,EFX,Owen Lau,12.4
2026-07-22,EFX,Shlomo Rosenbaum,39.1
2026-07-22,EFX,Toni Kaplan,33.1
2026-07-22,EQT,Gabriel Daoud,
2026-07-22,EQT,Lloyd Byrne,38.7
2026-07-22,EQT,Michael Scialla,33.2
2026-07-22,EVRG,Ross Fowler,11.5
2026-07-22,EXC,Shahriar Pourreza,15.8
2026-07-22,FICO,Jeffrey Silber,72.5
2026-07-22,GEV,Andrew Obin,36.8
2026-07-22,GEV,Joe Ritchie,32.5
2026-07-22,GL,Bob Huang,21.5
2026-07-22,GM,Andrew Percoco,18
2026-07-22,GM,Dan Levy,28.5
2026-07-22,GM,Edison Yu,16.8
2026-07-22,GM,Itay Michaeli,54.2
2026-07-22,GM,Joseph Spak,19.1
2026-07-22,GM,Mark Delaney,20.3
2026-07-22,GM,Rajat Gupta CFA,40.2
2026-07-22,GOOG,Nat Schindler,34.1
2026-07-22,GOOG,Unknown Analyst,34.1
2026-07-22,GOOGL,Deepak Mathivanan,24.1
2026-07-22,GOOGL,Maria Ripps,32.9
2026-07-22,GOOGL,Mark Mahaney,24.1
2026-07-22,GOOGL,Ronald Josey,32.1
2026-07-22,GOOGL,Unknown Analyst,32.9
2026-07-22,GPC,Greg Melich,12.2
2026-07-22,GPC,Michael Lasser,-8.7
2026-07-22,GPC,Sam Darkatsh,23.4
2026-07-22,GPC,Scot Ciccarelli,-5.7
2026-07-22,HAL,Bill Selesky,11.6
2026-07-22,HAL,Charles Minervino,17.2
2026-07-22,HAL,Derek Podhaizer,20
2026-07-22,HAL,Marc Bianchi,31.1
2026-07-22,HAL,Sergey Pigarev,3.2
2026-07-22,HAL,Stephen Gengaro,20
2026-07-22,HAL,Stephen Richardson,20
2026-07-22,HAS,Andrew Didora,20.2
2026-07-22,HAS,Christine Dooley,14.7
2026-07-22,HAS,Christopher Horvers,21.3
2026-07-22,HAS,Eric Handler,14.7
2026-07-22,HAS,Jim Corridore,14.7
2026-07-22,HOOD,Alex Markgraff,11
2026-07-22,HUM,David Windley,52.3
2026-07-22,IBKR,Daniel Fannon,18.2
2026-07-22,IBKR,Patrick Moley,19.3
2026-07-22,IBM,Robert Oliver,-5.5
2026-07-22,IBM,Wamsi Mohan,15.1
2026-07-22,JPM,Matt O'Connor,5.3
2026-07-22,KEY,Christopher Mcgratty,19
2026-07-22,KEY,David George,5.3
2026-07-22,KEY,Ebrahim Poonawala,19
2026-07-22,KEY,John Pancari,19
2026-07-22,KEY,Mike Mayo,23.6
2026-07-22,KEY,Peter Winter,28.2
2026-07-22,KEY,Ryan Nash,23.6
2026-07-22,LUV,Catherine O'Brien,-10.8
2026-07-22,LUV,David Vernon,14.7
2026-07-22,LYV,Matthew Condon,26.4
2026-07-22,MCO,Andrew Nicholas,
2026-07-22,MCO,Curtis Nagle,22.1
2026-07-22,MET,Andrew Kligerman,8.1
2026-07-22,MMM,Amit Mehrotra,32.1
2026-07-22,MMM,Joe Ritchie,22.4
2026-07-22,MMM,Nicole Deblase,16.4
2026-07-22,MRSH,Alex Scott,16.4
2026-07-22,MRSH,David Motemaden,32.3
2026-07-22,MRSH,Elyse Greenspan,6.3
2026-07-22,MRSH,Harry Fong,13.1
2026-07-22,MRSH,Yaron Kinar,13.6
2026-07-22,MSCI,Alexander Hess,26.2
2026-07-22,MSCI,Curtis Nagle,28.9
2026-07-22,MSCI,David Motemaden,30.2
2026-07-22,MSCI,Jason Haas CFA,24.4
2026-07-22,MSCI,Manav Patnaik,32.5
2026-07-22,MSCI,Toni Kaplan,26.2
2026-07-22,MSFT,Brian Schwartz,3.9
2026-07-22,MTB,Matt O'Connor,4.2
2026-07-22,NEM,Alexander Hacking,-1.4
2026-07-22,NFLX,Vikram Kesavabhotla,16.3
2026-07-22,NKE,Jay Sole,30.4
2026-07-22,NKE,Laurent Vasilescu,
2026-07-22,NKE,Paul Lejuez,22.3
2026-07-22,NOC,Charles Minervino,26.2
2026-07-22,NOC,Kristine Liwag,43.6
2026-07-22,NOC,Peter Arment,-3.7
2026-07-22,NOC,Scott Deuschle,18.5
2026-07-22,NOW,Gabriela Borges,14.7
2026-07-22,NOW,Keith Bachman,-11
2026-07-22,NOW,Samad Samana,5.6
2026-07-22,NOW,Thomas Blakey,6.4
2026-07-22,NSC,Jason Seidl,17.4
2026-07-22,NTRS,Alexander Blostein,-3.8
2026-07-22,ORCL,John Difucci,166.2
2026-07-22,PG,Kaumil Gajrawala,23.2
2026-07-22,PHM,Michael Dahl,-1.9
2026-07-22,PHM,Rafe Jadrosich,23.5
2026-07-22,PHM,Susan Maklari,23.5
2026-07-22,PNC,Matt O'Connor,8.5
2026-07-22,PRU,Andrew Kligerman,-4.4
2026-07-22,REGN,John Newman,12
2026-07-22,RJF,Brennan Hawken,0.9
2026-07-22,ROL,Tim Mulrooney,
2026-07-22,ROP,Brian Peterson,
2026-07-22,SCHW,Brian Bedell,22.1
2026-07-22,SCHW,Christopher Allen,16.6
2026-07-22,SCHW,Daniel Fannon,17.5
2026-07-22,SCHW,David Smith -CFA,
2026-07-22,SCHW,Michael Brown,19.3
2026-07-22,SCHW,Patrick O'Shaughnessy,35.2
2026-07-22,SCHW,Stephen Biggar,6.3
2026-07-22,STLD,Carlos De Alba,8.4
2026-07-22,STLD,Katja Jancic,23.4
2026-07-22,STLD,Richard Garchitorena,13.4
2026-07-22,STLD,Samuel McKinney,9.3
2026-07-22,STZ,Bonnie Herzog,
2026-07-22,SYF,David George,18.4
2026-07-22,SYF,Jeffrey Adelson,10.5
2026-07-22,SYF,John Pancari,18.4
2026-07-22,SYF,Mark DeVries,36.9
2026-07-22,SYF,Richard Shane,2.6
2026-07-22,SYF,Sanjay Sakhrani,29
2026-07-22,SYF,Unknown Analyst,35.5
2026-07-22,SYF,Unknown Analyst,14.5
2026-07-22,SYF,Vincent Caintic,
2026-07-22,T,Jonathan Atkin,3.6
2026-07-22,T,Joseph Bonner,15.1
2026-07-22,T,Marie Ferguson,15.1
2026-07-22,T,Michael Funk,30.5
2026-07-22,T,Michael Ng,15.1
2026-07-22,TAP,Stephen Powers,5.3
2026-07-22,TDY,Joseph C Giordano,24.2
2026-07-22,TDY,Ronald Epstein,25.9
2026-07-22,TRV,Mark Hughes,
2026-07-22,TSLA,Alexander Perry,25.9
2026-07-22,TXN,Blayne Curtis,-3.2
2026-07-22,TXN,Joshua Buchalter,26.5
2026-07-22,TXN,Rick Schafer,
2026-07-22,TXN,Tristan Gerra,43.3
2026-07-22,TYL,Unknown Analyst,30.7
2026-07-22,VEEV,John Difucci,-11.6
2026-07-22,VEEV,Unknown Analyst,-11.6
2026-07-22,VMRK,Michael Gorman,
2026-07-22,VTR,Vikram Malhotra,15.6
2026-07-22,WAB,Ken Hoexter,13.7
2026-07-22,WELL,Vikram Malhotra,10.3
2026-07-22,WRB,Bob Huang,7.3
2026-07-23,ALGN,Kevin Caliendo,25.3
2026-07-23,ALLE,Joe Ritchie,18.7
2026-07-23,BIIB,Jay Olson,38.2
2026-07-23,BLDR,Reuben Garner,65.6
2026-07-23,CB,David Motemaden,10.6
2026-07-23,CB,Matthew Heimermann,16.8
2026-07-23,CCI,Brandon Nispel,38.9
2026-07-23,CCI,Eric Luebchow,12.4
2026-07-23,CCI,Jonathan Atkin,19
2026-07-23,CCI,Marie Ferguson,
2026-07-23,CCI,Michael Elias,24.3
2026-07-23,CCI,Michael Funk,32.2
2026-07-23,CCI,Michael Ng,12.4
2026-07-23,CCI,Richard Choe,12.4
2026-07-23,CMCSA,Gregory Williams,54.8
2026-07-23,CMCSA,Jessica Reif Ehrlich,46.8
2026-07-23,CMCSA,Jonathan Atkin,3.2
2026-07-23,CMCSA,Michael Ng,-0.8
2026-07-23,CMCSA,Steven Cahall,-8.7
2026-07-23,CME,Damon Delmonte,3.4
2026-07-23,CME,Ken Worthington,-9.3
2026-07-23,CME,Michael Cyprys,19.8
2026-07-23,CME,Patrick Moley,7.1
2026-07-23,CMS,Sophie Karp,
2026-07-23,CNP,Sophie Karp,17.6
2026-07-23,COF,Stephen Biggar,20
2026-07-23,COST,Oliver Chen,29.9
2026-07-23,CSX,Brandon Oglenski,22.6
2026-07-23,CSX,Brian Ossenbeck,18.5
2026-07-23,CSX,Fadi Chamoun,6.2
2026-07-23,CSX,Jason Seidl,10.3
2026-07-23,CSX,Jonathan Chappell,4.2
2026-07-23,CSX,Ravi Shanker,-34.6
2026-07-23,CSX,Thomas Wadewitz,10.3
2026-07-23,CSX,Walter Spracklin,10.3
2026-07-23,CTSH,Daniel Perlin,-21.7
2026-07-23,CTVA,Kristen Owen,13.2
2026-07-23,CVX,Ryan Todd,-3.3
2026-07-23,DECK,Unknown Analyst,
2026-07-23,DGX,Jared Haase,
2026-07-23,DGX,Tycho Peterson,4.2
2026-07-23,DHI,Anthony Pettinari,16
2026-07-23,DHR,Casey Woodring,9.9
2026-07-23,DHR,David Toung,14.9
2026-07-23,DLR,Michael Ng,14
2026-07-23,DOV,Deane Dray,20.1
2026-07-23,EFX,Andrew Steinerman,24.3
2026-07-23,ETR,Alex Kania,19.6
2026-07-23,EW,Josh Jennings,23.3
2026-07-23,EW,Shagun Singh Chadha,30.4
2026-07-23,FCX,Lawson Winder,12.6
2026-07-23,FCX,Sam Crittenden,2.7
2026-07-23,FIX,Tim Mulrooney,
2026-07-23,GE,Douglas Harned,30.1
2026-07-23,GEV,Alexander Virgo,41
2026-07-23,GEV,Ameet Thakkar,30.6
2026-07-23,GEV,Colin Rusch,39.8
2026-07-23,GEV,Joseph Osha,51.5
2026-07-23,GEV,Marc Bianchi,29
2026-07-23,GEV,Mark Strouse,38.9
2026-07-23,GEV,Sunaina Ocalan‏,35.6
2026-07-23,GOOG,Doug Anmuth,25.2
2026-07-23,GOOG,Ingo Wermann,
2026-07-23,GOOG,Jeffrey Wlodarczak,41.6
2026-07-23,GOOG,John Blackledge,41.6
2026-07-23,GOOG,Josh Beck,19.2
2026-07-23,GOOG,Ralph Schackart,
2026-07-23,GOOG,Saiyi He,27.6
2026-07-23,GOOG,Unknown Analyst,13
2026-07-23,GOOGL,Barton Crockett,16.1
2026-07-23,GOOGL,Brad Erickson,25.6
2026-07-23,GOOGL,Brian Pitz,37.4
2026-07-23,GOOGL,Brian White,
2026-07-23,GOOGL,Doug Anmuth,24.1
2026-07-23,GOOGL,Eric Sheridan,28.5
2026-07-23,GOOGL,Ken Gawrelski,21.4
2026-07-23,GOOGL,Laura Martin,32.9
2026-07-23,GOOGL,Rohit Kulkarni,30
2026-07-23,GOOGL,Saken Ismailov,18.2
2026-07-23,GOOGL,Stephen Ju,12
2026-07-23,GOOGL,Thomas Champion,16.7
2026-07-23,HAL,Scott Gruber,22.8
2026-07-23,HBAN,David Chiaverini,6.8
2026-07-23,HIG,Ryan Tunis,15.9
2026-07-23,HSY,David Palmer,29.8
2026-07-23,IBM,Amit Daryanani,2.8
2026-07-23,IBM,Brent Thill,6.9
2026-07-23,IBM,David Grossman,-3.4
2026-07-23,IBM,David Vogt,-3
2026-07-23,IBM,James Schneider,11
2026-07-23,IBM,Keith Bachman,-5.5
2026-07-23,IBM,Raimo Lenschow,7.7
2026-07-23,INTC,C J Muse,21.4
2026-07-23,INTC,Gil Luria,-2.9
2026-07-23,INTC,James Schneider,45.7
2026-07-23,INTC,Joshua Buchalter,11.7
2026-07-23,ISRG,Larry Biegelsen,31.9
2026-07-23,J,Andrew Kaplowitz,27.6
2026-07-23,KDP,Andrea Faria Teixeira,21.1
2026-07-23,KMI,Jason Gabelman,23.1
2026-07-23,LMT,Kenneth Herbert,14.5
2026-07-23,LUV,Andrew Didora,14.7
2026-07-23,LVS,Brandt Montour,37.8
2026-07-23,LVS,Daniel Politzer,40.1
2026-07-23,LVS,John DeCree,44.8
2026-07-23,LVS,Joseph Stauff,47.1
2026-07-23,LVS,Lizzie Dove,28.4
2026-07-23,LVS,Shaun Kelley,40.1
2026-07-23,LVS,Steven Pizzella,44.8
2026-07-23,MCO,Alex Kramm,6.3
2026-07-23,MCO,David Motemaden,23.8
2026-07-23,MCO,Jason Haas CFA,25.7
2026-07-23,MCO,Jeffrey Meuler,20.4
2026-07-23,MCO,Jeffrey Silber,8.4
2026-07-23,MCO,Toni Kaplan,7.8
2026-07-23,MDLZ,David Palmer,13.7
2026-07-23,NDAQ,Ashish Sabadra,18.4
2026-07-23,NDAQ,Benjamin Budish,21.7
2026-07-23,NEE,Alex Kania,36.1
2026-07-23,NI,Sophie Karp,20.7
2026-07-23,NKE,Lorraine Hutchinson,27.7
2026-07-23,NKE,Michael Binetti,25
2026-07-23,NOC,Kristina Ruggeri,34.9
2026-07-23,NOC,Seth Seifman,15.6
2026-07-23,NOW,Arjun Bhatia,
2026-07-23,NOW,Brad Reback,-9.5
2026-07-23,NOW,Brian Schwartz,5.6
2026-07-23,NOW,Jackson Ader,-35.9
2026-07-23,NOW,John Difucci,-5.7
2026-07-23,NOW,Karl Keirstead,-17
2026-07-23,NOW,Matthew Hedberg,-1.9
2026-07-23,NOW,Miller Jump,-1.9
2026-07-23,NOW,Raimo Lenschow,1.1
2026-07-23,NOW,Robert Oliver,-5.7
2026-07-23,NOW,Samik Chatterjee,13.2
2026-07-23,NSC,Walter Spracklin,12.4
2026-07-23,NTRS,David Konrad,-7.5
2026-07-23,NTRS,Gerard Cassidy,-5.9
2026-07-23,NTRS,Glenn Schorr,-5.4
2026-07-23,NTRS,Mike Mayo,2.5
2026-07-23,OTIS,Alexander Virgo,37.5
2026-07-23,PEG,Paul Cole,20.2
2026-07-23,PH,Andrew Obin,
2026-07-23,PHM,John Lovallo,40.4
2026-07-23,PHM,Matthew Bouley,4.9
2026-07-23,PHM,Michael Roxland,22.6
2026-07-23,PHM,Stephen Kim,37
2026-07-23,PHM,Tyler Batory,26
2026-07-23,PM,Eric Serotta,12.5
2026-07-23,PM,Faham Baig,-4.7
2026-07-23,PM,Gerald Pascarelli,12.5
2026-07-23,RJF,Benjamin Budish,13
2026-07-23,RJF,Devin Ryan,18.2
2026-07-23,RJF,Michael Cho,3.2
2026-07-23,ROL,Ashish Sabadra,15.2
2026-07-23,ROP,Daniel Jester,1.2
2026-07-23,RTX,David E. Strauss,16.3
2026-07-23,RTX,Kenneth Herbert,26.5
2026-07-23,SCHW,Ken Worthington,34.3
2026-07-23,SO,Sophie Karp,-9.4
2026-07-23,T,Brandon Nispel,38.1
2026-07-23,T,Gregory Williams,26.6
2026-07-23,T,Kannan Venkateshwar,-7.9
2026-07-23,T,Peter Supino,11.3
2026-07-23,T,Sean Diffley,3.6
2026-07-23,T,Sebastiano Petti,26.6
2026-07-23,T,Steven Cahall,-23.3
2026-07-23,TDY,Guy Hardwick,6
2026-07-23,TEL,Guy Hardwick,41.5
2026-07-23,TEL,Joseph C Giordano,29.7
2026-07-23,TEL,Joseph Spak,13.7
2026-07-23,TEL,Luke Junk,6.2
2026-07-23,TEL,Unknown Analyst,10.9
2026-07-23,TEL,Wamsi Mohan,36.8
2026-07-23,TMO,Brandon Couillard,0.8
2026-07-23,TMO,Dan Leonard,-4.9
2026-07-23,TMO,Daniel Brennan,10.7
2026-07-23,TMO,Michael Ryskin,6.6
2026-07-23,TMO,Tycho Peterson,3.3
2026-07-23,TMUS,Gregory Williams,42.6
2026-07-23,TMUS,Jonathan Atkin,26.1
2026-07-23,TMUS,Michael Funk,20.7
2026-07-23,TMUS,Michael Ng,26.1
2026-07-23,TMUS,Steven Cahall,-7.3
2026-07-23,TSCO,Max Rakhlenko,3
2026-07-23,TSLA,Andres Sheppard,32.7
2026-07-23,TSLA,Chris McNally,-17.9
2026-07-23,TSLA,Chris Pierce,
2026-07-23,TSLA,Craig Irwin,38.2
2026-07-23,TSLA,George Gianarikas,12.2
2026-07-23,TSLA,Itay Michaeli,25.9
2026-07-23,TXN,Cody Acree,34
2026-07-23,TXN,Harlan Sur,26.5
2026-07-23,TXN,James Schneider,-16.3
2026-07-23,TXN,John Vinh,48.9
2026-07-23,TXN,Joseph Moore,-5.1
2026-07-23,TXN,Joseph Quatrochi,15.4
2026-07-23,TXN,Kevin Cassidy,30.3
2026-07-23,TXN,Mark Lipacis,22.8
2026-07-23,TXN,Stacy Rasgon,7.9
2026-07-23,TXN,Thomas O'Malley,-7
2026-07-23,TXN,Timothy Arcuri,41.4
2026-07-23,TXN,Tore Svanberg,34
2026-07-23,TXN,Vivek Arya,37.7
2026-07-23,UNP,Jordan Alliger,11.5
2026-07-23,UNP,Walter Spracklin,19.2
2026-07-23,VRSK,Surinder Thind,33.4
2026-07-23,VRT,David Tarantino,40
2026-07-23,WAB,Angel Castillo,25.3
2026-07-23,WAB,Bascome Majors,16.5
2026-07-23,WAB,Jerry Revich,11.2
2026-07-23,WAB,Steve Barger,20
2026-07-23,WAB,Tami Zakaria,11.2
2026-07-23,WEC,Alex Kania,28.2
2026-07-23,WST,Brendan Smith,18.4
2026-07-23,WST,Matt Larew,
2026-07-23,XYZ,Unknown Analyst,32.6
2026-07-24,AEP,Ross Fowler,7.8
2026-07-24,ALLE,Rafe Jadrosich,6.9
2026-07-24,ALLE,Timothy Wojs,10.9
2026-07-24,AMP,Jeff Schmitt,
2026-07-24,AMP,Kenneth Lee,6.7
2026-07-24,AMP,Ryan Krueger,-2.3
2026-07-24,AXP,Christopher Kennedy,
2026-07-24,AXP,Jon Arfstrom,27.8
2026-07-24,AXP,Ryan Nash,26.3
2026-07-24,AXP,Vincent Caintic,-3
2026-07-24,BX,Bart Dziarski,31.5
2026-07-24,BX,Benjamin Budish,-0.4
2026-07-24,BX,Christopher Allen,-7.4
2026-07-24,BX,Craig Siegenthaler,7.4
2026-07-24,BX,Crispin Love,1.2
2026-07-24,BX,Michael Cyprys,43.2
2026-07-24,CB,Kevin Heal,17.1
2026-07-24,CCI,Gregory P Miller,58.7
2026-07-24,CCI,Michael Rollins,29.6
2026-07-24,CF,Hamir Patel,-3.1
2026-07-24,CHTR,Jonathan Atkin,2.9
2026-07-24,CMCSA,Barton Crockett,
2026-07-24,CMCSA,Brandon Nispel,
2026-07-24,CMCSA,Kannan Venkateshwar,3.2
2026-07-24,CMCSA,Maher Yaghi,15.1
2026-07-24,CMCSA,Sean Diffley,15.1
2026-07-24,CMCSA,Unknown Analyst,
2026-07-24,CSX,Richa Harnain,20.5
2026-07-24,DDOG,Todd Coupland,26.6
2026-07-24,DECK,Anna Andreeva,23
2026-07-24,DECK,Ashley Owens,
2026-07-24,DECK,Dana Telsey,29.2
2026-07-24,DECK,Jonathan Komp,41.5
2026-07-24,DECK,Lorraine Hutchinson,29.2
2026-07-24,DECK,Paul Lejuez,66.1
2026-07-24,DECK,Sam Poser,96.9
2026-07-24,DECK,Tom Nikic,53.8
2026-07-24,DGX,Eric Coldwell,8.5
2026-07-24,DGX,Luke Sergott,6.4
2026-07-24,DGX,Michael Ryskin,12.8
2026-07-24,DLR,Ari Klein,16.7
2026-07-24,DLR,Brandon Nispel,
2026-07-24,DLR,Cameron McVeigh,14
2026-07-24,DLR,Eric Luebchow,16.7
2026-07-24,DLR,Erik Rasmussen,24.6
2026-07-24,DLR,John Hodulik,20.4
2026-07-24,DLR,Maher Yaghi,17.7
2026-07-24,DLR,Michael Elias,17.7
2026-07-24,DLR,Michael Funk,14
2026-07-24,DLR,Ryan Gravett,20.4
2026-07-24,DLR,Unknown Analyst,22
2026-07-24,DOV,Bryan Blair,32.2
2026-07-24,DOV,Daniel DiCicco,27
2026-07-24,DOV,Michael Halloran,42.8
2026-07-24,DOW,Abigail Eberts,20.6
2026-07-24,DOW,Arun Viswanathan,10.2
2026-07-24,DOW,John McNulty,13.7
2026-07-24,DOW,Joshua Spector,10.2
2026-07-24,DOW,Unknown Analyst,20.6
2026-07-24,DOW,Vincent Andrews,34.3
2026-07-24,EFX,Unknown Analyst,21.9
2026-07-24,EQT,Josh Silverstein,35
2026-07-24,EW,Adam Maeder,19.7
2026-07-24,EW,Mike Kratky,19.7
2026-07-24,EW,Richard Newitter,12.6
2026-07-24,EW,Rick Wise,30.4
2026-07-24,EW,Suraj Kalia,
2026-07-24,FCX,Carlos De Alba,-1.5
2026-07-24,FCX,Daniel Major,8.3
2026-07-24,FCX,Katja Jancic,9.8
2026-07-24,FCX,Orest Wowkodaw,8.3
2026-07-24,FCX,Timna Tanners,-1.5
2026-07-24,FDX,David Vernon,27.2
2026-07-24,FITB,Ben Gerlinger,7.8
2026-07-24,FIX,Adam Thalhimer,47.9
2026-07-24,FIX,Brian Brophy,13
2026-07-24,GEHC,Jason Bednar,15.8
2026-07-24,GEV,Amit Mehrotra,46.2
2026-07-24,GEV,Maheep Mandloi,-0.9
2026-07-24,GEV,Michael Blum,31.5
2026-07-24,GEV,Praneeth Satish,31.5
2026-07-24,GL,Elyse Greenspan,11
2026-07-24,GL,Mark Hughes,8.1
2026-07-24,GL,Paul Newsome,16.8
2026-07-24,GL,Ryan Krueger,11
2026-07-24,GOOGL,Ross Sandler,25.6
2026-07-24,GPC,Bill Selesky,
2026-07-24,HBAN,Christopher Mcgratty,15.7
2026-07-24,HBAN,Matt Olney,12.7
2026-07-24,HBAN,Peter Winter,30.5
2026-07-24,HIG,Alex Scott,13.7
2026-07-24,HIG,Harry Fong,-1
2026-07-24,HIG,Joshua Shanker,10.7
2026-07-24,HIG,Paul Newsome,7.1
2026-07-24,HIG,Rowland Mayor,10
2026-07-24,HON,Brett Linzey,31
2026-07-24,HON,Daniel DiCicco,36.4
2026-07-24,IBM,Erik Woodring,-21.9
2026-07-24,IBM,Fatima Boolani,0.7
2026-07-24,INTC,Aaron Rakers,16.6
2026-07-24,INTC,Atif Malik,26.3
2026-07-24,INTC,Christopher Rolland,11.7
2026-07-24,INTC,Ingo Wermann,
2026-07-24,INTC,John Vinh,50.6
2026-07-24,INTC,Joseph Moore,-18.4
2026-07-24,INTC,Kevin Cassidy,-22.3
2026-07-24,INTC,Matt Bryson,-4.8
2026-07-24,INTC,Quinn Bolton,
2026-07-24,INTC,Rick Schafer,
2026-07-24,INTC,Srini Pajjuri,-2.9
2026-07-24,INTC,Suji Desilva,16.6
2026-07-24,INTC,Thomas O'Malley,-2.9
2026-07-24,INTC,Tristan Gerra,21.4
2026-07-24,LMT,Charles Minervino,33.5
2026-07-24,LMT,David E. Strauss,14.5
2026-07-24,LMT,Kristine Liwag,31.6
2026-07-24,LMT,Peter Arment,33.5
2026-07-24,LUV,John Godyn,27.4
2026-07-24,LUV,Michael Goldie,52.9
2026-07-24,LUV,Ravi Shanker,65.6
2026-07-24,MCO,Manav Patnaik,21.1
2026-07-24,NDAQ,Alex Kramm,31.6
2026-07-24,NDAQ,Christopher Allen,11.9
2026-07-24,NDAQ,Eli Abboud,48
2026-07-24,NDAQ,Michael Cyprys,31.6
2026-07-24,NDAQ,Owen Lau,21.7
2026-07-24,NDAQ,Patrick Moley,14
2026-07-24,NDAQ,William Katz,18.4
2026-07-24,NKE,Ike Boruchow,8.7
2026-07-24,NOC,David E. Strauss,19.5
2026-07-24,NOW,Saiyi He,20.7
2026-07-24,NOW,Tyler Radke,16.2
2026-07-24,NSC,Brandon Oglenski,24.9
2026-07-24,NSC,Thomas Wadewitz,13.3
2026-07-24,NVR,John Lovallo,20.1
2026-07-24,NVR,Rafe Jadrosich,13.6
2026-07-24,NVR,Ryan Gilbert,20.9
2026-07-24,OTIS,Unknown Analyst,12.9
2026-07-24,PHM,Anthony Pettinari,13.3
2026-07-24,PKG,Gabrial Hajde,4.9
2026-07-24,PM,Owen Bennett,13.1
2026-07-24,PM,Unknown Analyst,15.7
2026-07-24,ROL,George Tong,41.1
2026-07-24,ROL,Greg Parrish,72.8
2026-07-24,ROL,Jason Haas CFA,-7.9
2026-07-24,ROL,Peter Keith,32.5
2026-07-24,ROP,Clarke Jeffries,35.4
2026-07-24,ROP,Joseph C Giordano,41.6
2026-07-24,ROP,Joseph Vruwink,23.5
2026-07-24,RTX,Charles Minervino,23.9
2026-07-24,RTX,Gavin Parsons,8.8
2026-07-24,RTX,Kristine Liwag,21.4
2026-07-24,RTX,Peter Arment,21.4
2026-07-24,SNA,Luke Junk,10.5
2026-07-24,SNA,Scott Stember,22.8
2026-07-24,SO,Paul Cole,14.7
2026-07-24,TDY,Unknown Analyst,30
2026-07-24,TMO,Kallum Titchmarsh,6.6
2026-07-24,TMO,Luke Sergott,6.6
2026-07-24,TMO,Matt Larew,
2026-07-24,TMO,Unknown Analyst,6.6
2026-07-24,TMUS,Brandon Nispel,37.1
2026-07-24,TMUS,Bryan Kraft,37.1
2026-07-24,TMUS,John Hodulik,28.9
2026-07-24,TMUS,Kannan Venkateshwar,17.9
2026-07-24,TMUS,Maher Yaghi,27.2
2026-07-24,TMUS,Matthew Harrigan,53.6
2026-07-24,TMUS,Sebastiano Petti,50.8
2026-07-24,TSCO,Christopher Nardone,0
2026-07-24,TSCO,Michael Lasser,0
2026-07-24,TSCO,Peter Keith,-6.1
2026-07-24,TSCO,Scot Ciccarelli,-3.1
2026-07-24,TSCO,Simeon Gutman,6
2026-07-24,TSCO,Steven Forbes,21.2
2026-07-24,TSCO,Zachary Fadem,6
2026-07-24,TSLA,Alexander Potter,23.1
2026-07-24,UNP,Brandon Oglenski,23.1
2026-07-24,UNP,Fadi Chamoun,12.5
2026-07-24,UNP,Jason Seidl,14.3
2026-07-24,UNP,Nathan Martin,17.8
2026-07-24,UNP,Thomas Wadewitz,9
2026-07-24,URI,Adam Seiden,-4
2026-07-24,URI,Angel Castillo,35
2026-07-24,URI,Kenneth Newman,36.5
2026-07-24,URI,Kyle Menges,34.5
2026-07-24,URI,Mircea Dobre,31.4
2026-07-24,URI,Sabahat Khan,33.8
2026-07-24,URI,Steven Fisher,36.5
2026-07-24,URI,Unknown Analyst,
2026-07-24,VZ,Jonathan Atkin,-7.1
2026-07-24,WST,Luke Sergott,15.5
2026-07-24,WST,Michael Ryskin,18.4
2026-07-26,CRWD,Richard Poland,-12.3
2026-07-26,DLR,Jonathan Atkin,20.4
2026-07-26,DPZ,Sara Senatore,44.4
2026-07-26,F,Philippe Houchois,25.3
2026-07-26,GM,Philippe Houchois,15.6
2026-07-26,HAL,Lloyd Byrne,31.1
2026-07-26,HCA,Andrew Mok CFA,-9.4
2026-07-26,LMT,Noah Poponak,-4
2026-07-26,LMT,Sheila Kahyaoglu,13.5
2026-07-26,LUV,Sheila Kahyaoglu,17.2
2026-07-26,MO,Owen Bennett,
2026-07-26,MO,Unknown Analyst,
2026-07-26,NOC,Sheila Kahyaoglu,11.8
2026-07-26,RTX,Noah Poponak,4.2
2026-07-26,RTX,Sheila Kahyaoglu,26.5
2026-07-26,TDY,Noah Poponak,45.2
2026-07-26,WBD,David Joyce,
2026-07-27,AAPL,Katherine Murphy,11.4
2026-07-27,AMAT,Adithya Metuku,49.6
2026-07-27,AMP,Craig Siegenthaler,
2026-07-27,AXP,Brian Foran,
2026-07-27,AXP,Jeffrey Adelson,17.7
2026-07-27,AXP,Moshe Orenbuch,4.1
2026-07-27,AXP,Richard Shane,23.2
2026-07-27,AXP,Sanjay Sakhrani,30.9
2026-07-27,AXP,Unknown Analyst,38.6
2026-07-27,BSX,Unknown Analyst,97.8
2026-07-27,BX,Alexander Blostein,-1.2
2026-07-27,CAT,Hans Engel,
2026-07-27,CDNS,James Schneider,62.4
2026-07-27,CEG,Carly Davenport,7.1
2026-07-27,CEG,Shelby Tucker,29.2
2026-07-27,CHTR,Bryan Kraft,2.9
2026-07-27,CHTR,Gregory Williams,160.7
2026-07-27,CHTR,Jessica Reif Ehrlich,9.8
2026-07-27,CHTR,John Hodulik,-4
2026-07-27,CHTR,Joseph Bonner,
2026-07-27,CHTR,Kannan Venkateshwar,-21.1
2026-07-27,CHTR,Steven Cahall,-30.7
2026-07-27,CVS,Scott Fidel,22.5
2026-07-27,DHR,David Westenberg,-0.1
2026-07-27,DHR,Tycho Peterson,4.9
2026-07-27,DLR,Benjamin Soff,21.4
2026-07-27,EQT,Stephen Richardson,29.5
2026-07-27,ES,Ross Fowler,18.2
2026-07-27,ETR,Ross Fowler,9.2
2026-07-27,FCX,Alexander Hacking,-7.1
2026-07-27,FDS,Shlomo Rosenbaum,-2.2
2026-07-27,FFIV,Matthew Hedberg,23.4
2026-07-27,FFIV,Michael Ng,-2.8
2026-07-27,FISV,Gustavo Gala,
2026-07-27,FIX,Joshua Chan,31.6
2026-07-27,FIX,Sangita Jain,24.8
2026-07-27,FLEX,Ruplu Bhattacharya,55.5
2026-07-27,GE,Scott Deuschle,39
2026-07-27,GOOGL,Serena Yi Qi Lim,25.6
2026-07-27,HAL,Josh Silverstein,8.8
2026-07-27,HAL,Saurabh Pant,11.6
2026-07-27,HAS,Arpine Kocharyan,31.1
2026-07-27,HBAN,Ebrahim Poonawala,9.7
2026-07-27,HCA,A.J. Rice,35.6
2026-07-27,HCA,Craig Hettenbach,-11
2026-07-27,HCA,Matthew Gillmor CFA,1.9
2026-07-27,HCA,Michael Ha,-7.9
2026-07-27,HCA,Michael Wiederhorn,13.6
2026-07-27,HCA,Pito Chickering,11.5
2026-07-27,HCA,Ryan Langston,1
2026-07-27,HCA,Scott Fidel,13.6
2026-07-27,HIG,David Motemaden,6.3
2026-07-27,HIG,Elyse Greenspan,20.3
2026-07-27,HIG,Robert Cox CFA,11.5
2026-07-27,IBKR,Craig Siegenthaler,24.8
2026-07-27,INTC,Blayne Curtis,16.6
2026-07-27,LMT,Gautam Khanna,14.5
2026-07-27,LMT,Kristina Ruggeri,
2026-07-27,LMT,Ronald Epstein,14.5
2026-07-27,LRCX,Adithya Metuku,11.7
2026-07-27,LVS,Stephen Grambling,42.4
2026-07-27,MA,Adam Frisch,-3.4
2026-07-27,MRSH,Brian Meredith,22.1
2026-07-27,NEE,Andrew Weisel,33.6
2026-07-27,NEE,Nicholas Amicucci,30
2026-07-27,NEE,Ross Fowler,13
2026-07-27,NFLX,Sachin Mittal,21.4
2026-07-27,NOC,Noah Poponak,3.7
2026-07-27,NOW,Kirk Materne,20.7
2026-07-27,NRG,Carly Davenport,62.2
2026-07-27,NSC,Daniel Moore CFA,17.7
2026-07-27,NSC,Fadi Chamoun,10.8
2026-07-27,NTRS,Ebrahim Poonawala,5.7
2026-07-27,NUE,Lawson Winder,7.9
2026-07-27,NXPI,Mark Lipacis,35.2
2026-07-27,PFG,Joshua Shanker,-10.5
2026-07-27,PLD,Brendan Lynch,14.9
2026-07-27,PLD,Richard Hightower,14.9
2026-07-27,PNR,Andrew Krill,43.2
2026-07-27,RJF,Michael Brown,6.1
2026-07-27,ROP,Terry Tillman,22.3
2026-07-27,RTX,Gautam Khanna,21.4
2026-07-27,RTX,Scott Deuschle,20.4
2026-07-27,SCHW,Craig Siegenthaler,-15.2
2026-07-27,SCHW,Michael Cyprys,26.8
2026-07-27,SLB,Charles Minervino,10.6
2026-07-27,SLB,Derek Podhaizer,14.2
2026-07-27,SLB,Marc Bianchi,14.2
2026-07-27,SLB,Saurabh Pant,
2026-07-27,SLB,Stephen Gengaro,14.2
2026-07-27,STX,Amit Daryanani,20.5
2026-07-27,TMO,Aristotelis Moutopoulos,3.3
2026-07-27,TMO,David Westenberg,-1.6
2026-07-27,TMO,Jill Wu,8.2
2026-07-27,TMUS,Matthias Volkert,
2026-07-27,TSCO,Chris Graja,24.2
2026-07-27,TSLA,Edison Yu,14.9
2026-07-27,TSLA,Glenn Thum,-39.8
2026-07-27,TXN,Ling Lee Keng,8.7
2026-07-27,UNP,Daniel Moore CFA,21
2026-07-27,UNP,David Vernon,21.7
2026-07-27,V,Adam Frisch,-5.5
2026-07-27,V,Hans Engel,
2026-07-27,VMRK,Brad Heffern,8.3
2026-07-27,VMRK,Marie Ferguson,
2026-07-27,VZ,Brandon Nispel,
2026-07-27,VZ,Gregory Williams,10.7
2026-07-27,VZ,Kannan Venkateshwar,-9.1
2026-07-27,VZ,Maher Yaghi,3.7
2026-07-27,VZ,Sean Diffley,2.7
2026-07-27,VZ,Sebastiano Petti,2.7
2026-07-27,VZ,Steven Cahall,-7.1
2026-07-27,WRB,Brian Meredith,10.2
2026-07-27,WSM,Peter Keith,11.8
2026-07-27,WST,Daniel Markowitz CFA,22.8
2026-07-28,ABT,Danielle Antalffy,22.6
2026-07-28,ABT,Patrick Wood,22.6
2026-07-28,ACGL,Robert Cox CFA,-3.2
2026-07-28,AMT,Ari Klein,9.6
2026-07-28,AMT,Batya Levi,39.4
2026-07-28,AMT,Michael Ng,18.1
2026-07-28,BA,Gautam Khanna,18.8
2026-07-28,BA,John Godyn,23.5
2026-07-28,BA,Louie DiPalma,
2026-07-28,BA,Myles Walton,30.7
2026-07-28,BAX,Danielle Antalffy,5
2026-07-28,BAX,Patrick Wood,5
2026-07-28,BKR,Arun Jayaram,25.3
2026-07-28,BKR,Derek Podhaizer,23.6
2026-07-28,BKR,Lloyd Byrne,35.5
2026-07-28,BKR,Marc Bianchi,32.1
2026-07-28,BKR,Stephen Gengaro,25.3
2026-07-28,BLDR,W. Andrew Carter,16
2026-07-28,BMY,David Amsellem,17.9
2026-07-28,BRO,Adam Klauber,
2026-07-28,BRO,Joshua Shanker,
2026-07-28,BRO,Matthew Heimermann,19.4
2026-07-28,BRO,Rowland Mayor,17.8
2026-07-28,BX,Ken Worthington,1.9
2026-07-28,BXP,Tom Catherwood,
2026-07-28,CARR,Andrew Obin,53.2
2026-07-28,CARR,Christopher Snyder,4.4
2026-07-28,CARR,Deane Dray,42.7
2026-07-28,CB,Michael Zaremski,-3
2026-07-28,CCI,Matthew Niknam,15
2026-07-28,CCL,Patrick Scholes,36.3
2026-07-28,CDNS,Blair Abernethy,45.1
2026-07-28,CDNS,Charles Shi,38.2
2026-07-28,CDNS,Clarke Jeffries,20.6
2026-07-28,CDNS,Edward Yang,3.7
2026-07-28,CDNS,Gary Mobley,55.5
2026-07-28,CDNS,Harlan Sur,40
2026-07-28,CDNS,Jason Celino,46.9
2026-07-28,CDNS,Joseph Quatrochi,46.9
2026-07-28,CDNS,Joseph Vruwink,45.1
2026-07-28,CDNS,Nay Soe Naing,52.1
2026-07-28,CEG,William Appicelli,33.5
2026-07-28,CHRW,Daniel Moore CFA,30.9
2026-07-28,CHRW,Jason Seidl,1.5
2026-07-28,CHTR,Michael Rollins,23.5
2026-07-28,CINF,Harry Fong,17.8
2026-07-28,CINF,Paul Newsome,16
2026-07-28,CLX,Kaumil Gajrawala,11.7
2026-07-28,CMS,Steve Fleishman,
2026-07-28,CNC,Ben Hendrix,6.9
2026-07-28,CNC,Jason Cassorla,
2026-07-28,CNC,Sarah James,12.9
2026-07-28,CNP,James Thalacker,22.7
2026-07-28,CNP,Steve Fleishman,25.3
2026-07-28,COF,Ben Gerlinger,41.6
2026-07-28,COF,Christopher Mcgratty,39.2
2026-07-28,COO,Unknown Analyst,39.1
2026-07-28,CRWD,Unknown Analyst,11.3
2026-07-28,CSGP,George Tong,31.3
2026-07-28,CTSH,Arvind Ramnani,-16.7
2026-07-28,DDOG,Gray Powell,30.6
2026-07-28,DECK,Joseph Civello,29.2
2026-07-28,DGX,Ann Hynes,10.6
2026-07-28,DGX,David S Macdonald,6.4
2026-07-28,DGX,David Toung,10.6
2026-07-28,DGX,Lisa Gill,6.4
2026-07-28,DLR,Brett Knoblauch,17.2
2026-07-28,DLR,Richard Choe,24.6
2026-07-28,DOW,Jeffrey Zekauskas,37.8
2026-07-28,DXCM,Danielle Antalffy,15.6
2026-07-28,DXCM,Patrick Wood,15.6
2026-07-28,ECL,John Roberts CFA,18.4
2026-07-28,ECL,Tim Mulrooney,
2026-07-28,EQT,Arun Jayaram,20.2
2026-07-28,ES,Ryan Levine,18.2
2026-07-28,EW,Patrick Wood,30.4
2026-07-28,EW,Robbie Marcus,24.5
2026-07-28,EXE,Doug Leggate,20.2
2026-07-28,EXE,Leo Mariani,-1.9
2026-07-28,F,Alexander Perry,
2026-07-28,F,Joseph Spak,21.7
2026-07-28,F,Mark Delaney,14.5
2026-07-28,F,Tom Narayan,7.4
2026-07-28,FFIV,James Fish,12
2026-07-28,FFIV,Jason Ader,
2026-07-28,FFIV,Jeffrey Hopson CFA,
2026-07-28,FFIV,Joseph Cardoso,25.1
2026-07-28,FFIV,Meta Marshall,0.8
2026-07-28,FFIV,Tal Liani,-27.1
2026-07-28,FFIV,Tim Long,-3.6
2026-07-28,FITB,Brian Foran,17
2026-07-28,FTNT,Imtiaz Koujalgi,-29.5
2026-07-28,GILD,Michael Yee,21.8
2026-07-28,GL,Michael Zaremski,12.2
2026-07-28,GL,Pablo Singzon,12.8
2026-07-28,GLW,John Roberts CFA,26.2
2026-07-28,GLW,Mehdi Hosseini,32.2
2026-07-28,GM,Ivan Feinseth,51.8
2026-07-28,GOOGL,Youssef Squali,24.1
2026-07-28,HAS,Greg Badishkanian,21.3
2026-07-28,HBAN,Brian Foran,18.6
2026-07-28,HCA,Ann Hynes,11.3
2026-07-28,HCA,Brian Tanquilut,5.4
2026-07-28,HIG,Pablo Singzon,15.1
2026-07-28,HLT,Brandt Montour,20.2
2026-07-28,HLT,Lizzie Dove,24.8
2026-07-28,HLT,Stephen Grambling,8.4
2026-07-28,HLT,Trey Bowers,24.8
2026-07-28,HON,Andrew Obin,31
2026-07-28,INCY,Ashwani Verma,-7
2026-07-28,INCY,Brian Abrahams,-10.3
2026-07-28,INCY,Etzer Darout,14.4
2026-07-28,INCY,Jay Olson,-1.2
2026-07-28,INCY,Marc Frahm,13.6
2026-07-28,INCY,Michael Schmidt,23.5
2026-07-28,INCY,Stephen Willey,19.4
2026-07-28,INCY,Tazeen Ahmad,15.3
2026-07-28,INTC,Harlan Sur,-17.4
2026-07-28,INTC,Ruben Roy,6.9
2026-07-28,INTC,William Stein,4.9
2026-07-28,IP,Detlef Winckelmann,77.5
2026-07-28,IQV,Jared Haase,
2026-07-28,IQV,Michael Ryskin,7
2026-07-28,IQV,Ryan Halsted,-5.6
2026-07-28,ISRG,Patrick Wood,35.4
2026-07-28,IVZ,Alexander Blostein,2.2
2026-07-28,IVZ,Kenneth Lee,8.4
2026-07-28,IVZ,Stephen Biggar,
2026-07-28,JNJ,David Toung,13
2026-07-28,JNJ,Jason Gerberry,-1
2026-07-28,KEY,Kevin Heal,14.5
2026-07-28,KEY,Unknown Analyst,14.5
2026-07-28,KLAC,Blayne Curtis,16.3
2026-07-28,KLAC,C J Muse,79.9
2026-07-28,KLAC,Srini Pajjuri,-0.4
2026-07-28,KMI,Julien Dumoulin Smith,
2026-07-28,KO,Bonnie Herzog,-2.6
2026-07-28,KO,Robert Ottenstein,13.3
2026-07-28,LMT,Seth Seifman,18.3
2026-07-28,LUV,Jamie Baker,50.4
2026-07-28,LVS,Benjamin Chaiken,42.4
2026-07-28,LVS,Steven Wieczynski,40.1
2026-07-28,LVS,Trey Bowers,12.1
2026-07-28,MCD,Josh Wolfson,20.8
2026-07-28,MCO,Andrew Steinerman,20
2026-07-28,MCO,Sean Kennedy,11.6
2026-07-28,MCO,Shlomo Rosenbaum,15.8
2026-07-28,MDLZ,Leah Jordan,15.3
2026-07-28,MDLZ,Scott Marks CFA,16.9
2026-07-28,MDT,Priya Sachdeva,9.9
2026-07-28,MGM,Clark Lampen,
2026-07-28,MMM,Brett Linzey,9.1
2026-07-28,MMM,Chigusa Katoku,24.3
2026-07-28,MSCI,Kevin Heal,19
2026-07-28,NDAQ,Michael Cho,25
2026-07-28,NRG,William Appicelli,90.4
2026-07-28,NSC,Brian Ossenbeck,5.5
2026-07-28,NTRS,David Smith -CFA,-2.7
2026-07-28,NUE,Andrew Jones CFA,-1.3
2026-07-28,NUE,Nick Cash,16.8
2026-07-28,NUE,Richard Garchitorena,13.7
2026-07-28,NVR,Jonathan Bettenhausen,3.9
2026-07-28,NXPI,Atif Malik,56.4
2026-07-28,NXPI,James Schneider,37.4
2026-07-28,NXPI,Joshua Buchalter,22.6
2026-07-28,NXPI,Matthew Prisco,69
2026-07-28,NXPI,Vijay Rakesh,-19.7
2026-07-28,NXPI,Vivek Arya,26.8
2026-07-28,OTIS,Nicholas Housden,30.2
2026-07-28,OXY,Jean Ann Salisbury,-4
2026-07-28,PFG,Alex Scott,-20.8
2026-07-28,PFG,Paul Newsome,7.6
2026-07-28,PGR,Andrew Kligerman,2
2026-07-28,PHM,Jonathan Bettenhausen,22.6
2026-07-28,PKG,Alexandra Yates,16.9
2026-07-28,PKG,Anthony Pettinari,8.4
2026-07-28,PKG,Detlef Winckelmann,33.1
2026-07-28,PM,"Matthew Smith, CFA",7.3
2026-07-28,PNR,Deane Dray,29
2026-07-28,PNR,Joseph C Giordano,14.9
2026-07-28,PODD,Danielle Antalffy,31.9
2026-07-28,PPG,Vincent Andrews,13.7
2026-07-28,PYPL,James Friedman,24.7
2026-07-28,PYPL,Jason Kupferberg,4.2
2026-07-28,PYPL,Mayank Tandon,
2026-07-28,PYPL,Stephen Biggar,30.3
2026-07-28,PYPL,Will Nance,-6.9
2026-07-28,RCL,Brandt Montour,30.7
2026-07-28,RCL,Lizzie Dove,38.4
2026-07-28,RCL,Sharon Zackfia,
2026-07-28,RCL,Trey Bowers,49.2
2026-07-28,RTX,Seth Seifman,21.4
2026-07-28,SHW,Abigail Eberts,11.3
2026-07-28,SHW,John Roberts CFA,22.5
2026-07-28,SLB,Arun Jayaram,10.6
2026-07-28,SOLV,Kevin Caliendo,8.6
2026-07-28,STX,James Schneider,15.6
2026-07-28,STX,Kevin Cassidy,56.6
2026-07-28,STX,Mehdi Hosseini,5.4
2026-07-28,STX,Tristan Gerra,30.1
2026-07-28,SWKS,Vijay Rakesh,-41.1
2026-07-28,SYF,Brian Foran,5.3
2026-07-28,SYK,Patrick Wood,45.2
2026-07-28,TDY,Jonathan Siegmann CFA,28.4
2026-07-28,TEL,William Stein,1.4
2026-07-28,TER,C J Muse,44.8
2026-07-28,TKO,Ian S. Moore,23.5
2026-07-28,TMO,Casey Woodring,13.1
2026-07-28,TRV,Pablo Singzon,-7.2
2026-07-28,TRV,Yaron Kinar,-8.6
2026-07-28,TSCO,Christopher Horvers,6
2026-07-28,TSCO,David Bellinger,-15.2
2026-07-28,TSLA,Vijay Rakesh,23.1
2026-07-28,TSLA,William Stein,1.2
2026-07-28,TXN,Vijay Rakesh,13.5
2026-07-28,TXN,William Stein,11.6
2026-07-28,TXT,Gautam Khanna,29.6
2026-07-28,UDR,Brad Heffern,13.9
2026-07-28,UDR,Michael Lewis,
2026-07-28,UDR,Nicholas Yulico,16.7
2026-07-28,UHS,Andrew Mok CFA,-3.9
2026-07-28,UHS,Jason Cassorla,8.1
2026-07-28,UHS,Sarah James,11
2026-07-28,UNP,Brian Ossenbeck,17.4
2026-07-28,UPS,Brian Ossenbeck,14.7
2026-07-28,UPS,David Vernon,32.6
2026-07-28,UPS,Jonathan Chappell,17.7
2026-07-28,URI,Jamie Cook,48.2
2026-07-28,URI,Michael Feniger,
2026-07-28,V,Andrew Jeffrey,
2026-07-28,VRSN,Alexei Gogolev,8
2026-07-28,VST,William Appicelli,53
2026-07-28,XOM,Jean Ann Salisbury,-4.8
2026-07-28,XYL,Brian K. Lee,49.6
2026-07-28,XYL,Deane Dray,53.3
2026-07-28,XYZ,Matthew Coad,17.4
2026-07-29,ACGL,Harry Fong,14.5
2026-07-29,ACGL,Joshua Shanker,39.5
2026-07-29,ACGL,Mark Dwelle,24.9
2026-07-29,ACGL,Rowland Mayor,24.9
2026-07-29,ADP,Ashish Sabadra,8.1
2026-07-29,ADP,Daniel Jester,13.7
2026-07-29,ADP,Jared Levine,5.5
2026-07-29,ADP,Samad Samana,-16.1
2026-07-29,AMT,Brandon Nispel,
2026-07-29,AMT,Cameron McVeigh,23.7
2026-07-29,AMT,Eric Luebchow,12.5
2026-07-29,AMT,Gregory Williams,27.6
2026-07-29,AMT,Maher Yaghi,23.7
2026-07-29,AMT,Michael Elias,27.6
2026-07-29,AMT,Michael Funk,18.1
2026-07-29,AON,Adam Klauber,
2026-07-29,APH,Asiya Merchant,25.1
2026-07-29,BA,Seth Seifman,37.8
2026-07-29,BAC,Vivek Juneja,8.5
2026-07-29,BIIB,Ami Fadia,17.9
2026-07-29,BIIB,Jason Zemansky,0.9
2026-07-29,BIIB,Myles Minter,
2026-07-29,BRO,Alex Scott,14.8
2026-07-29,BRO,Elyse Greenspan,4.2
2026-07-29,BRO,Michael Zaremski,11.8
2026-07-29,BRO,Robert Cox CFA,10.3
2026-07-29,BRO,Yaron Kinar,29.9
2026-07-29,BSX,Kendall Au,62.9
2026-07-29,BSX,Larry Biegelsen,16.3
2026-07-29,BSX,Michael Matson,32.6
2026-07-29,BSX,Rick Wise,39.6
2026-07-29,BSX,Shagun Singh Chadha,62.9
2026-07-29,BX,Stephen Biggar,16.7
2026-07-29,BXP,Caitlin Burrows,0.5
2026-07-29,BXP,Ronald Kamdem,-7.3
2026-07-29,C,Vivek Juneja,7.3
2026-07-29,CARR,Stephen Volkmann,56.6
2026-07-29,CARR,Unknown Analyst,
2026-07-29,CBRE,Stephen Sheldon,
2026-07-29,CDNS,Kelsey Chia,45.1
2026-07-29,CDNS,Lee Simpson,38.2
2026-07-29,CFG,Kevin Heal,13.5
2026-07-29,CFG,Vivek Juneja,10.7
2026-07-29,CHRW,Scott Group,28.3
2026-07-29,CINF,Michael Zaremski,16.6
2026-07-29,CMG,Greg Badishkanian,10.5
2026-07-29,CMS,Andrew Weisel,29.6
2026-07-29,CMS,Anthony Crowdell,14.7
2026-07-29,CMS,Unknown Analyst,25.1
2026-07-29,CNC,A.J. Rice,5.4
2026-07-29,CNC,David S Macdonald,20.4
2026-07-29,CNC,Erin Wright,-0.6
2026-07-29,CNC,Michael Ha,-0.6
2026-07-29,CNP,Andrew Weisel,25.3
2026-07-29,CSGP,Alexei Gogolev,70.7
2026-07-29,CSGP,Andrew Boone,14.9
2026-07-29,CSGP,Curtis Nagle,-1.5
2026-07-29,CSGP,Darrin Peller,5.1
2026-07-29,CSGP,Jake Fuller,37.9
2026-07-29,CSGP,Mayank Tandon,31.3
2026-07-29,CSGP,Peter Christiansen,8.3
2026-07-29,CSGP,Ryan Tomasello,-4.8
2026-07-29,CSGP,Scott Wurtzel,5.1
2026-07-29,CSGP,Unknown Analyst,-17.9
2026-07-29,CTSH,David Paige,-21.7
2026-07-29,CTSH,James Schneider,16.7
2026-07-29,CTSH,Maggie Nolan,
2026-07-29,CTSH,Mayank Tandon,
2026-07-29,DECK,Christine Dooley,57.5
2026-07-29,DECK,John Staszak,57.5
2026-07-29,DIS,Jason Bazinet,26.7
2026-07-29,DIS,Laurent Yoon,21.1
2026-07-29,DOW,Hassan Ahmed,37.8
2026-07-29,DTE,Ross Fowler,24.5
2026-07-29,ECL,Andrew Wittmann,10.4
2026-07-29,ECL,Jeffrey Zekauskas,10.4
2026-07-29,ECL,John McNulty,30.3
2026-07-29,ECL,Joshua Spector,23.8
2026-07-29,ECL,Scott Schneeberger,15.9
2026-07-29,ECL,Shlomo Rosenbaum,22
2026-07-29,EG,Alex Scott,15.7
2026-07-29,EG,Ryan Tunis,4.9
2026-07-29,EQIX,Ari Klein,20.5
2026-07-29,EQIX,Brett Knoblauch,16.7
2026-07-29,EQIX,Michael Funk,15.6
2026-07-29,EQIX,Michael Ng,-2.2
2026-07-29,ETR,James Thalacker,16.8
2026-07-29,EXR,Brad Heffern,14.1
2026-07-29,EXR,Michael Lewis,
2026-07-29,F,Alexander Potter,21.7
2026-07-29,F,Itay Michaeli,7.4
2026-07-29,F,Michael Ward,43.2
2026-07-29,F,Rajat Gupta CFA,21.7
2026-07-29,FE,Steve Fleishman,
2026-07-29,FITB,Vivek Juneja,13.3
2026-07-29,FLEX,Melissa Fairbanks,46.8
2026-07-29,FTNT,Jonathan Ruykhaver,18.5
2026-07-29,FTNT,Unknown Analyst,
2026-07-29,FTV,Deane Dray,15.2
2026-07-29,GD,Kenneth Herbert,15.2
2026-07-29,GD,Myles Walton,16.6
2026-07-29,GEHC,Kendall Au,25.1
2026-07-29,GEHC,Shagun Singh Chadha,25.1
2026-07-29,GEV,Chris Dendrinos,28
2026-07-29,GLW,Joshua Spector,17.8
2026-07-29,GLW,Meta Marshall,-0.8
2026-07-29,GLW,Tim Long,-22.5
2026-07-29,GLW,Wamsi Mohan,20.2
2026-07-29,GNRC,Jeff Osborne,52.4
2026-07-29,GNRC,Joseph Osha,
2026-07-29,HBAN,Jason Goldberg,18.6
2026-07-29,HIG,Bob Huang,6.3
2026-07-29,HIG,Michael Zaremski,1.2
2026-07-29,HLT,Michael Bellisario,17.6
2026-07-29,HLT,Shaun Kelley,
2026-07-29,HSIC,Jason Bednar,7.5
2026-07-29,HUBB,Christopher Glynn,
2026-07-29,HUM,Ben Hendrix,1.3
2026-07-29,HUM,Elizabeth Anderson CFA,17.1
2026-07-29,HUM,Jason Cassorla,14.9
2026-07-29,HUM,Stephen Baxter,22.5
2026-07-29,IEX,Daniel DiCicco,11.9
2026-07-29,IEX,Deane Dray,24.9
2026-07-29,IEX,Joseph C Giordano,22.7
2026-07-29,INCY,Judah Frommer,-2
2026-07-29,INCY,Salveen Richter,-2.9
2026-07-29,INCY,Srikripa Devarakonda,
2026-07-29,IQV,Anne Samuel,8.9
2026-07-29,IQV,Casey Woodring,8.9
2026-07-29,IQV,Charles Rhyee,10
2026-07-29,IQV,Eric Coldwell,9.6
2026-07-29,IQV,Jailendra Singh,14.6
2026-07-29,IQV,Kallum Titchmarsh,-8.3
2026-07-29,IQV,Luke Sergott,5.1
2026-07-29,IQV,Sean Dodge,3.1
2026-07-29,IQV,Shlomo Rosenbaum,5.4
2026-07-29,IQV,Unknown Analyst,10.8
2026-07-29,ITW,Jamie Cook,14.9
2026-07-29,ITW,Mircea Dobre,10.8
2026-07-29,ITW,Steven Fisher,11.9
2026-07-29,ITW,Tami Zakaria,30.5
2026-07-29,IVZ,Benjamin Budish,-0.9
2026-07-29,IVZ,Ken Worthington,-8.6
2026-07-29,IVZ,Michael Cho,-8.6
2026-07-29,IVZ,Michael Cyprys,-7.1
2026-07-29,JCI,Deane Dray,10.3
2026-07-29,JCI,Joe Ritchie,27.4
2026-07-29,KLAC,Amanda Tan,35.6
2026-07-29,KLAC,Atif Malik,60.5
2026-07-29,KLAC,Brian Chin,38.4
2026-07-29,KLAC,Charles Shi,49.5
2026-07-29,KLAC,Edward Yang,43.9
2026-07-29,KLAC,Harlan Sur,31.8
2026-07-29,KLAC,James Schneider,16.3
2026-07-29,KLAC,Joseph Quatrochi,35.6
2026-07-29,KLAC,Krish Sankar,43.9
2026-07-29,KLAC,Melissa Weathers,7.9
2026-07-29,KLAC,Shane Brett CFA,40.1
2026-07-29,KLAC,Steve Barger,
2026-07-29,KLAC,Vivek Arya,43.9
2026-07-29,KMI,Spiro M. Dounis,10.2
2026-07-29,KO,Andrea Faria Teixeira,8.7
2026-07-29,KO,Axel Herlinghaus,
2026-07-29,KO,Christopher Carey,7.6
2026-07-29,KO,Dara Mohsenian,13.3
2026-07-29,KO,Filippo Falorni,13.3
2026-07-29,KO,Kaumil Gajrawala,17.8
2026-07-29,KO,Michael Lavery,7.6
2026-07-29,KO,Nik Modi,8.7
2026-07-29,KO,Peter Grom,17.8
2026-07-29,KO,Robert Moskow,13.3
2026-07-29,KO,Taylor Conrad,9.9
2026-07-29,LII,Deane Dray,28.1
2026-07-29,LII,Ryan Merkel,
2026-07-29,LRCX,C J Muse,67.7
2026-07-29,LRCX,Joseph Quatrochi,17.4
2026-07-29,MAS,Michael Dahl,5.1
2026-07-29,MAS,Rafe Jadrosich,-0.8
2026-07-29,MAS,Stephen Kim,13.8
2026-07-29,MAS,Susan Maklari,40.1
2026-07-29,MAS,Trevor Allinson,
2026-07-29,MCO,Peter Christiansen,26.3
2026-07-29,MDLZ,"Matthew Smith, CFA",8.9
2026-07-29,MDLZ,Peter Galbo,12.1
2026-07-29,MDLZ,Peter Grom,8.9
2026-07-29,MDLZ,Robert Dickerson,16.9
2026-07-29,MDLZ,Robert Moskow,12.1
2026-07-29,MDLZ,Thomas Palmer,15.3
2026-07-29,META,Deepak Mathivanan,4.9
2026-07-29,META,Michael Morris,8
2026-07-29,META,Shweta Khajuria,8
2026-07-29,MGM,Brandt Montour,20.3
2026-07-29,MGM,Joseph Stauff,32.9
2026-07-29,MPWR,Sebastien Naji,
2026-07-29,MSFT,Alex Zukin,11
2026-07-29,MTB,Andrew J Dietrich,10.7
2026-07-29,MTB,Stephen Biggar,16.7
2026-07-29,NUE,Alexander Hacking,15.6
2026-07-29,NUE,Carlos De Alba,4.1
2026-07-29,NUE,Katja Jancic,13.7
2026-07-29,NXPI,Christopher Rolland,5.7
2026-07-29,NXPI,John Vinh,
2026-07-29,NXPI,Joseph Moore,42.8
2026-07-29,NXPI,Joseph Quatrochi,18.3
2026-07-29,NXPI,Michael Roxland,31
2026-07-29,NXPI,Quinn Bolton,26.8
2026-07-29,NXPI,Rick Schafer,37.4
2026-07-29,NXPI,Thomas O'Malley,43.7
2026-07-29,NXPI,Tore Svanberg,19.2
2026-07-29,NXPI,William Stein,31
2026-07-29,ODFL,Jordan Alliger,35.7
2026-07-29,OMC,James Tate CFA,74.7
2026-07-29,OMC,Michael Nathanson,7.6
2026-07-29,OMC,Sean Diffley,5
2026-07-29,ORLY,Phillip Blee,
2026-07-29,ORLY,Spencer Hanus,22.3
2026-07-29,ORLY,Unknown Analyst,
2026-07-29,PCAR,Jamie Cook,13.3
2026-07-29,PCAR,Michael Feniger,22.2
2026-07-29,PCAR,Tami Zakaria,33.6
2026-07-29,PG,Bonnie Herzog,3.3
2026-07-29,PG,Diego Serrano Flyckt,2.6
2026-07-29,PG,Jon Andersen,
2026-07-29,PG,Unknown Analyst,-2.3
2026-07-29,PNC,Vivek Juneja,10.3
2026-07-29,PNR,Andrew Kaplowitz,50.2
2026-07-29,PNR,Jeffrey Hammond,
2026-07-29,PNR,Michael Halloran,41.4
2026-07-29,PNR,Nathan Jones,14.9
2026-07-29,PPG,Arun Viswanathan,15.6
2026-07-29,PSKY,Michael Morris,
2026-07-29,PYPL,Andrew Bauch,4.2
2026-07-29,PYPL,Andrew Jeffrey,
2026-07-29,PYPL,Bryan Bergin,9.8
2026-07-29,PYPL,Bryan Keane,13.6
2026-07-29,PYPL,Colin Sebastian,6.1
2026-07-29,PYPL,Gustavo Gala,
2026-07-29,PYPL,James Faucette,-16.2
2026-07-29,PYPL,Joseph Vafi,2.4
2026-07-29,PYPL,Nik Cremo,6.1
2026-07-29,PYPL,Tien Tsin Huang,21
2026-07-29,QCOM,Aaron Rakers,-6.6
2026-07-29,QCOM,C J Muse,-9.3
2026-07-29,RCL,Andrew Didora,26.9
2026-07-29,RCL,Christopher Stathoulopoulos,43
2026-07-29,RCL,Manucher Narzulloev,34.9
2026-07-29,RCL,Patrick Scholes,
2026-07-29,RCL,Steven Wieczynski,59.5
2026-07-29,REG,Michael Gorman,13.9
2026-07-29,RF,Vivek Juneja,6.2
2026-07-29,RJF,Kevin Heal,13
2026-07-29,RMD,Lyanne Harrison,46.6
2026-07-29,ROP,Chigusa Katoku,6.8
2026-07-29,RTX,Kristina Ruggeri,23.9
2026-07-29,SBUX,Margaret-May Binshtok,
2026-07-29,SHW,Jeffrey Zekauskas,17.5
2026-07-29,SHW,Joshua Spector,20.6
2026-07-29,SHW,Matthew DeYoe,17.5
2026-07-29,SHW,Patrick Cunningham,28.4
2026-07-29,SHW,Sebastian Bray,23.7
2026-07-29,SNA,John Babcock,19.9
2026-07-29,SPGI,Andrew Nicholas,
2026-07-29,SPGI,Andrew Steinerman,29
2026-07-29,SPGI,Jeffrey Meuler,24.9
2026-07-29,SPGI,Jeffrey Silber,23
2026-07-29,SPGI,Peter Christiansen,21.7
2026-07-29,SPGI,Scott Wurtzel,25.4
2026-07-29,SPGI,Shlomo Rosenbaum,26.9
2026-07-29,STLD,Nick Cash,25.1
2026-07-29,STX,Aaron Rakers,42.1
2026-07-29,STX,Erik Woodring,43
2026-07-29,STX,Jim Kelleher,8.4
2026-07-29,STX,Joseph Cardoso,49.4
2026-07-29,STX,Krish Sankar,20.5
2026-07-29,STX,Matt Bryson,20.5
2026-07-29,STX,Sajal Dogra,56.6
2026-07-29,STX,Timothy Arcuri,3.6
2026-07-29,STX,Wamsi Mohan,38.5
2026-07-29,SWK,Joe Ritchie,4.2
2026-07-29,SWKS,Atif Malik,-27.6
2026-07-29,SWKS,Christopher Rolland,-26.4
2026-07-29,SWKS,Cody Acree,
2026-07-29,SWKS,John Vinh,
2026-07-29,SWKS,Krish Sankar,-26.4
2026-07-29,SWKS,Mayur Ramdhani CFA,-26.4
2026-07-29,SWKS,Peter Peng,-26.4
2026-07-29,SWKS,Rick Schafer,
2026-07-29,SWKS,Ruben Roy,-20.8
2026-07-29,SWKS,Srini Pajjuri,-20.8
2026-07-29,SWKS,Thomas O'Malley,-20.8
2026-07-29,SWKS,Timothy Arcuri,-20.8
2026-07-29,SWKS,Vivek Arya,-26.4
2026-07-29,TER,James Schneider,22.5
2026-07-29,TER,Krish Sankar,18.5
2026-07-29,TER,Vivek Arya,38.3
2026-07-29,TFC,Vivek Juneja,7.1
2026-07-29,TROW,Michael Cyprys,9.1
2026-07-29,TXN,Alexi de Unger,50.7
2026-07-29,TXT,Charles Minervino,35.8
2026-07-29,TXT,Douglas Harned,33.3
2026-07-29,TXT,Gavin Parsons,17.3
2026-07-29,TXT,Kristine Liwag,21
2026-07-29,TXT,Ronald Epstein,17.3
2026-07-29,TYL,Matthew VanVliet,1
2026-07-29,UHS,Craig Hettenbach,9.2
2026-07-29,UHS,Michael Ha,-5.1
2026-07-29,UHS,Ryan Langston,12.7
2026-07-29,UPS,Bascome Majors,29.6
2026-07-29,UPS,Brandon Oglenski,-20.2
2026-07-29,UPS,J. Bruce Chan,14.7
2026-07-29,UPS,Jason Seidl,14.7
2026-07-29,UPS,Lucas Servera,29.6
2026-07-29,UPS,Ravi Shanker,-24.2
2026-07-29,UPS,Scott Schneeberger,16.7
2026-07-29,UPS,Thomas Wadewitz,23.7
2026-07-29,USB,Vivek Juneja,9.8
2026-07-29,V,Andrew Bauch,9.3
2026-07-29,V,Bill Carcache,16.1
2026-07-29,V,Bryan Bergin,13.4
2026-07-29,V,Bryan Keane,18.8
2026-07-29,V,Dan Dolev,14.7
2026-07-29,V,David Koning,13.4
2026-07-29,V,Gustavo Gala,
2026-07-29,V,James Faucette,12.3
2026-07-29,V,Jason Kupferberg,16.6
2026-07-29,V,Rayna Kumar,8.8
2026-07-29,V,Sanjay Sakhrani,16.1
2026-07-29,V,Tien Tsin Huang,21.5
2026-07-29,V,Timothy Chiodo,13.4
2026-07-29,VLTO,Brian K. Lee,20.1
2026-07-29,VMC,Anthony Codling,18.7
2026-07-29,VMC,Ivan Yi,35.7
2026-07-29,VMC,Scott Group,35.7
2026-07-29,VMRK,Nicholas Joseph,8.2
2026-07-29,VRSK,George Tong,33.4
2026-07-29,VRT,Deane Dray,31.1
2026-07-29,WFC,Jason Goldberg,19.6
2026-07-29,WFC,Vivek Juneja,5.8
2026-07-29,WM,Michael Feniger,14.8
2026-07-29,XYL,Andrew Kaplowitz,60.8
2026-07-29,XYL,Brett Linzey,21.5
2026-07-29,XYL,Brian Drab,
2026-07-29,XYL,Bryan Blair,47.7
2026-07-29,XYL,Joseph C Giordano,26.2
2026-07-29,XYL,Michael Halloran,54.3
2026-07-29,XYL,William Grippin,48.7
2026-07-30,AAPL,Jim Kelleher,12.9
2026-07-30,AAPL,Melissa Fairbanks,
2026-07-30,AAPL,William Power,-0.7
2026-07-30,AAPL,Yanni Samoilis,-0.7
2026-07-30,ABNB,Brian Nowak,-26.6
2026-07-30,ADP,Dan Dolev,20
2026-07-30,ADP,James Faucette,6.6
2026-07-30,ADP,Mark Marcon,13.7
2026-07-30,ADP,Tien Tsin Huang,4.4
2026-07-30,AEE,Carly Davenport,9.6
2026-07-30,AJG,Ryan Tunis,24.8
2026-07-30,ALGN,David Saxon,
2026-07-30,ALGN,Erin Wright,24.7
2026-07-30,ALGN,Jonathan Block,39.2
2026-07-30,ALGN,Michael Ryskin,
2026-07-30,AMP,Kevin Heal,5.8
2026-07-30,AMT,Jonathan Atkin,15.3
2026-07-30,AMZN,Colin Sebastian,20.7
2026-07-30,AMZN,Unknown Analyst,26.6
2026-07-30,AON,Alex Scott,26.2
2026-07-30,AON,Matthew Heimermann,43.7
2026-07-30,APD,Duffy Fischer,23.5
2026-07-30,APD,John Roberts CFA,21.8
2026-07-30,APD,Unknown Analyst,
2026-07-30,APH,Amit Daryanani,7.2
2026-07-30,APH,Joseph Cardoso,28.1
2026-07-30,ARE,Michael Tupholme,
2026-07-30,AVY,George Staphos,25.2
2026-07-30,AVY,John McNulty,25.8
2026-07-30,BA,Kristine Liwag,18.8
2026-07-30,BG,Thomas Palmer,14.4
2026-07-30,BIIB,Andrew Fein,15.6
2026-07-30,BIIB,Andrew Tsai,17.4
2026-07-30,BIIB,Chris Schott,-3.3
2026-07-30,BIIB,Michael Yee,10.5
2026-07-30,BIIB,Mohit Bansal,15.1
2026-07-30,BIIB,Phil Nadeau,3.6
2026-07-30,BIIB,Sumant Kulkarni,14.2
2026-07-30,BIIB,Terence Flynn,6.4
2026-07-30,BLDR,Michael Dahl,45.8
2026-07-30,BLDR,Ryan Merkel,
2026-07-30,BMY,Carter Gould,-7.3
2026-07-30,BSX,David Rescott,30.3
2026-07-30,BSX,David Toung,
2026-07-30,BSX,Mike Kratky,39.6
2026-07-30,BSX,Patrick Wood,55.9
2026-07-30,BSX,Pito Chickering,39.6
2026-07-30,BSX,Robbie Marcus,30.3
2026-07-30,BSX,Suraj Kalia,97.8
2026-07-30,BSX,Vijay Kumar,28
2026-07-30,BSX,William Plovanic,53.6
2026-07-30,BXP,Floris van Dijkum,31.4
2026-07-30,CBRE,Alex Kramm,35.2
2026-07-30,CBRE,Jade Rahmani,23.8
2026-07-30,CBRE,Steve Sakwa,24.5
2026-07-30,CEG,Jeremy Tonet,35.2
2026-07-30,CHRW,Bascome Majors,40.7
2026-07-30,CHRW,Brandon Oglenski,37.5
2026-07-30,CHRW,Brian Ossenbeck,47.3
2026-07-30,CHRW,Jonathan Chappell,55.1
2026-07-30,CHRW,Lucas Servera,40.7
2026-07-30,CHRW,Ravi Shanker,-40.4
2026-07-30,CI,Ben Hendrix,20
2026-07-30,CI,Jason Cassorla,28.6
2026-07-30,CI,Kevin Fischbeck,34.6
2026-07-30,CI,Lisa Gill,
2026-07-30,CINF,Joshua Shanker,13.7
2026-07-30,CMG,Andrew Strelzik,43.6
2026-07-30,CMG,Brian Bittner,40.9
2026-07-30,CMG,Brian Mullan,7.7
2026-07-30,CMG,David Palmer,29.8
2026-07-30,CMG,Gregory Francfort,-0.6
2026-07-30,CMG,Jim Salera,10.5
2026-07-30,CMG,Joe Feldman,32.6
2026-07-30,CMG,Lauren Silberman,40.9
2026-07-30,CMG,Logan Reich,24.3
2026-07-30,CMG,Matt Curtis,38.1
2026-07-30,CMG,Zachary Fadem,24.3
2026-07-30,CMS,Ross Fowler,
2026-07-30,CNC,Ryan Langston,-2.1
2026-07-30,CPT,Julien Blouin,0
2026-07-30,CSX,John Eade,14.4
2026-07-30,CSX,Kristina Ruggeri,14.4
2026-07-30,CTSH,Bryan Bergin,-10
2026-07-30,CTSH,Bryan Keane,0
2026-07-30,CTSH,David Koning,13.3
2026-07-30,CTSH,James Faucette,-15
2026-07-30,CTSH,James Friedman,36.7
2026-07-30,CTSH,Keith Bachman,5
2026-07-30,CTSH,Steven Wahrhaftig,16.7
2026-07-30,CTSH,Tien Tsin Huang,11.7
2026-07-30,CVNA,Andrew Boone,20
2026-07-30,CVNA,Andrew Percoco,30.1
2026-07-30,CVNA,Chris Pierce,73.5
2026-07-30,CVNA,Craig Kennison,4.1
2026-07-30,CVNA,John Colantuoni,27.2
2026-07-30,CVNA,Michael Baker,
2026-07-30,CVNA,Michael Montani,8.4
2026-07-30,CVNA,Mike McGovern,1.2
2026-07-30,DLR,Matthew Niknam,
2026-07-30,DTE,Michael Lonegan,16.2
2026-07-30,DXCM,Josh Jennings,14.4
2026-07-30,ECL,Jason Haas CFA,6.8
2026-07-30,ECL,Vincent Andrews,19.5
2026-07-30,EG,David Motemaden,1.4
2026-07-30,EG,Joshua Shanker,
2026-07-30,EME,Adam Bubes,13.4
2026-07-30,EME,Adam Thalhimer,53.7
2026-07-30,EQIX,Brandon Nispel,
2026-07-30,EQIX,Eric Luebchow,15.6
2026-07-30,EQIX,Erik Rasmussen,21.9
2026-07-30,EQIX,John Hodulik,21.9
2026-07-30,EQIX,Jonathan Petersen,29.1
2026-07-30,EQIX,Joseph Osha,19
2026-07-30,EQIX,Maher Yaghi,16.4
2026-07-30,EQIX,Michael Elias,12.4
2026-07-30,EQT,Bob Brackett,25.8
2026-07-30,ES,Carly Davenport,18.2
2026-07-30,ESS,Brad Heffern,14.3
2026-07-30,ESS,Simon Yarmak,7.3
2026-07-30,ESS,Steve Sakwa,11
2026-07-30,ETR,Andrew Weisel,22.5
2026-07-30,EXE,Bob Brackett,68.7
2026-07-30,EXE,Gabriel Daoud,27.6
2026-07-30,EXE,Josh Silverstein,30.8
2026-07-30,EXE,Neal Dingmann,
2026-07-30,EXPE,Brian Nowak,6.8
2026-07-30,EXR,Caitlin Burrows,16.2
2026-07-30,FE,Andrew Weisel,21.4
2026-07-30,FICO,Ashish Sabadra,54.8
2026-07-30,FICO,Curtis Nagle,42.1
2026-07-30,FICO,Kyle Peterson,67.4
2026-07-30,FICO,Owen Lau,62.4
2026-07-30,FLEX,Joseph Cardoso,38.2
2026-07-30,FLEX,Luke Junk,22.6
2026-07-30,FLEX,Steve Barger,
2026-07-30,FSLR,Brian K. Lee,48.3
2026-07-30,FTNT,Brad Zelnick,2.5
2026-07-30,FTNT,Brian Essex,-24.4
2026-07-30,FTNT,Catharine Trebnick,24.9
2026-07-30,FTNT,Dan Bergstrom,18.5
2026-07-30,FTNT,Gabriela Borges,21.7
2026-07-30,FTNT,Gray Powell,30.1
2026-07-30,FTNT,Ittai Kidron,
2026-07-30,FTNT,Jonathan Ho,
2026-07-30,FTNT,Joseph Gallo,21.7
2026-07-30,FTNT,Junaid Siddiqui,17.3
2026-07-30,FTNT,Keith Bachman,18.5
2026-07-30,FTNT,Meta Marshall,-12.9
2026-07-30,FTNT,Mike Cikos,
2026-07-30,FTNT,Patrick Colville,4.4
2026-07-30,FTNT,Peter Levine,5.7
2026-07-30,FTNT,Richard Poland,-13.5
2026-07-30,FTNT,Rob Owens,12.1
2026-07-30,FTNT,Roger Boyd,15.3
2026-07-30,FTNT,Saket Kalia,21.7
2026-07-30,FTNT,Shaul Eyal,37.8
2026-07-30,FTNT,Tal Liani,41
2026-07-30,FTV,Jamie Cook,24.3
2026-07-30,FTV,Unknown Analyst,28
2026-07-30,GD,Charles Minervino,27.8
2026-07-30,GD,Gautam Khanna,18
2026-07-30,GD,John Godyn,13.5
2026-07-30,GD,Kristine Liwag,30.7
2026-07-30,GD,Louie DiPalma,
2026-07-30,GD,Peter Arment,20.8
2026-07-30,GD,Scott Deuschle,7.9
2026-07-30,GD,Seth Seifman,22.2
2026-07-30,GEHC,Matthew Taylor,43.9
2026-07-30,GEHC,Rick Wise,25.1
2026-07-30,GEHC,Robbie Marcus,9.5
2026-07-30,GEHC,Suraj Kalia,33
2026-07-30,GEHC,Vijay Kumar,31.4
2026-07-30,GEHC,Vik Chopra,11.1
2026-07-30,GNRC,Brian Drab,
2026-07-30,GNRC,Chip Moore,14.4
2026-07-30,GNRC,Christine Cho CFA,48.7
2026-07-30,GNRC,George Gianarikas,47.1
2026-07-30,GNRC,Jeffrey Hammond,
2026-07-30,GNRC,Michael Halloran,63.1
2026-07-30,GNRC,Sean Milligan,51.3
2026-07-30,GNRC,Stephen Gengaro,52.4
2026-07-30,GRMN,Erik Woodring,2.2
2026-07-30,GRMN,Joseph Cardoso,4.4
2026-07-30,GRMN,Tim Long,5.1
2026-07-30,HOOD,John Todaro,6.6
2026-07-30,HOOD,Ken Worthington,-8.5
2026-07-30,HSY,Christopher Carey,9.6
2026-07-30,HUM,A.J. Rice,-1.2
2026-07-30,HUM,David S Macdonald,1.3
2026-07-30,HUM,George Hill,6.4
2026-07-30,HUM,Jessica Tassan,13
2026-07-30,HUM,John Ransom,
2026-07-30,HUM,Matthew Gillmor CFA,
2026-07-30,HUM,Michael Ha,-4.8
2026-07-30,HUM,Michael Wiederhorn,-1.2
2026-07-30,HUM,Parker Snure,3.7
2026-07-30,HUM,Scott Fidel,-31.7
2026-07-30,HUM,Whit Mayo,25.2
2026-07-30,ICE,Ashish Sabadra,14.4
2026-07-30,IEX,Michael Halloran,22.2
2026-07-30,IEX,Nathan Jones,19.5
2026-07-30,IEX,Vlad Bystricky,20
2026-07-30,INCY,Jessica Fye,-1.2
2026-07-30,INVH,Steve Sakwa,19.8
2026-07-30,IP,Matt McKellar,51.3
2026-07-30,ISRG,Helen Fang,5.9
2026-07-30,JCI,Alexander Virgo,6.2
2026-07-30,JCI,Amit Mehrotra,23.3
2026-07-30,JCI,Unknown Analyst,
2026-07-30,KEY,Brian Foran,
2026-07-30,KLAC,Thomas O'Malley,24.6
2026-07-30,KO,Zheng Feng Chee,11
2026-07-30,LH,Michael Ryskin,15.6
2026-07-30,LHX,Kenneth Herbert,26.3
2026-07-30,LII,Jeffrey Hammond,
2026-07-30,LII,Joe Ritchie,49.4
2026-07-30,LII,Noah Kaye,57.1
2026-07-30,LII,Timothy Wojs,35.2
2026-07-30,LRCX,Blayne Curtis,12.3
2026-07-30,LRCX,Brian Chin,42.5
2026-07-30,LRCX,Charles Shi,30.8
2026-07-30,LRCX,Craig Ellis,17.4
2026-07-30,LRCX,Edward Yang,34.1
2026-07-30,LRCX,Mark Lipacis,-7.8
2026-07-30,LRCX,Melissa Weathers,7.3
2026-07-30,LRCX,Shane Brett CFA,23.1
2026-07-30,LRCX,Srini Pajjuri,27.4
2026-07-30,LRCX,Steve Barger,
2026-07-30,LRCX,Thomas O'Malley,12.3
2026-07-30,LVS,John Staszak,
2026-07-30,LYV,Unknown Analyst,19.9
2026-07-30,MA,Andrew Jeffrey,
2026-07-30,MA,Will Nance,23.2
2026-07-30,MAA,Barry Oxford,16.2
2026-07-30,MAA,Brad Heffern,10.6
2026-07-30,MAA,John Kim,24.2
2026-07-30,MAA,Michael Lewis,
2026-07-30,MAA,Steve Sakwa,4.2
2026-07-30,MAS,John Lovallo,37.2
2026-07-30,MAS,Keith Hughes,24.1
2026-07-30,MAS,Timothy Wojs,16.8
2026-07-30,MAS,Tyler Batory,28.4
2026-07-30,META,Andrew Boone,18.8
2026-07-30,META,Benjamin Black CFA,15.7
2026-07-30,META,Brad Erickson,18.8
2026-07-30,META,Brian White,12.6
2026-07-30,META,Colin Sebastian,15.7
2026-07-30,META,Gil Luria,8
2026-07-30,META,Ingo Wermann,
2026-07-30,META,Jeffrey Wlodarczak,21.9
2026-07-30,META,Ken Gawrelski,-1.2
2026-07-30,META,Maria Ripps,43.5
2026-07-30,META,Nat Schindler,-7.4
2026-07-30,META,Ross Sandler,20.4
2026-07-30,META,Shyam Patil,0.3
2026-07-30,MGM,Daniel Politzer,32.9
2026-07-30,MGM,Steven Wieczynski,22.8
2026-07-30,MPWR,Joshua Buchalter,49.9
2026-07-30,MSFT,Andrew Sherman,9
2026-07-30,MSFT,Derrick Wood,9
2026-07-30,MSFT,Edward Yang,3.9
2026-07-30,MSFT,Gil Luria,
2026-07-30,MSFT,Gregg Moskowitz,2.9
2026-07-30,MSFT,Jackson Ader,21.1
2026-07-30,MSFT,John Difucci,18.2
2026-07-30,MSFT,Joseph Bonner,2.9
2026-07-30,MSFT,Keith Bachman,3.9
2026-07-30,MSFT,Patrick Colville,2.9
2026-07-30,MSFT,Thomas Blakey,5.3
2026-07-30,MSFT,Timothy Horan,3.9
2026-07-30,NCLH,Kevin Kopelman,61.9
2026-07-30,NEE,Marie Ferguson,23.9
2026-07-30,NXPI,Harlan Sur,26.8
2026-07-30,ODFL,Brian Ossenbeck,39.1
2026-07-30,ODFL,Eric Morgan,22.4
2026-07-30,ODFL,Jason Seidl,29.6
2026-07-30,ODFL,Jonathan Chappell,35.2
2026-07-30,ODFL,Lucas Servera,39.1
2026-07-30,ODFL,Ravi Shanker,36.3
2026-07-30,ODFL,Thomas Wadewitz,26.8
2026-07-30,OMC,Jason Bazinet,26.6
2026-07-30,OMC,Julien Roch,13.9
2026-07-30,OMC,Steven Cahall,17.7
2026-07-30,ORLY,Greg Melich,34
2026-07-30,ORLY,Michael Baker,
2026-07-30,ORLY,Robert Ohmes,39.8
2026-07-30,ORLY,Steven Shemesh,28.2
2026-07-30,ORLY,Zachary Fadem,16.5
2026-07-30,PCAR,Jerry Revich,27.9
2026-07-30,PCAR,Kyle Menges,14.1
2026-07-30,PG,Christopher Carey,12.9
2026-07-30,PG,Dara Mohsenian,14.3
2026-07-30,PG,Filippo Falorni,17
2026-07-30,PG,Michael Lavery,-0.2
2026-07-30,PG,Stephen Powers,11.5
2026-07-30,PM,Simon Hales,17.8
2026-07-30,PPG,John McNulty,30.8
2026-07-30,PPG,Joshua Spector,18.5
2026-07-30,PPG,Matthew DeYoe,29.9
2026-07-30,PPG,Patrick Cunningham,14.7
2026-07-30,PSA,Brad Heffern,7.3
2026-07-30,PSA,Caitlin Burrows,23.8
2026-07-30,PSA,Michael Griffin CFA,6.6
2026-07-30,PSA,Michael Lewis,
2026-07-30,PTC,Adam Borg,26.2
2026-07-30,PTC,Andrew Obin,10.9
2026-07-30,PTC,Blair Abernethy,45.3
2026-07-30,PTC,Clarke Jeffries,20
2026-07-30,PTC,Daniel Jester,25.4
2026-07-30,PTC,Joseph Vruwink,56.8
2026-07-30,PTC,Kenneth Wong,33.8
2026-07-30,PTC,Matthew Hedberg,49.1
2026-07-30,PTC,Saket Kalia,18.5
2026-07-30,QCOM,Christopher Rolland,-12.1
2026-07-30,QCOM,Cody Acree,48.4
2026-07-30,QCOM,James Schneider,-12.1
2026-07-30,QCOM,Jim Kelleher,20.9
2026-07-30,QCOM,John Vinh,
2026-07-30,QCOM,Joseph Moore,20.9
2026-07-30,QCOM,Joshua Buchalter,-3.8
2026-07-30,QCOM,Mark Lipacis,-12.6
2026-07-30,QCOM,Timothy Arcuri,-6.6
2026-07-30,QCOM,Tristan Gerra,119.8
2026-07-30,QCOM,Vijay Rakesh,-6.6
2026-07-30,RCL,Tristan M. Thomas-Martin,42.2
2026-07-30,REG,Greg McGinniss,9.9
2026-07-30,REG,Michael Griffin CFA,11.2
2026-07-30,REG,Michael Lewis,
2026-07-30,REG,Steve Sakwa,11.2
2026-07-30,REGN,Carter Gould,1.7
2026-07-30,REGN,Salveen Richter,24.4
2026-07-30,REGN,Tazeen Ahmad,14
2026-07-30,REGN,Tyler Van Buren,22.8
2026-07-30,SBUX,Andrew Strelzik,31.7
2026-07-30,SBUX,Brian Harbour,16.5
2026-07-30,SBUX,David Palmer,21.5
2026-07-30,SBUX,David Tarantino CFA,25.6
2026-07-30,SBUX,Dennis Geiger,13.4
2026-07-30,SBUX,Jon Tower,13.4
2026-07-30,SBUX,Lauren Silberman,27.6
2026-07-30,SBUX,Logan Reich,16.5
2026-07-30,SBUX,Sara Senatore,44.8
2026-07-30,SBUX,Sharon Zackfia,
2026-07-30,SBUX,Unknown Analyst,
2026-07-30,SBUX,Zachary Fadem,26.6
2026-07-30,SHW,Arun Viswanathan,29.9
2026-07-30,SO,Shahriar Pourreza,13.6
2026-07-30,STX,Thomas O'Malley,50.6
2026-07-30,SW,Matt McKellar,38.8
2026-07-30,TDY,Mariana Perez Mora,27.5
2026-07-30,TER,Gus Richard,
2026-07-30,TER,Joseph Cardoso,22.5
2026-07-30,TER,Shane Brett CFA,4.6
2026-07-30,TER,Steve Barger,
2026-07-30,TER,Vedvati Shrotre,10.6
2026-07-30,TT,Alexander Virgo,26.5
2026-07-30,TXT,Seth Seifman,21
2026-07-30,TYL,Allan Verkhovski,18.8
2026-07-30,TYL,Andrew Sherman,18.8
2026-07-30,TYL,J. Parker Lane,18.8
2026-07-30,TYL,John Difucci,30.7
2026-07-30,TYL,Jonathan Ho,
2026-07-30,TYL,Joshua Reilly,18.8
2026-07-30,TYL,Kirk Materne,11.4
2026-07-30,UDR,Julien Blouin,8.2
2026-07-30,UHS,Scott Fidel,8.7
2026-07-30,V,Nik Cremo,13.4
2026-07-30,VICI,James Kammert,28.9
2026-07-30,VICI,Simon Yarmak,36.9
2026-07-30,VICI,Wes Golladay,28.9
2026-07-30,VLTO,Andrew Kaplowitz,13.7
2026-07-30,VLTO,Andrew Krill,18
2026-07-30,VLTO,John McNulty,30.7
2026-07-30,VLTO,Joshua Spector,10.5
2026-07-30,VLTO,Michael Halloran,18
2026-07-30,VLTO,William Grippin,24.3
2026-07-30,VMC,Adam Seiden,34.5
2026-07-30,VMC,Angel Castillo,27
2026-07-30,VMC,Anthony Pettinari,38.5
2026-07-30,VMC,Brent Thielman,
2026-07-30,VMC,Keith Hughes,
2026-07-30,VRSK,Alex Kramm,33.4
2026-07-30,VRSK,Andrew Steinerman,41.9
2026-07-30,VRSK,David Motemaden,26.6
2026-07-30,VRSK,Faiza Alwy,27.7
2026-07-30,VRSK,Jason Haas CFA,47.6
2026-07-30,VRSK,Jeffrey Meuler,40.2
2026-07-30,VRSK,Toni Kaplan,33.4
2026-07-30,VRT,Andrew Kaplowitz,39.3
2026-07-30,VRT,Brian Drab,
2026-07-30,VRT,Jeffrey Hammond,26.4
2026-07-30,VRT,Justin Clare,38.1
2026-07-30,VRT,Luke Junk,24.5
2026-07-30,VRT,Mark Delaney,17.1
2026-07-30,VRT,Michael Elias,38.5
2026-07-30,VRT,Noah Kaye,26.4
2026-07-30,VRT,Unknown Analyst,43.9
2026-07-30,VTR,James Kammert,6.7
2026-07-30,WEC,Andrew Weisel,32.9
2026-07-30,WEC,James Thalacker,11.1
2026-07-30,WELL,James Kammert,10.3
2026-07-30,WFC,John McDonald CFA,
2026-07-30,WM,Devin Dodge,12.4
2026-07-30,WM,Faiza Alwy,26.5
2026-07-30,WM,James Schumm,28.8
2026-07-30,WM,Kevin Chiang,17.1
2026-07-30,WM,Sabahat Khan,14.3
2026-07-30,WM,Shlomo Rosenbaum,22.3
2026-07-30,WM,Stephanie Price,17.1
2026-07-30,WM,Tobey Sommer,21.8
2026-07-30,WM,Toni Kaplan,7.7
2026-07-30,WM,William Grippin,29.8
2026-07-30,WTW,Adam Klauber,
2026-07-30,XEL,Carly Davenport,25.8
2026-07-30,XEL,Nicholas Amicucci,27.2
2026-07-30,YUM,Andrew Charles,27.8
2026-07-30,YUM,Logan Reich,20.7
2026-07-30,YUM,Peter Saleh,
2026-07-31,AAPL,Aaron Rakers,5.3
2026-07-31,AAPL,Unknown Analyst,
2026-07-31,ABBV,Carter Gould,10.8
2026-07-31,ABBV,Matt Phipps,
2026-07-31,ABBV,Steve Scala,8.9
2026-07-31,AEE,Sophie Karp,
2026-07-31,AEP,Anthony Crowdell,9.5
2026-07-31,AJG,Adam Klauber,
2026-07-31,AJG,Alex Scott,21.5
2026-07-31,AJG,Mark Hughes,10.3
2026-07-31,AJG,Meyer Shields,12.8
2026-07-31,AJG,Paul Newsome,19.4
2026-07-31,AJG,Robert Cox CFA,15.3
2026-07-31,AJG,Rowland Mayor,29
2026-07-31,AJG,Yaron Kinar,24.8
2026-07-31,AMZN,Benjamin Black CFA,26.6
2026-07-31,AMZN,Brad Erickson,28.5
2026-07-31,AMZN,Brent Thill,28.5
2026-07-31,AMZN,Brian Pitz,48
2026-07-31,AMZN,Brian White,28.5
2026-07-31,AMZN,Daniel Kurnos,55.8
2026-07-31,AMZN,Deepak Mathivanan,24.6
2026-07-31,AMZN,Dylan Carden,
2026-07-31,AMZN,Gil Luria,-2.6
2026-07-31,AMZN,Ingo Wermann,
2026-07-31,AMZN,Jason Helfstein,24.6
2026-07-31,AMZN,Jeffrey Wlodarczak,29.7
2026-07-31,AMZN,Joe Feldman,30.5
2026-07-31,AMZN,John Blackledge,36.3
2026-07-31,AMZN,Josh Beck,51.9
2026-07-31,AMZN,Justin Patterson,36.3
2026-07-31,AMZN,Laura Martin,16.8
2026-07-31,AMZN,Mark Shmulik,24.6
2026-07-31,AMZN,Nat Schindler,26.6
2026-07-31,AMZN,Ross Sandler,42.1
2026-07-31,AMZN,Stephen Ju,18.8
2026-07-31,AMZN,Thomas Champion,24.6
2026-07-31,AMZN,Tom Forte,36.3
2026-07-31,AMZN,Ygal Arounian,20.7
2026-07-31,AOS,Andrew Kaplowitz,11.5
2026-07-31,AOS,Jeffrey Hammond,
2026-07-31,AOS,Nathan Jones,22
2026-07-31,AOS,Susan Maklari,2.8
2026-07-31,AOS,Unknown Analyst,18.5
2026-07-31,APD,Abigail Eberts,20.1
2026-07-31,APD,Jeffrey Zekauskas,13.2
2026-07-31,APD,John McNulty,25.2
2026-07-31,APD,Joshua Spector,15.3
2026-07-31,APD,Matthew DeYoe,7.7
2026-07-31,APD,Patrick Cunningham,13.2
2026-07-31,APD,Unknown Analyst,20.4
2026-07-31,AVY,Anthony Pettinari,9.8
2026-07-31,AVY,Joshua Spector,32.8
2026-07-31,AVY,Michael Roxland,23.4
2026-07-31,AWK,Anthony Crowdell,1.7
2026-07-31,BAX,Josh Jennings,21.8
2026-07-31,BAX,Pito Chickering,13.4
2026-07-31,BAX,Rick Wise,17.6
2026-07-31,BAX,Unknown Analyst,-3.4
2026-07-31,BIIB,Danielle Brill,8.2
2026-07-31,BIIB,Laura Chico,-1
2026-07-31,BLDR,Collin Verron,9.3
2026-07-31,BLDR,David Manthey,24.2
2026-07-31,BLDR,Jeffrey Hammond,50.7
2026-07-31,BLDR,John Lovallo,45.8
2026-07-31,BLDR,Keith Hughes,49.1
2026-07-31,BLDR,Kurt Yinger,12.6
2026-07-31,BLDR,Matthew Bouley,34.2
2026-07-31,BLDR,Rafe Jadrosich,17.6
2026-07-31,BLDR,Susan Maklari,49.1
2026-07-31,BLDR,Tyler Batory,49.1
2026-07-31,BMY,Mohit Bansal,2.1
2026-07-31,BMY,Seamus Fernandez,17.9
2026-07-31,BMY,Srikripa Devarakonda,10
2026-07-31,BSX,Anthony Petrone,39.6
2026-07-31,CHD,Jon Andersen,
2026-07-31,CHRW,J. Bruce Chan,47.3
2026-07-31,CHRW,Sergey Glinyanov,36.8
2026-07-31,CI,Andrew Mok CFA,10.4
2026-07-31,CI,David S Macdonald,24.7
2026-07-31,CI,Erin Wright,28.6
2026-07-31,CI,George Hill,8.6
2026-07-31,CI,Jailendra Singh,24.7
2026-07-31,CI,Michael Ha,28.9
2026-07-31,CI,Stephen Baxter,9.3
2026-07-31,CI,Unknown Analyst,30
2026-07-31,CMG,Nick Setyan,18.8
2026-07-31,COIN,Andrew Jeffrey,
2026-07-31,COIN,Benjamin Budish,-45.8
2026-07-31,COIN,Brian Bedell,7.3
2026-07-31,COIN,Chris Brendler,14.1
2026-07-31,COIN,Hal Goetsch,15.8
2026-07-31,COIN,John Todaro,1
2026-07-31,COIN,Mark Palmer,31.2
2026-07-31,COIN,Mike Colonnese,51.2
2026-07-31,COIN,Owen Lau,16.4
2026-07-31,COIN,Patrick Moley,-16.7
2026-07-31,COIN,Rayna Kumar,10.1
2026-07-31,COIN,Robert Bamberger,-25.8
2026-07-31,COIN,Unknown Analyst,10.1
2026-07-31,CPT,Alexander Goldfarb,15.5
2026-07-31,CPT,Michael Lewis,
2026-07-31,CPT,Simon Yarmak,19.6
2026-07-31,CRH,Anthony Codling,86.3
2026-07-31,CRH,Keith Hughes,46.8
2026-07-31,CRH,Trey Grooms,41.2
2026-07-31,CVNA,Benjamin Black CFA,15.7
2026-07-31,CVNA,John Babcock,34.5
2026-07-31,CVNA,Joseph Spak,20
2026-07-31,CVNA,Ronald Josey,30.1
2026-07-31,CVX,Biraj Borkhataria,2.8
2026-07-31,DXCM,Bruce Jackson,-1.2
2026-07-31,DXCM,Jayson Bedford,13.2
2026-07-31,DXCM,Jeff Johnson,26.5
2026-07-31,DXCM,Jonathan Block,14.4
2026-07-31,DXCM,Kendall Au,8.4
2026-07-31,DXCM,Kieran Ryan,10.8
2026-07-31,DXCM,Marie Thibault,8.4
2026-07-31,DXCM,Matthew O'Brien,14.4
2026-07-31,DXCM,Richard Newitter,12
2026-07-31,DXCM,Shagun Singh Chadha,8.4
2026-07-31,DXCM,Steven Lichtman,
2026-07-31,DXCM,Travis Steed,
2026-07-31,ECL,Unknown Analyst,
2026-07-31,EG,Elyse Greenspan,6.5
2026-07-31,EG,Matthew Heimermann,11.6
2026-07-31,EG,Michael Zaremski,1.2
2026-07-31,EG,Yaron Kinar,11.9
2026-07-31,EME,Avinatan Jaroslawicz,36.4
2026-07-31,EME,Brent Thielman,53.7
2026-07-31,EME,Justin Hauke,17.6
2026-07-31,ERIE,Adam Klauber,
2026-07-31,ES,Sophie Karp,
2026-07-31,ESS,Aaron Hecht,20.9
2026-07-31,ESS,Alexander Goldfarb,29
2026-07-31,ETR,Anthony Crowdell,14.9
2026-07-31,EXC,James Thalacker,8.9
2026-07-31,F,Matthias Volkert,14.5
2026-07-31,FANG,John Freeman,21
2026-07-31,FE,Nicholas Campanella,17.1
2026-07-31,FSLR,Chris Dendrinos,12.9
2026-07-31,FSLR,Christopher Souther,9.6
2026-07-31,FSLR,Colin Rusch,
2026-07-31,FSLR,Jed Dorsheimer,
2026-07-31,FSLR,Jeff Osborne,21
2026-07-31,FSLR,Jon Windham,57.9
2026-07-31,FSLR,Philip Shen,43.5
2026-07-31,FSLR,Sean Milligan,45
2026-07-31,FSLR,Sophie Karp,-28.2
2026-07-31,FTNT,Gregg Moskowitz,-11.6
2026-07-31,FTNT,Shyam Patil,2.5
2026-07-31,GDDY,Alexei Gogolev,26.4
2026-07-31,GDDY,Arjun Bhatia,
2026-07-31,GDDY,Brad Erickson,-3.1
2026-07-31,GDDY,Christopher Zhang,2
2026-07-31,GDDY,Deepak Mathivanan,-8.2
2026-07-31,GDDY,Elizabeth Porter,2
2026-07-31,GDDY,James Callahan CFA,-3.1
2026-07-31,GDDY,Josh Beck,2
2026-07-31,GDDY,Kenneth Wong,
2026-07-31,GDDY,Mark Zgutowicz,42.8
2026-07-31,GDDY,Naved Khan,73.3
2026-07-31,GDDY,Robert Coolbrith,-13.3
2026-07-31,GEHC,Anthony Petrone,33
2026-07-31,GEHC,Graham Doyle,14.2
2026-07-31,GEV,Julien Dumoulin Smith,26.4
2026-07-31,HII,John Godyn,35.5
2026-07-31,HLT,Benjamin Chaiken,7.4
2026-07-31,HOOD,Christopher Allen,-11.2
2026-07-31,HSY,Brian Holland,9.6
2026-07-31,HSY,Leah Jordan,29.2
2026-07-31,HSY,Matt Curtis,9.6
2026-07-31,HSY,"Matthew Smith, CFA",3.9
2026-07-31,HSY,Peter Grom,14.2
2026-07-31,HSY,Robert Moskow,21.2
2026-07-31,HSY,Scott Marks CFA,9.6
2026-07-31,HSY,Stephen Powers,10.2
2026-07-31,HUM,Ryan Langston,-9.7
2026-07-31,ICE,Brian Bedell,13.1
2026-07-31,ICE,Christopher Allen,8
2026-07-31,ICE,William Katz,12.5
2026-07-31,INVH,Brad Heffern,12.6
2026-07-31,IP,Anojja Shah,36.8
2026-07-31,IP,Anthony Pettinari,39.7
2026-07-31,IP,Gabrial Hajde,33.9
2026-07-31,IP,Hillary Cacanando,45.5
2026-07-31,IQV,Ann Hynes,5.1
2026-07-31,IR,Unknown Analyst,57.7
2026-07-31,JCI,Brett Linzey,2.7
2026-07-31,KKR,Benjamin Budish,33.6
2026-07-31,LH,Eric Coldwell,13
2026-07-31,LH,Erin Wright,8.5
2026-07-31,LH,Pito Chickering,-1.8
2026-07-31,LHX,Charles Minervino,42.5
2026-07-31,LII,Brett Linzey,22.9
2026-07-31,LIN,Arun Viswanathan,18.6
2026-07-31,LYV,Benjamin Soff,20.5
2026-07-31,LYV,Cameron Mansson-Perrone,17.5
2026-07-31,LYV,Curry Baker,28.1
2026-07-31,LYV,David Karnovsky,20.5
2026-07-31,LYV,Eric Handler,22.2
2026-07-31,LYV,Ian S. Moore,26.4
2026-07-31,LYV,Jed Kelly,17.5
2026-07-31,LYV,Joseph Stauff,9.9
2026-07-31,LYV,Matthew Harrigan,26.4
2026-07-31,LYV,Tyler DiMatteo,26.4
2026-07-31,MA,Andrew Bauch,10.7
2026-07-31,MA,Andrew Schmitt,19.5
2026-07-31,MA,Bryan Bergin,17.2
2026-07-31,MA,Bryan Keane,18.6
2026-07-31,MA,David Koning,16
2026-07-31,MA,Gustavo Gala,
2026-07-31,MA,James Faucette,19.6
2026-07-31,MA,John Davis,11
2026-07-31,MA,Matthew O'Neill,29.1
2026-07-31,MA,Nik Cremo,16
2026-07-31,MA,Owen Lau,13.3
2026-07-31,MA,Ramsey El Assal,22.1
2026-07-31,MA,Sanjay Sakhrani,20.3
2026-07-31,MA,Timothy Chiodo,17.7
2026-07-31,MA,Unknown Analyst,22.1
2026-07-31,MAS,Anthony Pettinari,12.4
2026-07-31,MCD,Nick Setyan,14.8
2026-07-31,MCO,Kevin Heal,
2026-07-31,MDLZ,Zheng Feng Chee,18.5
2026-07-31,META,Lloyd Walmsley,15.7
2026-07-31,META,Saiyi He,28.1
2026-07-31,MGM,Barry Jonas,37.9
2026-07-31,MGM,Benjamin Chaiken,50.4
2026-07-31,MLM,Patrick Brown,29.4
2026-07-31,MLM,Trey Grooms,33.3
2026-07-31,MO,Eric Serotta,2.9
2026-07-31,MO,Gerald Pascarelli,
2026-07-31,MPWR,John Vinh,70.1
2026-07-31,MPWR,Joseph Quatrochi,45.8
2026-07-31,MPWR,Kelsey Chia,47.4
2026-07-31,MPWR,Kevin Cassidy,27.6
2026-07-31,MPWR,Quinn Bolton,62
2026-07-31,MPWR,Rick Schafer,37.7
2026-07-31,MPWR,Tore Svanberg,45.8
2026-07-31,MPWR,Unknown Analyst,70.1
2026-07-31,MPWR,William Stein,53
2026-07-31,MRNA,Tyler Van Buren,-72.2
2026-07-31,MRNA,Unknown Analyst,-68.7
2026-07-31,MSFT,Axel Herlinghaus,
2026-07-31,MSFT,Karl Keirstead,5.9
2026-07-31,MSFT,Saiyi He,28
2026-07-31,MSFT,Terry Tillman,16
2026-07-31,MTD,Evie Koslosky,3.6
2026-07-31,MTD,Michael Ryskin,
2026-07-31,MTD,Tycho Peterson,22.1
2026-07-31,NCLH,Andrew Didora,
2026-07-31,NCLH,Brandt Montour,21.5
2026-07-31,NCLH,Chris Woronka,14.7
2026-07-31,NCLH,Manucher Narzulloev,35
2026-07-31,NCLH,Steven Wieczynski,68.7
2026-07-31,NEM,Alexandra Yates,-13.3
2026-07-31,NTRS,Jason Goldberg,-0.1
2026-07-31,ORLY,Bobby Griffin,28.2
2026-07-31,ORLY,Craig Kennison,16.5
2026-07-31,ORLY,Michael Lasser,39.8
2026-07-31,ORLY,Scot Ciccarelli,25.8
2026-07-31,ORLY,Scott Stember,29.3
2026-07-31,ORLY,Seth Sigman,14.2
2026-07-31,ORLY,Unknown Analyst,34
2026-07-31,PLD,Nicholas Thillman,3.1
2026-07-31,PTC,Tyler Radke,7.8
2026-07-31,PWR,Andrew Kaplowitz,33.9
2026-07-31,PWR,Joseph Osha,23
2026-07-31,PWR,Justin Hauke,11.9
2026-07-31,PWR,Steven Fisher,38.3
2026-07-31,PYPL,Ramsey El Assal,11.7
2026-07-31,QCOM,Amanda Tan,26.4
2026-07-31,RDDT,Alec Brondolo,-10
2026-07-31,RDDT,Benjamin Black CFA,26.8
2026-07-31,RDDT,Brad Erickson,58.5
2026-07-31,RDDT,Colin Sebastian,17.3
2026-07-31,RDDT,Deepak Mathivanan,7.8
2026-07-31,RDDT,Jason Helfstein,26.8
2026-07-31,RDDT,Justin Patterson,42.6
2026-07-31,RDDT,Justin Post,20.4
2026-07-31,RDDT,Laura Martin,90.2
2026-07-31,RDDT,Mark Mahaney,68
2026-07-31,RDDT,Naved Khan,71.1
2026-07-31,RDDT,Thomas Champion,23.6
2026-07-31,RDDT,Wyatt Swanson,
2026-07-31,RDDT,Ygal Arounian,40.1
2026-07-31,RDDT,Youssef Squali,74.3
2026-07-31,REG,Floris van Dijkum,13.9
2026-07-31,REGN,Brian Skorney,-2.6
2026-07-31,REGN,Gregory Renza,-1.2
2026-07-31,REGN,Terence Flynn,-3
2026-07-31,SBUX,Matt Curtis,11.4
2026-07-31,SBUX,Nick Setyan,16.5
2026-07-31,SBUX,Peter Saleh,16.5
2026-07-31,SNA,Ivan Feinseth,29.2
2026-07-31,SO,Marie Ferguson,
2026-07-31,STT,Jason Goldberg,3.4
2026-07-31,SWK,Eric Lau,19.9
2026-07-31,SYK,Jayson Bedford,34.3
2026-07-31,SYK,Kendall Au,52.4
2026-07-31,SYK,Mathew Blackman,28.8
2026-07-31,SYK,Matthew O'Brien,41.5
2026-07-31,SYK,Michael Matson,51.7
2026-07-31,SYK,Richard Newitter,23.4
2026-07-31,SYK,Shagun Singh Chadha,52.4
2026-07-31,TT,Andrew Kaplowitz,27.9
2026-07-31,TT,Deane Dray,12.1
2026-07-31,TT,Jeffrey Hammond,25.4
2026-07-31,TT,Nicole Deblase,16.4
2026-07-31,TT,Noah Kaye,19.8
2026-07-31,TT,Unknown Analyst,28.8
2026-07-31,TYL,Adam Hotchkiss,17.3
2026-07-31,TYL,Clarke Jeffries,45.8
2026-07-31,TYL,Kenneth Wong,33.7
2026-07-31,TYL,Robert Oliver,29.2
2026-07-31,TYL,Saket Kalia,26.2
2026-07-31,V,Ramsey El Assal,20.1
2026-07-31,VICI,Greg McGinniss,16.8
2026-07-31,VICI,Steven Pizzella,20.8
2026-07-31,VRT,Brett Linzey,16.7
2026-07-31,VTR,Richard Anderson,13.3
2026-07-31,WELL,Michael Carroll,10.3
2026-07-31,WELL,Nicholas Joseph,16.7
2026-07-31,WELL,Richard Anderson,10.3
2026-07-31,WM,Unknown Analyst,23.2
2026-07-31,WTW,Alex Scott,-4
2026-07-31,WTW,Harry Fong,17.2
2026-07-31,WTW,Mark Hughes,26.7
2026-07-31,WTW,Mark Marcon,22
2026-07-31,WTW,Yaron Kinar,28.6
2026-07-31,XEL,Alex Kania,31.1
2026-07-31,XEL,James Thalacker,20.5
2026-07-31,XOM,Biraj Borkhataria,8.4
2026-07-31,XOM,Sam Margolin,9.6
2026-07-31,YUM,Andrew Strelzik,24.2
2026-07-31,YUM,Brian Harbour,31.3
2026-07-31,YUM,Danilo Gargiulo,20.7
2026-07-31,YUM,Jon Tower,24.9
2026-07-31,YUM,Lauren Silberman,23.5
2026-08-02,APH,Scott Graham,37
2026-08-02,BIIB,Paul Matteis,11.4
2026-08-02,CI,Scott Fidel,25.4
2026-08-02,CTVA,Duffy Fischer,14.4
2026-08-02,ETN,Daniel DiCicco,14.5
2026-08-02,ETN,David Raso,18
2026-08-02,ETN,Deane Dray,20.4
2026-08-02,GD,Sheila Kahyaoglu,29.2
2026-08-02,HII,Noah Poponak,57
2026-08-02,PPG,Duffy Fischer,24.2
2026-08-02,SCHW,Ed Engel,25.9
2026-08-02,WY,Susan Maklari,67.7
2026-08-03,AAPL,Helena Wang,-12.7
2026-08-03,AAPL,Ingo Wermann,
2026-08-03,ABBV,Gary Nachman,12.8
2026-08-03,ABBV,Terence Flynn,15.1
2026-08-03,ABBV,Vamil Divan,12
2026-08-03,ACGL,Bob Huang,15.5
2026-08-03,ACGL,Ryan Tunis,14.5
2026-08-03,ACN,James Schneider,25.1
2026-08-03,ADP,David Grossman,6.2
2026-08-03,AEE,Alex Kania,20.1
2026-08-03,AEE,Anthony Crowdell,18.2
2026-08-03,AEP,Michael Lonegan,4.6
2026-08-03,AJG,Brian Meredith,24.4
2026-08-03,AJG,Elyse Greenspan,23.2
2026-08-03,ALGN,Daniel Grosslight,59.1
2026-08-03,AMZN,Helena Wang,24.6
2026-08-03,AMZN,Rohit Kulkarni,26.6
2026-08-03,AMZN,Saiyi He,17.2
2026-08-03,AOS,Matt Summerville,16.7
2026-08-03,APD,Vincent Andrews,9.8
2026-08-03,ARES,Alexander Blostein,10.1
2026-08-03,ARES,Bart Dziarski,27.6
2026-08-03,ARES,Benjamin Budish,5.6
2026-08-03,ARES,Brennan Hawken,1.8
2026-08-03,ARES,Brian Bedell,9.4
2026-08-03,ARES,Christopher Allen,-7.3
2026-08-03,ARES,Ken Worthington,16.2
2026-08-03,AXP,Erika Najarian,18.3
2026-08-03,AZO,Seth Sigman,26.4
2026-08-03,BA,Matthew Akers,
2026-08-03,BAC,Erika Najarian,11.7
2026-08-03,BAC,Jason Goldberg,14.9
2026-08-03,BEN,Alexander Blostein,21.8
2026-08-03,BEN,Benjamin Budish,7
2026-08-03,BEN,Brian Bedell,1
2026-08-03,BEN,Michael Cho,1
2026-08-03,BIIB,Geoff Meacham,-1
2026-08-03,BIIB,Salim Syed,11
2026-08-03,BMY,Jason Gerberry,11.6
2026-08-03,BMY,Unknown Analyst,2.1
2026-08-03,BNY,Jason Goldberg,9.4
2026-08-03,BRO,Pablo Singzon,20.9
2026-08-03,C,Erika Najarian,2.3
2026-08-03,CBRE,Seth Bergey,35.2
2026-08-03,CDNS,Siti Panigrahi,
2026-08-03,CHD,Christopher Carey,16.8
2026-08-03,CHD,Dara Mohsenian,19
2026-08-03,CHD,Filippo Falorni,11.5
2026-08-03,CHD,Nik Modi,22.1
2026-08-03,CHD,Peter Grom,13.6
2026-08-03,CHD,Robert Moskow,3
2026-08-03,CHD,Stephen Powers,19
2026-08-03,CI,David Windley,9.3
2026-08-03,CI,Parker Snure,14
2026-08-03,CL,Andrea Faria Teixeira,18.7
2026-08-03,CL,Christopher Carey,9.4
2026-08-03,CL,Dara Mohsenian,19.8
2026-08-03,CL,Peter Grom,25.6
2026-08-03,CL,Robert Moskow,3.7
2026-08-03,CL,Stephen Powers,16.4
2026-08-03,CMG,John Staszak,24.3
2026-08-03,COIN,Saiyi He,17
2026-08-03,CPT,Brad Heffern,7.8
2026-08-03,CPT,Richard Anderson,7.8
2026-08-03,CRH,Anthony Pettinari,37.8
2026-08-03,CTVA,Benjamin Theurer,8.5
2026-08-03,CTVA,David Begleiter,20.4
2026-08-03,CTVA,Jeffrey Zekauskas,-1.1
2026-08-03,CTVA,Patrick Cunningham,2.5
2026-08-03,CVX,Pei Hwa Ho,3.7
2026-08-03,D,Alex Kania,
2026-08-03,D,James Thalacker,8.8
2026-08-03,DHR,Evie Koslosky,4.9
2026-08-03,DHR,Kallum Titchmarsh,9.9
2026-08-03,DHR,Michael Ryskin,14.9
2026-08-03,DPZ,Zachary Fadem,12.3
2026-08-03,DXCM,Steven Silver,15.6
2026-08-03,DXCM,William Plovanic,8.4
2026-08-03,EG,Bob Huang,0.9
2026-08-03,EG,Brian Meredith,6.3
2026-08-03,EIX,Carly Davenport,37.5
2026-08-03,EQIX,Benjamin Soff,22.4
2026-08-03,ES,Andrew Weisel,-8.1
2026-08-03,ES,Anthony Crowdell,8
2026-08-03,ES,James Thalacker,5.1
2026-08-03,ES,Nicolas Woods,12.4
2026-08-03,ESS,Jeffrey Spector,10.7
2026-08-03,ESS,Richard Anderson,15.8
2026-08-03,ETN,Jeffrey Hammond,
2026-08-03,EW,William Plovanic,0.7
2026-08-03,FANG,Doug Leggate,0.5
2026-08-03,FANG,Neal Dingmann,
2026-08-03,FICO,Scott Wurtzel,
2026-08-03,FICO,Sean Kennedy,36.4
2026-08-03,FICO,Surinder Thind,70
2026-08-03,FRT,Alexander Goldfarb,30.3
2026-08-03,FRT,Barry Jonas,
2026-08-03,FRT,Greg McGinniss,11.9
2026-08-03,FSLR,Joseph Osha,34.9
2026-08-03,FSLR,Mark Strouse,22.5
2026-08-03,FSLR,Vikram Bagri,42.1
2026-08-03,FTNT,Shrenik Kothari,5.7
2026-08-03,GDDY,Jamesmichael Sherman-Lewis,7.1
2026-08-03,GDDY,Ygal Arounian,-5.2
2026-08-03,GEV,Jed Dorsheimer,
2026-08-03,GILD,Salveen Richter,-9.5
2026-08-03,GNRC,Mark Strouse,39.6
2026-08-03,GOOGL,Brent Thill,31.5
2026-08-03,GS,Erika Najarian,11.7
2026-08-03,HCA,Stephen Baxter,-10.8
2026-08-03,HII,Gautam Khanna,28.7
2026-08-03,HSY,Jim Salera,44.2
2026-08-03,INCY,Andrew Berens,27.6
2026-08-03,INCY,Salim Syed,12.8
2026-08-03,INVH,Tyler Batory,19.8
2026-08-03,IR,Michael Halloran,49.5
2026-08-03,IR,Nathan Jones,38.5
2026-08-03,ISRG,Mathew Blackman,31.4
2026-08-03,JNJ,Larry Biegelsen,6.2
2026-08-03,JNJ,Terence Flynn,10.7
2026-08-03,JPM,Erika Najarian,12.3
2026-08-03,KKR,Brennan Hawken,16.7
2026-08-03,KKR,Brian Bedell,14.8
2026-08-03,KKR,Stephen Biggar,23.7
2026-08-03,KKR,Unknown Analyst,23.7
2026-08-03,LHX,Gavin Parsons,21.4
2026-08-03,LIN,Joshua Spector,31.3
2026-08-03,LIN,Laurence Alexander,20.1
2026-08-03,LIN,Patrick Cunningham,24.4
2026-08-03,LIN,Vincent Andrews,13.7
2026-08-03,LNT,Anthony Crowdell,11.5
2026-08-03,LNT,Edward DeArias,16
2026-08-03,LYB,Duffy Fischer,-1.1
2026-08-03,LYB,Jeffrey Zekauskas,25.6
2026-08-03,LYB,John McNulty,6.8
2026-08-03,LYB,John Roberts CFA,3.6
2026-08-03,LYB,Matthew DeYoe,-12.1
2026-08-03,LYV,Doug Creutz,14
2026-08-03,LYV,Jason Bazinet,24.6
2026-08-03,MAA,Jeffrey Spector,26.6
2026-08-03,MAR,Ari Klein,18
2026-08-03,MAR,Brandt Montour,4
2026-08-03,MAR,Kevin Kopelman,25.5
2026-08-03,MAR,Lizzie Dove,19.5
2026-08-03,MAR,Simon Yarmak,2.5
2026-08-03,MAR,Stephen Grambling,13.5
2026-08-03,MAS,Collin Verron,8
2026-08-03,MAS,Ketan Mamtora,12.4
2026-08-03,MCHP,Matthew Prisco,68.5
2026-08-03,META,Brent Thill,9.6
2026-08-03,META,Paul Chew,15.7
2026-08-03,META,Rohit Kulkarni,15.7
2026-08-03,MLM,Anthony Pettinari,35.3
2026-08-03,MLM,Ivan Yi,27.1
2026-08-03,MLM,Scott Group,27.1
2026-08-03,MLM,Steven Fisher,40.2
2026-08-03,MMM,Andrew Obin,
2026-08-03,MS,Erika Najarian,21.3
2026-08-03,MSFT,Brent Thill,16
2026-08-03,MSFT,Gabriela Borges,29.1
2026-08-03,MSFT,Raimo Lenschow,3.3
2026-08-03,MSFT,Unknown Analyst,3.9
2026-08-03,MTB,Erika Najarian,6.3
2026-08-03,MTD,Daniel Arias,23.7
2026-08-03,MTD,Luke Sergott,21.8
2026-08-03,MTD,Unknown Analyst,12.1
2026-08-03,NCLH,Christopher Stathoulopoulos,14.7
2026-08-03,NOC,Andre Madrid,57
2026-08-03,NVDA,Varun Govindaraj,44.3
2026-08-03,NXPI,Francois Xavier Bouvignies,14.1
2026-08-03,NXPI,Stacy Rasgon,22.6
2026-08-03,ODFL,Fadi Chamoun,44.6
2026-08-03,OMC,Adam Berlin,75.9
2026-08-03,ON,Blayne Curtis,51
2026-08-03,ON,James Schneider,24.8
2026-08-03,ON,Joshua Buchalter,24.8
2026-08-03,ON,Tristan Gerra,41.8
2026-08-03,ON,Vivek Arya,57.6
2026-08-03,ORLY,Kate McShane,31.7
2026-08-03,ORLY,Steven Zaccone,23.5
2026-08-03,PFG,Pablo Singzon,-7.9
2026-08-03,PGR,Tracy Benguigui,
2026-08-03,PLD,Nicholas Yulico,10.5
2026-08-03,PLTR,Alex Zukin,
2026-08-03,PLTR,Brent Thill,-52.2
2026-08-03,PLTR,Gabriela Borges,22
2026-08-03,PLTR,Rishi Jaluria,-46.2
2026-08-03,PLTR,Thomas Blakey,-6.7
2026-08-03,PSA,Jeffrey Spector,15
2026-08-03,PTC,Nay Soe Naing,30
2026-08-03,PWR,Adam Thalhimer,23
2026-08-03,PWR,Jamie Cook,50
2026-08-03,PWR,Maheep Mandloi,13.9
2026-08-03,PWR,Marc Bianchi,20.7
2026-08-03,PWR,Mark Strouse,6.1
2026-08-03,RDDT,Rohit Kulkarni,-8.1
2026-08-03,RDDT,Serena Yi Qi Lim,45.8
2026-08-03,REG,Jeffrey Spector,16.6
2026-08-03,REG,Samir Khanal,16.6
2026-08-03,REGN,Geoff Meacham,-5.3
2026-08-03,REGN,Yatin Suneja,31.8
2026-08-03,ROL,Brian McNamara,29.6
2026-08-03,SBAC,Michael Funk,24
2026-08-03,SBUX,Jacob Aiken Phillips,
2026-08-03,SHW,Steven Forbes,23.7
2026-08-03,SO,Ross Fowler,14.7
2026-08-03,SYF,Erika Najarian,14.5
2026-08-03,SYK,David Turkaly,45.2
2026-08-03,TFC,Jason Goldberg,11.1
2026-08-03,TKO,Tyler DiMatteo,24.5
2026-08-03,TROW,Alex Bond,8.2
2026-08-03,TROW,Alexander Blostein,-15.3
2026-08-03,TROW,Benjamin Budish,-3.1
2026-08-03,TROW,Brennan Hawken,12.9
2026-08-03,TROW,Brian Bedell,2.5
2026-08-03,TSLA,Stephen Gengaro,34.4
2026-08-03,TT,Andrew Obin,
2026-08-03,TTD,Scott Devitt,46.4
2026-08-03,TXN,Atif Malik,
2026-08-03,TXT,Noah Poponak,14.8
2026-08-03,TYL,Peter Heckmann,36.6
2026-08-03,UDR,Jana Galan,28.1
2026-08-03,UDR,Jeffrey Spector,28.1
2026-08-03,UDR,Richard Anderson,16.7
2026-08-03,UNH,George Hill,
2026-08-03,UPS,Jordan Alliger,31.6
2026-08-03,URI,John Eade,26.4
2026-08-03,URI,Kristina Ruggeri,26.4
2026-08-03,V,Matthew O'Neill,16.1
2026-08-03,V,Philipp Haessler,13.4
2026-08-03,V,Unknown Analyst,13.4
2026-08-03,V,Will Nance,18.2
2026-08-03,VICI,Shaun Kelley,
2026-08-03,VLO,Jason Gabelman,-10.4
2026-08-03,VLO,Neil Mehta,-6.5
2026-08-03,VLO,Sergey Pigarev,-29.3
2026-08-03,VRTX,Andy Chen,8.1
2026-08-03,VTR,Jeffrey Spector,25.6
2026-08-03,WELL,Farrell Granath,23.9
2026-08-03,WMB,John Mackay,12.6
2026-08-03,WMB,Keith Stanley,15.3
2026-08-03,WST,Joanne Wuensch,19
2026-08-03,WTW,Brian Meredith,28.3
2026-08-03,WTW,Robert Cox CFA,22
2026-08-03,WTW,Ryan Tunis,20.4
2026-08-03,WY,Kurt Yinger,40.5
2026-08-03,WY,Michael Roxland,26.9
2026-08-03,XOM,Bob Brackett,9.6
2026-08-03,XOM,Kim Fustier,-4.8
2026-08-03,XOM,Pei Hwa Ho,6.6
2026-08-03,XYL,Michael Fairbanks,28.1
2026-08-03,YUM,Sara Senatore,26.4
2026-08-04,AAPL,Jack Zhou,-15.7
2026-08-04,AAPL,Unknown Analyst,-15.7
2026-08-04,ACGL,Michael Zaremski,6.2
2026-08-04,ADP,Ramsey El Assal,15.6
2026-08-04,AIZ,Jeff Schmitt,
2026-08-04,AJG,Matthew Heimermann,18.6
2026-08-04,AMD,Blayne Curtis,25.9
2026-08-04,AMD,C J Muse,35.6
2026-08-04,AMD,James Schneider,24
2026-08-04,AMD,Joshua Buchalter,30.8
2026-08-04,AMD,Tristan Gerra,142.2
2026-08-04,AMD,Vijay Rakesh,12.4
2026-08-04,AME,Deane Dray,20.3
2026-08-04,AMZN,Doug Anmuth,42.1
2026-08-04,AMZN,Lloyd Walmsley,28.5
2026-08-04,ANET,Aaron Rakers,27.8
2026-08-04,ANET,John Shao,25.3
2026-08-04,ANET,Michael Genovese,40.3
2026-08-04,ANET,Sean O'Loughlin,25.3
2026-08-04,APTV,Colin Langan,44.9
2026-08-04,ARE,Richard Anderson,1.7
2026-08-04,ARE,Ronald Kamdem,3.6
2026-08-04,AVY,Jeffrey Zekauskas,12.2
2026-08-04,AWK,Richard Sunderland,0.2
2026-08-04,AXP,John Pancari,14
2026-08-04,BF.B,Filippo Falorni,6.8
2026-08-04,BKNG,Gregory Miller,39.1
2026-08-04,BMY,Chris Schott,14.7
2026-08-04,BMY,Jasper Hellweg,17.9
2026-08-04,BNY,Vivek Juneja,-2.3
2026-08-04,BRO,Meyer Shields,11.8
2026-08-04,BXP,Nicholas Joseph,6.6
2026-08-04,CHRW,Jordan Alliger,17.8
2026-08-04,CLX,Andrea Faria Teixeira,8.2
2026-08-04,CLX,Christopher Carey,16.2
2026-08-04,CLX,Dara Mohsenian,10.5
2026-08-04,CLX,Nik Modi,25.3
2026-08-04,CLX,Peter Grom,19.6
2026-08-04,CLX,Robert Moskow,2.6
2026-08-04,CLX,Stephen Powers,11.7
2026-08-04,CMG,John Ivankoe,10.5
2026-08-04,CMG,Sharon Zackfia,
2026-08-04,CMI,Kyle Menges,41.9
2026-08-04,CMI,Tami Zakaria,23.9
2026-08-04,CNP,Richard Sunderland,17.6
2026-08-04,COIN,Dan Dolev,-11.6
2026-08-04,COIN,Ken Worthington,-15.6
2026-08-04,CRH,Adam Seiden,47.9
2026-08-04,CVNA,Rajat Gupta CFA,
2026-08-04,CVX,Arun Jayaram,3.7
2026-08-04,CVX,Neil Mehta,5.1
2026-08-04,DDOG,Blair Abernethy,37.9
2026-08-04,DDOG,Ryan MacWilliams,33.4
2026-08-04,DHR,Luke Sergott,14.9
2026-08-04,DLR,Joseph Osha,6.1
2026-08-04,DLR,Marie Ferguson,12.4
2026-08-04,DUK,Nicholas Amicucci,17.2
2026-08-04,DUK,Ross Fowler,15.6
2026-08-04,DVN,Neal Dingmann,
2026-08-04,DXCM,Anthony Petrone,14.4
2026-08-04,DXCM,Robbie Marcus,-1.2
2026-08-04,EBAY,Andrew Boone,
2026-08-04,ECHO,Bryan Kraft,26.7
2026-08-04,ECHO,Gregory Williams,39.6
2026-08-04,ECHO,Michael Rollins,25.6
2026-08-04,ECL,Jim Kelleher,12.2
2026-08-04,ECL,John Eade,12.2
2026-08-04,EMR,Deane Dray,17.6
2026-08-04,EQIX,Jonathan Atkin,18
2026-08-04,EQIX,Richard Choe,25.3
2026-08-04,ETN,Unknown Analyst,
2026-08-04,EXE,Arun Jayaram,27.6
2026-08-04,EXPD,Jason Seidl,-8.6
2026-08-04,EXPD,Jordan Alliger,-11.2
2026-08-04,EXPE,Gregory Miller,10
2026-08-04,EXR,Todd Thomas,
2026-08-04,FANG,Stephen Richardson,24.4
2026-08-04,FICO,Alexander Hess,55.3
2026-08-04,FIS,Christopher Kennedy,
2026-08-04,FIS,David Koning,25.9
2026-08-04,FRT,Simon Yarmak,6.7
2026-08-04,GD,David E. Strauss,23.6
2026-08-04,GD,Ronald Epstein,
2026-08-04,GEV,John Eade,35.8
2026-08-04,GILD,Carter Gould,7.8
2026-08-04,GILD,Geoff Meacham,14.8
2026-08-04,GILD,Tyler Van Buren,11.3
2026-08-04,GNRC,John Eade,55.1
2026-08-04,GNRC,Jon Windham,81.8
2026-08-04,GWW,Deane Dray,11.6
2026-08-04,HII,David E. Strauss,21.6
2026-08-04,HII,Seth Seifman,32.3
2026-08-04,HOOD,Andrew Harte,11
2026-08-04,HSIC,Brandon Vazquez,
2026-08-04,HSIC,Elizabeth Anderson CFA,18.8
2026-08-04,HSIC,Vik Chopra,-3.8
2026-08-04,HSY,Thomas Palmer,11.4
2026-08-04,IT,Andrew Nicholas,
2026-08-04,IT,George Tong,0.8
2026-08-04,IT,Toni Kaplan,-1.4
2026-08-04,KMB,Georgy Vashchenko,23.3
2026-08-04,KMI,Devin McDermott,23.1
2026-08-04,KMI,Robert Kad,23.1
2026-08-04,LDOS,Kenneth Herbert,31.9
2026-08-04,LDOS,Louie DiPalma,
2026-08-04,LH,David Westenberg,-0.8
2026-08-04,LRCX,Harlan Sur,14
2026-08-04,LRCX,Vivek Arya,
2026-08-04,LYB,Arun Viswanathan,13
2026-08-04,LYB,Joshua Spector,0.5
2026-08-04,LYB,Patrick Cunningham,13
2026-08-04,LYB,Vincent Andrews,13
2026-08-04,MAA,Nicholas Yulico,7.4
2026-08-04,MAR,Benjamin Chaiken,11.7
2026-08-04,MAR,Daniel Politzer,15.9
2026-08-04,MAR,Duane Pfennigwerth,19.5
2026-08-04,MAR,Michael Bellisario,17.4
2026-08-04,MAR,Shaun Kelley,
2026-08-04,MAR,Steven Pizzella,11.1
2026-08-04,MAR,Trey Bowers,27
2026-08-04,MCD,Brian Mullan,13.3
2026-08-04,MCD,Jon Tower,36.6
2026-08-04,MCD,Logan Reich,16.8
2026-08-04,MLM,Brian Brophy,24.3
2026-08-04,MOS,Duffy Fischer,11.2
2026-08-04,MTD,Casey Woodring,8.2
2026-08-04,MTD,Kallum Titchmarsh,12.1
2026-08-04,NCLH,Matthew Boss,14.7
2026-08-04,NTRS,Vivek Juneja,-2
2026-08-04,OKE,Selman Akyol,2.5
2026-08-04,ON,Anthony Stoss,
2026-08-04,ON,Christopher Rolland,97
2026-08-04,ON,Craig Ellis,66.8
2026-08-04,ON,Jed Dorsheimer,
2026-08-04,ON,John Vinh,
2026-08-04,ON,Kevin Cassidy,11.6
2026-08-04,ON,Mark Lipacis,79.9
2026-08-04,ON,Quinn Bolton,52.4
2026-08-04,ON,Suji Desilva,64.2
2026-08-04,ON,Thomas O'Malley,31.3
2026-08-04,ON,Timothy Arcuri,24.8
2026-08-04,ON,Tore Svanberg,18.2
2026-08-04,ON,Vijay Rakesh,44.5
2026-08-04,PFE,Asad Haider,-6.2
2026-08-04,PFE,Carter Gould,-2.6
2026-08-04,PFE,Chris Schott,1
2026-08-04,PFE,Jason Gerberry,-2.6
2026-08-04,PFE,Terence Flynn,1
2026-08-04,PFE,Trung Huynh,-9.8
2026-08-04,PGR,David Motemaden,5.7
2026-08-04,PGR,Pablo Singzon,10.7
2026-08-04,PLD,Michael Carroll,17.9
2026-08-04,PLTR,Brad Zelnick,19.6
2026-08-04,PLTR,Clarke Jeffries,37.5
2026-08-04,PLTR,Gregg Moskowitz,28.6
2026-08-04,PLTR,Joseph Bonner,13.6
2026-08-04,PLTR,Karl Keirstead,31.6
2026-08-04,PLTR,Martin Yang,19.6
2026-08-04,PLTR,Michael Latimore,19.6
2026-08-04,PLTR,Sanjit Singh,22.6
2026-08-04,PRU,Joshua Shanker,9
2026-08-04,PWR,John Staszak,23
2026-08-04,Q,James Schneider,38.4
2026-08-04,QCOM,Joseph Cardoso,18.2
2026-08-04,RDDT,Doug Anmuth,17.3
2026-08-04,REGN,Chris Schott,15.2
2026-08-04,RL,Krisztina Katai,30.1
2026-08-04,RL,Michael Binetti,35.7
2026-08-04,ROL,John Eade,
2026-08-04,RVTY,Luke Sergott,-7.5
2026-08-04,SBAC,Brandon Nispel,34.8
2026-08-04,SBAC,Eric Luebchow,13.2
2026-08-04,SBAC,Jonathan Atkin,15.9
2026-08-04,SBAC,Michael Elias,23.5
2026-08-04,SBAC,Michael Ng,7.8
2026-08-04,SBAC,Richard Choe,18.6
2026-08-04,SO,Anthony Crowdell,21.6
2026-08-04,STT,Vivek Juneja,-3.3
2026-08-04,SW,Anthony Pettinari,31.9
2026-08-04,SW,Detlef Winckelmann,57.3
2026-08-04,SW,Pallav Mittal,29.6
2026-08-04,SYK,Robbie Marcus,27
2026-08-04,TKO,Brent Navon CFA,18.2
2026-08-04,TKO,Curry Baker,23.5
2026-08-04,TKO,David Karnovsky,16.7
2026-08-04,TKO,Eric Handler,20.9
2026-08-04,TKO,Jeffrey Wlodarczak,31.4
2026-08-04,TKO,Lance Vitanza,31.4
2026-08-04,TKO,Ryan Gravett,25.1
2026-08-04,TKO,Sean Diffley,20.9
2026-08-04,TPR,Matthew Boss,78.1
2026-08-04,TSN,Thomas Palmer,22.7
2026-08-04,UDR,Anthony Paolone,16.7
2026-08-04,V,Matthew Coad,
2026-08-04,V,Owen Lau,9.6
2026-08-04,VICI,Brad Heffern,16.8
2026-08-04,VLO,Arun Jayaram,-13.2
2026-08-04,VLO,Nitin Kumar CFA,-23.2
2026-08-04,VRT,Andrew Obin,
2026-08-04,VRTX,Andrew Fein,24.4
2026-08-04,VRTX,Carter Gould,15.4
2026-08-04,VRTX,Cory Kasimov,3.8
2026-08-04,VRTX,Joseph Stringer,
2026-08-04,VRTX,Mohit Bansal,6.7
2026-08-04,VRTX,Phil Nadeau,6.7
2026-08-04,VRTX,Salveen Richter,26.7
2026-08-04,VRTX,Whitney Ijem,-14.2
2026-08-04,VTR,Nicholas Joseph,-20
2026-08-04,VZ,Michael Ng,0.8
2026-08-04,WAT,Matt Larew,
2026-08-04,WAT,Michael Ryskin,1.6
2026-08-04,WAT,Subbu Nambi,7.8
2026-08-04,WAT,Unknown Analyst,7.8
2026-08-04,WEC,Paul Fremont,4.9
2026-08-04,WELL,Austin Wurschmidt,16.7
2026-08-04,WM,Jon Windham,26.5
2026-08-04,WMB,Praneeth Satish,23.5
2026-08-04,WMB,Selman Akyol,13.9
2026-08-04,WTW,Matthew Heimermann,9.3
2026-08-04,WTW,Meyer Shields,24.8
2026-08-04,WY,Anthony Pettinari,31.5
2026-08-04,WYNN,Lizzie Dove,35.7
2026-08-04,XEL,Anthony Crowdell,21.9
2026-08-04,XOM,Arun Jayaram,0
2026-08-04,XOM,Sergey Pigarev,-14.5
2026-08-04,XOM,Werner Eisenmann,-6
2026-08-04,XYZ,Richard Sunderland,
2026-08-04,YUM,John Ivankoe,13.6
2026-08-05,AAPL,Jim Hin Kwong Au,-9.7
2026-08-05,ABBV,Hans Engel,
2026-08-05,ADM,Andrew Strelzik,-5.4
2026-08-05,ADM,Steven Haynes,-8.9
2026-08-05,AEP,Ryan Levine,15.1
2026-08-05,AKAM,Patrick Colville,68.6
2026-08-05,ALB,John Roberts CFA,36.1
2026-08-05,ALGN,Glen Santangelo,32.6
2026-08-05,ALL,Ryan Tunis,-4.6
2026-08-05,AMAT,Stephan Lingnau,
2026-08-05,AMD,Christopher Rolland,
2026-08-05,AMD,Cody Acree,32.7
2026-08-05,AMD,Gil Luria,6.6
2026-08-05,AMD,Gus Richard,
2026-08-05,AMD,Harlan Sur,6.6
2026-08-05,AMD,Ingo Wermann,
2026-08-05,AMD,Jim Kelleher,21.1
2026-08-05,AMD,John Vinh,40.5
2026-08-05,AMD,Joseph Moore,-9.9
2026-08-05,AMD,Kevin Cassidy,35.6
2026-08-05,AMD,Mark Lipacis,12.2
2026-08-05,AMD,Rick Schafer,
2026-08-05,AMD,Sebastien Naji,
2026-08-05,AMD,Srini Pajjuri,4.6
2026-08-05,AMD,Thomas O'Malley,28.8
2026-08-05,AMD,Timothy Arcuri,41.4
2026-08-05,AMD,Unknown Analyst,16.2
2026-08-05,AMD,William Stein,15.1
2026-08-05,AME,Andrew Kaplowitz,7.9
2026-08-05,AME,Brett Linzey,17.8
2026-08-05,AME,Daniel DiCicco,16.6
2026-08-05,AME,Matt Summerville,17.8
2026-08-05,AME,Quinn Fredrickson,13.7
2026-08-05,AME,Scott Graham,19.9
2026-08-05,AME,Steve Barger,22
2026-08-05,AMGN,Brian Skorney,-39
2026-08-05,AMGN,Courtney Breen,-8.6
2026-08-05,AMGN,Gary Nachman,1.8
2026-08-05,AMGN,Jay Olson,19.3
2026-08-05,AMGN,Luca Issi,6
2026-08-05,AMGN,Michael Yee,16.6
2026-08-05,ANET,Amit Daryanani,25.3
2026-08-05,ANET,Brandon Nispel,25.3
2026-08-05,ANET,David Vogt,29.8
2026-08-05,ANET,Joseph Cardoso,25.3
2026-08-05,ANET,Matthew Niknam,17.2
2026-08-05,ANET,Meta Marshall,10.2
2026-08-05,ANET,Ryan Koontz,30.3
2026-08-05,ANET,Samik Chatterjee,25.3
2026-08-05,ANET,Sebastien Naji,
2026-08-05,ANET,Tim Long,44.8
2026-08-05,APD,Arun Viswanathan,23.5
2026-08-05,APO,Bart Dziarski,13.2
2026-08-05,APO,Michael Brown,33.4
2026-08-05,APO,Michael Cyprys,27.2
2026-08-05,APTV,Andrew Percoco,20.8
2026-08-05,APTV,Edison Yu,23
2026-08-05,APTV,Itay Michaeli,69.1
2026-08-05,APTV,Joseph Spak,36.1
2026-08-05,APTV,Luke Junk,29.6
2026-08-05,APTV,Steven Fox,
2026-08-05,ARES,Craig Siegenthaler,21.5
2026-08-05,AXON,David Paige,53.3
2026-08-05,BALL,Edlain Rodriguez,20.2
2026-08-05,BALL,George Staphos,25.2
2026-08-05,BALL,Hillary Cacanando,20.2
2026-08-05,BALL,Jeffrey Zekauskas,8.5
2026-08-05,BALL,Joshua Spector,10.2
2026-08-05,BBY,Jonathan Matuszewski,-6.4
2026-08-05,BG,Steven Haynes,14.4
2026-08-05,BKNG,Benjamin Black CFA,32.2
2026-08-05,BKNG,Brad Erickson,26.5
2026-08-05,BKNG,Brian Nowak,32.2
2026-08-05,BKNG,Brian Pitz,43.7
2026-08-05,BKNG,Daniel Kurnos,43.7
2026-08-05,BKNG,Deepak Mathivanan,26.5
2026-08-05,BKNG,Jed Kelly,38
2026-08-05,BKNG,Ken Gawrelski,26.5
2026-08-05,BKNG,Kevin Kopelman,43.7
2026-08-05,BKNG,Lloyd Walmsley,38
2026-08-05,BKNG,Michael Bellisario,32.2
2026-08-05,BKNG,Naved Khan,57.5
2026-08-05,BKNG,Ross Sandler,20.7
2026-08-05,BKNG,Stephen Ju,57.5
2026-08-05,BKNG,Thomas Champion,23.6
2026-08-05,BKNG,Ygal Arounian,42
2026-08-05,BR,Kyle Peterson,37.1
2026-08-05,BR,Peter Heckmann,27.6
2026-08-05,BR,Puneet Jain,13.9
2026-08-05,BXP,Nicholas Yulico,17.5
2026-08-05,CAT,Angel Castillo,11.8
2026-08-05,CAT,Jamie Cook,49.7
2026-08-05,CAT,Kyle Menges,34.4
2026-08-05,CAT,Michael Feniger,20.8
2026-08-05,CAT,Mircea Dobre,18.5
2026-08-05,CAT,Sabahat Khan,9.6
2026-08-05,CAT,Steven Fisher,13
2026-08-05,CAT,Tami Zakaria,34.4
2026-08-05,CF,Duffy Fischer,-13.6
2026-08-05,CF,Edlain Rodriguez,
2026-08-05,CFG,Jason Goldberg,14.9
2026-08-05,CINF,Meyer Shields,11.9
2026-08-05,CME,Benjamin Budish,-2
2026-08-05,CMG,Andrew Charles,21.5
2026-08-05,CMG,Dennis Geiger,24.3
2026-08-05,CMG,Peter Saleh,24.3
2026-08-05,CMI,Angel Castillo,36.7
2026-08-05,CMI,Jamie Cook,60.6
2026-08-05,CMI,Jerry Revich,57
2026-08-05,CMI,Steven Fisher,50
2026-08-05,COF,Cody Shield,34.4
2026-08-05,COF,Erika Najarian,34.4
2026-08-05,COIN,Andrew Harte,36.9
2026-08-05,COIN,Craig Siegenthaler,-0.7
2026-08-05,COR,Ryan Daniels,
2026-08-05,COST,Phillip Blee,
2026-08-05,CRL,Casey Woodring,11.4
2026-08-05,CRL,Jared Haase,
2026-08-05,CRL,Luke Sergott,7.8
2026-08-05,CRL,Ryan Halsted,1.3
2026-08-05,CRM,Stephan Lingnau,
2026-08-05,CTSH,Dan Dolev,6.7
2026-08-05,CTSH,Jonathan Lee CFA,8.3
2026-08-05,CTSH,Sean Kennedy,6.7
2026-08-05,CVS,Allen Lutz,26.8
2026-08-05,CVX,Jason Gabelman,-4.2
2026-08-05,DAL,Catherine O'Brien,45.2
2026-08-05,DASH,Taylor Manley,26.3
2026-08-05,DD,Joshua Spector,40.2
2026-08-05,DD,Matthew DeYoe,25.2
2026-08-05,DIS,Doug Creutz,15.4
2026-08-05,DIS,Joseph Bonner,25.8
2026-08-05,DIS,Michael Morris,12.6
2026-08-05,DIS,Unknown Analyst,25.8
2026-08-05,DOC,Nicholas Yulico,3.4
2026-08-05,DOC,Richard Anderson,13.3
2026-08-05,DOC,Ronald Kamdem,8.4
2026-08-05,DUK,Alex Kania,18.1
2026-08-05,DUK,Andrew Weisel,22.3
2026-08-05,DUK,Anthony Crowdell,13.9
2026-08-05,DUK,James Thalacker,10.5
2026-08-05,DUK,Nicholas Campanella,10.5
2026-08-05,DUK,Shahriar Pourreza,13.9
2026-08-05,DVA,Kevin Fischbeck,
2026-08-05,DVA,Pito Chickering,46
2026-08-05,DVN,Chris Baker,7.5
2026-08-05,EIX,Paul Fremont,11.6
2026-08-05,EMR,Alexander Virgo,24.8
2026-08-05,EMR,Andrew Kaplowitz,19.6
2026-08-05,EMR,Kenneth Newman,11.7
2026-08-05,EMR,Michael Halloran,12.4
2026-08-05,EMR,Unknown Analyst,18.3
2026-08-05,EOG,Michael Scialla,14
2026-08-05,EOG,Sergey Pigarev,-4.3
2026-08-05,EOG,Stephen Richardson,15.4
2026-08-05,EXPD,Brandon Oglenski,-16.9
2026-08-05,EXPD,Brian Ossenbeck,3.8
2026-08-05,EXPD,Daniel Moore CFA,-1.3
2026-08-05,EXPD,J. Bruce Chan,-4.5
2026-08-05,EXPD,Lucas Servera,-9.1
2026-08-05,EXPD,Ravi Shanker,-48.1
2026-08-05,EXPD,Thomas Wadewitz,9
2026-08-05,EXPD,Unknown Analyst,
2026-08-05,FANG,Gabriel Daoud,9.3
2026-08-05,FANG,Pei Hwa Ho,8.3
2026-08-05,FIS,Bryan Keane,18
2026-08-05,FIS,Dan Dolev,57.3
2026-08-05,FIS,James Faucette,20.6
2026-08-05,FIS,Matthew Coad,
2026-08-05,FIS,Nik Cremo,12.7
2026-08-05,FIS,Timothy Chiodo,28.5
2026-08-05,FIS,Vasundhara Govil,46.8
2026-08-05,FITB,Jason Goldberg,22.4
2026-08-05,FRT,Nicholas Joseph,13.7
2026-08-05,GILD,Joseph Stringer,18.3
2026-08-05,GILD,Mohit Bansal,14.8
2026-08-05,GILD,Tazeen Ahmad,12.7
2026-08-05,GILD,Umer Raffat,
2026-08-05,GPN,Andrew Jeffrey,
2026-08-05,GPN,Stephen Biggar,24.6
2026-08-05,GS,Jason Goldberg,21
2026-08-05,GWW,Christopher Glynn,7.4
2026-08-05,GWW,David Manthey,9.4
2026-08-05,GWW,Kenneth Newman,
2026-08-05,GWW,Unknown Analyst,5.5
2026-08-05,HCA,David S Macdonald,15.9
2026-08-05,HIG,Meyer Shields,5.6
2026-08-05,HOOD,Craig Siegenthaler,24.4
2026-08-05,HSIC,Daniel Grosslight,26.8
2026-08-05,HSIC,Glen Santangelo,13.2
2026-08-05,HSIC,Jeff Johnson,23.4
2026-08-05,HSIC,Jonathan Block,7.5
2026-08-05,HSIC,Kevin Caliendo,6.4
2026-08-05,HSIC,Michael Petusky,17.7
2026-08-05,HSIC,Steven Valiquette,-2.7
2026-08-05,HST,James Feldman,16.9
2026-08-05,HUM,Erin Wright,-9.7
2026-08-05,IDXX,Andrea Alfonso,32.8
2026-08-05,IDXX,Daniel Grosslight,32.8
2026-08-05,IDXX,Erin Wright,59.5
2026-08-05,IEX,John Eade,16
2026-08-05,IFF,Abigail Eberts,19.6
2026-08-05,IFF,Matthew DeYoe,20.8
2026-08-05,INVH,Jade Rahmani,12.6
2026-08-05,IRM,George Tong,32.8
2026-08-05,IT,Curtis Nagle,-8.1
2026-08-05,IT,Faiza Alwy,16.9
2026-08-05,IT,Jason Haas CFA,-16.5
2026-08-05,IT,Jasper Bibb,14.1
2026-08-05,IT,Jeffrey Meuler,27.5
2026-08-05,IT,Manav Patnaik,-16.5
2026-08-05,IT,Wahid Amin,-8.1
2026-08-05,IVZ,Craig Siegenthaler,17.7
2026-08-05,J,Adam Seiden,12.8
2026-08-05,J,Jamie Cook,13.5
2026-08-05,JNJ,Vamil Divan,8.1
2026-08-05,KEY,Jason Goldberg,9.9
2026-08-05,KHC,Leah Jordan,-2.4
2026-08-05,KHC,Peter Galbo,-6.5
2026-08-05,KHC,Scott Marks CFA,5.7
2026-08-05,KIM,Alexander Goldfarb,33.7
2026-08-05,KIM,Greg McGinniss,7.8
2026-08-05,KIM,Michael Lewis,
2026-08-05,KIM,Simon Yarmak,17.5
2026-08-05,KKR,Craig Siegenthaler,41.5
2026-08-05,KMB,Anna Lizzul,24.3
2026-08-05,KMB,Javier Escalante,17.2
2026-08-05,KMB,Nik Modi,65.1
2026-08-05,KMB,Peter Grom,18.2
2026-08-05,KMB,Stephen Powers,14.1
2026-08-05,LDOS,Gavin Parsons,7.1
2026-08-05,LDOS,Jonathan Siegmann CFA,10.2
2026-08-05,LDOS,Peter Arment,
2026-08-05,LDOS,Tobey Sommer,24.2
2026-08-05,LIN,Sebastian Bray,18
2026-08-05,LLY,Michael Yee,27.7
2026-08-05,LLY,Mohit Bansal,19.2
2026-08-05,LLY,Trung Huynh,34.4
2026-08-05,MA,Matthew Coad,11.2
2026-08-05,MCD,Andrew Strelzik,32.7
2026-08-05,MCD,Andy Barish,38.6
2026-08-05,MCD,Brian Harbour,26.3
2026-08-05,MCD,Christopher Carril,20.8
2026-08-05,MCD,Danilo Gargiulo,16.8
2026-08-05,MCD,David Palmer,26.7
2026-08-05,MCD,Dennis Geiger,34.6
2026-08-05,MCD,Eric Gonzalez,20.8
2026-08-05,MCD,Georgy Vashchenko,20.8
2026-08-05,MCD,Gregory Francfort,14.8
2026-08-05,MCD,John Ivankoe,10.9
2026-08-05,MCD,Katharina Schmenger,
2026-08-05,MCD,Lauren Silberman,36.6
2026-08-05,MCD,Peter Saleh,38.6
2026-08-05,MCD,Sara Senatore,35.8
2026-08-05,MCK,Steven Valiquette,2.7
2026-08-05,MET,Joshua Shanker,22.5
2026-08-05,MLM,Adam Seiden,25.5
2026-08-05,MO,"Matthew Smith, CFA",11.6
2026-08-05,MOS,Ben Isaacson,19.1
2026-08-05,MOS,Edlain Rodriguez,-0.8
2026-08-05,MPC,Jason Gabelman,-5.3
2026-08-05,MPC,Joe Laetsch,-33.1
2026-08-05,MPC,Neil Mehta,-5
2026-08-05,MPC,Sergey Pigarev,-25
2026-08-05,MPC,Stephen Richardson,-16.7
2026-08-05,MPC,Vikram Bagri,-19.7
2026-08-05,MRK,Luisa Hector,-11.8
2026-08-05,MS,Jason Goldberg,22.2
2026-08-05,MSFT,Ivan Feinseth,39.2
2026-08-05,MTB,Jason Goldberg,11.3
2026-08-05,NCLH,Stephen Grambling,28.2
2026-08-05,NRG,Andrew Weisel,86
2026-08-05,NRG,James Thalacker,88.6
2026-08-05,NRG,Nicholas Amicucci,71.9
2026-08-05,OKE,Sergey Pigarev,8.7
2026-08-05,ON,Atif Malik,28.7
2026-08-05,ON,William Stein,19.5
2026-08-05,OXY,Neil Mehta,-2.4
2026-08-05,PEG,Alex Kania,29.9
2026-08-05,PEG,James Thalacker,9.1
2026-08-05,PEG,Ryan Levine,16
2026-08-05,PFE,Akash Tewari,22.7
2026-08-05,PFE,David Toung,
2026-08-05,PFE,Geoff Meacham,
2026-08-05,PFE,Kerry Holford,-9.8
2026-08-05,PFE,Mohit Bansal,1
2026-08-05,PG,Peter Galbo,
2026-08-05,PGR,Yaron Kinar,8.4
2026-08-05,PLD,John Kim,20.1
2026-08-05,PLTR,Mariana Perez Mora,52.5
2026-08-05,PLTR,Tyler Radke,46.5
2026-08-05,PNW,Edward DeArias,8.2
2026-08-05,PNW,James Thalacker,8.2
2026-08-05,PNW,Shahriar Pourreza,10.3
2026-08-05,PODD,Kendall Au,21.2
2026-08-05,PODD,Larry Biegelsen,9.1
2026-08-05,PODD,Robbie Marcus,15.2
2026-08-05,PODD,Shagun Singh Chadha,21.2
2026-08-05,PODD,Steven Lichtman,
2026-08-05,PODD,Suraj Kalia,
2026-08-05,PRU,Alex Scott,-22.8
2026-08-05,PSKY,Daniel Kurnos,50.9
2026-08-05,PSKY,Doug Creutz,-24.5
2026-08-05,PSKY,Jessica Reif Ehrlich,-15.1
2026-08-05,PSKY,John Hodulik,-24.5
2026-08-05,PSKY,Laura Martin,
2026-08-05,PSKY,Patrick Sholl,
2026-08-05,Q,Bhavesh Lodaya,46.4
2026-08-05,Q,Melissa Weathers,34.5
2026-08-05,RCL,Jamie Rollo,15.3
2026-08-05,REGN,Eliana Merle,17.3
2026-08-05,ROK,Alexander Virgo,13.2
2026-08-05,ROK,Andrew Kaplowitz,25.1
2026-08-05,ROK,Andrew Obin,
2026-08-05,ROK,Kenneth Newman,19.1
2026-08-05,ROK,Quinn Fredrickson,20
2026-08-05,ROL,John Staszak,-36.7
2026-08-05,ROP,John Eade,15.8
2026-08-05,RVTY,Daniel Arias,-11.5
2026-08-05,RVTY,Unknown Analyst,-11.5
2026-08-05,RVTY,Vijay Kumar,1.4
2026-08-05,SBAC,Matthew Niknam,
2026-08-05,SYY,Brian Harbour,5.8
2026-08-05,SYY,Brian Mullan,0.9
2026-08-05,SYY,Karen Holthouse,3.4
2026-08-05,SYY,Kelly Bania,17.8
2026-08-05,SYY,Lauren Silberman,7
2026-08-05,SYY,Sara Senatore,14.2
2026-08-05,TDG,Gavin Parsons,48.6
2026-08-05,TDG,Jonathan Siegmann CFA,23.2
2026-08-05,TDG,Kenneth Herbert,18.4
2026-08-05,TDG,Louie DiPalma,
2026-08-05,TDG,Scott Deuschle,19.4
2026-08-05,TMO,Daniel Arias,6.6
2026-08-05,TROW,Craig Siegenthaler,-11.6
2026-08-05,TSCO,Michael Baker,9.1
2026-08-05,UBER,Brad Erickson,46.5
2026-08-05,UBER,Eric Sheridan,53.5
2026-08-05,UBER,George Gianarikas,0.5
2026-08-05,UBER,Lloyd Walmsley,56.3
2026-08-05,UBER,Mark Mahaney,
2026-08-05,UBER,Ralph Schackart,
2026-08-05,UBER,Taylor Manley,74.4
2026-08-05,VRTX,Eliana Merle,19.7
2026-08-05,VRTX,Naz Rahman,11.6
2026-08-05,WAT,Daniel Arias,2.9
2026-08-05,WAT,Evan Stampler,-2
2026-08-05,WAT,Justin Bowers,-2
2026-08-05,WAT,Luke Sergott,12.7
2026-08-05,WAT,Unknown Analyst,-2
2026-08-05,WAT,Vijay Kumar,2.9
2026-08-05,WDC,C J Muse,101.3
2026-08-05,WDC,James Schneider,37.5
2026-08-05,WDC,Tristan Gerra,40.9
2026-08-05,WMB,Ameet Thakkar,18.1
2026-08-05,WMB,Jean Ann Salisbury,19.4
2026-08-05,WMB,Robert Catellier,16.7
2026-08-05,WYNN,Barry Jonas,42.5
2026-08-05,WYNN,Benjamin Chaiken,50.5
2026-08-05,WYNN,Brandt Montour,55.1
2026-08-05,WYNN,John Staszak,48.2
2026-08-05,WYNN,Steven Pizzella,58.5
2026-08-05,WYNN,Steven Wieczynski,63.1
2026-08-05,XOM,Alastair Syme,-6.6
2026-08-06,ABNB,Jake Fuller,
2026-08-06,AIG,Joshua Shanker,22.1
2026-08-06,AIZ,Mark Hughes,25.7
2026-08-06,ALL,Adam Klauber,
2026-08-06,ALL,David Motemaden,3.3
2026-08-06,ALL,Harry Fong,18.2
2026-08-06,AMD,Aaron Rakers,35.6
2026-08-06,AMD,Amanda Tan,10.4
2026-08-06,AME,Jamie Cook,30.6
2026-08-06,AME,Joseph C Giordano,13.7
2026-08-06,AMGN,Chris Schott,-7.2
2026-08-06,ANET,Atif Malik,7.7
2026-08-06,APA,Neal Dingmann,
2026-08-06,APO,William Katz,23.3
2026-08-06,APP,Alicia Reese,88.3
2026-08-06,APP,Benjamin Black CFA,79
2026-08-06,APP,Martin Yang,72.9
2026-08-06,APP,Matthew Cost,100.6
2026-08-06,APP,Michael Pachter,88.3
2026-08-06,APP,Nat Schindler,59
2026-08-06,APP,Stephen Ju,143.9
2026-08-06,APTV,Rajat Gupta CFA,42.7
2026-08-06,ARES,William Katz,23.8
2026-08-06,AXON,Andrew Spinola,25.2
2026-08-06,AXON,James Fish,52.7
2026-08-06,AXON,Jeremy Hamblin,73.2
2026-08-06,AXON,Meta Marshall,33.5
2026-08-06,AXON,Michael Latimore,66.9
2026-08-06,AXON,Nilesh Bhaiya,49.2
2026-08-06,BA,Ivan Feinseth,44.9
2026-08-06,BALL,Anthony Pettinari,25.2
2026-08-06,BAX,Robbie Marcus,9.2
2026-08-06,BDX,Shagun Singh Chadha,1.2
2026-08-06,BKNG,Doug Anmuth,42.6
2026-08-06,BKNG,Tom White,
2026-08-06,BLDR,Ketan Mamtora,32.5
2026-08-06,BLK,Manyi Lu,15.8
2026-08-06,BR,James Faucette,4.9
2026-08-06,CAT,Michael Shlisky,7.7
2026-08-06,CDW,David Vogt,3.4
2026-08-06,CDW,Erik Woodring,11.2
2026-08-06,CDW,Joseph Cardoso,10.5
2026-08-06,CDW,Unknown Analyst,3.4
2026-08-06,CEG,Shahriar Pourreza,27.1
2026-08-06,CMI,Adam Seiden,36.5
2026-08-06,COR,Daniel Grosslight,15.1
2026-08-06,COR,Eric Coldwell,15.1
2026-08-06,COR,Kevin Caliendo,33.7
2026-08-06,COST,Bill Kirk,-13.7
2026-08-06,CPAY,Andrew Jeffrey,
2026-08-06,CPAY,Christopher Zhang,1.7
2026-08-06,CPAY,David Koning,16.4
2026-08-06,CPAY,Mihir Bhatia,
2026-08-06,CPAY,Rayna Kumar,11.2
2026-08-06,CPAY,Sanjay Sakhrani,15.1
2026-08-06,CPAY,Tien Tsin Huang,15.1
2026-08-06,CRL,Eric Coldwell,4.6
2026-08-06,CRL,Justin Bowers,7.8
2026-08-06,CRL,Kallum Titchmarsh,7.8
2026-08-06,CTAS,Leo Carrington,-13.2
2026-08-06,CVS,Andrew Mok CFA,14.1
2026-08-06,CVS,Ben Hendrix,19.4
2026-08-06,CVS,David S Macdonald,24.7
2026-08-06,CVS,Elizabeth Anderson CFA,32.1
2026-08-06,CVS,Michael Ha,13
2026-08-06,DASH,Benjamin Black CFA,28.7
2026-08-06,DASH,Bernie McTernan,31.2
2026-08-06,DASH,Brad Erickson,33.7
2026-08-06,DASH,Brian Nowak,36.2
2026-08-06,DASH,Deepak Mathivanan,28.7
2026-08-06,DASH,Jake Fuller,11.4
2026-08-06,DASH,Jason Helfstein,16.4
2026-08-06,DASH,John Blackledge,18.8
2026-08-06,DASH,Justin Patterson,36.2
2026-08-06,DASH,Mark Mahaney,48.6
2026-08-06,DASH,Mark Zgutowicz,46.1
2026-08-06,DASH,Ralph Schackart,
2026-08-06,DASH,Ronald Josey,26.3
2026-08-06,DASH,Ross Sandler,13.9
2026-08-06,DASH,Stephen Ju,11.4
2026-08-06,DASH,Thomas Champion,8.9
2026-08-06,DASH,Youssef Squali,66.4
2026-08-06,DD,Arun Viswanathan,38.6
2026-08-06,DD,Vincent Andrews,22.8
2026-08-06,DDOG,Adam Tindle,26.6
2026-08-06,DDOG,Brent Thill,17.5
2026-08-06,DDOG,Brian White,26.6
2026-08-06,DDOG,Fatima Boolani,37.9
2026-08-06,DDOG,Gabriela Borges,-28.6
2026-08-06,DDOG,Jonathan Ho,
2026-08-06,DDOG,Koji Ikeda,37.9
2026-08-06,DDOG,Matthew Hedberg,26.6
2026-08-06,DDOG,Thomas Blakey,47.8
2026-08-06,DIS,Barton Crockett,
2026-08-06,DIS,Bryan Kraft,26.7
2026-08-06,DIS,David Karnovsky,28.6
2026-08-06,DIS,Kannan Venkateshwar,7.9
2026-08-06,DIS,Kutgun Maral,35.1
2026-08-06,DIS,Laura Martin,17.3
2026-08-06,DIS,Mike Hickey,7.9
2026-08-06,DIS,Steven Cahall,23.9
2026-08-06,DIS,Unknown Analyst,17.3
2026-08-06,DUK,Sophie Karp,16.4
2026-08-06,DVN,Arun Jayaram,19.5
2026-08-06,DVN,Gabriel Daoud,29.4
2026-08-06,EBAY,Bernie McTernan,25.3
2026-08-06,EBAY,Brian Pitz,34.6
2026-08-06,EBAY,Colin Sebastian,16.9
2026-08-06,EBAY,Daniel Kurnos,24.4
2026-08-06,EBAY,Deepak Mathivanan,-1.6
2026-08-06,EBAY,Doug Anmuth,-0.7
2026-08-06,EBAY,Joseph Bonner,23.4
2026-08-06,EBAY,Ken Gawrelski,-14.6
2026-08-06,EBAY,Lloyd Walmsley,2.1
2026-08-06,EBAY,Mike McGovern,14.2
2026-08-06,EBAY,Ross Sandler,14.2
2026-08-06,EBAY,Thomas Champion,23.4
2026-08-06,EBAY,Youssef Squali,6.7
2026-08-06,EIX,Nicholas Campanella,33.9
2026-08-06,EMR,Chigusa Katoku,11
2026-08-06,EMR,Daniel DiCicco,15
2026-08-06,EMR,Jim Kelleher,15
2026-08-06,EMR,John Eade,15
2026-08-06,EOG,Arun Jayaram,2.5
2026-08-06,EOG,Gabriel Daoud,3.8
2026-08-06,EOG,Pei Hwa Ho,1.8
2026-08-06,EVRG,Edward DeArias,9
2026-08-06,EVRG,Shahriar Pourreza,6.6
2026-08-06,EXPE,Benjamin Black CFA,13.9
2026-08-06,EXPE,Brad Erickson,17.5
2026-08-06,EXPE,Daniel Kurnos,28.2
2026-08-06,EXPE,Deepak Mathivanan,10.4
2026-08-06,EXPE,Doug Anmuth,17.5
2026-08-06,EXPE,Eric Sheridan,31.8
2026-08-06,EXPE,Jed Kelly,30
2026-08-06,EXPE,Michael Bellisario,19.3
2026-08-06,EXPE,Naved Khan,38.9
2026-08-06,EXPE,Ross Sandler,13.9
2026-08-06,EXPE,Thomas Champion,15.7
2026-08-06,FANG,Arun Jayaram,13.7
2026-08-06,FDX,Zoe Zhang,15.4
2026-08-06,FE,Marie Ferguson,19.2
2026-08-06,FISV,Andrew Jeffrey,
2026-08-06,FISV,James Friedman,64.8
2026-08-06,FOXA,Jessica Reif Ehrlich,-18.1
2026-08-06,GILD,Chris Schott,11.3
2026-08-06,GILD,Michael Okunewitch,14.8
2026-08-06,GPN,Adam Frisch,-3.7
2026-08-06,GPN,Andrew Bauch,-6
2026-08-06,GPN,Bryan Keane,35.9
2026-08-06,GPN,David Koning,35.9
2026-08-06,GPN,Gustavo Gala,52.9
2026-08-06,GPN,James Faucette,16.7
2026-08-06,GPN,Jason Kupferberg,16.7
2026-08-06,GPN,Nik Cremo,0.8
2026-08-06,GPN,Vasundhara Govil,7.6
2026-08-06,GPN,Will Nance,6.5
2026-08-06,GRMN,Ivan Feinseth,30.9
2026-08-06,GS,Manyi Lu,16.6
2026-08-06,GWW,Chris Dankert,-1.6
2026-08-06,HII,Scott Deuschle,8.7
2026-08-06,HONA,Alexander Virgo,32.7
2026-08-06,HONA,Gavin Parsons,34.6
2026-08-06,HONA,Kenneth Herbert,58
2026-08-06,HSIC,John Stansel,15.4
2026-08-06,HST,Duane Pfennigwerth,12.4
2026-08-06,HST,Simon Yarmak,19.2
2026-08-06,HWM,Gautam Khanna,39.4
2026-08-06,IEX,Matt Summerville,7
2026-08-06,IFF,Ben Klieve,25.6
2026-08-06,IFF,Ghansham Panjabi,19.6
2026-08-06,IFF,Kevin McCarthy,11.2
2026-08-06,IFF,Kristen Owen,13.6
2026-08-06,IFF,Lisa De Neve,19.6
2026-08-06,IFF,Patrick Cunningham,20.8
2026-08-06,INCY,Derek Archila,-4.5
2026-08-06,INVH,Nicholas Joseph,27.1
2026-08-06,IRM,Andrew Steinerman,27.6
2026-08-06,IRM,Eric Luebchow,21.5
2026-08-06,IRM,Shlomo Rosenbaum,21.5
2026-08-06,J,Adam Bubes,19.8
2026-08-06,J,Unknown Analyst,2.9
2026-08-06,JCI,John Eade,19.9
2026-08-06,KDP,Christopher Carey,17.9
2026-08-06,KHC,"Matthew Smith, CFA",5.7
2026-08-06,KHC,Michael Lavery,1.6
2026-08-06,KHC,Peter Grom,9.8
2026-08-06,KHC,Robert Moskow,-10.6
2026-08-06,KHC,Thomas Palmer,-2.4
2026-08-06,KHC,Zheng Feng Chee,-6.5
2026-08-06,KKR,William Katz,16.7
2026-08-06,KVUE,Jon Andersen,
2026-08-06,KVUE,Lauren Lieberman,6.9
2026-08-06,LEN,Jonathan Bettenhausen,0.5
2026-08-06,LIN,Aristotelis Moutopoulos,
2026-08-06,LLY,Asad Haider,22.5
2026-08-06,LLY,Carter Gould,26.4
2026-08-06,LLY,Louise Chen,16.5
2026-08-06,LLY,Terence Flynn,27.2
2026-08-06,LLY,Umer Raffat,
2026-08-06,MCHP,Joshua Buchalter,21.3
2026-08-06,MCK,Charles Rhyee,14.1
2026-08-06,MCK,Elizabeth Anderson CFA,13.4
2026-08-06,MCK,Eric Coldwell,15.1
2026-08-06,MCK,Kevin Caliendo,22.5
2026-08-06,MET,Alex Scott,-0.1
2026-08-06,MET,Paul Newsome,-7.4
2026-08-06,MOS,Joel Jackson,19.1
2026-08-06,MOS,Matthew DeYoe,3.2
2026-08-06,MPC,Arun Jayaram,-18.4
2026-08-06,MPC,Theresa Chen,-18.9
2026-08-06,MRNA,Edward Tenthoff,-46.5
2026-08-06,MS,Manyi Lu,16.6
2026-08-06,MSI,Andrew Spinola,11.5
2026-08-06,MSI,James Fish,13.7
2026-08-06,MSI,Joseph Cardoso,16.9
2026-08-06,MSI,Louie DiPalma,
2026-08-06,MSI,Meta Marshall,2.1
2026-08-06,MSI,Tim Long,13.5
2026-08-06,MSI,Tomer Zilberman,
2026-08-06,NI,James Thalacker,18.3
2026-08-06,NI,Ross Fowler,
2026-08-06,NRG,Unknown Analyst,57.8
2026-08-06,NWSA,Andrew McLeod,18.9
2026-08-06,O,James Kammert,14.3
2026-08-06,O,Simon Yarmak,18.9
2026-08-06,O,Upal Rana,
2026-08-06,OKE,Theresa Chen,-8.9
2026-08-06,OXY,Nitin Kumar CFA,26.9
2026-08-06,OXY,Sam Margolin,28.5
2026-08-06,PFE,Elmar Kraus,
2026-08-06,PFE,Vamil Divan,11.8
2026-08-06,PH,Daniel DiCicco,27.8
2026-08-06,PLD,Unknown Analyst,23.8
2026-08-06,PNC,Jason Goldberg,16.3
2026-08-06,PODD,Bruce Jackson,40.2
2026-08-06,PODD,Daniel Markowitz CFA,36.4
2026-08-06,PODD,Jeff Johnson,32.6
2026-08-06,PODD,Jonathan Block,36.4
2026-08-06,PODD,Kieran Ryan,36.4
2026-08-06,PODD,Lee Hambright,32.6
2026-08-06,PODD,Marie Thibault,
2026-08-06,PODD,Mathew Blackman,9.1
2026-08-06,PODD,Mike Kratky,9.9
2026-08-06,PODD,Richard Newitter,15.9
2026-08-06,PODD,William Plovanic,35.6
2026-08-06,PPG,Unknown Analyst,11.8
2026-08-06,PSKY,Sean Diffley,-5.7
2026-08-06,PSX,Jason Gabelman,-1.7
2026-08-06,PSX,Stephen Richardson,-15.2
2026-08-06,PSX,Vikram Bagri,-16.4
2026-08-06,Q,Arun Viswanathan,49.5
2026-08-06,RL,Robert Drbul,35.7
2026-08-06,RL,Tom Nikic,32.7
2026-08-06,ROK,Chigusa Katoku,-0.6
2026-08-06,RVTY,Casey Woodring,-11.5
2026-08-06,SBAC,Cameron McVeigh,15.9
2026-08-06,SCHW,Manyi Lu,11.9
2026-08-06,SOLV,Brett Fishbin,16.6
2026-08-06,SOLV,Jason Bednar,20.1
2026-08-06,SOLV,Michael Piccolo,15.5
2026-08-06,SOLV,Nathan Treybeck,1.8
2026-08-06,SOLV,Rick Wise,14.4
2026-08-06,SOLV,Steven Valiquette,29.2
2026-08-06,STE,Michael Matson,
2026-08-06,TDG,Kristine Liwag,22.8
2026-08-06,UBER,Bernie McTernan,52.1
2026-08-06,UBER,Daniel Kurnos,
2026-08-06,UBER,Deepak Mathivanan,25.6
2026-08-06,UBER,James Lee,56.3
2026-08-06,UBER,Ross Sandler,47.9
2026-08-06,UBER,Shyam Patil,25.6
2026-08-06,UBER,Stephen Ju,53.5
2026-08-06,UBER,Tom White,39.5
2026-08-06,UBER,Youssef Squali,56.3
2026-08-06,UPS,Kristina Ruggeri,29.6
2026-08-06,UPS,Unknown Analyst,29.6
2026-08-06,VTRS,Salveen Richter,21.1
2026-08-06,WAT,Casey Woodring,-2
2026-08-06,WAT,Kallum Titchmarsh,5.3
2026-08-06,WBD,Laura Martin,
2026-08-06,WBD,Michael Morris,
2026-08-06,WDC,Amit Daryanani,28.6
2026-08-06,WDC,Erik Woodring,51.2
2026-08-06,WDC,Kevin Cassidy,78.9
2026-08-06,WDC,Kinngai Chan,
2026-08-06,WDC,Krish Sankar,20.8
2026-08-06,WDC,Sajal Dogra,78.9
2026-08-06,WDC,Thomas O'Malley,38.6
2026-08-06,WDC,Timothy Arcuri,17.4
2026-08-06,WDC,Unknown Analyst,45.4
2026-08-06,WDC,Vijay Rakesh,31.9
2026-08-06,WDC,Wamsi Mohan,61
2026-08-06,WMB,Jason Gabelman,19.4
2026-08-06,WMB,Spiro M. Dounis,15.3
2026-08-06,WYNN,James Hardiman,53.9
2026-08-06,XYZ,Adam Frisch,21.2
2026-08-06,XYZ,Andrew Bauch,7.3
2026-08-06,XYZ,Andrew Schmitt,36.3
2026-08-06,XYZ,Bill Carcache,32.6
2026-08-06,XYZ,Bryan Bergin,32.6
2026-08-06,XYZ,Bryan Keane,45.2
2026-08-06,XYZ,David Koning,32.6
2026-08-06,XYZ,James Friedman,26.2
2026-08-06,XYZ,Matthew O'Neill,45.2
2026-08-06,XYZ,Mayank Tandon,26.2
2026-08-06,XYZ,Nik Cremo,26.2
2026-08-06,XYZ,Owen Lau,9.8
2026-08-06,XYZ,Rayna Kumar,22.5
2026-08-06,XYZ,Vasundhara Govil,26.2
2026-08-07,ABNB,Bernie McTernan,
2026-08-07,ABNB,Brad Erickson,14.6
2026-08-07,ABNB,Daniel Kurnos,5.8
2026-08-07,ABNB,Deepak Mathivanan,-6
2026-08-07,ABNB,Jed Kelly,11.6
2026-08-07,ABNB,Ken Gawrelski,9.3
2026-08-07,ABNB,Kevin Kopelman,8.7
2026-08-07,ABNB,Maria Ripps,17.5
2026-08-07,ABNB,Matthew Condon,11.6
2026-08-07,ABNB,Michael Graham,17.5
2026-08-07,ABNB,Naved Khan,23.4
2026-08-07,ABNB,Ralph Schackart,
2026-08-07,ABNB,Shyam Patil,17.5
2026-08-07,ABNB,Stephen Ju,1.1
2026-08-07,ABNB,Ygal Arounian,17.5
2026-08-07,AFL,Alex Scott,-14.1
2026-08-07,AFL,Joshua Shanker,
2026-08-07,AIG,Alex Scott,7.5
2026-08-07,AIG,David Motemaden,12.8
2026-08-07,AIG,Rowland Mayor,15.5
2026-08-07,AIZ,Thomas McJoynt Griffith,15.1
2026-08-07,AKAM,Jackson Ader,82.6
2026-08-07,AKAM,Jeff Van Rhee,77.9
2026-08-07,AKAM,John Difucci,77.9
2026-08-07,AKAM,Jonathan Ho,
2026-08-07,AKAM,Michael Elias,31.1
2026-08-07,AKAM,Mike Cikos,
2026-08-07,AKAM,Param Singh,68.6
2026-08-07,AKAM,Peter Levine,63.9
2026-08-07,AKAM,Roger Boyd,33.9
2026-08-07,AKAM,Tal Liani,
2026-08-07,AKAM,Unknown Analyst,68.6
2026-08-07,AKAM,William Power,31.1
2026-08-07,ALB,Arun Viswanathan,33.6
2026-08-07,ALB,Eric Boyes,53.2
2026-08-07,ALB,Joel Jackson,70.2
2026-08-07,ALB,Joshua Spector,48.9
2026-08-07,ALB,Matthew DeYoe,31.9
2026-08-07,ALB,Patrick Cunningham,48.9
2026-08-07,ALL,Elyse Greenspan,-1.5
2026-08-07,ALL,Mikhail Paramonov,17.1
2026-08-07,AMD,Yik Ban Chong,
2026-08-07,AMGN,Vamil Divan,2.8
2026-08-07,APO,Craig Siegenthaler,
2026-08-07,APP,Joseph Bonner,60.5
2026-08-07,BA,Robert Czerwensky,
2026-08-07,BDX,Jason Bednar,-1.6
2026-08-07,BKNG,John Staszak,40.9
2026-08-07,CEG,Andrew Weisel,54.9
2026-08-07,CEG,James Thalacker,33.1
2026-08-07,CEG,Nicholas Amicucci,33.5
2026-08-07,CF,Joel Jackson,1.5
2026-08-07,CF,Joshua Spector,-7.6
2026-08-07,CF,Lucas Beaumont,-7.6
2026-08-07,CF,Matthew DeYoe,-20.3
2026-08-07,CHRW,Unknown Analyst,40.7
2026-08-07,COP,Leo Mariani,-8.3
2026-08-07,COP,Sam Margolin,37.6
2026-08-07,COR,Erin Wright,7.6
2026-08-07,CPAY,Michael Infante,11.5
2026-08-07,CPT,Steve Sakwa,10.7
2026-08-07,CSX,Ariel Rosa,10.3
2026-08-07,CTVA,Vincent Andrews,13.2
2026-08-07,DAL,John Godyn,37.7
2026-08-07,DASH,Brian Pitz,45.1
2026-08-07,DASH,Ken Gawrelski,11.4
2026-08-07,DASH,Shyam Patil,23.8
2026-08-07,DDOG,Gil Luria,42.4
2026-08-07,DDOG,Ittai Kidron,35.6
2026-08-07,DDOG,Jack Andrews,35.6
2026-08-07,DDOG,Karl Keirstead,26.6
2026-08-07,DDOG,Keith Bachman,35.6
2026-08-07,DDOG,Kirk Materne,26.6
2026-08-07,DDOG,Mike Cikos,35.6
2026-08-07,DDOG,Miller Jump,35.6
2026-08-07,DDOG,Patrick Colville,28.8
2026-08-07,DDOG,Raimo Lenschow,31.1
2026-08-07,DDOG,Rob Owens,24.3
2026-08-07,DDOG,Saiyi He,23.9
2026-08-07,DDOG,Sanjit Singh,35.6
2026-08-07,DVA,Ryan Langston,21.2
2026-08-07,EBAY,Mark Mahaney,
2026-08-07,ED,Nicholas Campanella,-0.4
2026-08-07,ED,Shahriar Pourreza,1.4
2026-08-07,ED,Sophie Karp,-11.7
2026-08-07,EG,Meyer Shields,11.4
2026-08-07,EMR,Unknown Analyst,80.7
2026-08-07,EVRG,Alex Kania,18.8
2026-08-07,EXPE,Brian Pitz,1.5
2026-08-07,EXPE,Ken Gawrelski,9.3
2026-08-07,EXPE,Kevin Kopelman,13.9
2026-08-07,EXPE,Shyam Patil,12.2
2026-08-07,F,Dan Levy,0.2
2026-08-07,FAST,David Manthey,9.5
2026-08-07,FIS,Ramsey El Assal,31.1
2026-08-07,FISV,Andrew Bauch,-3.1
2026-08-07,FISV,Andrew Schmitt,
2026-08-07,FISV,Bryan Bergin,6.6
2026-08-07,FISV,James Faucette,14.4
2026-08-07,FISV,Nik Cremo,0.8
2026-08-07,FISV,Sanjay Sakhrani,26
2026-08-07,FISV,Will Nance,4.7
2026-08-07,FOX,David Joyce,
2026-08-07,FOXA,David Joyce,
2026-08-07,FOXA,Doug Creutz,-1.4
2026-08-07,FOXA,Kannan Venkateshwar,-9
2026-08-07,FOXA,Kutgun Maral,10.7
2026-08-07,FSLR,Daniel Yang,
2026-08-07,FSLR,Julien Dumoulin Smith,9.1
2026-08-07,GEN,Matthew Hedberg,-0.9
2026-08-07,GEN,Meta Marshall,5.8
2026-08-07,GEN,Richard Poland,-7.5
2026-08-07,GEN,Robert Coolbrith,
2026-08-07,GEN,Roger Boyd,19
2026-08-07,GEN,Saket Kalia,5.8
2026-08-07,GEN,Unknown Analyst,52
2026-08-07,GWW,Unknown Analyst,
2026-08-07,HCA,David Toung,17.1
2026-08-07,HCA,Unknown Analyst,17.1
2026-08-07,HONA,Daniel DiCicco,32.1
2026-08-07,HONA,David E. Strauss,23.2
2026-08-07,HWM,Charles Minervino,48.1
2026-08-07,HWM,David E. Strauss,37.2
2026-08-07,HWM,Gavin Parsons,42
2026-08-07,HWM,Kenneth Herbert,52.4
2026-08-07,HWM,Peter Arment,63.3
2026-08-07,JBHT,Ariel Rosa,14.3
2026-08-07,KDP,Michael Lavery,21.1
2026-08-07,KDP,Nik Modi,33.8
2026-08-07,KDP,Peter Grom,24.2
2026-08-07,KDP,Robert Moskow,5.1
2026-08-07,KDP,Robert Ottenstein,1.9
2026-08-07,KVUE,Nik Modi,12.5
2026-08-07,KVUE,Susan Anderson,1.2
2026-08-07,MCHP,Blayne Curtis,34.8
2026-08-07,MCHP,Christopher Rolland,61.7
2026-08-07,MCHP,Craig Ellis,45.6
2026-08-07,MCHP,John Vinh,
2026-08-07,MCHP,Joseph Moore,38.8
2026-08-07,MCHP,Kevin Cassidy,61.7
2026-08-07,MCHP,Mark Lipacis,57.7
2026-08-07,MCHP,Quinn Bolton,61.7
2026-08-07,MCHP,Thomas O'Malley,41.5
2026-08-07,MCHP,Timothy Arcuri,61.7
2026-08-07,MCHP,Tore Svanberg,45.6
2026-08-07,MCHP,Vivek Arya,34.8
2026-08-07,MNST,Bonnie Herzog,
2026-08-07,MNST,Gerald Pascarelli,
2026-08-07,MNST,Kaumil Gajrawala,24.4
2026-08-07,MNST,"Matthew Smith, CFA",21
2026-08-07,MNST,Michael Lavery,16.4
2026-08-07,MNST,Peter Galbo,24.4
2026-08-07,MNST,Robert Ottenstein,21
2026-08-07,NI,Nicholas Campanella,8.7
2026-08-07,NSC,Ariel Rosa,17.4
2026-08-07,O,Brad Heffern,17.6
2026-08-07,O,Jeffrey Spector,21
2026-08-07,OXY,Leo Mariani,-10.5
2026-08-07,PFE,Jill Wu,29
2026-08-07,PG,Chris Graja,1.9
2026-08-07,PG,Taylor Conrad,1.9
2026-08-07,PH,Andrew Kaplowitz,29.7
2026-08-07,PH,Chigusa Katoku,20
2026-08-07,PH,Jeffrey Hammond,27.3
2026-08-07,PH,John Eade,26.3
2026-08-07,PH,Mircea Dobre,34.2
2026-08-07,PH,Stephen Tusa,20
2026-08-07,PH,Unknown Analyst,31.5
2026-08-07,PWR,Sangita Jain,24
2026-08-07,QCOM,Egor Tolmachev,9.9
2026-08-07,REG,Marie Ferguson,13.9
2026-08-07,RF,Jason Goldberg,-0.4
2026-08-07,RL,Adrienne Yih,36.5
2026-08-07,RL,Blake Anderson,32.7
2026-08-07,RL,Jay Sole,53.4
2026-08-07,RL,Kendall Toscano,32.7
2026-08-07,RL,Rick Patel,25.3
2026-08-07,RMD,Adam Maeder,3.1
2026-08-07,RMD,Brandon Vazquez,
2026-08-07,RMD,Craig Wong-Pan,11.8
2026-08-07,RMD,David Rescott,-2.4
2026-08-07,RMD,Michael Matson,
2026-08-07,RMD,Nathan Treybeck,-1.5
2026-08-07,RMD,Unknown Analyst,
2026-08-07,RSG,David Manthey,5.5
2026-08-07,RSG,Devin Dodge,12.2
2026-08-07,RSG,James Schumm,12.2
2026-08-07,RSG,Konark Gupta,8.6
2026-08-07,RSG,Michael Feniger,8.2
2026-08-07,RSG,Noah Kaye,14.5
2026-08-07,RSG,Sabahat Khan,22.1
2026-08-07,RSG,Shlomo Rosenbaum,12.7
2026-08-07,RSG,Tobey Sommer,21.2
2026-08-07,RSG,Toni Kaplan,4.2
2026-08-07,RSG,Trevor Romeo,
2026-08-07,RSG,William Grippin,7.7
2026-08-07,RVTY,Daniel Brennan,4.6
2026-08-07,SHW,John McNulty,25.3
2026-08-07,SNDK,Jim Kelleher,-2
2026-08-07,SRE,Alex Kania,27.2
2026-08-07,SRE,James Thalacker,18.8
2026-08-07,SRE,Ross Fowler,
2026-08-07,STE,Jason Bednar,30.5
2026-08-07,STE,Patrick Wood,28.1
2026-08-07,TAP,Gerald Pascarelli,28.4
2026-08-07,TAP,Michael Lavery,13
2026-08-07,TAP,Peter Galbo,2.7
2026-08-07,TAP,Peter Grom,15.6
2026-08-07,TDG,David E. Strauss,27.2
2026-08-07,TRGP,James Weston,15.4
2026-08-07,TRGP,Jason Gabelman,-5.3
2026-08-07,TSLA,Joseph Spak,5.4
2026-08-07,TTD,Alec Brondolo,-16.3
2026-08-07,TTD,Andrew Marok,
2026-08-07,TTD,Brian Pitz,4.6
2026-08-07,TTD,Deepak Mathivanan,-2.4
2026-08-07,TTD,Jason Helfstein,
2026-08-07,TTD,Jessica Reif Ehrlich,-23.3
2026-08-07,TTD,Mark Zgutowicz,39.5
2026-08-07,TTD,Michael Morris,-16.3
2026-08-07,TTD,Michael Nathanson,-58.2
2026-08-07,TTD,Nat Schindler,-16.3
2026-08-07,TTD,Ralph Schackart,
2026-08-07,TTD,Shyam Patil,-2.4
2026-08-07,TTD,Stephen Ju,11.6
2026-08-07,TTD,Vasily Karasyov,4.6
2026-08-07,TTD,Vikram Kesavabhotla,
2026-08-07,UAL,John Godyn,55.7
2026-08-07,UDR,Steve Sakwa,25.3
2026-08-07,UNP,Ariel Rosa,22.7
2026-08-07,VRT,Austin Wang,48.2
2026-08-07,VTRS,Ashwani Verma,39.3
2026-08-07,WAT,Daniel Brennan,16.3
2026-08-07,WBD,Doug Creutz,-7.3
2026-08-07,WBD,Unknown Analyst,10.6
2026-08-07,WMB,Elvira Scotto,19.4
2026-08-07,WY,Ketan Mamtora,72.3
2026-08-07,XOM,Jason Gabelman,1.2
2026-08-07,XYZ,Ramsey El Assal,19.9
2026-08-07,XYZ,Stephen Biggar,30
2026-08-08,EME,Manish Somaiya,34.1
2026-08-08,GNRC,Gareth Gacetta‏,78.1
2026-08-08,GNRC,Manish Somaiya,78.1
2026-08-09,COR,Charles Rhyee,24.4
2026-08-09,DD,John McNulty,46.5
2026-08-09,EOG,Lloyd Byrne,18.8
2026-08-09,EVRG,Ryan Levine,18.8
2026-08-09,FANG,Lloyd Byrne,0
2026-08-09,FDX,Scott Group,25
2026-08-09,HON,Sheila Kahyaoglu,-13.5
2026-08-09,HONA,Sheila Kahyaoglu,10.6
2026-08-09,IRM,Jonathan Atkin,27.6
2026-08-09,LDOS,Sheila Kahyaoglu,12.5
2026-08-09,LIN,Duffy Fischer,24.4
2026-08-09,PPL,Steve Fleishman,23.2
2026-08-09,TDG,Sheila Kahyaoglu,42.5
2026-08-09,TTWO,Eric Sheridan,32.3
2026-08-09,TTWO,Peter Supino,34.1
2026-08-09,VRTX,Paul Matteis,-3
2026-08-09,VST,Steve Fleishman,56.4
2026-08-10,ABBV,Gavin Clark-Gartner,1.1
2026-08-10,ABNB,Brian Pitz,-3
2026-08-10,ABNB,Ronald Josey,13.4
2026-08-10,ABNB,Ross Sandler,-11.9
2026-08-10,ABNB,Sergio Segura,
2026-08-10,AFL,Paul Newsome,19.7
2026-08-10,AFL,Yaron Kinar,0.6
2026-08-10,AIG,Elyse Greenspan,12.8
2026-08-10,AIG,Paul Newsome,11.5
2026-08-10,AIG,Yaron Kinar,14.2
2026-08-10,AKAM,Shyam Patil,31.1
2026-08-10,AKAM,Stephen Bersey,15.2
2026-08-10,ALB,Ben Isaacson,61.7
2026-08-10,ALB,Vincent Andrews,37
2026-08-10,ALGN,Elizabeth Anderson CFA,45.9
2026-08-10,ALL,Brian Meredith,8.4
2026-08-10,ALL,Robert Cox CFA,10.4
2026-08-10,ALLE,Christopher Snyder,4.3
2026-08-10,ANET,Michael Ng,12.7
2026-08-10,APA,Chris Baker,-10.6
2026-08-10,APA,Gabriel Daoud,-12.8
2026-08-10,APO,Stephen Biggar,24.1
2026-08-10,APP,Eric Sheridan,43.5
2026-08-10,APTV,Chris McNally,53.7
2026-08-10,APTV,Mark Delaney,55.9
2026-08-10,ARE,Michael Carroll,-0.3
2026-08-10,ARE,Nicholas Joseph,-2.2
2026-08-10,AXON,Michael Ng,49.2
2026-08-10,BA,Kristina Ruggeri,25.9
2026-08-10,BDX,Robbie Marcus,5.7
2026-08-10,BEN,Glenn Schorr,7
2026-08-10,BLDR,Charles Perron-Piche,49.1
2026-08-10,BLK,Glenn Schorr,16.7
2026-08-10,BRK.B,Brian Meredith,18.3
2026-08-10,C,Jason Goldberg,10.9
2026-08-10,CARR,Andrew Kaplowitz,
2026-08-10,CEG,John Eade,14.1
2026-08-10,CEG,Nicholas Campanella,13.8
2026-08-10,CEG,Rinny Singh,
2026-08-10,CF,Andrew Wong CFA,-13.6
2026-08-10,CF,Ben Isaacson,-2.3
2026-08-10,CNC,John Staszak,20.4
2026-08-10,COP,Arun Jayaram,-2.4
2026-08-10,COP,Neil Mehta,6.3
2026-08-10,COP,Sergey Pigarev,-3.9
2026-08-10,COR,Lisa Gill,21.3
2026-08-10,CPAY,Ramsey El Assal,17.6
2026-08-10,CRL,Ann Hynes,-5.1
2026-08-10,CRL,Charles Rhyee,7.8
2026-08-10,CVS,Erin Wright,17.3
2026-08-10,DASH,Doug Anmuth,29.7
2026-08-10,DASH,Rohit Kulkarni,8.9
2026-08-10,DD,Chigusa Katoku,35.4
2026-08-10,DDOG,Brad Reback,37.9
2026-08-10,DDOG,Samik Chatterjee,37.9
2026-08-10,DLR,Vikram Malhotra,18.3
2026-08-10,DOC,Michael Carroll,18.2
2026-08-10,DOV,Christopher Snyder,13.7
2026-08-10,DPZ,Alton Stump,13.3
2026-08-10,ED,Carly Davenport,
2026-08-10,ED,Harsh Mehta,
2026-08-10,EQT,Scott Gruber,23.9
2026-08-10,ETN,Andrew Kaplowitz,
2026-08-10,EXE,Scott Gruber,21.3
2026-08-10,EXPE,Sergio Segura,
2026-08-10,EXPE,Tom White,
2026-08-10,FANG,Scott Gruber,7.3
2026-08-10,FE,Sophie Karp,
2026-08-10,FERG,Michael Dahl,30.3
2026-08-10,FSLR,Maheep Mandloi,55
2026-08-10,FTV,Andrew Kaplowitz,
2026-08-10,GEV,Andrew Kaplowitz,
2026-08-10,HCA,Kevin Fischbeck,-0.5
2026-08-10,HD,Robert Ohmes,33.4
2026-08-10,HON,Andrew Kaplowitz,
2026-08-10,HONA,Seth Seifman,48.5
2026-08-10,HUM,Lisa Gill,-4.1
2026-08-10,HWM,Andre Madrid,48.1
2026-08-10,HWM,Kristine Liwag,45.9
2026-08-10,HWM,Seth Seifman,52.4
2026-08-10,HWM,Sheila Kahyaoglu,61.1
2026-08-10,INVH,James Feldman,19.8
2026-08-10,IR,Andrew Kaplowitz,
2026-08-10,IR,Christopher Snyder,19.3
2026-08-10,ITW,Andrew Kaplowitz,
2026-08-10,J,Steven Fisher,17.7
2026-08-10,JCI,Andrew Kaplowitz,
2026-08-10,JKHY,Brett Huff,24.1
2026-08-10,JPM,Jason Goldberg,17.9
2026-08-10,KIM,Nicholas Joseph,12.1
2026-08-10,KIM,Samir Khanal,12.1
2026-08-10,LH,Ann Hynes,14
2026-08-10,MCHP,Atif Malik,28
2026-08-10,MCK,Daniel Grosslight,13.4
2026-08-10,MCK,Lisa Gill,18.2
2026-08-10,MMM,Christopher Snyder,14.6
2026-08-10,MNST,Stephen Powers,15.2
2026-08-10,MOS,Andrew Wong CFA,7.2
2026-08-10,MOS,Lucas Beaumont,-8.7
2026-08-10,MU,Atif Malik,17.9
2026-08-10,OTIS,Christopher Snyder,8.5
2026-08-10,OXY,Arun Jayaram,4.1
2026-08-10,OXY,Gabriel Daoud,2.5
2026-08-10,PG,Unknown Analyst,-1.6
2026-08-10,PPL,James Thalacker,11.5
2026-08-10,PPL,Michael Lonegan,20.3
2026-08-10,PPL,Nicolas Woods,
2026-08-10,PSX,Arun Jayaram,-9.8
2026-08-10,QCOM,Vivek Arya,-1.1
2026-08-10,REG,Todd Thomas,
2026-08-10,RL,Matthew Boss,36.5
2026-08-10,RL,Paul Lejuez,34.2
2026-08-10,ROL,Manav Patnaik,29.6
2026-08-10,RSG,Jerry Revich,5.1
2026-08-10,SRE,Carly Davenport,32
2026-08-10,STLD,Andrew Jones CFA,15.1
2026-08-10,SWK,Christopher Snyder,7.6
2026-08-10,TAP,Andrea Faria Teixeira,7.9
2026-08-10,TAP,Drew Levine,7.9
2026-08-10,TAP,Seamus Cassidy,10.5
2026-08-10,TDY,Sheila Kahyaoglu,37.5
2026-08-10,TRGP,Ameet Thakkar,4.4
2026-08-10,TROW,Glenn Schorr,11
2026-08-10,TSLA,Philippe Houchois,-4.2
2026-08-10,TTD,Matthew Cost,-9.3
2026-08-10,TTD,Mohammed Khallouf,-30.3
2026-08-10,TTD,Nicholas Jones CFA,-30.3
2026-08-10,TTD,Tom White,11.6
2026-08-10,TTWO,Alicia Reese,39.2
2026-08-10,TTWO,Colin Sebastian,25.3
2026-08-10,TTWO,Eric Handler,39.2
2026-08-10,TTWO,Unknown Analyst,29.9
2026-08-10,TTWO,Wyatt Swanson,
2026-08-10,UBER,Rohit Kulkarni,39.5
2026-08-10,UHS,Kevin Fischbeck,-2.8
2026-08-10,USB,Jason Goldberg,19.4
2026-08-10,VICI,Richard Anderson,28.9
2026-08-10,VRSK,Andrew Nicholas,
2026-08-10,VRSK,Curtis Nagle,29.4
2026-08-10,VRTX,Myles Minter,
2026-08-10,VRTX,Tazeen Ahmad,30.4
2026-08-10,VST,Andrew Weisel,100.8
2026-08-10,VST,James Thalacker,55.7
2026-08-10,VST,Rinny Singh,
2026-08-10,VTRS,Chris Schott,9
2026-08-10,WAT,Joanne Wuensch,15.1
2026-08-10,WBD,Patrick Sholl,
2026-08-10,WBD,Sean Diffley,3.4
2026-08-10,WTW,Paul Newsome,14.4
2026-08-10,WY,Marie Ferguson,
2026-08-10,WYNN,Shaun Kelley,
2026-08-11,ABBV,Emily Field,16.7
2026-08-11,ABNB,Lloyd Walmsley,17.5
2026-08-11,ABNB,Paul Chew,-7.2
2026-08-11,ACGL,Meyer Shields,3
2026-08-11,ACGL,Pablo Singzon,22.8
2026-08-11,AFL,Pablo Singzon,0.6
2026-08-11,AFL,Ryan Krueger,8.4
2026-08-11,AIG,Meyer Shields,27.4
2026-08-11,AIG,Pablo Singzon,
2026-08-11,AKAM,Rudy Kessinger,73.2
2026-08-11,ALB,Pete Osterland,91.5
2026-08-11,ALL,Gregory Peters,24.2
2026-08-11,ALL,Pablo Singzon,15.1
2026-08-11,ALL,Yaron Kinar,18.2
2026-08-11,AMAT,David Dai CFA,47.9
2026-08-11,AMAT,Sebastien Naji,
2026-08-11,AMCR,Nathan Reilly,32.3
2026-08-11,AME,Andrew Obin,
2026-08-11,AMZN,Sachin Mittal,29.3
2026-08-11,ANET,Unknown Analyst,
2026-08-11,APA,Charles Minervino,5.1
2026-08-11,APP,Omar Dessouky,23.5
2026-08-11,APP,Paul Chew,88.3
2026-08-11,APP,Serena Yi Qi Lim,88.3
2026-08-11,APP,Unknown Analyst,23.5
2026-08-11,BA,John Eade,25.9
2026-08-11,BA,Noah Poponak,31.6
2026-08-11,BAX,Travis Steed,17.6
2026-08-11,BDX,Rick Wise,9.6
2026-08-11,BLK,Alexander Blostein,28.7
2026-08-11,BMY,Emily Field,17.9
2026-08-11,CAH,Michael Cherny,24.5
2026-08-11,CAH,Ryan Daniels,
2026-08-11,CEG,Anthony Crowdell,1.8
2026-08-11,CF,Benjamin Theurer,1.5
2026-08-11,COP,Charles Minervino,17.2
2026-08-11,COP,Gabriel Daoud,-5.4
2026-08-11,COR,Stephen Baxter,22.8
2026-08-11,CPAY,Dan Dolev,-4.5
2026-08-11,DDOG,Peter Weed,7.1
2026-08-11,DIS,Helena Wang,22
2026-08-11,DOC,Nicholas Joseph,8.4
2026-08-11,DVA,Andrew Mok CFA,23.4
2026-08-11,DVA,David S Macdonald,18.4
2026-08-11,EBAY,Stephen Ju,11.4
2026-08-11,ED,Anthony Crowdell,6.1
2026-08-11,EVRG,Anthony Crowdell,4.1
2026-08-11,EXPD,Scott Group,
2026-08-11,F,Elizabelle Pang,21.7
2026-08-11,FERG,David Manthey,29.4
2026-08-11,FERG,John Lovallo,15
2026-08-11,FERG,Keith Hughes,
2026-08-11,FERG,Matthew Bouley,40.6
2026-08-11,FERG,Sam Reid,32.6
2026-08-11,FERG,Scott Schneeberger,29.4
2026-08-11,FERG,Suhasini Varanasi,30.3
2026-08-11,FICO,Manav Patnaik,72.5
2026-08-11,FIS,Brett Huff,31.1
2026-08-11,FISV,Brett Huff,10.5
2026-08-11,FISV,Stephen Biggar,
2026-08-11,FSLR,Ben Kallo,52.1
2026-08-11,GEHC,Travis Steed,15.8
2026-08-11,GM,Elizabelle Pang,22.6
2026-08-11,GM,Tom Narayan,16.8
2026-08-11,GWW,Guy Hardwick,-7.4
2026-08-11,HLT,Christopher Stathoulopoulos,12.7
2026-08-11,HST,Richard Anderson,7.9
2026-08-11,HSY,Taylor Conrad,
2026-08-11,IDXX,Glen Santangelo,40.7
2026-08-11,IEX,Brett Linzey,24.9
2026-08-11,INTU,Bryan Bergin,2
2026-08-11,ISRG,Lee Hambright,85.6
2026-08-11,ISRG,Travis Steed,27.3
2026-08-11,JBL,David Vogt,35.2
2026-08-11,KVUE,Peter Grom,6.9
2026-08-11,LDOS,John Godyn,24.9
2026-08-11,LDOS,Noah Poponak,2.4
2026-08-11,LITE,Thomas O'Malley,7.9
2026-08-11,LLY,Srikripa Devarakonda,23.3
2026-08-11,MAR,Christopher Stathoulopoulos,15
2026-08-11,MCHP,William Stein,21.3
2026-08-11,MCK,Stephen Baxter,5.8
2026-08-11,MET,Pablo Singzon,11.2
2026-08-11,MET,Ryan Krueger,11.2
2026-08-11,MET,Yaron Kinar,15.3
2026-08-11,MNST,John Staszak,26.7
2026-08-11,MNST,Robert Moskow,10.6
2026-08-11,MO,Pallav Mittal,-15.9
2026-08-11,MOS,Benjamin Theurer,3.2
2026-08-11,MOS,Vincent Andrews,3.2
2026-08-11,MPC,Nitin Kumar CFA,-23.2
2026-08-11,NEM,Matt Murphy,6.5
2026-08-11,NOW,David Hynes,9.4
2026-08-11,NRG,Shahriar Pourreza,84.2
2026-08-11,OXY,Charles Minervino,13.9
2026-08-11,PEG,Carly Davenport,18.8
2026-08-11,PFE,Steve Scala,
2026-08-11,PH,Brett Linzey,35.2
2026-08-11,PH,Jamie Cook,42.9
2026-08-11,PLTR,Paul Chew,28.6
2026-08-11,PRU,Paul Newsome,7.3
2026-08-11,PRU,Ryan Krueger,3.2
2026-08-11,PRU,Yaron Kinar,-5.2
2026-08-11,PSX,Nitin Kumar CFA,-15.2
2026-08-11,RL,Dana Telsey,38.6
2026-08-11,RMD,Anthony Petrone,7.7
2026-08-11,ROL,Curtis Nagle,0.8
2026-08-11,RSG,Unknown Analyst,14.9
2026-08-11,RTX,Ronald Epstein,
2026-08-11,SBAC,Maher Yaghi,24
2026-08-11,SOLV,Travis Steed,8.6
2026-08-11,SPG,Floris van Dijkum,34.3
2026-08-11,SPG,Michael Lewis,
2026-08-11,SPG,Ronald Kamdem,1.1
2026-08-11,SPG,Simon Yarmak,2
2026-08-11,SYK,Travis Steed,37.9
2026-08-11,TAP,Eric Serotta,18.2
2026-08-11,TFC,Matt O'Connor,3.2
2026-08-11,TGT,Rupesh Parikh,9.1
2026-08-11,TSCO,Joe Feldman,15.1
2026-08-11,TSCO,Kate McShane,15.1
2026-08-11,TSLA,Elizabelle Pang,-9.7
2026-08-11,UAL,David Vernon,47.5
2026-08-11,VRTX,Akash Tewari,22.8
2026-08-11,VRTX,Danielle Brill,
2026-08-11,VRTX,Jeffrey Walch,18
2026-08-11,VRTX,Louise Chen,8.3
2026-08-11,VRTX,William Pickering,18
2026-08-11,VST,Carly Davenport,38.8
2026-08-11,VTR,Juan C. Sanabria,18.9
2026-08-11,XYZ,James Faucette,13.6
2026-08-12,ACN,Jason Kupferberg,5.5
2026-08-12,ADSK,Matthew Martino,22.4
2026-08-12,AIG,Bob Huang,8.9
2026-08-12,AIG,Michael Zaremski,18.1
2026-08-12,ALGN,Vik Chopra,38.6
2026-08-12,ALL,Bob Huang,4.4
2026-08-12,ALL,Joshua Shanker,
2026-08-12,ALL,Matthew Heimermann,-5.4
2026-08-12,AMAT,Mark Lipacis,53.3
2026-08-12,APA,Arun Jayaram,-8.3
2026-08-12,AXP,Bill Carcache,24.7
2026-08-12,BDX,Patrick Wood,15.3
2026-08-12,BIIB,Emily Field,-7.9
2026-08-12,BXP,Peter Abramowitz,8.2
2026-08-12,CAH,Daniel Grosslight,19.4
2026-08-12,CAH,Elizabeth Anderson CFA,15.1
2026-08-12,CAH,Erin Wright,8.7
2026-08-12,CAH,Unknown Analyst,18.1
2026-08-12,CF,Jeffrey Zekauskas,-13.6
2026-08-12,CHD,Taylor Conrad,
2026-08-12,COHR,Blayne Curtis,37.5
2026-08-12,COP,Josh Silverstein,11.4
2026-08-12,COP,Pei Hwa Ho,6.3
2026-08-12,COR,Allen Lutz,2.6
2026-08-12,CPT,Adam Kramer,16.5
2026-08-12,CTSH,Jason Kupferberg,11.7
2026-08-12,CVNA,Sharon Zackfia,
2026-08-12,CVS,Lisa Gill,24.7
2026-08-12,DOC,James Kammert,13.3
2026-08-12,DVN,Gabriele Sorbara,27.4
2026-08-12,EOG,Gabriele Sorbara,26.2
2026-08-12,EQT,Gabriele Sorbara,11
2026-08-12,ESS,Adam Kramer,10.7
2026-08-12,EXE,Gabriele Sorbara,40.3
2026-08-12,EXPE,Stephen Ju,25
2026-08-12,FANG,Gabriele Sorbara,20.5
2026-08-12,FERG,Anthony Pettinari,28.1
2026-08-12,GS,Gerard Cassidy,18.5
2026-08-12,HWM,John Godyn,43.3
2026-08-12,IFF,David Begleiter,19.6
2026-08-12,INCY,Jeffrey Walch,-14.4
2026-08-12,INTC,Timothy Arcuri,8.8
2026-08-12,INTC,Vivek Arya,40.9
2026-08-12,INVH,Adam Kramer,19.8
2026-08-12,IQV,Elizabeth Anderson CFA,5.1
2026-08-12,ISRG,Suraj Kalia,35.4
2026-08-12,KMI,Gabriel Daoud,
2026-08-12,KMI,Praneeth Satish,16.7
2026-08-12,LITE,Christopher Rolland,18.7
2026-08-12,LITE,George Notter,29.4
2026-08-12,LITE,Joseph Cardoso,38.1
2026-08-12,LITE,Richard Shannon,24.1
2026-08-12,LITE,Ruben Roy,18.7
2026-08-12,LITE,Ryan Koontz,12.2
2026-08-12,LITE,Saiyi He,32.7
2026-08-12,LITE,Sean O'Loughlin,-11.5
2026-08-12,LITE,Vijay Rakesh,23
2026-08-12,LITE,Vivek Arya,7.9
2026-08-12,LNT,Ross Fowler,
2026-08-12,MA,Harshita Rawat,24.7
2026-08-12,MAA,Adam Kramer,24.2
2026-08-12,MAA,Anthony Paolone,16.2
2026-08-12,MGM,Stephen Grambling,7.8
2026-08-12,MNST,Filippo Falorni,31.3
2026-08-12,NEM,Tanya Jakusconek,17.5
2026-08-12,NOW,Michael Turrin,32
2026-08-12,OKE,Jean Ann Salisbury,1.4
2026-08-12,OXY,Pei Hwa Ho,-5.6
2026-08-12,PEG,Ross Fowler,
2026-08-12,PFG,Jack Matten,-1
2026-08-12,PODD,Patrick Wood,13.7
2026-08-12,REGN,Mohit Bansal,-4
2026-08-12,RSG,Jon Windham,5.5
2026-08-12,SMCI,George Notter,
2026-08-12,SMCI,Jim Kelleher,
2026-08-12,SMCI,Katherine Murphy,-15.2
2026-08-12,SMCI,Mark Newman,4.7
2026-08-12,SMCI,Quinn Bolton,14.7
2026-08-12,SMCI,Ruplu Bhattacharya,-17.7
2026-08-12,SMCI,Tim Long,-2.7
2026-08-12,SMCI,Unknown Analyst,-0.2
2026-08-12,SMCI,Vijay Rakesh,-12.7
2026-08-12,TDY,James Ricchiuti,24.2
2026-08-12,TECH,Dan Leonard,1.2
2026-08-12,TECH,Matt Larew,
2026-08-12,TRMB,Jonathan Ho,
2026-08-12,UDR,Adam Kramer,26.7
2026-08-12,V,Harshita Rawat,21.5
2026-08-12,VRTX,Brian Abrahams,10.6
2026-08-12,WMB,Bill Selesky,16.7
2026-08-12,WYNN,Stephen Grambling,46
2026-08-12,XEL,Paul Cole,
2026-08-12,XYL,Nathan Jones,49.6
2026-08-13,ABBV,Alexandria Hammond,16.7
2026-08-13,ABT,Michael Polark,27.5
2026-08-13,ACGL,Elyse Greenspan,21.8
2026-08-13,AIZ,Brian Meredith,17.2
2026-08-13,AKAM,Rishi Jaluria,26.4
2026-08-13,ALL,Michael Zaremski,11.9
2026-08-13,AMAT,Blayne Curtis,68.7
2026-08-13,AMAT,Joseph Quatrochi,62.1
2026-08-13,AMAT,Srini Pajjuri,31.4
2026-08-13,AMAT,Thomas O'Malley,29.2
2026-08-13,AMCR,George Staphos,22.9
2026-08-13,AMCR,Ghansham Panjabi,
2026-08-13,AMCR,Hillary Cacanando,18.1
2026-08-13,AMCR,Unknown Analyst,
2026-08-13,AMD,Stacy Rasgon,25.9
2026-08-13,AMD,Vivek Arya,
2026-08-13,AMGN,Emily Field,0.7
2026-08-13,APP,Matthew Swanson,77.5
2026-08-13,APTV,Dan Levy,42.7
2026-08-13,ARE,John Kim,1.7
2026-08-13,AXON,Jonathan Ho,
2026-08-13,BAX,Joanne Wuensch,17.6
2026-08-13,BDX,Kendall Au,6.8
2026-08-13,BF.B,Stephen Powers,3
2026-08-13,BG,Andrew Strelzik,22.5
2026-08-13,BIIB,Alexandria Hammond,38.2
2026-08-13,CAH,Charles Rhyee,19.4
2026-08-13,CAH,George Hill,11.3
2026-08-13,CAH,Steven Valiquette,6.6
2026-08-13,CF,Vincent Andrews,-13.6
2026-08-13,CMI,Bill Selesky,38.3
2026-08-13,COHR,Christopher Rolland,39.2
2026-08-13,COHR,Meta Marshall,22.8
2026-08-13,COHR,Richard Shannon,57.2
2026-08-13,COHR,Ruben Roy,37.5
2026-08-13,COHR,Ryan Koontz,37.5
2026-08-13,COHR,Saiyi He,42.5
2026-08-13,COHR,Sean O'Loughlin,29.4
2026-08-13,COHR,Thomas O'Malley,14.6
2026-08-13,COHR,Tim Savageaux,-8.3
2026-08-13,COHR,Unknown Analyst,13
2026-08-13,COHR,Vivek Arya,31
2026-08-13,COIN,Manyi Lu,14.1
2026-08-13,COR,Elizabeth Anderson CFA,8.8
2026-08-13,COR,Glen Santangelo,8.8
2026-08-13,CPT,Michael Goldsmith,2.9
2026-08-13,CSCO,Aaron Rakers,33.8
2026-08-13,CSCO,Atif Malik,24
2026-08-13,CSCO,Brandon Nispel,20.4
2026-08-13,CSCO,David Vogt,23.1
2026-08-13,CSCO,Ingo Wermann,
2026-08-13,CSCO,James Fish,17.7
2026-08-13,CSCO,Jim Kelleher,33.8
2026-08-13,CSCO,Michael Genovese,47.2
2026-08-13,CSCO,Sebastien Naji,
2026-08-13,CSCO,Tal Liani,33.8
2026-08-13,CSCO,Tim Long,9.7
2026-08-13,CSCO,Unknown Analyst,
2026-08-13,DAL,Jason Sum,37.7
2026-08-13,DDOG,Kingsley Crane,33.4
2026-08-13,DLR,Phani Kanumuri,27.3
2026-08-13,DVN,Hanwen Chang,29.4
2026-08-13,DVN,Sam Margolin,29.4
2026-08-13,EBAY,Ronald Josey,20.6
2026-08-13,EMR,Andrew Obin,25.5
2026-08-13,EOG,Hanwen Chang,31
2026-08-13,EOG,Sam Margolin,31
2026-08-13,EQIX,Phani Kanumuri,34.9
2026-08-13,ESS,Jana Galan,10.7
2026-08-13,ESS,Michael Goldsmith,1.9
2026-08-13,EXPE,Ronald Josey,22.9
2026-08-13,FANG,Hanwen Chang,28.3
2026-08-13,FANG,Sam Margolin,28.3
2026-08-13,GEHC,Joanne Wuensch,17.3
2026-08-13,GILD,Emily Field,0.9
2026-08-13,GPN,Timothy Chiodo,3.1
2026-08-13,GS,Daniel Fannon,26.2
2026-08-13,HD,Peter Keith,22.4
2026-08-13,HLT,Robin M. Farley,18.6
2026-08-13,HLT,Steven Pizzella,19.2
2026-08-13,HOOD,Benjamin Budish,-6.7
2026-08-13,HOOD,Manyi Lu,6.6
2026-08-13,HST,Ari Klein,16.9
2026-08-13,HSY,Alexia Burland Howard,
2026-08-13,IDXX,Ryan Daniels,
2026-08-13,INVH,Jana Galan,27.1
2026-08-13,ISRG,Joanne Wuensch,35.4
2026-08-13,J,Sabahat Khan,22.7
2026-08-13,JNJ,Joanne Wuensch,12.2
2026-08-13,KHC,David Palmer,-2.4
2026-08-13,LITE,Papa Talla Sylla,29.4
2026-08-13,LLY,Harry Gillis,9.3
2026-08-13,LLY,Kerry Holford,9.3
2026-08-13,LOW,Peter Keith,39.2
2026-08-13,MLM,Angel Castillo,25.3
2026-08-13,MNST,Peter Grom,22.1
2026-08-13,NEM,Richard Garchitorena,-2.2
2026-08-13,NFLX,Brian Pitz,74.4
2026-08-13,NRG,Nicholas Campanella,79.8
2026-08-13,PAYX,Samad Samana,3.6
2026-08-13,PFE,Emily Field,-9.8
2026-08-13,PKG,Anojja Shah,24.6
2026-08-13,PODD,Joanne Wuensch,13.7
2026-08-13,PTC,Unknown Analyst,-12.1
2026-08-13,SMCI,Nehal Chokshi,7.2
2026-08-13,SNDK,Amit Daryanani,71.4
2026-08-13,SNDK,James Schneider,34.7
2026-08-13,SNDK,Srini Pajjuri,-2
2026-08-13,SNDK,Wamsi Mohan,53.1
2026-08-13,SPG,Juan C. Sanabria,22.1
2026-08-13,SPG,Samir Khanal,28.9
2026-08-13,SYY,Mark Carden,14.2
2026-08-13,TAP,Unknown Analyst,56.7
2026-08-13,TDY,Christine Yao,18.4
2026-08-13,TPR,Brooke Roach,42.6
2026-08-13,TRMB,Alexander Sklar,
2026-08-13,TRMB,Clarke Jeffries,50.9
2026-08-13,UAL,Jason Sum,27.5
2026-08-13,UBER,Sachin Mittal,53.5
2026-08-13,UBER,Thomas Champion,46.5
2026-08-13,UDR,Unknown Analyst,19.6
2026-08-13,VTR,Ronald Kamdem,0
2026-08-13,WMB,Gabriel Daoud,20.8
2026-08-13,WMB,Richard Sunderland,20.8
2026-08-13,WSM,Joe Feldman,12.7
2026-08-13,XYL,Joshua Spector,29
2026-08-14,AAPL,Brandon Nispel,
2026-08-14,AJG,Kevin Heal,24.8
2026-08-14,AMAT,Atif Malik,55.5
2026-08-14,AMAT,Brian Chin,42.4
2026-08-14,AMAT,C J Muse,86.2
2026-08-14,AMAT,Charles Shi,62.1
2026-08-14,AMAT,Christian Schwab,28.2
2026-08-14,AMAT,Krish Sankar,53.3
2026-08-14,AMAT,Melissa Weathers,32.5
2026-08-14,AMAT,Steve Barger,64.3
2026-08-14,AMAT,Vivek Arya,42.4
2026-08-14,AMCR,Gabrial Hajde,4
2026-08-14,AMCR,Unknown Analyst,22.9
2026-08-14,APO,Benjamin Budish,21.7
2026-08-14,AXP,Iris Gao,10.9
2026-08-14,BBY,Steven Zaccone,-3.1
2026-08-14,BDX,Joanne Wuensch,17
2026-08-14,BMY,Geoff Meacham,10
2026-08-14,BMY,Matt Phipps,
2026-08-14,BMY,Terence Flynn,-37.1
2026-08-14,CHD,Anna Lizzul,22.1
2026-08-14,CSCO,Abhishek Shukla,7
2026-08-14,DVN,Bill Selesky,5.5
2026-08-14,DVN,Unknown Analyst,5.5
2026-08-14,DXCM,Joanne Wuensch,26.5
2026-08-14,ESS,Anthony Paolone,8.1
2026-08-14,FDX,Christian Wetherbee,36.2
2026-08-14,FOXA,Bryan Kraft,21.3
2026-08-14,FOXA,David Karnovsky,24.4
2026-08-14,FOXA,Steven Cahall,21.3
2026-08-14,FOXA,Unknown Analyst,
2026-08-14,GPN,Rayna Kumar,
2026-08-14,HD,Unknown Analyst,0.4
2026-08-14,HON,Chigusa Katoku,26
2026-08-14,ICE,Benjamin Budish,15.6
2026-08-14,IDXX,Jonathan Block,33.7
2026-08-14,IDXX,Michael Ryskin,31.8
2026-08-14,IVZ,William Katz,20.8
2026-08-14,JBHT,Christian Wetherbee,23.9
2026-08-14,JPM,Mike Mayo,9.5
2026-08-14,LDOS,David E. Strauss,28
2026-08-14,LMT,John Godyn,31.8
2026-08-14,LOW,Unknown Analyst,39.7
2026-08-14,LRCX,Krish Sankar,134.7
2026-08-14,MA,Iris Gao,9.8
2026-08-14,MAA,Michael Goldsmith,5.8
2026-08-14,MDT,Matthew O'Brien,-6.6
2026-08-14,MGM,John Staszak,37.9
2026-08-14,NEE,James Thalacker,13
2026-08-14,NEM,Anita Soni,34.1
2026-08-14,NOC,John Godyn,28.5
2026-08-14,NSC,Christian Wetherbee,20.2
2026-08-14,SCHW,Jeff Schmitt,
2026-08-14,SHW,Vincent Andrews,22.2
2026-08-14,SMCI,Brandon Nispel,
2026-08-14,SNDK,Aaron Rakers,-5.1
2026-08-14,SNDK,Blayne Curtis,7.1
2026-08-14,SNDK,C J Muse,77.5
2026-08-14,SNDK,Harlan Sur,37.8
2026-08-14,SNDK,Joseph Moore,7.1
2026-08-14,SNDK,Matt Bryson,22.4
2026-08-14,SNDK,Thomas O'Malley,40.8
2026-08-14,TECH,Evan Stampler,1.2
2026-08-14,TPR,Aneesha Sherman,56.1
2026-08-14,TPR,Lorraine Hutchinson,26.6
2026-08-14,TPR,Paul Lejuez,43.5
2026-08-14,TPR,Robert Drbul,47.7
2026-08-14,TRMB,Jerry Revich,5.8
2026-08-14,TSN,Alexia Burland Howard,24.6
2026-08-14,UBER,John Blackledge,64.6
2026-08-14,UDR,Peter Abramowitz,25.3
2026-08-14,UNP,Christian Wetherbee,17.8
2026-08-14,UPS,Unknown Analyst,9.7
2026-08-14,V,Iris Gao,10.7
2026-08-14,VTR,Michael Carroll,10
2026-08-14,WAB,Ben Mohr,20.4
2026-08-14,WBD,Laurent Yoon,-1
2026-08-14,YUM,John Staszak,27.8
2026-08-16,AMZN,Brian Nowak,30.5
2026-08-16,AWK,Unknown Analyst,
2026-08-16,NEM,Lawson Winder,14.3
2026-08-16,NOW,Derrick Wood,5.6
2026-08-16,TMUS,Peter Supino,
2026-08-17,AAPL,Timm Schulze-Melander,20.4
2026-08-17,ABBV,Mohit Bansal,16.7
2026-08-17,ADI,Matthew Prisco,45.2
2026-08-17,ADM,Manav Gupta,9.5
2026-08-17,AEE,Richard Sunderland,14.4
2026-08-17,AEP,Richard Sunderland,12.7
2026-08-17,AIG,Ryan Tunis,19.5
2026-08-17,AKAM,Samik Chatterjee,48
2026-08-17,ALL,Paul Newsome,18.2
2026-08-17,AMAT,Jim Kelleher,31.4
2026-08-17,AMAT,Ling Lee Keng,55.5
2026-08-17,AMAT,Shane Brett CFA,40.6
2026-08-17,AMAT,Unknown Analyst,47.9
2026-08-17,AMCR,Jeffrey Zekauskas,11.1
2026-08-17,AMCR,Lee Power,11.1
2026-08-17,AMGN,Salim Syed,-6.7
2026-08-17,AMT,Matthew Niknam,
2026-08-17,APP,Mike Hickey,35.8
2026-08-17,ARE,James Kammert,11.5
2026-08-17,ATO,Richard Sunderland,9.7
2026-08-17,AXP,Donald Fandetti,27.8
2026-08-17,AXP,Mihir Bhatia,
2026-08-17,AZO,Unknown Analyst,58.3
2026-08-17,BDX,Josh Jennings,2.3
2026-08-17,BR,Alex Kramm,7.3
2026-08-17,BRK.B,Manyi Lu,5.8
2026-08-17,BXP,Jeffrey Spector,31.4
2026-08-17,CAH,Lisa Gill,10.8
2026-08-17,CAT,Jerry Revich,41.1
2026-08-17,CBRE,Brendan Lynch,30.2
2026-08-17,CEG,Pei Hwa Ho,22.9
2026-08-17,CEG,Sunaina Ocalan‏,4
2026-08-17,CEG,Unknown Analyst,4
2026-08-17,CNP,Nicholas Amicucci,9.9
2026-08-17,COF,Moshe Orenbuch,21.5
2026-08-17,COHR,Jed Dorsheimer,
2026-08-17,COHR,Joseph Cardoso,52.3
2026-08-17,CPT,Anthony Paolone,10.7
2026-08-17,CPT,Richard Hightower,19.4
2026-08-17,CSCO,Amit Daryanani,33.8
2026-08-17,CSCO,Joseph Cardoso,33.8
2026-08-17,CTVA,Joel Jackson,19.2
2026-08-17,CTVA,John McNulty,19.2
2026-08-17,D,Nicholas Amicucci,8.8
2026-08-17,D,Richard Sunderland,2.5
2026-08-17,DDOG,Gregg Moskowitz,35.6
2026-08-17,DDOG,William Power,35.6
2026-08-17,DUK,Richard Sunderland,13
2026-08-17,ED,Nicholas Amicucci,5.2
2026-08-17,EQIX,Matthew Niknam,
2026-08-17,EQIX,Vikram Malhotra,22.9
2026-08-17,ESS,Richard Hightower,8.8
2026-08-17,ETR,Nicholas Amicucci,21.5
2026-08-17,ETR,Richard Sunderland,15.8
2026-08-17,EXC,Richard Sunderland,11.2
2026-08-17,EXE,Betty Jiang,12.8
2026-08-17,EXE,Charles Meade,31.8
2026-08-17,FANG,Betty Jiang,7.8
2026-08-17,FRT,Michael Goldsmith,11.1
2026-08-17,FRT,Richard Hightower,7.6
2026-08-17,FSLR,Christine Cho CFA,33.5
2026-08-17,FSLR,Nicholas Amicucci,4.3
2026-08-17,GPN,Damon Delmonte,7.6
2026-08-17,HBAN,David George,24.6
2026-08-17,HLT,Richard Clarke,4.5
2026-08-17,HON,Stephen Volkmann,26
2026-08-17,INCY,Allison Bratzel,7
2026-08-17,INVH,Richard Hightower,30.7
2026-08-17,KIM,Michael Goldsmith,25.1
2026-08-17,KIM,Richard Hightower,20.7
2026-08-17,KO,Peter Galbo,13.3
2026-08-17,MAA,Richard Hightower,17.8
2026-08-17,MAR,Richard Clarke,20.1
2026-08-17,MNST,Nik Modi,15.2
2026-08-17,MSFT,Jason Ader,
2026-08-17,MSFT,Samik Chatterjee,26.1
2026-08-17,MU,Vivek Arya,58.9
2026-08-17,NEE,Pei Hwa Ho,9.3
2026-08-17,NEM,Josh Wolfson,6.5
2026-08-17,NI,Nicholas Amicucci,25.6
2026-08-17,NI,Paul Fremont,23.2
2026-08-17,NRG,Pei Hwa Ho,67.5
2026-08-17,ON,Matthew Prisco,
2026-08-17,OXY,Betty Jiang,15.5
2026-08-17,PEG,Richard Sunderland,16
2026-08-17,PFE,Evan Seigerman,8.2
2026-08-17,PFG,Wilma Burdis,4.2
2026-08-17,PGR,Ryan Tunis,-8.1
2026-08-17,PH,Amit Mehrotra,31.5
2026-08-17,PNW,Richard Sunderland,5.1
2026-08-17,PPL,Nicholas Amicucci,23.2
2026-08-17,PRU,Pablo Singzon,9.9
2026-08-17,PYPL,Bill Carcache,9.8
2026-08-17,RDDT,Josh Beck,29.9
2026-08-17,REG,Michael Goldsmith,13.9
2026-08-17,REG,Richard Hightower,23.3
2026-08-17,REGN,David Risinger,5.4
2026-08-17,REGN,Evan Seigerman,2.4
2026-08-17,ROP,Deane Dray,7.3
2026-08-17,SCHW,Arvind Ramnani,
2026-08-17,SCHW,Benjamin Budish,16.6
2026-08-17,SMCI,Joseph Cardoso,12.2
2026-08-17,SO,Richard Sunderland,11.3
2026-08-17,SOLV,Vik Chopra,-3.9
2026-08-17,SPG,Michael Goldsmith,8.4
2026-08-17,SPG,Nicholas Joseph,12.3
2026-08-17,SPG,Richard Hightower,5
2026-08-17,SRE,Nicholas Amicucci,27.2
2026-08-17,STE,Brett Fishbin,27.6
2026-08-17,SYF,Mihir Bhatia,17.1
2026-08-17,SYF,Moshe Orenbuch,18.4
2026-08-17,TPR,Alexandra Straton,34.2
2026-08-17,TPR,Dana Telsey,47.7
2026-08-17,TPR,Ike Boruchow,35
2026-08-17,TPR,Kahori Tamada,18.2
2026-08-17,TRGP,Manav Gupta,9.6
2026-08-17,TRMB,Tami Zakaria,31.8
2026-08-17,TXN,Matthew Prisco,
2026-08-17,UDR,Richard Hightower,31
2026-08-17,URI,Jerry Revich,37
2026-08-17,VLTO,John Eade,16.9
2026-08-17,VRTX,Evan Seigerman,16.4
2026-08-17,VST,Pei Hwa Ho,45.6
2026-08-17,VST,Sunaina Ocalan‏,22
2026-08-17,VST,Unknown Analyst,22
2026-08-17,VTRS,Glen Santangelo,33.3
2026-08-17,WBD,Joseph Bonner,10.6
2026-08-17,WDAY,Allan Verkhovski,
2026-08-17,WDAY,Brad Zelnick,18.5
2026-08-17,WEC,Richard Sunderland,8.2
2026-08-17,XEL,Richard Sunderland,16.6
2026-08-17,XOM,Manav Gupta,4.8
2026-08-18,ALGN,Jason Bednar,55.8
2026-08-18,AMCR,Michael Roxland,20.5
2026-08-18,AMGN,Jasper Hellweg,21.9
2026-08-18,APA,Bill Selesky,7.3
2026-08-18,APA,Leo Mariani,-12.8
2026-08-18,APP,James Heaney CFA,69.8
2026-08-18,AXP,Terry Ma,12.1
2026-08-18,AXP,Unknown Analyst,7.8
2026-08-18,CAH,Glen Santangelo,17.2
2026-08-18,CBRE,Julien Blouin,35.2
2026-08-18,CLX,Taylor Conrad,
2026-08-18,CNC,Andrew Mok CFA,20.4
2026-08-18,COF,Terry Ma,15.2
2026-08-18,COP,Bill Selesky,11.4
2026-08-18,CRWD,Yi Fu Lee,20.9
2026-08-18,CVNA,David Lantz,15.7
2026-08-18,CVNA,Marvin Fong,25.8
2026-08-18,CVS,Steven Silver,20.4
2026-08-18,DASH,Justin Post,36.2
2026-08-18,DLR,Irvin Liu,27.3
2026-08-18,DOC,Michael Mueller,8.4
2026-08-18,DTE,Marie Ferguson,13.1
2026-08-18,DTE,Unknown Analyst,13.1
2026-08-18,DVN,Neil Mehta,9.5
2026-08-18,EBAY,Nathan Feather,17.9
2026-08-18,ECL,Ashish Sabadra,22
2026-08-18,ESS,Peter Abramowitz,19.1
2026-08-18,EXR,Michael Goldsmith,18.4
2026-08-18,EXR,Nicholas Yulico,14.8
2026-08-18,FERG,Arnaud Lehmann,41.5
2026-08-18,FERG,Collin Verron,17.3
2026-08-18,FSLR,David Arcaro,54.5
2026-08-18,FTV,John Eade,24.3
2026-08-18,HBAN,Jon Arfstrom,24.6
2026-08-18,HD,Chris Graja,29.6
2026-08-18,HD,Christopher Nardone,31.8
2026-08-18,HD,Kate McShane,22.1
2026-08-18,HD,Michael Baker,22.1
2026-08-18,HD,Steven Shemesh,10.8
2026-08-18,HD,Unknown Analyst,29.6
2026-08-18,HD,Zachary Fadem,29.6
2026-08-18,HON,Deane Dray,44.8
2026-08-18,HWM,Ronald Epstein,
2026-08-18,IT,Jeffrey Silber,14.7
2026-08-18,JBHT,Fadi Chamoun,18.3
2026-08-18,KEYS,Mark Delaney,33.5
2026-08-18,KEYS,Tim Long,26.7
2026-08-18,LHX,Alexandra Mandery,
2026-08-18,LHX,Scott Deuschle,9.6
2026-08-18,MCK,Glen Santangelo,13.4
2026-08-18,MTB,Ebrahim Poonawala,9.2
2026-08-18,MU,Timothy Arcuri,66.6
2026-08-18,NCLH,Benjamin Chaiken,14.7
2026-08-18,NCLH,Robin M. Farley,35
2026-08-18,O,Michael Goldsmith,21
2026-08-18,PSA,Michael Goldsmith,9.9
2026-08-18,SBUX,Andrew Charles,21.5
2026-08-18,SBUX,Joshua Buchalter,21.5
2026-08-18,SYF,Terry Ma,22.4
2026-08-18,TDG,Michael Leshock,
2026-08-18,TPR,Oliver Chen,47.7
2026-08-18,TRGP,Gabriel Daoud,
2026-08-18,TRGP,John Mackay,6.8
2026-08-18,TRGP,Julien Dumoulin Smith,18.9
2026-08-18,ULTA,Rupesh Parikh,18.9
2026-08-18,VMRK,Steve Sakwa,9.9
2026-08-18,VRSK,Ashish Sabadra,30.5
2026-08-19,ADI,Blayne Curtis,25.4
2026-08-19,ADI,Christopher Rolland,25.4
2026-08-19,ADI,James Schneider,26.7
2026-08-19,ADI,Joshua Buchalter,21.4
2026-08-19,ADI,Stacy Rasgon,22.8
2026-08-19,ADI,Thomas O'Malley,18.8
2026-08-19,ADI,Vivek Arya,32
2026-08-19,ADSK,Jason Celino,60.5
2026-08-19,AFL,Tracy Benguigui,-10.7
2026-08-19,AFL,Wesley Carmichael,5.8
2026-08-19,AIZ,Bob Huang,13.3
2026-08-19,AJG,Bob Huang,20.7
2026-08-19,AMGN,Terence Flynn,-4.1
2026-08-19,APP,Alec Brondolo,0.3
2026-08-19,CAH,Ryan Halsted,17.7
2026-08-19,CAT,Adam Seiden,9.9
2026-08-19,CB,Bob Huang,6.4
2026-08-19,CDNS,Vivek Arya,45.1
2026-08-19,CEG,Moses Sutton,31.3
2026-08-19,CFG,Dave Rochester,19.2
2026-08-19,CME,Brian Bedell,-2
2026-08-19,CMS,Jeremy Tonet,20.6
2026-08-19,CNP,Jeremy Tonet,17.6
2026-08-19,COHR,Michael Genovese,63.7
2026-08-19,CRH,Julian Radlinger,66
2026-08-19,CTVA,Joshua Spector,1.3
2026-08-19,D,Shelby Tucker,24.3
2026-08-19,DGX,Erin Wright,10.6
2026-08-19,DIS,Michael Ng,35.1
2026-08-19,DLTR,Corey Tarlowe,14.2
2026-08-19,DTE,Jeremy Tonet,17.7
2026-08-19,DUK,Jeremy Tonet,14.7
2026-08-19,EBAY,Unknown Analyst,11.4
2026-08-19,ECL,Matthew DeYoe,
2026-08-19,EG,Andrew Kligerman,3.6
2026-08-19,EG,Unknown Analyst,3.6
2026-08-19,EL,Anna Glaessgen,3
2026-08-19,EL,Cristian Rios,9.1
2026-08-19,EL,Robert Ottenstein,28.7
2026-08-19,ETR,Jeremy Tonet,30.1
2026-08-19,F,Colin Langan,-21.3
2026-08-19,FANG,Neil Mehta,7.3
2026-08-19,FDXF,Patrick Brown,
2026-08-19,FTV,Brandon Knutson‏,7.9
2026-08-19,GEHC,Ryan Zimmerman,23.6
2026-08-19,GM,Colin Langan,-28.8
2026-08-19,HBAN,Mike Mayo,36.4
2026-08-19,HD,Bobby Griffin,
2026-08-19,HD,Bradley Thomas,
2026-08-19,HD,David Bellinger,26.3
2026-08-19,HD,Greg Melich,29.6
2026-08-19,HD,Joe Feldman,32.8
2026-08-19,HD,Jonathan Matuszewski,28.9
2026-08-19,HD,Max Rakhlenko,32.8
2026-08-19,HD,Michael Lasser,36
2026-08-19,HD,Scot Ciccarelli,20.8
2026-08-19,HD,Seth Sigman,36
2026-08-19,HSIC,David Larsen,24.5
2026-08-19,IBM,Matthew Swanson,11
2026-08-19,IFF,Joshua Spector,
2026-08-19,INCY,Matt Phipps,
2026-08-19,INTU,Brad Zelnick,32.2
2026-08-19,IR,Brandon Knutson‏,19.3
2026-08-19,JKHY,Christopher Kennedy,
2026-08-19,JKHY,Nik Cremo,14.8
2026-08-19,JKHY,Rayna Kumar,29.7
2026-08-19,KEYS,Aaron Rakers,19.6
2026-08-19,KEYS,Andrew Spinola,29.9
2026-08-19,KEYS,Joseph Cardoso,25.5
2026-08-19,KEYS,Matthew Niknam,18.1
2026-08-19,KEYS,Mehdi Hosseini,29.9
2026-08-19,KEYS,Meta Marshall,25.5
2026-08-19,KEYS,Quinn Fredrickson,21.1
2026-08-19,LITE,Michael Genovese,40.2
2026-08-19,LOW,Christopher Horvers,28
2026-08-19,LOW,Christopher Nardone,28
2026-08-19,LOW,Kate McShane,37.2
2026-08-19,LOW,Max Rakhlenko,19.4
2026-08-19,LOW,Michael Baker,
2026-08-19,LOW,Seth Sigman,32.1
2026-08-19,LOW,Steven Shemesh,17.4
2026-08-19,MCK,Ryan Halsted,-4.1
2026-08-19,MET,Elyse Greenspan,12.2
2026-08-19,MET,Wesley Carmichael,12.2
2026-08-19,MKC,Peter Galbo,26.7
2026-08-19,MRK,Chris Schott,
2026-08-19,MRK,Terence Flynn,24.4
2026-08-19,MRNA,Alec Stranahan,18.1
2026-08-19,MRNA,Andrew Tsai,-58.3
2026-08-19,MRNA,Geoff Meacham,-58.3
2026-08-19,MRNA,Joseph Stringer,
2026-08-19,MRNA,Luca Issi,-9.7
2026-08-19,MRNA,Myles Minter,
2026-08-19,MRNA,Salveen Richter,-16.6
2026-08-19,MRNA,Terence Flynn,-38.2
2026-08-19,MRSH,Bob Huang,13.1
2026-08-19,MTB,Dave Rochester,18.8
2026-08-19,NCLH,John Staszak,
2026-08-19,NEE,Unknown Analyst,22.7
2026-08-19,NOC,Gautam Khanna,13.7
2026-08-19,NOC,Ronald Epstein,
2026-08-19,NOW,Tal Liani,13.2
2026-08-19,NRG,Moses Sutton,94.8
2026-08-19,PG,Nik Modi,15
2026-08-19,PGR,Adam Klauber,
2026-08-19,PGR,Joshua Shanker,42
2026-08-19,PGR,Michael Zaremski,-5.8
2026-08-19,PGR,Robert Cox CFA,7.1
2026-08-19,PPL,Jeremy Tonet,29.1
2026-08-19,PRU,Wesley Carmichael,-7.7
2026-08-19,PSKY,Joseph Bonner,
2026-08-19,REG,James Feldman,17.9
2026-08-19,RMD,Jackson Philips,5.4
2026-08-19,SO,Jeremy Tonet,15.9
2026-08-19,SYY,John Ivankoe,20.2
2026-08-19,TGT,Christopher Nardone,-10.2
2026-08-19,TGT,John Heinbockel,12.3
2026-08-19,TGT,Michael Baker,18.7
2026-08-19,TGT,Oliver Chen,2.7
2026-08-19,TGT,Seth Sigman,-10.2
2026-08-19,TGT,Steven Shemesh,14.2
2026-08-19,TJX,Brooke Roach,41.2
2026-08-19,TJX,Dana Telsey,46.8
2026-08-19,TJX,Dylan Carden,
2026-08-19,TJX,Lorraine Hutchinson,38.9
2026-08-19,TRGP,Robert Kad,18.2
2026-08-19,TRMB,Guy Hardwick,38.7
2026-08-19,UHS,Ben Hendrix,4.7
2026-08-19,UNP,Unknown Analyst,21.7
2026-08-19,VMRK,Simon Yarmak,19.8
2026-08-19,VST,Moses Sutton,71.9
2026-08-19,VST,Shelby Tucker,48.9
2026-08-19,WEC,Jeremy Tonet,14.9
2026-08-19,WEC,Marie Ferguson,13.9
2026-08-19,WTW,Bob Huang,10.9
2026-08-19,XEL,Jeremy Tonet,28.5
2026-08-20,ABBV,David Amsellem,17.8
2026-08-20,ABT,Marie Thibault,31.4
2026-08-20,ABT,Travis Steed,12.8
2026-08-20,ADI,Harlan Sur,32
2026-08-20,ADI,Harsh Kumar,13.5
2026-08-20,ADI,Jay Goldberg,12.2
2026-08-20,ADI,Jim Kelleher,
2026-08-20,ADI,Joseph Moore,20.9
2026-08-20,ADI,Joseph Quatrochi,32
2026-08-20,ADI,Quinn Bolton,18.8
2026-08-20,ADI,Rick Schafer,18.8
2026-08-20,ADI,Timothy Arcuri,29.4
2026-08-20,ADI,Tore Svanberg,31.5
2026-08-20,ADI,Unknown Analyst,13.5
2026-08-20,ADI,William Stein,6.9
2026-08-20,AEP,Carly Davenport,21.6
2026-08-20,ALB,Tina Ting Hu,44.7
2026-08-20,AMAT,Harlan Sur,
2026-08-20,AMD,Harsh Kumar,6.6
2026-08-20,AMD,Unknown Analyst,6.6
2026-08-20,AMT,Brendan Lynch,11.3
2026-08-20,AMT,Vikram Malhotra,17
2026-08-20,AMZN,Scott Devitt,30.5
2026-08-20,APA,Devin McDermott,-8.3
2026-08-20,APA,Scott Gruber,-1.6
2026-08-20,APA,Scott Hanold,5.1
2026-08-20,AVGO,Unknown Analyst,25.7
2026-08-20,BMY,Courtney Breen,
2026-08-20,BMY,Michael Yee,25.7
2026-08-20,CCI,Brendan Lynch,11.1
2026-08-20,CIEN,Tal Liani,57.3
2026-08-20,CNC,John Stansel,0.9
2026-08-20,COF,Mark DeVries,17.6
2026-08-20,COP,Devin McDermott,9.9
2026-08-20,COP,Scott Hanold,10.7
2026-08-20,CVNA,Brad Erickson,22.9
2026-08-20,CVX,Devin McDermott,1.8
2026-08-20,DASH,Ygal Arounian,8.9
2026-08-20,DLR,Madison Rezaei,19.8
2026-08-20,DTE,Shahriar Pourreza,24.5
2026-08-20,DVN,Devin McDermott,25.4
2026-08-20,DVN,Scott Hanold,15.5
2026-08-20,EBAY,Ygal Arounian,27.1
2026-08-20,EL,Anna Andreeva,18.4
2026-08-20,EL,Christopher Carey,7.1
2026-08-20,EL,Dara Mohsenian,5
2026-08-20,EL,Filippo Falorni,18.4
2026-08-20,EL,Nik Modi,23.6
2026-08-20,EL,Oliver Chen,3
2026-08-20,EL,Peter Grom,9.1
2026-08-20,EL,Susan Anderson,-7.3
2026-08-20,EL,Sydney Wagner,3
2026-08-20,ELV,David Toung,
2026-08-20,EOG,Devin McDermott,6.5
2026-08-20,EOG,Scott Hanold,18.8
2026-08-20,EQIX,Madison Rezaei,22.4
2026-08-20,EQT,Devin McDermott,23.9
2026-08-20,EQT,Scott Hanold,16.5
2026-08-20,ETN,Luke Junk,17.5
2026-08-20,EXE,Devin McDermott,36
2026-08-20,EXPE,Ygal Arounian,48.5
2026-08-20,FANG,Devin McDermott,5.4
2026-08-20,FANG,Leo Mariani,3.4
2026-08-20,FANG,Scott Hanold,17.1
2026-08-20,FISV,Matthew Coad,2.8
2026-08-20,FTNT,Fatima Boolani,18.5
2026-08-20,GEV,Unknown Analyst,35.6
2026-08-20,GEV,Varun Govindaraj,35.6
2026-08-20,GILD,Terence Flynn,14.8
2026-08-20,GOOGL,Mark Shmulik,13.7
2026-08-20,HAL,Joe Laetsch,11.6
2026-08-20,HUBB,Luke Junk,19.5
2026-08-20,JKHY,Jason Kupferberg,21.6
2026-08-20,JKHY,Timothy Chiodo,5.5
2026-08-20,JKHY,Vasundhara Govil,24.1
2026-08-20,KEYS,Atif Malik,18.1
2026-08-20,LOW,Bradley Thomas,
2026-08-20,LOW,David Bellinger,27
2026-08-20,LOW,Greg Melich,16.9
2026-08-20,LOW,Joe Feldman,32.1
2026-08-20,LOW,Jonathan Matuszewski,32.1
2026-08-20,LOW,Michael Lasser,39.7
2026-08-20,LOW,Scot Ciccarelli,29.1
2026-08-20,LOW,Steven Forbes,39.7
2026-08-20,LOW,Zachary Fadem,24.5
2026-08-20,MAR,Robin M. Farley,18
2026-08-20,MAS,Matthew Bouley,15.3
2026-08-20,MCHP,Harsh Kumar,28
2026-08-20,MCHP,Unknown Analyst,28
2026-08-20,MDLZ,Alexia Burland Howard,18.5
2026-08-20,META,Mark Shmulik,23.5
2026-08-20,MO,Christine Dooley,
2026-08-20,MRK,Asad Haider,11.2
2026-08-20,MRK,Evan Seigerman,18.1
2026-08-20,MRK,Michael Yee,21.6
2026-08-20,MRNA,Courtney Breen,-68.7
2026-08-20,MRNA,Michael Yee,4.2
2026-08-20,MRVL,Matt Murphy,5.9
2026-08-20,MU,Harsh Kumar,33.3
2026-08-20,MU,Unknown Analyst,33.3
2026-08-20,NDSN,Jeffrey Hammond,14.5
2026-08-20,NVDA,Unknown Analyst,55.8
2026-08-20,OTIS,Kristina Ruggeri,56.3
2026-08-20,OXY,Devin McDermott,12.3
2026-08-20,PFE,Courtney Breen,4.6
2026-08-20,PGR,Alex Scott,13
2026-08-20,PGR,Elyse Greenspan,-7.6
2026-08-20,PGR,Harry Fong,12.6
2026-08-20,PGR,Meyer Shields,14.9
2026-08-20,PHM,Ryan Gilbert,
2026-08-20,PYPL,Iris Gao,11.7
2026-08-20,REGN,Louise Chen,-1.5
2026-08-20,ROST,Adrienne Yih,29.1
2026-08-20,ROST,Lorraine Hutchinson,14.8
2026-08-20,SBAC,Brendan Lynch,12.1
2026-08-20,SLB,Joe Laetsch,-1.9
2026-08-20,SNA,Gary Prestopino,10.5
2026-08-20,SO,Carly Davenport,18.2
2026-08-20,SOLV,Patrick Wood,15.5
2026-08-20,SPG,Greg McGinniss,8.4
2026-08-20,SYY,John Staszak,
2026-08-20,TGT,Bill Kirk,-8.9
2026-08-20,TGT,Bradley Thomas,
2026-08-20,TGT,Charles Grom,28.3
2026-08-20,TGT,Christopher Horvers,0.8
2026-08-20,TGT,Corey Tarlowe,18.7
2026-08-20,TGT,David Bellinger,-3.7
2026-08-20,TGT,Edward Kelly,18.7
2026-08-20,TGT,Greg Melich,9.1
2026-08-20,TGT,Kelly Bania,2.7
2026-08-20,TGT,Krisztina Katai,-3.7
2026-08-20,TGT,Michael Lasser,18.7
2026-08-20,TGT,Paul Lejuez,2.7
2026-08-20,TGT,Peter Benedict,9.1
2026-08-20,TGT,Peter Keith,-1.8
2026-08-20,TGT,Scot Ciccarelli,7.2
2026-08-20,TGT,Simeon Gutman,9.1
2026-08-20,TJX,Aneesha Sherman,38.9
2026-08-20,TJX,Charles Grom,23
2026-08-20,TJX,Ike Boruchow,11.1
2026-08-20,TJX,Jay Sole,57.1
2026-08-20,TJX,Joseph Civello,
2026-08-20,TJX,Michael Binetti,37.3
2026-08-20,TJX,Robert Drbul,50.8
2026-08-20,VLTO,Nathan Jones,21.1
2026-08-20,VMRK,Michael Goldsmith,11.4
2026-08-20,VRTX,Michael Yee,13.5
2026-08-20,WM,Unknown Analyst,27
2026-08-20,WMT,Charles Grom,2.7
2026-08-20,WMT,David Bellinger,21.3
2026-08-20,WMT,Georgy Vashchenko,
2026-08-20,WMT,Oliver Chen,16.7
2026-08-20,WMT,Steven Shemesh,22.3
2026-08-20,WTW,Andrew Kligerman,44.2
2026-08-20,XOM,Devin McDermott,6.6
2026-08-21,ABT,Brandon Vazquez,
2026-08-21,ABT,Matthew Taylor,32.4
2026-08-21,ADSK,Joseph Vruwink,53
2026-08-21,AEE,David Arcaro,8.7
2026-08-21,AEP,David Arcaro,9.5
2026-08-21,ALL,Alex Scott,-10.9
2026-08-21,ALL,Meyer Shields,-1.5
2026-08-21,ALLE,Tomohiko Sano,10.9
2026-08-21,AMD,Suji Desilva,25.9
2026-08-21,AMP,Wilma Burdis,14.4
2026-08-21,ANET,James Fish,20.2
2026-08-21,AOS,Tomohiko Sano,4.5
2026-08-21,ATO,David Arcaro,16.4
2026-08-21,BLDR,Jay McCanless,
2026-08-21,CEG,David Arcaro,27.8
2026-08-21,CL,Peter Galbo,17.5
2026-08-21,CMS,David Arcaro,17.6
2026-08-21,CNP,David Arcaro,-0.3
2026-08-21,COIN,Gautam Chhugani,88.3
2026-08-21,CRWD,Blair Abernethy,-0.4
2026-08-21,D,David Arcaro,5.7
2026-08-21,DAL,Sheila Kahyaoglu,37.7
2026-08-21,DE,Adam Seiden,-0.1
2026-08-21,DE,Angel Castillo,8
2026-08-21,DE,Jerry Revich,11
2026-08-21,DE,Joel Jackson,-26
2026-08-21,DE,Kristen Owen,1.4
2026-08-21,DE,Michael Feniger,-1.3
2026-08-21,DE,Sabahat Khan,11.3
2026-08-21,DE,Steven Fisher,7.7
2026-08-21,DE,Tami Zakaria,-13.4
2026-08-21,DECK,Blake Anderson,60
2026-08-21,DLTR,Rupesh Parikh,
2026-08-21,DOC,Michael Goldsmith,5.9
2026-08-21,DTE,David Arcaro,11.6
2026-08-21,DUK,David Arcaro,11.4
2026-08-21,ED,David Arcaro,-5.1
2026-08-21,EFX,Simon Clinch,39.1
2026-08-21,EIX,David Arcaro,16.1
2026-08-21,EME,Tim Mulrooney,
2026-08-21,ETR,David Arcaro,-0.3
2026-08-21,EXC,David Arcaro,22.8
2026-08-21,EXPE,Richard Clarke,
2026-08-21,FE,David Arcaro,12.7
2026-08-21,FERG,Annelies Vermeulen,32.6
2026-08-21,GEN,Joseph Bonner,5.8
2026-08-21,HD,Simeon Gutman,29.6
2026-08-21,HONA,Kristine Liwag,29.5
2026-08-21,HSY,Nik Modi,18.9
2026-08-21,INCY,John Newman,25.1
2026-08-21,INTU,Andy Yu CFA,71
2026-08-21,ISRG,Adam Maeder,27.3
2026-08-21,JKHY,James Faucette,5.5
2026-08-21,JKHY,Will Nance,10.5
2026-08-21,KMB,Taylor Conrad,22.3
2026-08-21,LLY,Jason Gerberry,20.5
2026-08-21,MDLZ,Michael Lavery,5.7
2026-08-21,MLM,Keith Hughes,
2026-08-21,MRNA,Jessica Fye,-46.5
2026-08-21,NDSN,Christopher Glynn,17.7
2026-08-21,NDSN,Michael Halloran,11.6
2026-08-21,NEE,David Arcaro,38.5
2026-08-21,NFLX,Doug Anmuth,9.8
2026-08-21,NI,Shahriar Pourreza,25.6
2026-08-21,NRG,David Arcaro,42.8
2026-08-21,PCG,David Arcaro,59.4
2026-08-21,PEG,David Arcaro,25.7
2026-08-21,PEG,Shahriar Pourreza,22.9
2026-08-21,PEP,Michael Lavery,29.1
2026-08-21,PNR,Bryan Blair,66.1
2026-08-21,PNW,David Arcaro,-2.2
2026-08-21,PPL,David Arcaro,23.2
2026-08-21,RDDT,Brian Nowak,33.1
2026-08-21,ROK,Chris Dankert,14.4
2026-08-21,ROL,Tomohiko Sano,29.6
2026-08-21,ROST,Alexandra Straton,1.4
2026-08-21,ROST,Aneesha Sherman,4
2026-08-21,ROST,Corey Tarlowe,23.5
2026-08-21,ROST,Dana Telsey,21.3
2026-08-21,ROST,Dylan Carden,
2026-08-21,ROST,Ike Boruchow,7.5
2026-08-21,ROST,Jay Sole,3.6
2026-08-21,ROST,Krisztina Katai,27.4
2026-08-21,ROST,Mark Altschwager,17
2026-08-21,ROST,Matthew Boss,17.9
2026-08-21,ROST,Michael Binetti,25.7
2026-08-21,ROST,Paul Lejuez,25.7
2026-08-21,ROST,Robert Drbul,
2026-08-21,SMCI,Sajal Dogra,27.2
2026-08-21,SO,David Arcaro,2.1
2026-08-21,SRE,David Arcaro,24.8
2026-08-21,SWKS,Unknown Analyst,-20.8
2026-08-21,TER,Quinn Fredrickson,10.6
2026-08-21,TGT,Joe Feldman,16.8
2026-08-21,TGT,Robert Drbul,
2026-08-21,TJX,Paul Lejuez,22.2
2026-08-21,TMUS,Laurent Yoon,20.7
2026-08-21,TROW,Unknown Analyst,16.7
2026-08-21,TTWO,James Heaney CFA,39.2
2026-08-21,TYL,Terry Tillman,
2026-08-21,UPS,Fadi Chamoun,14.7
2026-08-21,USB,John McDonald CFA,
2026-08-21,VST,David Arcaro,53
2026-08-21,VTR,Michael Goldsmith,3.3
2026-08-21,WELL,Michael Goldsmith,15
2026-08-21,WMT,Bill Kirk,28.8
2026-08-21,WMT,Bobby Griffin,21.3
2026-08-21,WMT,Christopher Horvers,16.7
2026-08-21,WMT,Edward Kelly,12
2026-08-21,WMT,Greg Melich,16.7
2026-08-21,WMT,Joe Feldman,21.3
2026-08-21,WMT,John Heinbockel,21.3
2026-08-21,WMT,Katharina Schmenger,
2026-08-21,WMT,Krisztina Katai,5.5
2026-08-21,WMT,Michael Lasser,21.3
2026-08-21,WMT,Paul Lejuez,23.2
2026-08-21,WMT,Peter Benedict,12
2026-08-21,WMT,Peter Keith,19.5
2026-08-21,WMT,Scot Ciccarelli,6.4
2026-08-21,XEL,David Arcaro,17.9
2026-08-22,DIS,Sean Diffley,17.3
2026-08-22,XYZ,Andrew Jeffrey,
2026-08-23,COST,John Heinbockel,
2026-08-23,EOG,Neil Mehta,2.5
2026-08-23,INTU,Brent Thill,55.5
2026-08-23,LOW,Simeon Gutman,31.1
2026-08-23,MRVL,Cody Acree,16.5
2026-08-23,TDG,Michael Goldie,33.7
2026-08-24,ABNB,Mark Mahaney,17.5
2026-08-24,ABNB,Richard Clarke,27.5
2026-08-24,ACN,Bryan Keane,3.3
2026-08-24,ADI,Tristan Gerra,78.2
2026-08-24,ADP,Andy Yu CFA,8.1
2026-08-24,AMAT,Vijay Rakesh,29.2
2026-08-24,AME,Christine Yao,1.3
2026-08-24,ARE,Farrell Granath,7.5
2026-08-24,ARE,Wes Golladay,1.7
2026-08-24,BA,Douglas Harned,41.6
2026-08-24,BA,Ronald Epstein,28.3
2026-08-24,BKNG,Mark Mahaney,55.2
2026-08-24,BKR,Keith Mackey,28.7
2026-08-24,CMG,David Tarantino CFA,10.5
2026-08-24,CMG,Unknown Analyst,10.5
2026-08-24,CMI,Stephen Volkmann,21.2
2026-08-24,CMI,Unknown Analyst,40.3
2026-08-24,COP,John Freeman,
2026-08-24,CSCO,Matthew Niknam,24.9
2026-08-24,CSCO,Meta Marshall,20.4
2026-08-24,CSGP,Jason Haas CFA,-17.9
2026-08-24,CSGP,Jeffrey Silber,8.3
2026-08-24,CSX,Alex Irving,-1.9
2026-08-24,DAL,Savanthi Syth,22.6
2026-08-24,DAL,Thomas Fitzgerald CFA,31.4
2026-08-24,DE,Jamie Cook,19
2026-08-24,DE,Kyle Menges,-3.8
2026-08-24,DE,Michael Shlisky,12.5
2026-08-24,DECK,Ike Boruchow,4.6
2026-08-24,DOC,Farrell Granath,23.2
2026-08-24,DPZ,Brian Bittner,33.2
2026-08-24,DPZ,Chris O`Cull,12.3
2026-08-24,DPZ,Unknown Analyst,12.3
2026-08-24,DRI,Chris O`Cull,19.1
2026-08-24,DRI,Unknown Analyst,19.1
2026-08-24,ED,Jeremy Tonet,5.2
2026-08-24,EL,Andrea Faria Teixeira,15.3
2026-08-24,EL,Bonnie Herzog,15.3
2026-08-24,EL,Fulvio Cazzol,-5.3
2026-08-24,EL,Unknown Analyst,-5.3
2026-08-24,EMR,Chris Dankert,1.8
2026-08-24,EOG,Leo Mariani,-6.4
2026-08-24,ES,Jeremy Tonet,6.5
2026-08-24,EXC,Jeremy Tonet,8.9
2026-08-24,EXPE,Mark Mahaney,53.1
2026-08-24,EXR,Samir Khanal,16.2
2026-08-24,FCX,Unknown Analyst,
2026-08-24,FE,Jeremy Tonet,12.7
2026-08-24,FIX,Kurt Yinger,24.2
2026-08-24,FRT,Samir Khanal,
2026-08-24,GOOGL,Brian Nowak,18.2
2026-08-24,GWW,Christine Yao,9.4
2026-08-24,GWW,Christopher Snyder,9.4
2026-08-24,HCA,Benjamin Rossi,-0.5
2026-08-24,HD,Steven Zaccone,29.6
2026-08-24,HD,W. Andrew Carter,
2026-08-24,HWM,Douglas Harned,42.9
2026-08-24,INTC,Simon Leopold,
2026-08-24,LITE,Meta Marshall,7.9
2026-08-24,LOW,Steven Zaccone,32.1
2026-08-24,LOW,W. Andrew Carter,
2026-08-24,LRCX,Atif Malik,50.9
2026-08-24,LRCX,Vijay Rakesh,22.4
2026-08-24,LUV,Savanthi Syth,37.6
2026-08-24,LUV,Thomas Fitzgerald CFA,22.3
2026-08-24,MCD,Chris O`Cull,12.9
2026-08-24,MCD,Unknown Analyst,12.9
2026-08-24,MET,Bob Huang,14.3
2026-08-24,MNST,Andrea Faria Teixeira,14.1
2026-08-24,MO,Lisa Lewandowski,18.9
2026-08-24,MRK,Jasper Hellweg,18.1
2026-08-24,MRNA,Eliana Merle,-13.2
2026-08-24,MU,Vijay Rakesh,33.3
2026-08-24,NDSN,Matt Summerville,19.2
2026-08-24,NKE,Richard Chamberlain,22.3
2026-08-24,NUE,Timna Tanners,9.9
2026-08-24,NUE,Unknown Analyst,14.5
2026-08-24,OKE,Manav Gupta,11.8
2026-08-24,ORCL,Andy Yu CFA,106.3
2026-08-24,PANW,Yi Fu Lee,21
2026-08-24,PEG,Jeremy Tonet,11.9
2026-08-24,PFE,Louise Chen,8.2
2026-08-24,PFG,Bob Huang,-3.6
2026-08-24,PGR,Gregory Peters,
2026-08-24,PHM,Trevor Allinson,33.6
2026-08-24,PKG,Terry Tillman,15.2
2026-08-24,PLTR,Unknown Analyst,
2026-08-24,PLTR,William Power,19.6
2026-08-24,PRU,Bob Huang,-11.9
2026-08-24,PSA,Marie Ferguson,
2026-08-24,PSA,Ronald Kamdem,16
2026-08-24,PSX,Neil Mehta,-5.6
2026-08-24,QCOM,Atif Malik,-3.8
2026-08-24,SBAC,Ari Klein,7.8
2026-08-24,SBUX,Chris O`Cull,25.6
2026-08-24,SBUX,Unknown Analyst,25.6
2026-08-24,SNDK,Vijay Rakesh,14.8
2026-08-24,STLD,Timna Tanners,6.3
2026-08-24,STLD,Unknown Analyst,14.7
2026-08-24,SW,Michael Roxland,31.9
2026-08-24,TGT,Kate McShane,3.3
2026-08-24,TJX,Matthew Boss,35.7
2026-08-24,TRGP,Jeremy Tonet,20.9
2026-08-24,UAL,Thomas Fitzgerald CFA,74.8
2026-08-24,USB,Gerard Cassidy,8.2
2026-08-24,VICI,Caitlin Burrows,24.8
2026-08-24,VMRK,Anthony Paolone,11.4
2026-08-24,VMRK,Jana Galan,22.1
2026-08-24,VMRK,John Kim,12.9
2026-08-24,VST,Anthony Crowdell,13.9
2026-08-24,VZ,Kutgun Maral,-1.2
2026-08-24,WAT,Dan Leonard,16.3
2026-08-24,WDAY,Andy Yu CFA,10.4
2026-08-24,WDAY,Kirk Materne,-13.8
2026-08-24,WFC,Ebrahim Poonawala,
2026-08-24,XYL,Stephen Volkmann,40.2
2026-08-24,YUM,Chris O`Cull,23.5
2026-08-24,YUM,David Palmer,34.9
2026-08-24,YUM,David Tarantino CFA,23.5
2026-08-24,YUM,Unknown Analyst,23.5
2026-08-25,ACN,Darrin Peller,16.9
2026-08-25,ALB,Jeffrey Zekauskas,19.1
2026-08-25,AMD,Simon Leopold,24.2
2026-08-25,ARE,Julien Blouin,5.6
2026-08-25,AXP,Darrin Peller,
2026-08-25,BIIB,Brian Abrahams,19.7
2026-08-25,BKNG,Richard Clarke,8.1
2026-08-25,BXP,Anthony Paolone,34.5
2026-08-25,BXP,Michael Goldsmith,8.2
2026-08-25,CMS,Marie Ferguson,19.1
2026-08-25,COF,Darrin Peller,32
2026-08-25,COIN,Kevin Heal,
2026-08-25,CPAY,Darrin Peller,29.8
2026-08-25,CPRT,John Babcock,-16.5
2026-08-25,CRH,Garik Shmois,54.7
2026-08-25,CRH,Unknown Analyst,54.7
2026-08-25,CTSH,Darrin Peller,
2026-08-25,CTVA,Matthew DeYoe,14.4
2026-08-25,DG,Rupesh Parikh,20.4
2026-08-25,EIX,Marie Ferguson,
2026-08-25,EL,Olivia Tong,18.4
2026-08-25,EXE,Neil Mehta,19.2
2026-08-25,EXPE,Jake Fuller,42.4
2026-08-25,EXR,Brendan Lynch,25
2026-08-25,EXR,Ronald Kamdem,12.6
2026-08-25,FIS,Bryan Bergin,39
2026-08-25,FIS,Darrin Peller,41.6
2026-08-25,FIS,Jason Kupferberg,20.6
2026-08-25,FISV,Darrin Peller,
2026-08-25,FISV,Timothy Chiodo,16.3
2026-08-25,FOXA,Michael Morris,28.9
2026-08-25,FSLR,Unknown Analyst,31.6
2026-08-25,GEHC,Larry Biegelsen,33
2026-08-25,GPN,Darrin Peller,41.6
2026-08-25,GPN,Matthew Coad,7.6
2026-08-25,HST,Stephen Grambling,-1.1
2026-08-25,INTU,Raimo Lenschow,26.9
2026-08-25,INVH,Anthony Paolone,23.5
2026-08-25,JKHY,Darrin Peller,33.4
2026-08-25,JNJ,Asad Haider,6.2
2026-08-25,JNJ,Louise Chen,14.8
2026-08-25,KIM,Michael Mueller,12.1
2026-08-25,LLY,Nico Chen,38.9
2026-08-25,MA,Darrin Peller,30
2026-08-25,MAS,Garik Shmois,16.8
2026-08-25,MAS,Unknown Analyst,16.8
2026-08-25,MCD,John Staszak,22.8
2026-08-25,MCK,Erin Wright,10.8
2026-08-25,MCK,Ryan Daniels,
2026-08-25,META,Ralph Schackart,
2026-08-25,MLM,Garik Shmois,22.6
2026-08-25,MLM,Unknown Analyst,22.6
2026-08-25,MO,Bonnie Herzog,11.6
2026-08-25,MRK,Alexandria Hammond,25.1
2026-08-25,MRK,Trung Huynh,4.2
2026-08-25,MRNA,Alexandria Hammond,
2026-08-25,MRSH,Michael Zaremski,14.7
2026-08-25,MRVL,Christopher Rolland,12.2
2026-08-25,MRVL,Sajal Dogra,27.1
2026-08-25,NFLX,Peter Supino,22.7
2026-08-25,NKE,Peter McGoldrick,22.3
2026-08-25,PLTR,Arvind Ramnani,
2026-08-25,PM,Bonnie Herzog,15.1
2026-08-25,PPL,Julien Dumoulin Smith,29.1
2026-08-25,PYPL,Darrin Peller,
2026-08-25,SBAC,Ric Prentiss,42.3
2026-08-25,SHW,Garik Shmois,23.7
2026-08-25,SHW,Unknown Analyst,23.7
2026-08-25,SOLV,Ryan Zimmerman,8.6
2026-08-25,SYF,Darrin Peller,18.4
2026-08-25,TTWO,Andrew Marok,39.2
2026-08-25,ULTA,Krisztina Katai,27.1
2026-08-25,V,Darrin Peller,24.2
2026-08-25,VMC,Garik Shmois,30.6
2026-08-25,VMC,Unknown Analyst,30.6
2026-08-25,VMRK,Adam Kramer,14.4
2026-08-25,VMRK,James Feldman,9.9
2026-08-25,WMB,Robert Kad,41.4
2026-08-25,WMT,Rupesh Parikh,
2026-08-25,XYZ,Darrin Peller,45.2
2026-08-26,A,Dan Leonard,25.9
2026-08-26,ABT,Adam Maeder,15.7
2026-08-26,ACN,Bryan Bergin,-5.9
2026-08-26,APP,Bernie McTernan,46.6
2026-08-26,ARE,Anthony Paolone,9.5
2026-08-26,AXON,Tim Long,43.5
2026-08-26,CDW,Amit Daryanani,4
2026-08-26,CF,Vitaly Kononov,-0.1
2026-08-26,CI,Jessica Tassan,23.2
2026-08-26,COF,Donald Fandetti,24.8
2026-08-26,CRM,Gabriela Borges,9.4
2026-08-26,CRWD,Gabriela Borges,11.3
2026-08-26,CRWD,Jonathan Ruykhaver,20.9
2026-08-26,CSX,Ken Hoexter,14.4
2026-08-26,CTAS,Ashish Sabadra,2.2
2026-08-26,CVS,Charles Rhyee,16.2
2026-08-26,CVS,Jessica Tassan,19.4
2026-08-26,DASH,Taylor Conrad,33.7
2026-08-26,ECL,Manav Patnaik,8.6
2026-08-26,EOG,Phillips Johnston,3.8
2026-08-26,FDS,Ashish Sabadra,17.1
2026-08-26,FSLR,Corinne Blanchard,43
2026-08-26,GDDY,Alec Brondolo,-22.5
2026-08-26,GLW,Joseph Cardoso,
2026-08-26,GPN,Bryan Bergin,7.6
2026-08-26,HPQ,Katherine Murphy,-38
2026-08-26,IBKR,Patrick O'Shaughnessy,
2026-08-26,INTU,Adam Wood,-2
2026-08-26,INTU,Alex Markgraff,24.4
2026-08-26,INTU,Alex Zukin,
2026-08-26,INTU,Arjun Bhatia,
2026-08-26,INTU,Billy Fitzsimmons,-9.8
2026-08-26,INTU,Brad Reback,-6.7
2026-08-26,INTU,Daniel Jester,28.1
2026-08-26,INTU,Gabriela Borges,-5.5
2026-08-26,INTU,James Friedman,29.1
2026-08-26,INTU,Jared Levine,7.6
2026-08-26,INTU,Kirk Materne,24.4
2026-08-26,INTU,Michael Turrin,-6.7
2026-08-26,INTU,Samik Chatterjee,2.9
2026-08-26,INTU,Scott Schneeberger,18.2
2026-08-26,INTU,Tal Liani,12
2026-08-26,INTU,Taylor McGinnis,12
2026-08-26,LH,Lisa Gill,
2026-08-26,LHX,Sheila Kahyaoglu,28.3
2026-08-26,MAA,Richard Anderson,12.2
2026-08-26,META,Brian Pitz,-10.5
2026-08-26,META,Eric Sheridan,11.9
2026-08-26,META,Mark Zgutowicz,
2026-08-26,META,Ronald Josey,23.5
2026-08-26,META,Thomas Champion,21.1
2026-08-26,MSI,Amit Daryanani,18
2026-08-26,NI,Gabe Moreen,15.9
2026-08-26,NKE,Joseph Civello,14.1
2026-08-26,NVDA,C J Muse,60.3
2026-08-26,NVDA,Joshua Buchalter,26
2026-08-26,NVDA,Vijay Rakesh,44.3
2026-08-26,ORLY,Simeon Gutman,25.8
2026-08-26,PLTR,Louie DiPalma,
2026-08-26,PPG,Unknown Analyst,
2026-08-26,PRU,Kevin Heal,
2026-08-26,RCL,Richard Clarke,36.5
2026-08-26,ROL,Joshua Chan,23.8
2026-08-26,SJM,Robert Dickerson,23.8
2026-08-26,SJM,Scott Marks CFA,25.5
2026-08-26,SNPS,Gary Mobley,43.4
2026-08-26,SNPS,James Schneider,51
2026-08-26,SYY,John Heinbockel,8.2
2026-08-26,T,Kutgun Maral,7.4
2026-08-26,TRGP,Elvira Scotto,16.5
2026-08-26,UNP,Ken Hoexter,20.6
2026-08-26,VEEV,David Larsen,29.6
2026-08-26,VEEV,Gabriela Borges,-31.4
2026-08-26,VEEV,Jailendra Singh,
2026-08-26,VEEV,Rishi Jaluria,23.9
2026-08-26,VMRK,Alexander Goldfarb,16
2026-08-26,VMRK,Austin Wurschmidt,
2026-08-26,WM,Trevor Romeo,
2026-08-26,WSM,Kate McShane,23.3
2026-08-26,WSM,Steven Shemesh,14.9
2026-08-26,WSM,Unknown Analyst,
2026-08-26,XYZ,Harshita Rawat,19.9
2026-08-27,A,Casey Woodring,29.3
2026-08-27,A,Daniel Brennan,22.5
2026-08-27,A,David Westenberg,2.1
2026-08-27,A,Evie Koslosky,19.1
2026-08-27,A,Luke Sergott,19.1
2026-08-27,A,Michael Ryskin,22.5
2026-08-27,A,Patrick B Donnelly,29.3
2026-08-27,A,Vijay Kumar,17.1
2026-08-27,ADSK,Saket Kalia,41.2
2026-08-27,AEP,James Thalacker,12.7
2026-08-27,ALL,Kevin Heal,-6.2
2026-08-27,AMZN,Mark Mahaney,38.3
2026-08-27,ANET,Tal Liani,20.2
2026-08-27,ARES,Chris Kotowski,23.1
2026-08-27,AVGO,Rick Schafer,47.8
2026-08-27,BBY,Christopher Nardone,-11.9
2026-08-27,BBY,Steven Forbes,4.6
2026-08-27,BKNG,Jake Fuller,43.7
2026-08-27,BX,Chris Kotowski,33.1
2026-08-27,BXP,Alexander Goldfarb,36
2026-08-27,CRM,Adam Wood,-5.1
2026-08-27,CRM,Allan Verkhovski,21.1
2026-08-27,CRM,Billy Fitzsimmons,13
2026-08-27,CRM,Brad Zelnick,11
2026-08-27,CRM,Brent Thill,21.1
2026-08-27,CRM,Brian Peterson,25.1
2026-08-27,CRM,Brian Schwartz,11
2026-08-27,CRM,Brian White,7.4
2026-08-27,CRM,David Hynes,9
2026-08-27,CRM,Gil Luria,-19.3
2026-08-27,CRM,Jackson Ader,
2026-08-27,CRM,John Difucci,9
2026-08-27,CRM,Keith Bachman,5
2026-08-27,CRM,Mark Moerdler,-21.3
2026-08-27,CRM,Michael Turrin,-7.2
2026-08-27,CRM,Nehal Chokshi,2.1
2026-08-27,CRM,Raimo Lenschow,11.4
2026-08-27,CRM,Richard Baldry,31.2
2026-08-27,CRM,Robert Oliver,11
2026-08-27,CRM,Tal Liani,-35.4
2026-08-27,CRWD,Brian Essex,13.7
2026-08-27,CRWD,Catharine Trebnick,20.9
2026-08-27,CRWD,Eric Heath,18.5
2026-08-27,CRWD,John Difucci,
2026-08-27,CRWD,Joseph Bonner,105.6
2026-08-27,CRWD,Keith Bachman,13.7
2026-08-27,CRWD,Peter Levine,1.6
2026-08-27,CRWD,Peter Weed,-42.4
2026-08-27,CRWD,Unknown Analyst,
2026-08-27,CSGP,Stephen Sheldon,
2026-08-27,CTVA,Arun Viswanathan,22.8
2026-08-27,D,Marie Ferguson,
2026-08-27,DG,Kate McShane,13.2
2026-08-27,DG,Paul Lejuez,6.8
2026-08-27,DG,Robert Ohmes,40.5
2026-08-27,DLTR,John Heinbockel,22.7
2026-08-27,DLTR,Robert Ohmes,-15.4
2026-08-27,DPZ,John Ivankoe,22
2026-08-27,DRI,Christopher Carril,12.9
2026-08-27,DRI,Eric Gonzalez,12.9
2026-08-27,DTE,James Thalacker,7.9
2026-08-27,EL,Ashley Wallace,23.6
2026-08-27,EOG,Scott Gruber,1.8
2026-08-27,EXR,Juan C. Sanabria,23.5
2026-08-27,FCX,Hans Engel,
2026-08-27,FERG,Ryan Merkel,
2026-08-27,FISV,Andrew Harte,
2026-08-27,FTNT,Adam Borg,12.1
2026-08-27,GILD,Evan Seigerman,21.1
2026-08-27,GNRC,Praneeth Satish,49.7
2026-08-27,HPQ,Aaron Rakers,-43.6
2026-08-27,HPQ,Amit Daryanani,-9.8
2026-08-27,HPQ,Asiya Merchant,-29.5
2026-08-27,HPQ,David Vogt,-21.1
2026-08-27,HPQ,Erik Woodring,-46.4
2026-08-27,HPQ,Jim Kelleher,-4.2
2026-08-27,HPQ,Joseph Cardoso,-15.4
2026-08-27,HPQ,Krish Sankar,-15.4
2026-08-27,HPQ,Mark Newman,-9.8
2026-08-27,HRL,Unknown Analyst,
2026-08-27,HST,Richard Hightower,7.9
2026-08-27,INTU,Steve Enders,29.4
2026-08-27,J,Andrew Wittmann,7.9
2026-08-27,KKR,Chris Kotowski,64.2
2026-08-27,MAR,Stephan Lingnau,
2026-08-27,META,Barton Crockett,36.7
2026-08-27,META,Laura Martin,
2026-08-27,META,Stephen Ju,10.3
2026-08-27,META,Youssef Squali,17.7
2026-08-27,MNST,Andrew Strelzik,8.3
2026-08-27,MRNA,Jasper Hellweg,25
2026-08-27,MRSH,Meyer Shields,14.2
2026-08-27,MRVL,Blayne Curtis,37.7
2026-08-27,MRVL,C J Muse,27.1
2026-08-27,MRVL,Harsh Kumar,5.9
2026-08-27,MRVL,James Schneider,-6.8
2026-08-27,MRVL,Srini Pajjuri,52.5
2026-08-27,MRVL,Thomas O'Malley,16.5
2026-08-27,NKE,Anna Andreeva,22.3
2026-08-27,NVDA,Aaron Rakers,44.3
2026-08-27,NVDA,Blayne Curtis,37.4
2026-08-27,NVDA,Christopher Rolland,26
2026-08-27,NVDA,Cody Acree,53.5
2026-08-27,NVDA,Gil Luria,37.4
2026-08-27,NVDA,Harsh Kumar,55.8
2026-08-27,NVDA,Ingo Wermann,
2026-08-27,NVDA,John Vinh,51.2
2026-08-27,NVDA,Joseph Moore,37.4
2026-08-27,NVDA,Mark Lipacis,113
2026-08-27,NVDA,Rick Schafer,44.3
2026-08-27,NVDA,Srini Pajjuri,51.2
2026-08-27,NVDA,Stacy Rasgon,83.2
2026-08-27,NVDA,Thomas O'Malley,26
2026-08-27,NVDA,William Stein,58.5
2026-08-27,PGR,Brian Meredith,7.5
2026-08-27,PRU,Wilma Burdis,
2026-08-27,PSA,Juan C. Sanabria,18
2026-08-27,PYPL,Andrew Harte,
2026-08-27,RF,Matt O'Connor,12.8
2026-08-27,SBUX,John Ivankoe,13.4
2026-08-27,SJM,Alexia Burland Howard,29.6
2026-08-27,SJM,Christopher Carey,18.9
2026-08-27,SJM,David Palmer,23.8
2026-08-27,SJM,Jon Andersen,
2026-08-27,SJM,"Matthew Smith, CFA",9
2026-08-27,SJM,Nik Modi,23.8
2026-08-27,SJM,Peter Galbo,19.7
2026-08-27,SJM,Peter Grom,23
2026-08-27,SJM,Robert Moskow,12.3
2026-08-27,SJM,Stephen Powers,3.2
2026-08-27,SNPS,Blair Abernethy,44.7
2026-08-27,SNPS,Charles Shi,46
2026-08-27,SNPS,Clarke Jeffries,38.4
2026-08-27,SNPS,Jason Celino,
2026-08-27,SNPS,Joseph Vruwink,40.9
2026-08-27,SNPS,Kelsey Chia,53.5
2026-08-27,SNPS,Nay Soe Naing,59.3
2026-08-27,SNPS,Ruben Roy,51
2026-08-27,SNPS,Siti Panigrahi,38.4
2026-08-27,SNPS,Vivek Arya,25.8
2026-08-27,SPG,Alexander Goldfarb,39.1
2026-08-27,SPG,Haendel St. Juste,10.3
2026-08-27,SW,Ioannis Masvoulas,34.2
2026-08-27,SYK,Ryan Zimmerman,29.9
2026-08-27,TSCO,Unknown Analyst,
2026-08-27,TSLA,Markus Leistner,
2026-08-27,TTWO,Alec Brondolo,39.2
2026-08-27,UNH,Hans Engel,
2026-08-27,UNP,Hans Engel,
2026-08-27,UNP,Stephan Lingnau,
2026-08-27,UPS,Ariel Rosa,31.6
2026-08-27,VEEV,Billy Fitzsimmons,22
2026-08-27,VEEV,Brian Peterson,25.8
2026-08-27,VEEV,Charles Rhyee,7.9
2026-08-27,VEEV,Craig Hettenbach,4.8
2026-08-27,VEEV,David Grossman,14.3
2026-08-27,VEEV,David Hynes,-0.9
2026-08-27,VEEV,Dylan Becker,
2026-08-27,VEEV,Joseph Vruwink,14.3
2026-08-27,VEEV,Kenneth Wong,23.9
2026-08-27,VEEV,Kirk Materne,-4.7
2026-08-27,VEEV,Ryan MacDonald,18.1
2026-08-27,VEEV,Saket Kalia,20
2026-08-27,VEEV,Sean Dodge,2.9
2026-08-27,VEEV,Steven Valiquette,6.7
2026-08-27,VEEV,Tamjid Chowdhury,18.1
2026-08-27,VLO,Hans Engel,
2026-08-27,VMRK,Nicholas Yulico,6.8
2026-08-27,WAT,David Westenberg,17.5
2026-08-27,WDAY,Derrick Wood,13.1
2026-08-27,WDAY,Rishi Jaluria,29.2
2026-08-27,WEC,Sophie Karp,11.1
2026-08-27,WM,Konark Gupta,21.8
2026-08-27,WSM,Bradley Thomas,19.3
2026-08-27,WSM,Christopher Nardone,16.3
2026-08-27,WSM,Jonathan Matuszewski,21.6
2026-08-27,WSM,Max Rakhlenko,23.8
2026-08-27,WSM,Michael Lasser,9.2
2026-08-27,WSM,Oliver Wintermantel,8.3
2026-08-27,WSM,Seth Sigman,-16
2026-08-27,WSM,Simeon Gutman,6.1
2026-08-27,WSM,Steven Zaccone,11.4
2026-08-27,WSM,Zachary Fadem,6.1
2026-08-27,XYZ,Andrew Harte,26.2
2026-08-27,XYZ,Timothy Chiodo,23.7
2026-08-28,A,Evan Stampler,22.5
2026-08-28,ADSK,Adam Borg,34.2
2026-08-28,ADSK,Blair Abernethy,55.4
2026-08-28,ADSK,Brent Thill,41.2
2026-08-28,ADSK,Clark Wright,53
2026-08-28,ADSK,Clarke Jeffries,59.1
2026-08-28,ADSK,Daniel Jester,33.2
2026-08-28,ADSK,Dylan Becker,
2026-08-28,ADSK,Elizabeth Porter,48.3
2026-08-28,ADSK,Kenneth Wong,41.2
2026-08-28,ADSK,Matthew Hedberg,43.6
2026-08-28,ADSK,Michael Turrin,55.4
2026-08-28,ADSK,Siti Panigrahi,
2026-08-28,ADSK,Tamjid Chowdhury,33.2
2026-08-28,ADSK,Taylor McGinnis,53
2026-08-28,ADSK,Tomer Zilberman,41.2
2026-08-28,AIZ,Charlie Lederer,13.3
2026-08-28,AME,Christopher Glynn,
2026-08-28,AVGO,Cody Acree,50.6
2026-08-28,BBY,Joe Feldman,4.6
2026-08-28,BBY,Kate McShane,-21.8
2026-08-28,BBY,Michael Lasser,-0.9
2026-08-28,BBY,Peter Keith,-6.4
2026-08-28,BBY,Scot Ciccarelli,10.1
2026-08-28,BBY,Seth Sigman,-6.4
2026-08-28,BBY,Simeon Gutman,-0.9
2026-08-28,BBY,Zachary Fadem,-6.4
2026-08-28,BR,Daniel Perlin,34.7
2026-08-28,CCL,Richard Clarke,26.2
2026-08-28,CDNS,Ruben Roy,49.3
2026-08-28,COIN,Ramsey El Assal,21
2026-08-28,CPAY,Daniel Perlin,7.3
2026-08-28,CRM,Joseph Bonner,21.1
2026-08-28,CRM,Tyler Radke,-5.9
2026-08-28,CRWD,Shyam Patil,28.2
2026-08-28,DG,Edward Kelly,0.3
2026-08-28,DG,Joe Feldman,0.3
2026-08-28,DG,Kelly Bania,8.4
2026-08-28,DG,Michael Lasser,34.9
2026-08-28,DG,Peter Keith,-1.3
2026-08-28,DG,Scot Ciccarelli,10.8
2026-08-28,DG,Simeon Gutman,16.4
2026-08-28,DLTR,Bobby Griffin,22.7
2026-08-28,DLTR,Edward Kelly,31.2
2026-08-28,DLTR,Joe Feldman,26.9
2026-08-28,DLTR,Kate McShane,10.9
2026-08-28,DLTR,Kelly Bania,-17.1
2026-08-28,DLTR,Matthew Boss,43.9
2026-08-28,DLTR,Michael Lasser,26.9
2026-08-28,DLTR,Scot Ciccarelli,24.4
2026-08-28,DLTR,Simeon Gutman,22.7
2026-08-28,EL,Dana Telsey,11.2
2026-08-28,EMR,Christopher Snyder,-11.3
2026-08-28,EQIX,Cameron McVeigh,20.5
2026-08-28,ETN,Christopher Snyder,22.2
2026-08-28,FIS,Daniel Perlin,39
2026-08-28,FISV,Daniel Perlin,26
2026-08-28,FSLR,Ameet Thakkar,25.8
2026-08-28,GILD,Gregory Renza,
2026-08-28,GILD,Louise Chen,23.2
2026-08-28,GPN,Daniel Perlin,20.1
2026-08-28,HPQ,Tim Long,-35.2
2026-08-28,HRL,Peter Galbo,16.7
2026-08-28,HRL,Pooran Sharma,11.8
2026-08-28,ISRG,Vik Chopra,
2026-08-28,JKHY,Daniel Perlin,10.5
2026-08-28,MDLZ,Nik Modi,5.7
2026-08-28,MLM,Anthony Codling,21.6
2026-08-28,MRVL,Aaron Rakers,31.3
2026-08-28,MRVL,Atif Malik,16.5
2026-08-28,MRVL,Christian Schwab,27.1
2026-08-28,MRVL,Craig Ellis,33.4
2026-08-28,MRVL,John Vinh,69.4
2026-08-28,MRVL,Joseph Moore,4.2
2026-08-28,MRVL,Quinn Bolton,27.1
2026-08-28,MRVL,Rick Schafer,37.7
2026-08-28,MRVL,Sean O'Loughlin,3.8
2026-08-28,MRVL,Sebastien Naji,
2026-08-28,MRVL,Suji Desilva,48.2
2026-08-28,MRVL,Timothy Arcuri,31.3
2026-08-28,MRVL,Tore Svanberg,48.2
2026-08-28,MSI,Matthew Niknam,18
2026-08-28,NCLH,Richard Clarke,21.5
2026-08-28,NTRS,Ben Gerlinger,-3.8
2026-08-28,NVDA,Atif Malik,44.3
2026-08-28,NVDA,Timothy Arcuri,37.4
2026-08-28,PAYX,Ashish Sabadra,12.3
2026-08-28,PEP,Robert Moskow,6.4
2026-08-28,PYPL,Daniel Perlin,30.3
2026-08-28,PYPL,Dominick Gabriele,-6.9
2026-08-28,PYPL,Sanjay Sakhrani,30.3
2026-08-28,SHW,Duffy Fischer,29.9
2026-08-28,SO,James Thalacker,19.3
2026-08-28,TTWO,Brian Pitz,32.3
2026-08-28,TTWO,Bryan Smilek,43.9
2026-08-28,TTWO,Clark Lampen,45.3
2026-08-28,TTWO,Doug Creutz,31.8
2026-08-28,TTWO,Drew Crum,39.2
2026-08-28,TTWO,Matthew Cost,29.9
2026-08-28,ULTA,Anna Andreeva,9.7
2026-08-28,ULTA,Anna Glaessgen,-8.6
2026-08-28,ULTA,Christopher Horvers,15.4
2026-08-28,ULTA,Dylan Carden,
2026-08-28,ULTA,Ike Boruchow,-17.7
2026-08-28,ULTA,Lorraine Hutchinson,18.9
2026-08-28,ULTA,Michael Lasser,29.9
2026-08-28,ULTA,Oliver Chen,9.7
2026-08-28,ULTA,Susan Anderson,33.7
2026-08-28,ULTA,Sydney Wagner,18.9
2026-08-28,VEEV,Karl Keirstead,10.5
2026-08-28,VEEV,Tyler Radke,4
2026-08-28,WDAY,Adam Wood,-3.1
2026-08-28,WDAY,Almas Almaganbetov,7.7
2026-08-28,WDAY,Billy Fitzsimmons,2.3
2026-08-28,WDAY,Brad Reback,-13.8
2026-08-28,WDAY,Brent Thill,18.5
2026-08-28,WDAY,Brian Schwartz,18.5
2026-08-28,WDAY,Brian White,17.4
2026-08-28,WDAY,Connor Murphy,17.9
2026-08-28,WDAY,Daniel Jester,23.9
2026-08-28,WDAY,David Hynes,21.2
2026-08-28,WDAY,Jason Celino,15.8
2026-08-28,WDAY,John Difucci,48.1
2026-08-28,WDAY,Karl Keirstead,18.5
2026-08-28,WDAY,Lucky Schreiner,2.3
2026-08-28,WDAY,Matthew VanVliet,10.4
2026-08-28,WDAY,Michael Turrin,21.2
2026-08-28,WDAY,Patrick McIlwee,
2026-08-28,WDAY,Raimo Lenschow,20.6
2026-08-28,WDAY,Scott Berg,23.9
2026-08-28,WDAY,Siti Panigrahi,13.1
2026-08-28,WDAY,Tal Liani,10.4
2026-08-28,WDAY,Unknown Analyst,48.1
2026-08-28,XYZ,Daniel Perlin,19.9
2026-08-30,A,Daniel Arias,22.5
2026-08-30,AMZN,Eric Sheridan,46
2026-08-30,AON,Brian Meredith,27.9
2026-08-30,APH,Unknown Analyst,21.5
2026-08-30,BDX,Travis Steed,12.5
2026-08-30,CRM,Gregg Moskowitz,7
2026-08-30,CRWD,Gregg Moskowitz,20.9
2026-08-30,DTE,Anthony Crowdell,14.6
2026-08-30,EL,Unknown Analyst,25.6
2026-08-30,IRM,Tobey Sommer,34.6
2026-08-30,NVDA,Ruben Roy,44.3
2026-08-30,RDDT,Eric Sheridan,36.3
2026-08-30,TEL,Mark Delaney,34
2026-08-30,WY,Matt McKellar,36
2026-08-31,AAPL,Mark Newman,11.4
2026-08-31,ABNB,Benjamin Black CFA,11.6
2026-08-31,ABNB,Scott Devitt,29.3
2026-08-31,ABNB,Tom White,29.3
2026-08-31,ABT,Josh Jennings,32.4
2026-08-31,ADP,Kevin Mcveigh,8.1
2026-08-31,ADSK,Tyler Radke,29.9
2026-08-31,AKAM,Sanjit Singh,54.5
2026-08-31,AMT,Madison Rezaei,20.3
2026-08-31,AMZN,Ike Boruchow,27.7
2026-08-31,ANET,Gianmarco Conti,10.2
2026-08-31,AON,David Motemaden,44
2026-08-31,AON,Michael Zaremski,18.9
2026-08-31,APP,James Callahan CFA,0.3
2026-08-31,AZO,Max Rakhlenko,21.7
2026-08-31,BALL,Arun Viswanathan,28.5
2026-08-31,BALL,Michael Roxland,30.2
2026-08-31,BKNG,Justin Post,34.5
2026-08-31,BKNG,Scott Devitt,40.9
2026-08-31,BRO,Bob Huang,-9.4
2026-08-31,BX,William Katz,19.8
2026-08-31,CCI,Madison Rezaei,27
2026-08-31,CHTR,Laurent Yoon,2.9
2026-08-31,CMCSA,Laurent Yoon,11.1
2026-08-31,COHR,Melissa Weathers,31
2026-08-31,COHR,Unknown Analyst,31
2026-08-31,CRM,Derrick Wood,21.1
2026-08-31,CRM,Paul Chew,-1.9
2026-08-31,CRM,Saiyi He,25.9
2026-08-31,CSCO,Gianmarco Conti,20.4
2026-08-31,CVS,Brian Tanquilut,26.8
2026-08-31,CVX,Bob Brackett,-2.4
2026-08-31,DASH,Scott Devitt,33.7
2026-08-31,DE,Mircea Dobre,18.4
2026-08-31,DE,Timothy Thein,8
2026-08-31,DECK,Peter McGoldrick,63.7
2026-08-31,DG,Greg Melich,8.4
2026-08-31,DG,Michael Montani,8.4
2026-08-31,DLTR,Peter Keith,2.4
2026-08-31,DOC,Richard Hightower,18.2
2026-08-31,DOV,Andrew Obin,44.9
2026-08-31,DTE,Richard Sunderland,
2026-08-31,DVN,Scott Gruber,33.4
2026-08-31,EIX,Anthony Crowdell,25
2026-08-31,EIX,Shahriar Pourreza,10.7
2026-08-31,ETR,Paul Zimbardo CFA,26.3
2026-08-31,EXPE,Justin Post,27.5
2026-08-31,EXPE,Scott Devitt,28.2
2026-08-31,FIX,Brent Thielman,41.9
2026-08-31,GD,Andre Madrid,
2026-08-31,GILD,Salim Syed,18.3
2026-08-31,GL,Andrew Kligerman,31.4
2026-08-31,GL,Menno Hulshof,31.4
2026-08-31,IBM,James Friedman,-3.4
2026-08-31,ICE,Daniel Fannon,20.1
2026-08-31,INCY,Evan Seigerman,7
2026-08-31,INTU,Siti Panigrahi,33.7
2026-08-31,KHC,Taylor Conrad,
2026-08-31,KKR,Bart Dziarski,32.6
2026-08-31,KKR,Michael Cyprys,45.4
2026-08-31,LITE,Amit Daryanani,18.7
2026-08-31,LITE,Gianmarco Conti,29.4
2026-08-31,LLY,Courtney Breen,24.1
2026-08-31,LLY,Evan Seigerman,25.5
2026-08-31,MRK,Louise Chen,7.7
2026-08-31,MRSH,Matthew Heimermann,13.1
2026-08-31,NEM,Steven Green,4.9
2026-08-31,NKE,Adrienne Yih,41.3
2026-08-31,NKE,Matthew Boss,8.7
2026-08-31,NVDA,Yik Ban Chong,37.4
2026-08-31,PANW,Patrick Colville,30
2026-08-31,PANW,Peter Levine,25.5
2026-08-31,PCG,Shahriar Pourreza,73.9
2026-08-31,PNR,Shaun Calnan,
2026-08-31,PYPL,Matthew Coad,-1.3
2026-08-31,PYPL,Owen Lau,2.4
2026-08-31,RDDT,Mark Shmulik,14.1
2026-08-31,RMD,Brett Fishbin,22.3
2026-08-31,ROST,Simeon Siegel,25.7
2026-08-31,SBAC,Madison Rezaei,18.1
2026-08-31,SLB,Guillaume Delaby,26.7
2026-08-31,SLB,Neil Mehta,10.6
2026-08-31,SLB,Phillip Jungwirth,10.6
2026-08-31,SRE,Anthony Crowdell,0.8
2026-08-31,SWKS,Joseph Moore,
2026-08-31,T,Laurent Yoon,-4.1
2026-08-31,TFC,Gerard Cassidy,5.2
2026-08-31,TJX,Simeon Siegel,20.6
2026-08-31,TMUS,Douglas Harned,20.7
2026-08-31,TROW,William Katz,3.5
2026-08-31,TTWO,Omar Dessouky,70.8
2026-08-31,UBER,Scott Devitt,39.5
2026-08-31,UHS,A.J. Rice,65.9
2026-08-31,ULTA,Steven Zaccone,6.1
2026-08-31,UPS,Christian Wetherbee,9.7
2026-08-31,VTR,Richard Hightower,13.3
2026-08-31,VZ,Laurent Yoon,-7.1
2026-08-31,WDAY,Gabriela Borges,-11.7
2026-08-31,WELL,Richard Hightower,9.9
2026-08-31,WMT,Ivan Feinseth,44.7
2026-08-31,WMT,Kelly Bania,17.6
2026-08-31,WMT,Simeon Gutman,16.7
2026-08-31,XEL,Marie Ferguson,17.9
2026-09-01,A,Kallum Titchmarsh,19.1
2026-09-01,AAPL,Asiya Merchant,9.9
2026-09-01,AAPL,Gil Luria,-18.7
2026-09-01,ABT,Robbie Marcus,
2026-09-01,ADSK,Nay Soe Naing,56.8
2026-09-01,ADSK,Unknown Analyst,67.1
2026-09-01,AIG,Kevin Heal,19.5
2026-09-01,AKAM,James Fish,17.1
2026-09-01,AMAT,James Schneider,46.8
2026-09-01,AMAT,Timothy Arcuri,52.2
2026-09-01,AMZN,Ronald Josey,36.3
2026-09-01,AON,Andrew Kligerman,37.4
2026-09-01,AON,Elyse Greenspan,26.5
2026-09-01,AON,Harry Fong,25.5
2026-09-01,AON,Meyer Shields,37.8
2026-09-01,AON,Paul Newsome,15.3
2026-09-01,AON,Ryan Tunis,43.1
2026-09-01,AON,Yaron Kinar,31.5
2026-09-01,APP,Robert Coolbrith,57.4
2026-09-01,AWK,Ross Fowler,1.7
2026-09-01,BBY,Christopher Horvers,4.6
2026-09-01,BXP,Blaine Heck,26.7
2026-09-01,CBRE,Anthony Paolone,35.2
2026-09-01,CHTR,Sebastiano Petti,
2026-09-01,CMG,Sara Senatore,46.4
2026-09-01,COF,Mihir Bhatia,21.5
2026-09-01,COST,David Bellinger,21.6
2026-09-01,CRM,Matthew VanVliet,21.1
2026-09-01,CRWD,Fatima Boolani,25.8
2026-09-01,CRWD,Junaid Siddiqui,45.1
2026-09-01,DELL,Katherine Murphy,0.5
2026-09-01,DELL,Tim Long,6.3
2026-09-01,DG,Matthew Boss,41.3
2026-09-01,DOC,John Kilichowski,8.4
2026-09-01,DRI,Lauren Silberman,16.7
2026-09-01,EIX,Aidan Kelly,8.9
2026-09-01,EIX,Gregg Orrill,12.5
2026-09-01,EIX,Ross Fowler,-8.9
2026-09-01,EQIX,Michael Rollins,21.4
2026-09-01,ESS,James Feldman,8.8
2026-09-01,EXR,Eric Luebchow,14.1
2026-09-01,FISV,Ramsey El Assal,2.8
2026-09-01,FRT,James Feldman,17.2
2026-09-01,GIS,Peter Galbo,19.9
2026-09-01,HON,Brandon Knutson‏,23.5
2026-09-01,HRL,Thomas Palmer,11.8
2026-09-01,IBKR,James Yaro,23.7
2026-09-01,INCY,Mitchell Kapoor,23.5
2026-09-01,JKHY,Peter Heckmann,22.9
2026-09-01,KDP,Dara Mohsenian,21.1
2026-09-01,KDP,Peter Galbo,21.1
2026-09-01,KIM,James Feldman,12.1
2026-09-01,KKR,Christopher Allen,16.7
2026-09-01,KLAC,Timothy Arcuri,10.7
2026-09-01,LEN,Susan Maklari,25.6
2026-09-01,LLY,Akash Tewari,29.1
2026-09-01,LLY,Geoff Meacham,43.4
2026-09-01,LRCX,Timothy Arcuri,42.5
2026-09-01,LULU,Randal Konik,16.2
2026-09-01,MDT,Kendall Au,29.7
2026-09-01,MDT,Michael Matson,25.3
2026-09-01,MDT,Ryan Zimmerman,9.9
2026-09-01,MDT,Shagun Singh Chadha,29.7
2026-09-01,MKC,Robert Moskow,16.9
2026-09-01,MPC,Sam Margolin,1
2026-09-01,MRVL,Harlan Sur,29.2
2026-09-01,MTD,Dan Leonard,17.1
2026-09-01,MU,Unknown Analyst,53.8
2026-09-01,NI,Eli Jossen,25.6
2026-09-01,NVDA,Raimo Lenschow,26
2026-09-01,O,John Kilichowski,7.6
2026-09-01,OKE,Brandon Bingham,-1.7
2026-09-01,OKE,Jeremy Tonet,9.7
2026-09-01,PANW,Shrenik Kothari,27
2026-09-01,PCG,Aidan Kelly,30.4
2026-09-01,PLD,Blaine Heck,22.3
2026-09-01,PSA,Eric Luebchow,4.9
2026-09-01,PSX,Sam Margolin,29.1
2026-09-01,PYPL,Dan Dolev,-5.1
2026-09-01,RJF,David Smith -CFA,8.4
2026-09-01,RJF,William Katz,-7.8
2026-09-01,RVTY,Dan Leonard,8.6
2026-09-01,SJM,Thomas Palmer,23
2026-09-01,SLB,Lloyd Byrne,17.7
2026-09-01,SLB,Stephen Richardson,17.7
2026-09-01,SNPS,Harlan Sur,51
2026-09-01,SPGI,Ashish Sabadra,24.2
2026-09-01,SPGI,Toni Kaplan,27.8
2026-09-01,SRE,Julien Dumoulin Smith,16.4
2026-09-01,SW,Unknown Analyst,
2026-09-01,TJX,Corey Tarlowe,15.1
2026-09-01,TKO,Unknown Analyst,
2026-09-01,UDR,James Feldman,22.4
2026-09-01,UPS,Ken Hoexter,14.7
2026-09-01,VEEV,Alexei Gogolev,13.9
2026-09-01,VICI,John Kilichowski,4.7
2026-09-01,VLO,Sam Margolin,-0.4
2026-09-01,VMRK,Richard Hightower,14.4
2026-09-01,VRSN,Ygal Arounian,16.5
2026-09-01,VRTX,Terence Flynn,29
2026-09-01,VST,Shahriar Pourreza,42.9
2026-09-01,VTR,John Kilichowski,15.6
2026-09-01,WDAY,Samik Chatterjee,21.2
2026-09-01,WELL,John Kilichowski,12.9
2026-09-01,WSM,Chris Graja,10.5
2026-09-01,WSM,Christopher Horvers,12.7
2026-09-01,WSM,Cristina Fernandez,14.9
2026-09-01,XYZ,Will Nance,35.1
2026-09-02,A,Tycho Peterson,5.5
2026-09-02,AAPL,Amit Daryanani,9.9
2026-09-02,ABNB,Justin Post,14.6
2026-09-02,AMAT,Stacy Rasgon,53.3
2026-09-02,APA,John Freeman,20.7
2026-09-02,APA,Noah Hungness,11.8
2026-09-02,APA,Sam Margolin,11.8
2026-09-02,APA,Unknown Analyst,
2026-09-02,APO,Ken Worthington,19.4
2026-09-02,AVGO,Blayne Curtis,51.9
2026-09-02,AVGO,Colin Sebastian,74
2026-09-02,AVGO,James Schneider,49.2
2026-09-02,AVGO,Vijay Rakesh,46.4
2026-09-02,AXON,John Staszak,25.2
2026-09-02,AXON,Joshua Reilly,56.5
2026-09-02,BA,Sheila Kahyaoglu,40.2
2026-09-02,BF.B,Andrea Pistacchi,10.6
2026-09-02,BRO,Mark Hughes,
2026-09-02,COP,Unknown Analyst,-0.3
2026-09-02,COST,Christopher Nardone,32.6
2026-09-02,CPAY,Lance Jessurun,31.3
2026-09-02,CPAY,Unknown Analyst,31.3
2026-09-02,CRM,Arjun Bhatia,
2026-09-02,CRM,Kirk Materne,17.1
2026-09-02,CRM,Scott Berg,61.5
2026-09-02,CRM,Terry Tillman,21.1
2026-09-02,CRWD,Saket Kalia,13.7
2026-09-02,CRWD,Shrenik Kothari,
2026-09-02,DE,David Raso,20.3
2026-09-02,DELL,Aaron Rakers,-3.9
2026-09-02,DELL,Ben Reitzes,29.6
2026-09-02,DELL,Brandon Nispel,
2026-09-02,DELL,David Vogt,-11.9
2026-09-02,DELL,James Fish,-1.6
2026-09-02,DELL,Joseph Cardoso,11.9
2026-09-02,DELL,Krish Sankar,-11.9
2026-09-02,DELL,Mark Newman,14.6
2026-09-02,DELL,Matthew Niknam,-11
2026-09-02,DELL,Simon Leopold,8.8
2026-09-02,DELL,Steven Fox,10.2
2026-09-02,DELL,Vijay Rakesh,5.8
2026-09-02,DELL,Wamsi Mohan,5.8
2026-09-02,DPZ,Dennis Geiger,23.6
2026-09-02,DVN,Unknown Analyst,29.4
2026-09-02,EXE,Scott Hanold,38.1
2026-09-02,EXR,Ravi Vaidya,10.4
2026-09-02,FDX,Jordan Alliger,20.2
2026-09-02,FSLR,Praneeth Satish,43.5
2026-09-02,GEV,David Arcaro,41
2026-09-02,GOOGL,Gil Luria,
2026-09-02,GRMN,Noah Zatzkin,
2026-09-02,HLT,Peter Supino,
2026-09-02,HOOD,Lance Jessurun,20.8
2026-09-02,HOOD,Patrick Moley,28.8
2026-09-02,HOOD,Unknown Analyst,20.8
2026-09-02,HPE,Katherine Murphy,20.8
2026-09-02,HPE,Tim Long,27.2
2026-09-02,HUBB,Christopher Snyder,24.9
2026-09-02,HWM,Scott Deuschle,49.4
2026-09-02,IBKR,Benjamin Budish,24.8
2026-09-02,IBKR,Christopher Allen,14.9
2026-09-02,IBKR,Michael Brown,11.6
2026-09-02,JCI,Christopher Snyder,23.3
2026-09-02,KLAC,David Dai CFA,38.4
2026-09-02,KR,Paul Lejuez,-2.5
2026-09-02,KR,Seth Sigman,4.3
2026-09-02,LLY,Chris Schott,25.5
2026-09-02,LRCX,Stacy Rasgon,29.1
2026-09-02,LULU,Michael Binetti,16.2
2026-09-02,LVS,Peter Supino,
2026-09-02,MAR,Peter Supino,
2026-09-02,MCK,Allen Lutz,19.1
2026-09-02,MDT,Anthony Petrone,26.4
2026-09-02,MDT,David Rescott,9.9
2026-09-02,MDT,Jayson Bedford,
2026-09-02,MDT,Josh Jennings,20.9
2026-09-02,MDT,Matthew Taylor,4.4
2026-09-02,MDT,Richard Newitter,8.8
2026-09-02,MDT,Rick Wise,4.4
2026-09-02,MLM,Adrian Huerta,33.3
2026-09-02,MSFT,Michael Turrin,41.2
2026-09-02,MSFT,Tal Liani,21.1
2026-09-02,MTD,Natalya Davies,-7.2
2026-09-02,NCLH,Lizzie Dove,1.2
2026-09-02,NTAP,Katherine Murphy,5.4
2026-09-02,NTAP,Krish Sankar,0.4
2026-09-02,NTAP,Tim Long,9.9
2026-09-02,NVDA,Harlan Sur,46.6
2026-09-02,NVDA,Vivek Arya,60.3
2026-09-02,OKE,Christopher Souther,7.6
2026-09-02,OKE,Gabriel Daoud,7.6
2026-09-02,OKE,Julien Dumoulin Smith,8.7
2026-09-02,OKE,Praneeth Satish,9.7
2026-09-02,ORLY,Max Rakhlenko,28.2
2026-09-02,OXY,Unknown Analyst,18.8
2026-09-02,PANW,Adam Borg,25.5
2026-09-02,PANW,Adam Tindle,
2026-09-02,PANW,Brad Zelnick,30
2026-09-02,PANW,Brian Essex,16.1
2026-09-02,PANW,Catharine Trebnick,25.5
2026-09-02,PANW,Gabriela Borges,17.9
2026-09-02,PANW,Gray Powell,22.2
2026-09-02,PANW,Gregg Moskowitz,25.5
2026-09-02,PANW,Imtiaz Koujalgi,-9.3
2026-09-02,PANW,Ittai Kidron,36.1
2026-09-02,PANW,John Difucci,
2026-09-02,PANW,Jonathan Ho,
2026-09-02,PANW,Jonathan Ruykhaver,28.5
2026-09-02,PANW,Joseph Gallo,36.1
2026-09-02,PANW,Junaid Siddiqui,31.6
2026-09-02,PANW,Keith Bachman,25.5
2026-09-02,PANW,Matthew Hedberg,43.7
2026-09-02,PANW,Meta Marshall,19.2
2026-09-02,PANW,Mike Cikos,28.5
2026-09-02,PANW,Nehal Chokshi,8.9
2026-09-02,PANW,Peter Weed,-23.5
2026-09-02,PANW,Rob Owens,24
2026-09-02,PANW,Roger Boyd,17.9
2026-09-02,PANW,Rudy Kessinger,27
2026-09-02,PANW,Saket Kalia,13.4
2026-09-02,PANW,Shaul Eyal,21
2026-09-02,PANW,Shyam Patil,25.5
2026-09-02,PANW,Tal Liani,27
2026-09-02,PANW,Todd Weller CFA,21
2026-09-02,PCG,Carly Davenport,66.7
2026-09-02,PEP,Peter Galbo,11.5
2026-09-02,PH,Nathan Jones,13.1
2026-09-02,PLTR,Param Singh,19.6
2026-09-02,PSA,Nicholas Yulico,15.7
2026-09-02,PSA,Ravi Vaidya,7.6
2026-09-02,ROK,Christopher Snyder,27.2
2026-09-02,SLB,David Anderson,19.5
2026-09-02,SLB,Keith Mackey,8.8
2026-09-02,SPGI,Curtis Nagle,33.9
2026-09-02,SPGI,David Motemaden,32.2
2026-09-02,SRE,Aidan Kelly,22.4
2026-09-02,STZ,Peter Galbo,18.4
2026-09-02,TDG,Ronald Epstein,41.6
2026-09-02,TJX,Alexandra Straton,41.2
2026-09-02,TPR,Jay Sole,95.8
2026-09-02,TRGP,Praneeth Satish,11.6
2026-09-02,TT,Christopher Snyder,27.7
2026-09-02,UBER,Ken Gawrelski,24.2
2026-09-02,V,James Friedman,15.3
2026-09-02,VICI,Haendel St. Juste,8.7
2026-09-02,VMC,Adrian Huerta,26.6
2026-09-02,VRTX,Geoff Meacham,13.5
2026-09-02,VTR,Nicholas Yulico,5.6
2026-09-02,WELL,Nicholas Yulico,6.5
2026-09-02,WELL,Ronald Kamdem,6.5
2026-09-02,WYNN,Peter Supino,46
2026-09-02,XYZ,Lance Jessurun,3.5
2026-09-02,XYZ,Unknown Analyst,3.5
2026-09-03,ABBV,Evan Seigerman,16.7
2026-09-03,ABNB,Thomas Champion,-0.1
2026-09-03,ACN,James Faucette,-29.3
2026-09-03,ALGN,Brandon Vazquez,
2026-09-03,AMZN,Ken Gawrelski,31.6
2026-09-03,AON,Andrew Andersen,27.9
2026-09-03,AON,Bob Huang,35.5
2026-09-03,AON,Joshua Shanker,12
2026-09-03,APP,Ralph Schackart,
2026-09-03,AVGO,Aaron Rakers,50.6
2026-09-03,AVGO,Arthur Lai CFA,35.4
2026-09-03,AVGO,C J Muse,65.8
2026-09-03,AVGO,Christopher Rolland,35.4
2026-09-03,AVGO,Harlan Sur,60.2
2026-09-03,AVGO,Harsh Kumar,58.8
2026-09-03,AVGO,John Vinh,58.8
2026-09-03,AVGO,Joseph Moore,39.5
2026-09-03,AVGO,Joshua Buchalter,31.2
2026-09-03,AVGO,Mark Lipacis,59.7
2026-09-03,AVGO,Sajal Dogra,65.8
2026-09-03,AVGO,Sebastien Naji,
2026-09-03,AVGO,Simon Leopold,31.2
2026-09-03,AVGO,Srini Pajjuri,10.5
2026-09-03,AVGO,Stacy Rasgon,58.8
2026-09-03,AVGO,Thomas O'Malley,38.1
2026-09-03,AVGO,Vivek Arya,27.1
2026-09-03,AVGO,William Stein,43.7
2026-09-03,BAC,David Chiaverini,19.6
2026-09-03,BF.B,Drew Levine,-4.7
2026-09-03,BF.B,Eric Serotta,-12.3
2026-09-03,BF.B,Gerald Pascarelli,
2026-09-03,BF.B,Lauren Lieberman,6.8
2026-09-03,BF.B,Nik Modi,3
2026-09-03,BIIB,David Amsellem,12.8
2026-09-03,BKR,Saurabh Pant,
2026-09-03,CARR,Varun Govindaraj,35.7
2026-09-03,CAT,Chad Dillard,22.4
2026-09-03,CDW,Maggie Nolan,
2026-09-03,CHRW,David Vernon,-1.2
2026-09-03,CIEN,Amit Daryanani,7.3
2026-09-03,CIEN,Meta Marshall,21.6
2026-09-03,CIEN,Michael Genovese,50.2
2026-09-03,CIEN,Ryan Koontz,48.8
2026-09-03,CIEN,Sean O'Loughlin,14.4
2026-09-03,CIEN,Simon Leopold,71.7
2026-09-03,CIEN,Tim Long,35.9
2026-09-03,CME,Alex Kramm,-5.6
2026-09-03,CME,Christopher Allen,3.4
2026-09-03,CME,William Katz,6
2026-09-03,CMI,Chad Dillard,25.7
2026-09-03,CMS,Shahriar Pourreza,17.6
2026-09-03,COST,Edward Kelly,10.5
2026-09-03,COST,Greg Melich,21.6
2026-09-03,COST,Joe Feldman,25.4
2026-09-03,COST,Michael Baker,10.5
2026-09-03,COST,Michael Lasser,40.9
2026-09-03,COST,Robert Drbul,24.3
2026-09-03,COST,Unknown Analyst,24.9
2026-09-03,CPRT,Jash Patwa,33.6
2026-09-03,CRWD,Adam Borg,16.1
2026-09-03,CRWD,Adam Tindle,20.9
2026-09-03,CRWD,Gray Powell,18.5
2026-09-03,CRWD,Ittai Kidron,20.9
2026-09-03,CRWD,Joseph Gallo,16.1
2026-09-03,CRWD,Kingsley Crane,1.6
2026-09-03,CRWD,Matthew Hedberg,25.8
2026-09-03,CRWD,Meta Marshall,15.1
2026-09-03,CRWD,Michael Turrin,13.7
2026-09-03,CRWD,Mike Cikos,20.9
2026-09-03,CRWD,Rob Owens,16.1
2026-09-03,CRWD,Roger Boyd,20.9
2026-09-03,CRWD,Shaul Eyal,20.9
2026-09-03,CSX,Chad Dillard,-1.9
2026-09-03,CVNA,Daniela Haigian,30.1
2026-09-03,CVS,Kevin Caliendo,24.7
2026-09-03,CVX,Jean Ann Salisbury,
2026-09-03,CVX,John Royall,13.5
2026-09-03,CVX,Phillip Jungwirth,9.8
2026-09-03,CVX,Sam Margolin,7.4
2026-09-03,DE,Chad Dillard,-9
2026-09-03,DELL,Asiya Merchant,5.8
2026-09-03,DELL,Gianmarco Conti,-8.3
2026-09-03,DG,Chris Graja,36.5
2026-09-03,EFX,George Tong,17.8
2026-09-03,EIX,Richard Sunderland,12.5
2026-09-03,EMR,Unknown Analyst,22.2
2026-09-03,EQT,Sam Margolin,46.1
2026-09-03,ETN,Chad Dillard,25.5
2026-09-03,ETR,Sophie Karp,16.8
2026-09-03,EXE,Sergey Pigarev,28.7
2026-09-03,FAST,Chris Dankert,-6.7
2026-09-03,FAST,Connor Cerniglia,-14.8
2026-09-03,FCX,Vitaly Kononov,5.5
2026-09-03,FDX,Alex Irving,27.2
2026-09-03,FDXF,Ken Hoexter,45.7
2026-09-03,FERG,Connor Cerniglia,46
2026-09-03,FERG,Philip Ng,32.6
2026-09-03,FISV,Dan Dolev,51.2
2026-09-03,FISV,Jason Kupferberg,8.6
2026-09-03,FLEX,Mark Delaney,33
2026-09-03,FRT,Juan C. Sanabria,
2026-09-03,GOOGL,Scott Devitt,21.1
2026-09-03,GPN,Dan Dolev,24.6
2026-09-03,GWW,Connor Cerniglia,-2.3
2026-09-03,HAS,Anthony Bonadio,-1.7
2026-09-03,HON,Varun Govindaraj,30.5
2026-09-03,HPE,Aaron Rakers,-13
2026-09-03,HPE,Amit Daryanani,4.7
2026-09-03,HPE,Brandon Nispel,
2026-09-03,HPE,David Vogt,-5
2026-09-03,HPE,Erik Woodring,11.1
2026-09-03,HPE,Gianmarco Conti,9.5
2026-09-03,HPE,James Fish,-8.2
2026-09-03,HPE,Jim Kelleher,12.7
2026-09-03,HPE,Joseph Cardoso,12.7
2026-09-03,HPE,Matthew Niknam,12.7
2026-09-03,HPE,Simon Leopold,38.5
2026-09-03,HPE,Wamsi Mohan,41.7
2026-09-03,HPQ,Wamsi Mohan,-40.8
2026-09-03,HUBB,Unknown Analyst,26.8
2026-09-03,INTC,Vijay Rakesh,-10.6
2026-09-03,INTU,Arvind Ramnani,
2026-09-03,J,Chad Dillard,14.9
2026-09-03,JBHT,David Vernon,21.6
2026-09-03,JCI,Andrew Obin,
2026-09-03,JCI,Unknown Analyst,30.1
2026-09-03,JNJ,Michael Yee,20.5
2026-09-03,KDP,Cristian Rios,24.2
2026-09-03,KR,Unknown Analyst,
2026-09-03,LII,Christopher Snyder,2.4
2026-09-03,LULU,Brooke Roach,-4
2026-09-03,MDT,Patrick Wood,20.9
2026-09-03,MDT,Pito Chickering,1.1
2026-09-03,MDT,Robbie Marcus,5.5
2026-09-03,MMM,Varun Govindaraj,-12.1
2026-09-03,MPC,John Royall,16.7
2026-09-03,MPWR,Unknown Analyst,
2026-09-03,MRNA,Simon Baker CFA,-43.7
2026-09-03,MSFT,Adam Wood,21.1
2026-09-03,MSFT,Billy Fitzsimmons,11
2026-09-03,MSFT,Kirk Materne,6.5
2026-09-03,MSFT,Tyler Radke,21.1
2026-09-03,NCLH,Patrick Scholes,
2026-09-03,NDAQ,Jeff Schmitt,
2026-09-03,NSC,David Vernon,23.6
2026-09-03,NTAP,Aaron Rakers,-4.7
2026-09-03,NTAP,Amit Daryanani,5.4
2026-09-03,NTAP,David Vogt,-14.2
2026-09-03,NTAP,Erik Woodring,-13.2
2026-09-03,NTAP,Jason Ader,
2026-09-03,NTAP,Joseph Cardoso,-2.1
2026-09-03,NTAP,Matt Bryson,-14.7
2026-09-03,NTAP,Mehdi Hosseini,-2.1
2026-09-03,NTAP,Nehal Chokshi,-6.2
2026-09-03,NTAP,Param Singh,
2026-09-03,NTAP,Unknown Analyst,
2026-09-03,NTAP,Wamsi Mohan,0.4
2026-09-03,NVDA,Kevin Cassidy,78.7
2026-09-03,NVDA,Simon Leopold,
2026-09-03,ODFL,Christian Wetherbee,39.1
2026-09-03,ODFL,Ken Hoexter,14
2026-09-03,OKE,Spiro M. Dounis,11.8
2026-09-03,ON,Joseph Quatrochi,24.8
2026-09-03,OTIS,Varun Govindaraj,30.2
2026-09-03,PANW,Fatima Boolani,24
2026-09-03,PANW,Michael Turrin,43.7
2026-09-03,PANW,Saiyi He,17.6
2026-09-03,PAYX,Brett Huff,14
2026-09-03,PCAR,Chad Dillard,20.6
2026-09-03,PCG,Anthony Crowdell,1.4
2026-09-03,PCG,Gregg Orrill,37.7
2026-09-03,PCG,James Thalacker,52.2
2026-09-03,PCG,Nicholas Campanella,30.4
2026-09-03,PFG,Ryan Krueger,0.7
2026-09-03,PG,Robert Moskow,3.3
2026-09-03,PH,Unknown Analyst,28.2
2026-09-03,PSX,John Royall,1.7
2026-09-03,PWR,Hanxu Wang,15
2026-09-03,REG,Juan C. Sanabria,
2026-09-03,ROK,Joseph C Giordano,-6.6
2026-09-03,ROK,Varun Govindaraj,20
2026-09-03,SRE,Richard Sunderland,15.2
2026-09-03,T,Michael Rollins,7.4
2026-09-03,TMO,Michael Luo CFA,22.7
2026-09-03,TMUS,Sean Diffley,26.1
2026-09-03,TRMB,Chad Dillard,47.4
2026-09-03,TSLA,Mark Delaney,-1.5
2026-09-03,TSN,Leah Jordan,26.5
2026-09-03,TT,Varun Govindaraj,29.9
2026-09-03,TTD,Laura Martin,32.5
2026-09-03,UBER,Brian Pitz,66
2026-09-03,UBER,Jake Fuller,39.5
2026-09-03,UBER,John Colantuoni,53.5
2026-09-03,UBER,Justin Post,40.9
2026-09-03,UBER,Ygal Arounian,27
2026-09-03,UHS,Benjamin Rossi,14.4
2026-09-03,UNP,Alex Irving,21.7
2026-09-03,UPS,Alex Irving,30.6
2026-09-03,URI,Chad Dillard,33.1
2026-09-03,VLO,John Royall,11.4
2026-09-03,VRT,Amit Daryanani,45.9
2026-09-03,VRT,Stephen Volkmann,-4.7
2026-09-03,VTR,Michael Mueller,15.6
2026-09-03,VZ,Michael Rollins,8.7
2026-09-03,WELL,Michael Mueller,10.3
2026-09-03,WMB,Jeremy Tonet,24.9
2026-09-03,WY,Hong Zhang,26.9
2026-09-03,XOM,John Royall,11.5
2026-09-04,ABBV,Geoff Meacham,1.1
2026-09-04,ABBV,William Katz,8.9
2026-09-04,AKAM,Fatima Boolani,14.2
2026-09-04,AMGN,Mohit Bansal,15.3
2026-09-04,AMZN,Justin Post,
2026-09-04,APH,Joseph Spak,18
2026-09-04,APH,William Stein,28.1
2026-09-04,AVGO,Atif Malik,42.3
2026-09-04,AVGO,Gil Luria,-3.3
2026-09-04,AVGO,Timothy Arcuri,29.8
2026-09-04,BSX,Josh Jennings,30.3
2026-09-04,CCL,Jamie Rollo,36.3
2026-09-04,CIEN,Atif Malik,88.2
2026-09-04,CIEN,Dave Kang,-0.7
2026-09-04,CIEN,David Vogt,12.7
2026-09-04,CIEN,Ruben Roy,75.9
2026-09-04,CIEN,Tim Savageaux,43
2026-09-04,COR,Ryan Halsted,2.6
2026-09-04,COST,Krisztina Katai,20.6
2026-09-04,COST,Zhihan Ma,26.4
2026-09-04,CRWD,Imtiaz Koujalgi,6.4
2026-09-04,CRWD,Jonathan Ho,
2026-09-04,CRWD,Patrick Colville,28.2
2026-09-04,CRWD,Rudy Kessinger,18.5
2026-09-04,CRWD,Tal Liani,11.3
2026-09-04,CSGP,Ashish Sabadra,11.6
2026-09-04,DG,Zhihan Ma,28.4
2026-09-04,DLR,Michael Rollins,
2026-09-04,DLTR,Zhihan Ma,10
2026-09-04,EFX,Ashish Sabadra,14.8
2026-09-04,EXE,Unknown Analyst,29.7
2026-09-04,FAST,Ryan Merkel,
2026-09-04,FLEX,Tim Long,24.4
2026-09-04,GOOG,Justin Post,
2026-09-04,HOOD,Brian Bedell,19.9
2026-09-04,ICE,Alex Kramm,23.9
2026-09-04,IT,Ashish Sabadra,10.3
2026-09-04,KR,Michael Lasser,7.7
2026-09-04,LEN,Unknown Analyst,
2026-09-04,LIN,David Begleiter,23.3
2026-09-04,LULU,Anna Andreeva,-19.2
2026-09-04,LULU,Ashley Owens,
2026-09-04,LULU,Dana Telsey,11.1
2026-09-04,LULU,Ike Boruchow,-4
2026-09-04,LULU,Janine Stichter,
2026-09-04,LULU,Jay Sole,7.1
2026-09-04,LULU,Joseph Civello,-17.1
2026-09-04,LULU,Krisztina Katai,-1
2026-09-04,LULU,Laurent Vasilescu,-55.5
2026-09-04,LULU,Lorraine Hutchinson,23.3
2026-09-04,LULU,Mark Altschwager,16.2
2026-09-04,LULU,Peter McGoldrick,1
2026-09-04,LULU,Simeon Siegel,
2026-09-04,LULU,Tom Nikic,
2026-09-04,LULU,Zachary Warring,70.8
2026-09-04,MCO,Ashish Sabadra,28.4
2026-09-04,MNST,Dara Mohsenian,26.7
2026-09-04,MRK,Mohit Bansal,18.1
2026-09-04,MSFT,Brad Reback,6.9
2026-09-04,MSFT,Unknown Analyst,
2026-09-04,NCLH,Trey Bowers,35
2026-09-04,NFLX,Jason Bazinet,29.2
2026-09-04,NOW,Adam Wood,
2026-09-04,NVDA,Quinn Bolton,37.4
2026-09-04,NVDA,Sebastien Naji,
2026-09-04,O,Richard Hightower,9.2
2026-09-04,ODFL,J. Bruce Chan,46.3
2026-09-04,PCAR,Angel Castillo,1.8
2026-09-04,PCG,Ross Fowler,1.4
2026-09-04,PH,Christine Yao,9.2
2026-09-04,PHM,Unknown Analyst,25.1
2026-09-04,PTC,Jason Celino,
2026-09-04,PYPL,Timothy Chiodo,13.6
2026-09-04,RVTY,Paul Knight,32.7
2026-09-04,RVTY,Unknown Analyst,32.7
2026-09-04,TGT,Zhihan Ma,-1.2
2026-09-04,TSLA,Colin Langan,-64.4
2026-09-04,TSLA,Gordon Johnson,-93.2
2026-09-04,TSLA,Rajat Gupta CFA,21.8
2026-09-04,TSLA,Tom Narayan,31.3
2026-09-04,TSN,Andrew Strelzik,22.7
2026-09-04,TSN,Peter Galbo,5.7
2026-09-04,TTD,Barton Crockett,
2026-09-04,TTD,James Heaney CFA,-16.3
2026-09-04,TTD,Youssef Squali,11.6
2026-09-04,VICI,Richard Hightower,24.8
2026-09-04,VMC,Brian Brophy,31.8
2026-09-04,VRT,Christopher Snyder,36.2
2026-09-04,WMT,Zhihan Ma,32.5
2026-09-05,AMGN,Carter Gould,6
2026-09-05,CMG,Brian Harbour,7.7
2026-09-05,DELL,Erik Woodring,
2026-09-05,DELL,Mehdi Hosseini,23.4
2026-09-05,HPE,Mehdi Hosseini,-0.1
2026-09-05,KLAC,Mehdi Hosseini,
2026-09-05,LRCX,Mehdi Hosseini,
2026-09-05,SMCI,Mehdi Hosseini,
2026-09-05,SNDK,Mehdi Hosseini,
2026-09-05,TER,Mehdi Hosseini,44.8
2026-09-07,APA,Neil Mehta,-3.9
2026-09-07,AVGO,Amanda Tan,29.8
2026-09-07,CRH,Harry Goad,58.1
2026-09-07,FERG,Unknown Analyst,12.3
2026-09-07,GILD,Courtney Breen,11.3
2026-09-07,HCA,Ben Hendrix,1.9
2026-09-07,ISRG,Ryan Zimmerman,27
2026-09-07,JBL,Mark Delaney,17.9
2026-09-07,LDOS,Gautam Khanna,4.8
2026-09-07,MCO,George Tong,24.9
2026-09-07,MRK,Courtney Breen,-27
2026-09-07,NEE,Stephan Lingnau,
2026-09-07,ORCL,Siti Panigrahi,112.9
2026-09-07,PANW,Paul Chew,4.6
2026-09-08,AAPL,Craig Moffett,-8.5
2026-09-08,AAPL,Nicolas Cote Colisson,10.2
2026-09-08,ABBV,Jason Gerberry,9.7
2026-09-08,ABNB,Colin Sebastian,17.5
2026-09-08,ABNB,Josh Beck,17.5
2026-09-08,ABT,Larry Biegelsen,9.9
2026-09-08,AIZ,Paul Newsome,16.5
2026-09-08,AMD,Atif Malik,11.4
2026-09-08,AME,Jeffrey Sprague,5.4
2026-09-08,AMGN,David Amsellem,21.1
2026-09-08,AMGN,Evan Seigerman,19.3
2026-09-08,AMGN,Gregory Renza,
2026-09-08,AMGN,Matt Phipps,
2026-09-08,AMGN,Salveen Richter,19.3
2026-09-08,AMGN,Tazeen Ahmad,-16
2026-09-08,AMGN,Yaron Werber,19.8
2026-09-08,APD,Alexandra Yates,12.9
2026-09-08,APD,David Begleiter,9.8
2026-09-08,APH,Guy Hardwick,19.2
2026-09-08,APP,Clark Lampen,22.2
2026-09-08,BA,David E. Strauss,18.8
2026-09-08,BA,Gavin Parsons,35.4
2026-09-08,BA,Kenneth Herbert,25.9
2026-09-08,BAC,Manan Gosalia,6.9
2026-09-08,BAC,Richard Ramsden,26
2026-09-08,BBY,Michael Baker,4.6
2026-09-08,BDX,Matthew Taylor,18.1
2026-09-08,BNY,Manan Gosalia,-7.2
2026-09-08,BSX,Travis Steed,25.6
2026-09-08,BXP,Brendan Lynch,22.1
2026-09-08,C,Manan Gosalia,18.1
2026-09-08,C,Richard Ramsden,26.1
2026-09-08,CASY,Irene Nattel,47.9
2026-09-08,CASY,Phillip Blee,
2026-09-08,CDW,Asiya Merchant,-2.5
2026-09-08,CDW,Guy Hardwick,-2.5
2026-09-08,CFG,Ryan Kenny,27.7
2026-09-08,CHRW,Christian Wetherbee,40.7
2026-09-08,CIEN,Joseph Cardoso,73.1
2026-09-08,CL,Nik Modi,19.8
2026-09-08,CMS,James Thalacker,14.7
2026-09-08,COIN,James Yaro,25
2026-09-08,COST,Georgy Vashchenko,13.8
2026-09-08,COST,Kate McShane,28.1
2026-09-08,CPT,Haendel St. Juste,12.6
2026-09-08,CPT,James Feldman,6.8
2026-09-08,DASH,Unknown Analyst,46.1
2026-09-08,DECK,Aneesha Sherman,29.2
2026-09-08,DG,Seth Sigman,21.2
2026-09-08,DGX,Kevin Caliendo,4.2
2026-09-08,DLR,Brendan Lynch,4.5
2026-09-08,DLTR,Seth Sigman,35.4
2026-09-08,ECHO,John Hodulik,61
2026-09-08,EFX,Andrew Grobler,45
2026-09-08,EFX,Jason Haas CFA,25.4
2026-09-08,EQIX,Brendan Lynch,9.4
2026-09-08,ESS,Haendel St. Juste,8.1
2026-09-08,ETN,Amit Mehrotra,21.1
2026-09-08,ETR,Marie Ferguson,12
2026-09-08,FAST,Andrew Obin,11.5
2026-09-08,FDS,Andrew Nicholas,
2026-09-08,FDS,Manav Patnaik,-3.7
2026-09-08,FDX,Brian Ossenbeck,28.2
2026-09-08,FDXF,Brian Ossenbeck,24.7
2026-09-08,FICO,Jason Haas CFA,47.1
2026-09-08,FITB,Manan Gosalia,17
2026-09-08,FRT,Michael Mueller,12.8
2026-09-08,FSLR,Dimple Gosai,24.4
2026-09-08,GE,Ronald Epstein,25.1
2026-09-08,GLW,Asiya Merchant,32.2
2026-09-08,GOOGL,Justin Post,27
2026-09-08,HBAN,Manan Gosalia,12.7
2026-09-08,HOOD,Daniel Fannon,24.4
2026-09-08,HOOD,Gautam Chhugani,42.1
2026-09-08,HOOD,Michael Cyprys,33.3
2026-09-08,HOOD,Ramsey El Assal,33.3
2026-09-08,HPE,Asiya Merchant,22.4
2026-09-08,HUM,Kevin Fischbeck,
2026-09-08,IEX,Jeffrey Sprague,11.5
2026-09-08,INTC,Gus Richard,16.6
2026-09-08,IRM,Brendan Lynch,25
2026-09-08,J,Sangita Jain,18.4
2026-09-08,JPM,David Chiaverini,3.9
2026-09-08,JPM,Manan Gosalia,3.9
2026-09-08,JPM,Richard Ramsden,26.9
2026-09-08,KEY,Manan Gosalia,14.5
2026-09-08,KLAC,Unknown Analyst,27.3
2026-09-08,LHX,Scott Mikus,
2026-09-08,LLY,Emily Field,25.5
2026-09-08,LMT,Gavin Parsons,28.6
2026-09-08,LRCX,Tammy Qiu,40.8
2026-09-08,LRCX,Unknown Analyst,40.8
2026-09-08,LULU,Adrienne Yih,-4
2026-09-08,LULU,Aneesha Sherman,16.2
2026-09-08,MAA,Alexander Goldfarb,12.2
2026-09-08,MAA,Haendel St. Juste,12.2
2026-09-08,MAA,James Feldman,17
2026-09-08,MDT,Travis Steed,20.9
2026-09-08,MPC,Manav Gupta,13.7
2026-09-08,MRK,Vamil Divan,18.1
2026-09-08,MRSH,Hans Engel,
2026-09-08,MS,Richard Ramsden,20.3
2026-09-08,MSFT,Mark Moerdler,33.2
2026-09-08,MTB,Ryan Kenny,26.8
2026-09-08,MU,Mark Li,33.3
2026-09-08,NKE,Aneesha Sherman,84.8
2026-09-08,NOW,Allan Verkhovski,28.3
2026-09-08,NTAP,Asiya Merchant,-4.7
2026-09-08,NTRS,Manan Gosalia,-8.6
2026-09-08,ORCL,Mark Moerdler,116.3
2026-09-08,PFG,Tim Switzer,0.7
2026-09-08,PM,Lisa Lewandowski,10.4
2026-09-08,PNC,Manan Gosalia,13.8
2026-09-08,PNC,Richard Ramsden,15.1
2026-09-08,PSX,Manav Gupta,15.6
2026-09-08,PWR,Dimple Gosai,12.4
2026-09-08,PWR,Unknown Analyst,12.4
2026-09-08,QCOM,Srini Pajjuri,-1.1
2026-09-08,QCOM,Stacy Rasgon,-9.3
2026-09-08,RF,Ryan Kenny,19.5
2026-09-08,ROP,Dylan Becker,
2026-09-08,RSG,Connor Cerniglia,1.9
2026-09-08,RTX,Douglas Harned,17.4
2026-09-08,SMCI,Asiya Merchant,-2.7
2026-09-08,SNDK,Asiya Merchant,28.6
2026-09-08,SNDK,Mark Newman,83.7
2026-09-08,SNPS,Lee Simpson,25.8
2026-09-08,SPGI,Manav Patnaik,34.6
2026-09-08,STT,Manan Gosalia,0.8
2026-09-08,TFC,Manan Gosalia,7.1
2026-09-08,TMO,Doug Schenkel,19.7
2026-09-08,TMO,Unknown Analyst,19.7
2026-09-08,TSLA,Dan Levy,1.2
2026-09-08,TTD,Justin Patterson,
2026-09-08,TTD,Mark Mahaney,-2.4
2026-09-08,TTD,Matthew Swanson,4.6
2026-09-08,TTD,Ronald Josey,-23.3
2026-09-08,UBER,Unknown Analyst,
2026-09-08,UDR,Alexander Goldfarb,16.7
2026-09-08,UDR,Haendel St. Juste,11
2026-09-08,UHS,Stephen Baxter,-5.1
2026-09-08,ULTA,Kate McShane,23.1
2026-09-08,USB,Manan Gosalia,6.6
2026-09-08,USB,Richard Ramsden,13
2026-09-08,VLO,Manav Gupta,15.3
2026-09-08,VMRK,Haendel St. Juste,11.4
2026-09-08,VRSK,Manav Patnaik,27.7
2026-09-08,VTRS,Jasper Hellweg,21.1
2026-09-08,WDAY,Mark Moerdler,28.2
2026-09-08,WDAY,Steve Enders,8.2
2026-09-08,WFC,Manan Gosalia,13
2026-09-08,WFC,Richard Ramsden,22.9
2026-09-08,WM,Connor Cerniglia,26.5
2026-09-08,WMT,Christopher Nardone,
2026-09-08,WMT,Kate McShane,23.2
2026-09-09,A,Eve Burstein,22.5
2026-09-09,A,Unknown Analyst,12.3
2026-09-09,AAPL,Atif Malik,9.9
2026-09-09,AAPL,Edison Lee,-20.6
2026-09-09,AAPL,Michael Ng,8.3
2026-09-09,ABBV,Trung Huynh,8.9
2026-09-09,ADP,Bryan Keane,7
2026-09-09,AEP,Shelby Tucker,20.8
2026-09-09,AMD,Unknown Analyst,16.2
2026-09-09,AMGN,Geoff Meacham,7.3
2026-09-09,AMGN,Louise Chen,19.3
2026-09-09,AMGN,Morten Herholdt,12.6
2026-09-09,APA,Unknown Analyst,38.6
2026-09-09,APH,Joseph C Giordano,7.2
2026-09-09,APTV,Unknown Analyst,64.7
2026-09-09,AVGO,Unknown Analyst,27.1
2026-09-09,BBY,Chris Graja,
2026-09-09,BEN,Alex Bond,12.9
2026-09-09,BEN,William Katz,18.9
2026-09-09,BG,Benjamin Theurer,22.5
2026-09-09,BIIB,Evan Seigerman,
2026-09-09,BKNG,Ronald Josey,35.7
2026-09-09,BMY,Evan Seigerman,-5.7
2026-09-09,BMY,Louise Chen,-5.7
2026-09-09,BMY,Trung Huynh,0.6
2026-09-09,BSX,Marie Thibault,30.3
2026-09-09,BSX,Richard Newitter,
2026-09-09,BXP,Michael Lewis,5.1
2026-09-09,CAH,Stephen Baxter,18.1
2026-09-09,CASY,Bonnie Herzog,21.9
2026-09-09,CCL,James Hardiman,62.6
2026-09-09,CHRW,Ariel Rosa,21.1
2026-09-09,CI,Elizabeth Anderson CFA,3.3
2026-09-09,CI,Lance Wilkes,35.7
2026-09-09,CIEN,Jim Kelleher,57.3
2026-09-09,CNC,Lance Wilkes,18.9
2026-09-09,COO,Larry Biegelsen,13.2
2026-09-09,CPT,Jeffrey Spector,28.1
2026-09-09,CRH,Timna Tanners,20.8
2026-09-09,CRM,Rishi Jaluria,0.9
2026-09-09,CRM,Samik Chatterjee,7
2026-09-09,CVS,Lance Wilkes,12
2026-09-09,CVS,Stephen Baxter,29.9
2026-09-09,CVX,Betty Jiang,-2.8
2026-09-09,DASH,Nat Schindler,36.2
2026-09-09,DECK,Unknown Analyst,-13.9
2026-09-09,DELL,Amit Daryanani,14.6
2026-09-09,DHR,Lu Li,24.9
2026-09-09,DOW,Matthew DeYoe,-0.1
2026-09-09,DVN,Unknown Analyst,21.4
2026-09-09,DXCM,Larry Biegelsen,8.4
2026-09-09,ELV,Lance Wilkes,16.5
2026-09-09,EOG,Unknown Analyst,7.2
2026-09-09,EXE,John Freeman,55
2026-09-09,EXE,Unknown Analyst,42.4
2026-09-09,F,Andrew Percoco,0.2
2026-09-09,FANG,Unknown Analyst,26.4
2026-09-09,FCX,Bob Brackett,-33.9
2026-09-09,FSLR,Aristotelis Moutopoulos,-11.5
2026-09-09,GD,Gavin Parsons,14.6
2026-09-09,GILD,Brian Abrahams,-14.4
2026-09-09,GIS,Andrew Lazar,0.4
2026-09-09,HAL,David Anderson,47.9
2026-09-09,HCA,Lance Wilkes,-0.2
2026-09-09,HD,Zhihan Ma,11.4
2026-09-09,HOOD,Dan Dolev,24.4
2026-09-09,HOOD,Unknown Analyst,51
2026-09-09,HUM,Lance Wilkes,3.7
2026-09-09,IBM,Mark Newman,-5.5
2026-09-09,IEX,Bryan Blair,20.4
2026-09-09,INTC,Unknown Analyst,6.9
2026-09-09,IVZ,Alex Bond,20.8
2026-09-09,JNJ,Trung Huynh,8.1
2026-09-09,JPM,Ebrahim Poonawala,17.9
2026-09-09,KMB,Robert Moskow,6
2026-09-09,KMI,Jeremy Tonet,16.7
2026-09-09,KR,Krisztina Katai,16.3
2026-09-09,LIN,John McNulty,17.1
2026-09-09,LOW,Zhihan Ma,29.1
2026-09-09,LULU,Matthew Boss,-4
2026-09-09,LULU,Sharon Zackfia,
2026-09-09,LULU,Unknown Analyst,-29.3
2026-09-09,MA,Daniel Perlin,22.3
2026-09-09,MAA,Jana Galan,26.6
2026-09-09,MDT,Larry Biegelsen,14.3
2026-09-09,META,Brian Nowak,19.6
2026-09-09,META,John Blackledge,15.7
2026-09-09,META,Justin Patterson,
2026-09-09,META,Justin Post,25
2026-09-09,META,Mark Mahaney,32.7
2026-09-09,MLM,Timna Tanners,19.4
2026-09-09,MRVL,Unknown Analyst,14.4
2026-09-09,MSFT,Rishi Jaluria,29.1
2026-09-09,MTD,Unknown Analyst,12.9
2026-09-09,NCLH,James Hardiman,48.4
2026-09-09,NEM,Bob Brackett,13.6
2026-09-09,NEM,Unknown Analyst,13.6
2026-09-09,NKE,Piral Dadhania,
2026-09-09,NKE,Unknown Analyst,-18.5
2026-09-09,NOC,Gavin Parsons,35.7
2026-09-09,NOW,Peter Weed,87.1
2026-09-09,NRG,Gabriele Sorbara,62.2
2026-09-09,NUE,Bill Peterson,18.7
2026-09-09,NVDA,Unknown Analyst,37.4
2026-09-09,ODFL,Ariel Rosa,24
2026-09-09,PAYX,David Grossman,12.3
2026-09-09,PAYX,Jason Kupferberg,-4.1
2026-09-09,PCG,Richard Sunderland,
2026-09-09,PM,Pallav Mittal,17.8
2026-09-09,PSX,Theresa Chen,-16.8
2026-09-09,QCOM,Sajal Dogra,29.1
2026-09-09,QCOM,Thomas O'Malley,-1.1
2026-09-09,QCOM,Unknown Analyst,4.4
2026-09-09,QCOM,Unknown Analyst,48.4
2026-09-09,RCL,James Hardiman,39.2
2026-09-09,RVTY,Eve Burstein,-3.5
2026-09-09,RVTY,Unknown Analyst,12.6
2026-09-09,SJM,Andrew Lazar,19.7
2026-09-09,SLB,Josh Silverstein,28.4
2026-09-09,STLD,Bill Peterson,13.8
2026-09-09,STX,Asiya Merchant,56.6
2026-09-09,STZ,Lauren Lieberman,7.8
2026-09-09,SW,Gabriel Simoes,
2026-09-09,SYK,Larry Biegelsen,26.3
2026-09-09,SYK,Steven Lichtman,
2026-09-09,SYK,Vik Chopra,15
2026-09-09,TMO,Eve Burstein,-5.7
2026-09-09,TTWO,James Callahan CFA,34.6
2026-09-09,UBER,Nat Schindler,39.5
2026-09-09,ULTA,Unknown Analyst,6.1
2026-09-09,UNH,Lance Wilkes,35.1
2026-09-09,UNH,Stephen Baxter,38.8
2026-09-09,V,Daniel Perlin,25.8
2026-09-09,VEEV,Stan Berenshteyn,25.8
2026-09-09,VMC,Timna Tanners,0.5
2026-09-09,VMRK,Unknown Analyst,5.3
2026-09-09,VRT,Varun Govindaraj,43.2
2026-09-09,VTRS,Daniel Clark,21.1
2026-09-09,WAT,Eve Burstein,10.2
2026-09-09,WAT,Lu Li,20
2026-09-09,WDC,Asiya Merchant,65.5
2026-09-09,WMT,Michael Baker,23.2
2026-09-09,WST,Unknown Analyst,19.9
2026-09-09,WTW,Michael Zaremski,15.6
2026-09-10,AAPL,Barton Crockett,-8.8
2026-09-10,AAPL,Brian White,0.8
2026-09-10,AAPL,David Vogt,-10.9
2026-09-10,AAPL,Erik Woodring,8.3
2026-09-10,AAPL,Krish Sankar,20.4
2026-09-10,AAPL,Laura Martin,
2026-09-10,AAPL,Martin Yang,
2026-09-10,AAPL,Samik Chatterjee,2.3
2026-09-10,AAPL,Tim Long,-26.3
2026-09-10,AAPL,Tom Forte,14.4
2026-09-10,AAPL,Wamsi Mohan,11.4
2026-09-10,ABBV,Luisa Hector,7
2026-09-10,ABBV,Rajesh Kumar,22.5
2026-09-10,ABNB,Patrick Scholes,-5.4
2026-09-10,ABT,Joanne Wuensch,22.6
2026-09-10,ADBE,Keith Bachman,7
2026-09-10,ADBE,Tyler Radke,-0.9
2026-09-10,ADM,Benjamin Theurer,3.8
2026-09-10,AMD,David O'Connor,16.2
2026-09-10,APA,Betty Jiang,-10.6
2026-09-10,APA,Tim O'Toole,38.6
2026-09-10,APTV,Tom Narayan,71.3
2026-09-10,AVGO,David O'Connor,27.1
2026-09-10,AXON,Andrew Sherman,72.1
2026-09-10,AZO,Zachary Fadem,21.7
2026-09-10,BIIB,Morten Herholdt,-19.4
2026-09-10,BKR,Charles Minervino,27
2026-09-10,BKR,David Anderson,21.9
2026-09-10,BKR,Josh Silverstein,18.5
2026-09-10,BKR,Phillip Jungwirth,27
2026-09-10,BMY,Rajesh Kumar,2.1
2026-09-10,BSX,Joanne Wuensch,32.6
2026-09-10,CASY,Bobby Griffin,21.9
2026-09-10,CASY,Bradley Thomas,26.7
2026-09-10,CASY,Corey Tarlowe,38.1
2026-09-10,CASY,Edward Kelly,21.9
2026-09-10,CASY,Kelly Bania,31.6
2026-09-10,CASY,Krisztina Katai,51.6
2026-09-10,CASY,Lisa Lewandowski,42.2
2026-09-10,CASY,Mark Carden,17
2026-09-10,CASY,Pooran Sharma,21.9
2026-09-10,CASY,Thomas Palmer,11.6
2026-09-10,CAT,Sergey Glinyanov,19.7
2026-09-10,CAT,Unknown Analyst,19.7
2026-09-10,CHD,Lauren Lieberman,-8.7
2026-09-10,CL,Lauren Lieberman,0.2
2026-09-10,CLX,Bonnie Herzog,-12.3
2026-09-10,CLX,Lauren Lieberman,-4.3
2026-09-10,CMS,Richard Sunderland,
2026-09-10,COIN,Michael Cyprys,42.6
2026-09-10,COO,Brett Fishbin,
2026-09-10,COO,David Saxon,35.4
2026-09-10,COO,Jason Bednar,9.4
2026-09-10,COO,Jeff Johnson,13.2
2026-09-10,COO,Jonathan Block,29.8
2026-09-10,COO,Patrick Wood,22.4
2026-09-10,COO,Robbie Marcus,7.6
2026-09-10,COO,Travis Steed,20.6
2026-09-10,COO,Young Li,29.8
2026-09-10,COP,Unknown Analyst,7.8
2026-09-10,CSX,Christian Wetherbee,10.3
2026-09-10,CTAS,Connor Cerniglia,-0.7
2026-09-10,DAL,Atul Maheswari,23.9
2026-09-10,DAL,Christian Wetherbee,31.4
2026-09-10,DASH,Nikhil Devnani,33.7
2026-09-10,DDOG,Steven Wahrhaftig,24.3
2026-09-10,DE,Unknown Analyst,-5.3
2026-09-10,DECK,Adrienne Yih,63.7
2026-09-10,DELL,David Paige,12.8
2026-09-10,DLR,Tom Catherwood,16.7
2026-09-10,DPZ,Andrew Charles,2.7
2026-09-10,DVN,Betty Jiang,15.5
2026-09-10,DVN,Tim O'Toole,21.4
2026-09-10,EBAY,Nikhil Devnani,6.7
2026-09-10,EFX,Kyle Peterson,
2026-09-10,EL,Lauren Lieberman,-0.1
2026-09-10,EOG,Betty Jiang,-0.2
2026-09-10,EOG,Tim O'Toole,7.2
2026-09-10,EQIX,Tom Catherwood,19.5
2026-09-10,EQT,Robert Hodges,22.1
2026-09-10,EQT,Unknown Analyst,22.1
2026-09-10,EW,Brandon Vazquez,
2026-09-10,EW,Joanne Wuensch,30.4
2026-09-10,EW,Marie Thibault,30.4
2026-09-10,EXE,Tim O'Toole,42.4
2026-09-10,EXPD,Ken Hoexter,7.5
2026-09-10,FANG,Tim O'Toole,26.4
2026-09-10,FCX,Nick Cash,2.7
2026-09-10,FDS,Toni Kaplan,15.5
2026-09-10,FDX,Ariel Rosa,15.1
2026-09-10,FDXF,David Vernon,3.7
2026-09-10,FTNT,Steven Wahrhaftig,-0.7
2026-09-10,GILD,Morten Herholdt,21.8
2026-09-10,GIS,Scott Marks CFA,-2.4
2026-09-10,GLW,Martin Yang,20.2
2026-09-10,GLW,Matthew Niknam,
2026-09-10,GOOG,Jason Helfstein,19.2
2026-09-10,GPC,Chris Dankert,27.2
2026-09-10,GPN,James Friedman,25.7
2026-09-10,HLT,Patrick Scholes,3.2
2026-09-10,HOOD,James Yaro,27.9
2026-09-10,HRL,Benjamin Theurer,45.8
2026-09-10,HSIC,Allen Lutz,24.5
2026-09-10,HST,Patrick Scholes,21.4
2026-09-10,HST,Robin M. Farley,3.4
2026-09-10,HSY,Andrew Lazar,15.4
2026-09-10,HUM,Andrew Mok CFA,-0.7
2026-09-10,HWM,Kristina Ruggeri,
2026-09-10,INTC,David O'Connor,6.9
2026-09-10,INTU,Rishi Jaluria,19.7
2026-09-10,IT,Joshua Chan,9.1
2026-09-10,JNJ,Morten Herholdt,20.5
2026-09-10,KHC,Andrew Lazar,5.7
2026-09-10,KIM,Caitlin Burrows,16.4
2026-09-10,KMB,Christopher Carey,7
2026-09-10,KMB,Lauren Lieberman,17.2
2026-09-10,KMI,John Mackay,13.4
2026-09-10,KMI,Manav Gupta,39.3
2026-09-10,KMI,Selman Akyol,13.4
2026-09-10,KMI,Theresa Chen,10.2
2026-09-10,KO,Lauren Lieberman,5.3
2026-09-10,LLY,Rajesh Kumar,-15.7
2026-09-10,LULU,Alexandra Straton,-16.1
2026-09-10,LULU,Paul Lejuez,18.2
2026-09-10,LUV,Atul Maheswari,24.9
2026-09-10,LUV,Christian Wetherbee,27.4
2026-09-10,MAR,Patrick Scholes,7.6
2026-09-10,MDLZ,Andrew Lazar,12.1
2026-09-10,MDT,Brandon Vazquez,
2026-09-10,MDT,Joanne Wuensch,20.9
2026-09-10,META,Doug Anmuth,26.5
2026-09-10,META,Jason Helfstein,
2026-09-10,MKC,Andrew Lazar,7.2
2026-09-10,MPC,Jean Ann Salisbury,3.6
2026-09-10,MRK,Daina Graybosch,11.9
2026-09-10,MRK,Jason Gerberry,15.3
2026-09-10,MRK,Rajesh Kumar,19.5
2026-09-10,MRNA,Harry Gillis,-30.5
2026-09-10,MRVL,David O'Connor,14.4
2026-09-10,NKE,Alexandra Straton,-15.8
2026-09-10,NTAP,Jim Kelleher,12.9
2026-09-10,NVDA,David O'Connor,37.4
2026-09-10,NVDA,James Schneider,37.4
2026-09-10,O,Ronald Kamdem,12.6
2026-09-10,ODFL,David Vernon,11.2
2026-09-10,OKE,John Mackay,-7.9
2026-09-10,OKE,Robert Kad,15.9
2026-09-10,OKE,Tim O'Toole,8.7
2026-09-10,ORCL,Michael Turrin,86.3
2026-09-10,ORCL,Thomas Blakey,89
2026-09-10,ORCL,Tyler Radke,119.6
2026-09-10,OXY,Robert Hodges,10.6
2026-09-10,OXY,Unknown Analyst,10.6
2026-09-10,PANW,Steven Wahrhaftig,21
2026-09-10,PAYX,Bryan Keane,29.5
2026-09-10,PCAR,Nicholas Housden,22.2
2026-09-10,PFE,Rajesh Kumar,8.2
2026-09-10,PFG,Michael Ward CFA,3.3
2026-09-10,PGR,Bob Huang,-3.5
2026-09-10,PSA,Brendan Lynch,18.4
2026-09-10,PSX,Jean Ann Salisbury,2.1
2026-09-10,QCOM,David O'Connor,4.4
2026-09-10,REGN,Brian Abrahams,-5.7
2026-09-10,REGN,Rajesh Kumar,17.7
2026-09-10,RMD,Laura Sutcliffe,10
2026-09-10,ROST,Joseph Civello,
2026-09-10,SNPS,Joseph Quatrochi,19.5
2026-09-10,SYF,Donald Fandetti,15.8
2026-09-10,SYK,Joanne Wuensch,30.6
2026-09-10,SYY,Edward Kelly,20.2
2026-09-10,TAP,Lauren Lieberman,5.3
2026-09-10,TJX,Adrienne Yih,49.2
2026-09-10,TPR,Adrienne Yih,56.1
2026-09-10,TRGP,Brandon Bingham,8.2
2026-09-10,TRGP,Theresa Chen,-2.2
2026-09-10,TRGP,Tim O'Toole,17.1
2026-09-10,TSCO,Seth Sigman,6
2026-09-10,TSN,Michael Lavery,24.6
2026-09-10,UAL,Atul Maheswari,24.7
2026-09-10,UAL,Christian Wetherbee,50.2
2026-09-10,UBER,Nikhil Devnani,32.6
2026-09-10,UBER,Oliver Lester,
2026-09-10,UNH,Andrew Mok CFA,16.3
2026-09-10,URI,Tami Zakaria,18.3
2026-09-10,VLO,Jean Ann Salisbury,1.2
2026-09-10,VLO,Theresa Chen,-17.3
2026-09-10,VLTO,Deane Dray,15.8
2026-09-10,WMB,Brandon Bingham,16.7
2026-09-10,WMB,Tim O'Toole,16.7
2026-09-10,WMT,Bradley Thomas,
2026-09-10,WMT,Robert Drbul,30.7
2026-09-10,WMT,Seth Sigman,23.2
2026-09-10,XOM,Betty Jiang,6.6
2026-09-10,XYZ,Unknown Analyst,32.6
2026-09-10,YUM,Zachary Fadem,24.2
2026-09-11,A,Blayne Curtis,5.5
2026-09-11,ABBV,Louise Chen,8.9
2026-09-11,ADBE,Adam Wood,-4.8
2026-09-11,ADBE,Arjun Bhatia,
2026-09-11,ADBE,Billy Fitzsimmons,-0.9
2026-09-11,ADBE,Brent Thill,9
2026-09-11,ADBE,Derrick Wood,-2.9
2026-09-11,ADBE,Gil Luria,15
2026-09-11,ADBE,J. Parker Lane,-10.8
2026-09-11,ADBE,Jackson Ader,-22.7
2026-09-11,ADBE,Karl Keirstead,1.1
2026-09-11,ADBE,Kirk Materne,-0.9
2026-09-11,ADBE,Matthew Swanson,24.9
2026-09-11,ADBE,Michael Turrin,7
2026-09-11,ADBE,Robert Oliver,-0.9
2026-09-11,ADBE,Saiyi He,18.9
2026-09-11,ADBE,Saket Kalia,17
2026-09-11,ADBE,Samik Chatterjee,24.9
2026-09-11,ADBE,Tal Liani,-12.8
2026-09-11,ADBE,Unknown Analyst,
2026-09-11,AEP,Shahriar Pourreza,20
2026-09-11,ALB,Laurence Alexander,79.5
2026-09-11,AMD,Ruben Roy,23
2026-09-11,AMZN,Youssef Squali,
2026-09-11,APD,Unknown Analyst,
2026-09-11,APP,Jason Bazinet,85.2
2026-09-11,ATO,Eli Jossen,10.3
2026-09-11,AWK,Gregg Orrill,17.7
2026-09-11,BAC,David Smith -CFA,
2026-09-11,BG,Manav Gupta,26.6
2026-09-11,BKR,Joe Laetsch,18.5
2026-09-11,BLDR,Sam Reid,4.4
2026-09-11,BSX,Matthew Taylor,39.6
2026-09-11,CASY,Michael Montani,25.9
2026-09-11,CDNS,Shebly Seyrafi,29.6
2026-09-11,CF,Unknown Analyst,-13.6
2026-09-11,CHRW,Ken Hoexter,47.9
2026-09-11,CLX,Anna Lizzul,13.9
2026-09-11,CLX,Filippo Falorni,10.5
2026-09-11,CLX,Javier Escalante,12.8
2026-09-11,CNC,Kevin Fischbeck,20.4
2026-09-11,CNP,Shahriar Pourreza,25.3
2026-09-11,COIN,Peter Christiansen,19.8
2026-09-11,COO,Anthony Petrone,39.1
2026-09-11,COO,Joanne Wuensch,11.3
2026-09-11,COP,Betty Jiang,9.2
2026-09-11,CPRT,Bret Jordan,56.9
2026-09-11,CPRT,Craig Kennison,26.9
2026-09-11,CPRT,Gary Prestopino,33.6
2026-09-11,CRH,Angel Castillo,57
2026-09-11,CRL,Elizabeth Anderson CFA,15
2026-09-11,CRM,J. Parker Lane,11
2026-09-11,CRM,Karl Keirstead,-3.1
2026-09-11,CRWD,Steven Wahrhaftig,20.9
2026-09-11,CTAS,Curtis Nagle,14.1
2026-09-11,CTVA,Unknown Analyst,
2026-09-11,DAL,Brandon Oglenski,18.9
2026-09-11,DECK,Jay Sole,98.1
2026-09-11,DHI,Sam Reid,5.2
2026-09-11,DOW,Unknown Analyst,
2026-09-11,DRI,Dennis Geiger,14.3
2026-09-11,DRI,Jim Salera,4.8
2026-09-11,DRI,Jon Tower,18.2
2026-09-11,EL,Stephen Powers,20.5
2026-09-11,ELV,Andrew Mok CFA,9.1
2026-09-11,ELV,Kevin Fischbeck,14.6
2026-09-11,EQIX,Irvin Liu,22.4
2026-09-11,EQT,Betty Jiang,25.8
2026-09-11,EW,Matthew Taylor,24.5
2026-09-11,FDS,Faiza Alwy,15.1
2026-09-11,FICO,Kevin Mcveigh,11.6
2026-09-11,FIS,Bill Carcache,10.1
2026-09-11,GPN,Bill Carcache,14.4
2026-09-11,GWW,Ryan Merkel,
2026-09-11,HAS,James Hardiman,16.9
2026-09-11,HOOD,David Smith -CFA,
2026-09-11,HOOD,Devin Ryan,46.6
2026-09-11,HPQ,David Paige,-7
2026-09-11,IFF,Lauren Lieberman,14.8
2026-09-11,IFF,Unknown Analyst,
2026-09-11,IP,George Staphos,33.9
2026-09-11,IP,Michael Roxland,
2026-09-11,IVZ,Glenn Schorr,14.6
2026-09-11,JKHY,Bill Carcache,6.1
2026-09-11,JNJ,Nico Chen,1.7
2026-09-11,KDP,Lauren Lieberman,21.1
2026-09-11,KMB,Michael Lavery,20.2
2026-09-11,KR,Joe Feldman,33.4
2026-09-11,KR,Robert Ohmes,45.3
2026-09-11,KR,Scott Marks CFA,23.1
2026-09-11,KR,Simeon Gutman,14.5
2026-09-11,KR,Thomas Palmer,6
2026-09-11,LEN,Sam Reid,0.5
2026-09-11,LH,David S Macdonald,12.3
2026-09-11,LH,Elizabeth Anderson CFA,9.1
2026-09-11,LH,Jared Haase,
2026-09-11,LH,Kevin Caliendo,22
2026-09-11,LH,Luke Sergott,5.9
2026-09-11,LIN,James Hooper,20.8
2026-09-11,LIN,Unknown Analyst,16.3
2026-09-11,LUV,Brandon Oglenski,47.8
2026-09-11,LVS,Robin M. Farley,30.7
2026-09-11,LYB,Unknown Analyst,
2026-09-11,LYV,Stephen Laszczyk,23.4
2026-09-11,MAS,Sam Reid,19.7
2026-09-11,MCD,Andrew Charles,11.7
2026-09-11,MCO,Owen Lau,22.3
2026-09-11,META,Ygal Arounian,0.3
2026-09-11,MGM,Robin M. Farley,15.3
2026-09-11,MLM,Philip Ng,41.2
2026-09-11,MMM,Andrew Kaplowitz,10.9
2026-09-11,MOS,Unknown Analyst,
2026-09-11,MRK,Nico Chen,25.1
2026-09-11,MRNA,Cory Kasimov,-44.4
2026-09-11,MRNA,Nico Chen,4.2
2026-09-11,MRVL,Vivek Arya,
2026-09-11,MSCI,Owen Lau,10.9
2026-09-11,MU,James Schneider,12.8
2026-09-11,NOW,Mike Cikos,17
2026-09-11,OKE,Jason Gabelman,-3.7
2026-09-11,ORCL,Billy Fitzsimmons,49.7
2026-09-11,ORCL,Brad Reback,33.1
2026-09-11,ORCL,Brent Thill,93
2026-09-11,ORCL,Brian Schwartz,83
2026-09-11,ORCL,Brian White,
2026-09-11,ORCL,Derrick Wood,59.7
2026-09-11,ORCL,Gil Luria,49.7
2026-09-11,ORCL,Jackson Ader,99.6
2026-09-11,ORCL,Karl Keirstead,66.4
2026-09-11,ORCL,Keith Bachman,29.8
2026-09-11,ORCL,Kirk Materne,63
2026-09-11,ORCL,Patrick Colville,43.1
2026-09-11,ORCL,Raimo Lenschow,67.7
2026-09-11,ORCL,Rishi Jaluria,9.8
2026-09-11,ORCL,Samik Chatterjee,33.1
2026-09-11,ORCL,Sanjit Singh,39.7
2026-09-11,ORCL,Sebastien Naji,
2026-09-11,ORCL,Tal Liani,59.7
2026-09-11,OXY,Stephen Richardson,13.9
2026-09-11,PAYX,Jared Levine,1
2026-09-11,PAYX,Kevin Mcveigh,7.9
2026-09-11,PG,Lauren Lieberman,4.6
2026-09-11,PG,Robert Ottenstein,10.8
2026-09-11,PHM,Sam Reid,22.6
2026-09-11,PKG,George Staphos,10.9
2026-09-11,PKG,Michael Roxland,
2026-09-11,PLTR,Gil Luria,49.5
2026-09-11,PLTR,John McPeake,34.5
2026-09-11,PPG,Unknown Analyst,26.1
2026-09-11,RJF,Unknown Analyst,
2026-09-11,SHW,Unknown Analyst,
2026-09-11,SPGI,Jason Haas CFA,27.8
2026-09-11,SPGI,Owen Lau,25.6
2026-09-11,SRE,Shahriar Pourreza,41.6
2026-09-11,STZ,Stephen Powers,11.1
2026-09-11,SWK,Sam Reid,6.5
2026-09-11,SWK,Unknown Analyst,17.7
2026-09-11,TEL,Colin Langan,3.8
2026-09-11,TKO,Stephen Laszczyk,15.6
2026-09-11,TRGP,Gabe Moreen,10.2
2026-09-11,TSLA,Andrew Percoco,9.5
2026-09-11,TSN,Benjamin Theurer,41.6
2026-09-11,UAL,Brandon Oglenski,45.7
2026-09-11,ULTA,Adrienne Yih,18
2026-09-11,ULTA,Dana Telsey,30.8
2026-09-11,ULTA,Michael Baker,14.3
2026-09-11,VRTX,Jessica Fye,8.6
2026-09-11,WMT,Corey Tarlowe,12
2026-09-11,WYNN,Robin M. Farley,57.4
2026-09-11,WYNN,Unknown Analyst,57.4
2026-09-12,COO,Steven Lichtman,