date,symbol,average_projected,std_projected,analyst_projections_count,projections
2026-01-28,AMCR,8.7,,1,Joseph Michael:8.7
2026-01-28,AMZN,-10.4,,1,Alexander Haissl:-10.4
2026-01-28,CCI,40.2,,1,Ric Prentiss:40.2
2026-01-28,EIX,-3.6,,1,Paul Zimbardo CFA:-3.6
2026-01-28,FISV,-3.1,,1,Unknown Analyst:-3.1
2026-01-28,GEHC,56.4,,1,Nico Chen:56.4
2026-01-28,GLW,-9.9,,1,Jim Kelleher:-9.9
2026-01-28,MA,20.3,,1,Fahed Kunwar:20.3
2026-01-28,NOC,20,,1,Michael Ciarmoli:20
2026-01-28,NOW,81.1,,1,Bradley Sills:81.1
2026-01-28,PYPL,-6.9,,1,Fahed Kunwar:-6.9
2026-01-28,ROP,15.45,18.7383,2,Brent Thill:28.7|Stephen Tusa:2.2
2026-01-28,SYY,14.2,,1,Alexander Slagle:14.2
2026-01-28,UNH,16.1,,1,Sarah James:16.1
2026-01-28,UPS,24.7,,1,Parash Jain:24.7
2026-01-28,V,3.9,,1,Fahed Kunwar:3.9
2026-01-28,WEC,14.9,,1,Julien Dumoulin Smith:14.9
2026-01-28,WST,-7.6,,1,Nico Chen:-7.6
2026-01-29,AJG,20.3,,1,Tracy Benguigui:20.3
2026-01-29,CHRW,34.2,,1,Christopher Kuhn:34.2
2026-01-29,EQT,14.7,,1,Doug Leggate:14.7
2026-01-29,GM,14.5,,1,Matthias Volkert:14.5
2026-01-29,LHX,58.8,,1,Myles Walton:58.8
2026-01-29,LUV,38.9,1.8385,2,John Staszak:40.2|Michael Linenberg:37.6
2026-01-29,META,38.9,,1,Scott Devitt:38.9
2026-01-29,PCG,52.2,,1,Steve Fleishman:52.2
2026-01-29,PPG,18.5,,1,Unknown Analyst:18.5
2026-01-29,ROP,13.3,,1,Joe Ritchie:13.3
2026-01-29,T,26.6,,1,Bryan Kraft:26.6
2026-01-29,UPS,29.6,,1,Zoe Zhang:29.6
2026-01-29,WM,17.1,,1,Stephanie Moore:17.1
2026-01-30,ARE,11.5,,1,Jonathan Petersen:11.5
2026-01-30,AVGO,10.5,,1,Chris Caso:10.5
2026-01-30,CAT,-18.1,,1,Greg Badishkanian:-18.1
2026-01-30,DECK,23.05,13.93,2,Brooke Roach:13.2|Michael Binetti:32.9
2026-01-30,DOV,27,,1,Stephen Tusa:27
2026-01-30,DOW,10.2,,1,Eric Boyes:10.2
2026-01-30,HON,18.6,,1,Peter Arment:18.6
2026-01-30,KLAC,879.8,,1,Tammy Qiu:879.8
2026-01-30,KVUE,1.2,,1,Keith Devas:1.2
2026-01-30,LMT,32.6,,1,Michael Ciarmoli:32.6
2026-01-30,MA,16.85,2.4749,2,Tien Tsin Huang:15.1|Trevor Williams:18.6
2026-01-30,MDT,33,,1,Unknown Analyst:33
2026-01-30,RCL,28.4,,1,David Katz:28.4
2026-01-30,REGN,11.3,,1,Christopher Raymond:11.3
2026-01-30,RMD,33.8,14.2836,2,Larry Biegelsen:23.7|Mark Wilson CFA:43.9
2026-01-30,TT,4,,1,Stephen Tusa:4
2026-01-30,V,10.7,0,2,Paul Golding:10.7|Trevor Williams:10.7
2026-02-01,TER,5.3,,1,Warren Lau:5.3
2026-02-02,AJG,16.5,,1,Unknown Analyst:16.5
2026-02-02,AMZN,22.7,,1,Andrew Boone:22.7
2026-02-02,CHTR,26.9,,1,Mike Ng:26.9
2026-02-02,CVX,-5.2,,1,Bill Selesky:-5.2
2026-02-02,KLAC,868.8,,1,Unknown Analyst:868.8
2026-02-02,LHX,58.8,,1,Kristine Liwag:58.8
2026-02-02,LII,34.7,,1,Stephen Tusa:34.7
2026-02-02,MA,7.2,,1,Kazuya Nishimura:7.2
2026-02-02,META,23.5,,1,Unknown Analyst:23.5
2026-02-02,MSFT,9,,1,Paul Chew:9
2026-02-02,ON,-8.1,,1,Pradeep Ramani:-8.1
2026-02-02,RVTY,-15.5,,1,Tycho Peterson:-15.5
2026-02-02,SNDK,-59.6,,1,Unknown Analyst:-59.6
2026-02-02,UNH,2.6,,1,Bram Kaplan:2.6
2026-02-02,V,-0.1,,1,Kazuya Nishimura:-0.1
2026-02-02,VZ,-13.1,,1,Eric Luebchow:-13.1
2026-02-02,WDC,-32.9,,1,Jim Kelleher:-32.9
2026-02-03,AES,8.2,,1,Julien Dumoulin Smith:8.2
2026-02-03,AXP,-13.8,,1,David George:-13.8
2026-02-03,BR,53.2,,1,Patrick O'Shaughnessy:53.2
2026-02-03,CHTR,61.2,,1,Unknown Analyst:61.2
2026-02-03,COF,29.6,,1,David George:29.6
2026-02-03,DIS,26.7,,1,Thomas Yeh:26.7
2026-02-03,GOOG,19.2,,1,Lloyd Walmsley:19.2
2026-02-03,IDXX,58.5,,1,Mark Massaro:58.5
2026-02-03,LMT,26.9,,1,Robert Czerwensky:26.9
2026-02-03,PHM,22.6,,1,Buck Horne:22.6
2026-02-03,PYPL,-12.5,,1,Saul Martinez:-12.5
2026-02-03,RVTY,-11.5,,1,Brandon Couillard:-11.5
2026-02-03,TTWO,26.45,1.6263,2,Cory Carpenter:27.6|Jason Bazinet:25.3
2026-02-04,AMCR,60.7,,1,Mark Wilson CFA:60.7
2026-02-04,AZO,58.3,,1,Michael Lasser:58.3
2026-02-04,BALL,17.7,10.6066,2,Ghansham Panjabi:25.2|Stefan Diaz:10.2
2026-02-04,CF,-45.9,,1,Mazahir Mammadli:-45.9
2026-02-04,CFG,5,,1,Unknown Analyst:5
2026-02-04,CMG,16,,1,Eric Gonzalez:16
2026-02-04,CTSH,66.7,,1,Amit Daryanani:66.7
2026-02-04,EFX,36.1,,1,Alexander Hess:36.1
2026-02-04,EMR,12.7,1.4142,2,Brett Linzey:13.7|Nicole Deblase:11.7
2026-02-04,HIG,4.9,,1,Matthew Heimermann:4.9
2026-02-04,HUBB,20.25,6.5761,2,Brett Linzey:24.9|Stephen Tusa:15.6
2026-02-04,JKHY,34.1,,1,Dan Waggoner:34.1
2026-02-04,KEY,14.5,,1,Unknown Analyst:14.5
2026-02-04,MPC,-48,,1,Suvro Sarkar:-48
2026-02-04,NXPI,-4.9,,1,Harsh Kumar:-4.9
2026-02-04,PRU,-7.7,,1,Thomas Gallagher:-7.7
2026-02-04,TDG,35.8,18.3848,2,Michael Ciarmoli:48.8|Peter Arment:22.8
2026-02-04,UBER,39.5,,1,Andrew Boone:39.5
2026-02-04,VLO,-49.5,,1,Duladeth Bik:-49.5
2026-02-04,XOM,-6.6,,1,Phillip Jungwirth:-6.6
2026-02-05,ALGN,44.5,,1,Jeff Johnson:44.5
2026-02-05,BG,6.2,,1,Pooran Sharma:6.2
2026-02-05,BSX,160.6,,1,Lee Hambright:160.6
2026-02-05,CCI,31.6,10.3238,2,Batya Levi:38.9|Maher Yaghi:24.3
2026-02-05,COST,21.6,,1,Peter Benedict:21.6
2026-02-05,CVNA,529,,1,Robert Mollins:529
2026-02-05,FOXA,17.55,1.0607,2,John Hodulik:18.3|Thomas Yeh:16.8
2026-02-05,FTNT,-23.1,,1,Madeline Brooks:-23.1
2026-02-05,FTV,18.9,,1,Robert Mason CFA:18.9
2026-02-05,GEHC,33,,1,Patrick Wood:33
2026-02-05,JKHY,27.2,0,2,Charles Nabhan:27.2|David Koning:27.2
2026-02-05,LHX,70.2,,1,John Godyn:70.2
2026-02-05,ODFL,14,,1,Richa Harnain:14
2026-02-05,ORCL,89.6,,1,Patrick Walravens:89.6
2026-02-05,PSX,-57.6,,1,Duladeth Bik:-57.6
2026-02-05,QCOM,9.9,,1,Harsh Kumar:9.9
2026-02-05,RCL,63.4,,1,Ivan Feinseth:63.4
2026-02-05,RDDT,61.6,,1,Michael Morris:61.6
2026-02-06,AMGN,6,,1,Unknown Analyst:6
2026-02-06,BIIB,-7.4,,1,William Pickering:-7.4
2026-02-06,CAT,-2.3,,1,Unknown Analyst:-2.3
2026-02-06,FTNT,-42.3,,1,Daniel Ives:-42.3
2026-02-06,GEN,9.1,,1,Madeline Brooks:9.1
2026-02-06,GWW,-9,,1,Patrick Baumann:-9
2026-02-06,IQV,-5.45,4.0305,2,Dan Leonard:-8.3|David Windley:-2.6
2026-02-06,JCI,8.2,,1,Stephen Tusa:8.2
2026-02-06,MGM,0.3,,1,Shaun Kelley:0.3
2026-02-06,ORLY,27,1.6971,2,Christopher Horvers:25.8|Tristan M. Thomas-Martin:28.2
2026-02-06,QCOM,-1.1,,1,Unknown Analyst:-1.1
2026-02-06,ROK,-75.5,,1,Noah Kaye:-75.5
2026-02-09,ADBE,7,,1,Ben Reitzes:7
2026-02-09,ALGN,32.6,,1,Sidharth Sahoo:32.6
2026-02-09,ARES,19.3,,1,Unknown Analyst:19.3
2026-02-09,CI,33.6,,1,Kevin Caliendo:33.6
2026-02-09,EMR,1.8,,1,Tommy Moll:1.8
2026-02-09,HOOD,11,,1,Steven Chubak:11
2026-02-09,IDXX,48.6,,1,David Westenberg:48.6
2026-02-09,LNT,14.5,,1,William Appicelli:14.5
2026-02-09,ORCL,6.5,,1,Ben Reitzes:6.5
2026-02-09,PLTR,7.6,,1,Shigemichi Yoshizu:7.6
2026-02-09,PNR,117.4,,1,Stephen Tusa:117.4
2026-02-09,QCOM,9.9,,1,Fang Boon Foo:9.9
2026-02-09,RDDT,55.3,,1,Ronald Josey:55.3
2026-02-09,VTR,-2.2,,1,Marie Ferguson:-2.2
2026-02-09,WEC,18.7,,1,Shelby Tucker:18.7
2026-02-09,XEL,23.2,,1,Shelby Tucker:23.2
2026-02-09,XYZ,-5.3,,1,Trevor Williams:-5.3
2026-02-10,BDX,-2.1667,9.263,3,Larry Biegelsen:-11.7|Unknown Analyst:6.8|Unknown Analyst:-1.6
2026-02-10,BKNG,24.8,,1,Robert Mollins:24.8
2026-02-10,EL,9.1,,1,Jeremy Fialko:9.1
2026-02-10,IBM,50,,1,Sachin Mittal:50
2026-02-10,ON,-1.5,,1,Harsh Kumar:-1.5
2026-02-10,REG,12.6,,1,Wes Golladay:12.6
2026-02-10,SBUX,-40.2,,1,Alison Fok:-40.2
2026-02-10,TER,-13.1,,1,Amanda Tan:-13.1
2026-02-10,UDR,16.7,,1,John Kim:16.7
2026-02-10,VST,36.8,,1,Julien Dumoulin Smith:36.8
2026-02-10,WAT,15.1,,1,Tycho Peterson:15.1
2026-02-10,WST,-14.8,,1,David Windley:-14.8
2026-02-11,DD,-53.5,,1,Laurence Alexander:-53.5
2026-02-11,DDOG,-9.6,,1,Unknown Analyst:-9.6
2026-02-11,DGX,-8.5,,1,Patrick B Donnelly:-8.5
2026-02-11,EW,18.5,,1,Larry Biegelsen:18.5
2026-02-11,FISV,35.7,,1,Charles Nabhan:35.7
2026-02-11,GILD,0.9,,1,Brian Skorney:0.9
2026-02-11,HOOD,6.6,,1,David Smith CFA:6.6
2026-02-11,MAR,1.6,,1,Unknown Analyst:1.6
2026-02-11,MDLZ,5.7,,1,Matthew Abraham:5.7
2026-02-11,MRNA,-91.7,,1,Mani Foroohar:-91.7
2026-02-11,TRMB,61.3,,1,Nay Soe Naing:61.3
2026-02-11,YUM,27.8,,1,Gregory Francfort:27.8
2026-02-12,AMCR,27.6,,1,Anthony Pettinari:27.6
2026-02-12,BAX,-20.2,,1,Matthew Taylor:-20.2
2026-02-12,CRWD,115.7,,1,Stephen Bersey:115.7
2026-02-12,ECL,23.1,,1,Michael Harrison CFA:23.1
2026-02-12,EW,6.7,,1,Danielle Antalffy:6.7
2026-02-12,GOOG,3.7,,1,Joseph Parkhill:3.7
2026-02-12,HII,43,,1,Ronald Epstein:43
2026-02-12,HLT,-3.7,,1,Unknown Analyst:-3.7
2026-02-12,ODFL,22.4,,1,Kristina Ruggeri:22.4
2026-02-12,PFE,-2.6,,1,Narumi Nakagiri:-2.6
2026-02-12,TRMB,37,,1,Unknown Analyst:37
2026-02-12,TSLA,50.5,,1,Ivan Feinseth:50.5
2026-02-12,VRT,9.3,,1,Nicole Deblase:9.3
2026-02-13,AEP,15.1,,1,Steve Fleishman:15.1
2026-02-13,AMAT,-6.9,,1,Leon Chen:-6.9
2026-02-13,ANET,-5.8,,1,Mike Ng:-5.8
2026-02-13,CHD,-3.3,,1,Edward Lewis:-3.3
2026-02-13,CLX,33.3,,1,Edward Lewis:33.3
2026-02-13,CRM,27.2,,1,Patrick Walravens:27.2
2026-02-13,DUK,19.7,,1,Shelby Tucker:19.7
2026-02-13,EXPE,-13.1,,1,Lee Horowitz:-13.1
2026-02-13,GLW,-18.9,,1,Stephen Bersey:-18.9
2026-02-13,HBAN,36.4,,1,Steven Alexopoulos:36.4
2026-02-13,KIM,7.8,,1,Wes Golladay:7.8
2026-02-13,KMB,44.7,,1,Unknown Analyst:44.7
2026-02-13,MRK,4.2,,1,James Shin:4.2
2026-02-13,ON,-22.5,,1,Richard Edwards:-22.5
2026-02-13,PCG,52.2,,1,Unknown Analyst:52.2
2026-02-13,PG,8.1,,1,Unknown Analyst:8.1
2026-02-13,TTWO,26.7,,1,Andy Yu CFA:26.7
2026-02-13,TYL,48.5,,1,Trevor J. Walsh:48.5
2026-02-13,WST,-5.4,5.0912,2,Dan Leonard:-1.8|Justin Bowers:-9
2026-02-15,DUK,13,,1,Pei Hwa Ho:13
2026-02-16,HLT,9.4,,1,Unknown Analyst:9.4
2026-02-16,IFF,10,,1,Edlain Rodriguez:10
2026-02-17,APA,-46.3,,1,Michael Scialla:-46.3
2026-02-17,CVX,-4.2,,1,James West:-4.2
2026-02-17,DG,-10.9,,1,Unknown Analyst:-10.9
2026-02-17,DLTR,39.6,,1,Sam Hudson:39.6
2026-02-17,HWM,11.9,,1,Noah Poponak:11.9
2026-02-17,MRSH,27.2,,1,Gregory Peters:27.2
2026-02-17,NFLX,55,,1,Hamilton Faber:55
2026-02-17,PANW,-27.4,,1,Madeline Brooks:-27.4
2026-02-17,WBD,10.6,,1,Hamilton Faber:10.6
2026-02-17,WMT,40,,1,Sam Hudson:40
2026-02-18,CDNS,31.3,,1,Unknown Analyst:31.3
2026-02-18,DTE,26.7,,1,Ryan Levine:26.7
2026-02-18,EQT,16.5,,1,Cameron Bean:16.5
2026-02-18,EXE,58.2,,1,Cameron Bean:58.2
2026-02-18,GPN,1.9,,1,Tien Tsin Huang:1.9
2026-02-18,KVUE,1.2,,1,Javier Escalante:1.2
2026-02-18,MDLZ,12.1,,1,Christopher Carey:12.1
2026-02-18,PPG,21.3,,1,Eric Boyes:21.3
2026-02-18,TMUS,31.6,,1,Jonathan Kees:31.6
2026-02-18,VZ,14.6,,1,Jonathan Kees:14.6
2026-02-19,ADI,5.6,,1,David Williams:5.6
2026-02-19,BKNG,46.2,44.5477,2,Meredith Prichard Jensen:77.7|Shyam Patil:14.7
2026-02-19,CVNA,514.5,,1,Scott Devitt:514.5
2026-02-19,ES,12.4,,1,Shelby Tucker:12.4
2026-02-19,ETN,-13,,1,Joe O'Dea:-13
2026-02-19,FE,10.6,,1,Anthony Crowdell:10.6
2026-02-19,GOOGL,32.9,,1,Ivan Feinseth:32.9
2026-02-19,OMC,3.8,,1,Thomas Yeh:3.8
2026-02-19,PODD,203.1,,1,Matthew Taylor:203.1
2026-02-19,SO,11.3,,1,William Appicelli:11.3
2026-02-19,WMT,22.3,,1,Joe Thomas:22.3
2026-02-20,AEE,21.1,,1,William Appicelli:21.1
2026-02-20,AES,31.85,33.4462,2,David Arcaro:55.5|Lilyanna Yang:8.2
2026-02-20,AKAM,-32.6,,1,Mark Murphy:-32.6
2026-02-20,CNP,20.2,,1,Ryan Levine:20.2
2026-02-20,CRH,35.5,,1,Brent Thielman:35.5
2026-02-20,DASH,23.8,,1,Andrew Boone:23.8
2026-02-20,EBAY,-9.5,3.2527,2,Scott Devitt:-7.2|Unknown Analyst:-11.8
2026-02-20,ED,9.9,,1,Andrew Weisel:9.9
2026-02-20,EIX,48.2,,1,Shelby Tucker:48.2
2026-02-20,EXC,18.2,,1,Joseph Parkhill:18.2
2026-02-20,INVH,25.3,2.5456,2,Aaron Hecht:27.1|Austin Wurschmidt:23.5
2026-02-20,PWR,-19.3,,1,Gus Richard:-19.3
2026-02-20,SNPS,14.5,,1,Frank Lee CFA:14.5
2026-02-20,SO,18.2,,1,Andrew Weisel:18.2
2026-02-20,STT,-22.4,,1,Emily Ericksen:-22.4
2026-02-22,SW,43.5,,1,Reinhardt van der Walt:43.5
2026-02-23,CAT,7.3,,1,Unknown Analyst:7.3
2026-02-23,CHD,22.1,,1,Rupesh Parikh:22.1
2026-02-23,ED,22.1,,1,Ryan Levine:22.1
2026-02-23,EXE,29.7,,1,Sam Margolin:29.7
2026-02-23,FISV,33.8,,1,Hal Goetsch:33.8
2026-02-23,GPN,-0.3,,1,Ramsey El Assal:-0.3
2026-02-23,GRMN,-34.6,,1,Ronald Epstein:-34.6
2026-02-23,KHC,1.6,,1,John Baumgartner:1.6
2026-02-23,NVDA,14.5,,1,Stefan Chang:14.5
2026-02-23,PCAR,16.5,,1,Unknown Analyst:16.5
2026-02-23,PPL,15.9,6.2225,2,Ryan Levine:11.5|William Appicelli:20.3
2026-02-24,AWK,12.6,,1,Unknown Analyst:12.6
2026-02-24,CMCSA,7.1,,1,Sam McHugh:7.1
2026-02-24,DPZ,41.2,,1,Gregory Francfort:41.2
2026-02-24,ED,5.2,,1,Shelby Tucker:5.2
2026-02-24,FIS,44.2,,1,James Friedman:44.2
2026-02-24,HSIC,-1.5,,1,Michael Cherny:-1.5
2026-02-24,QCOM,1.7,,1,Gary Mobley:1.7
2026-02-24,WDAY,2.3,,1,Mark Marcon:2.3
2026-02-25,ABBV,-10.5,,1,Nico Chen:-10.5
2026-02-25,AFL,2.4,,1,Elyse Greenspan:2.4
2026-02-25,CRL,-37.1,,1,Dan Leonard:-37.1
2026-02-25,CRWD,124.9,,1,Todd Weller CFA:124.9
2026-02-25,EOG,-5.7,,1,Unknown Analyst:-5.7
2026-02-25,FIS,57.3,,1,Tien Tsin Huang:57.3
2026-02-25,GDDY,7.1,,1,Stephen Ju:7.1
2026-02-25,HAS,28.9,,1,Xian Siew:28.9
2026-02-25,HSIC,-1.5,,1,Unknown Analyst:-1.5
2026-02-25,LOW,42.3,,1,Robert Ohmes:42.3
2026-02-25,TTD,74.3,,1,Rob Sanderson:74.3
2026-02-25,WDAY,42.7,,1,Bradley Sills:42.7
2026-02-26,AJG,16.5,,1,Cave Montazeri:16.5
2026-02-26,CRM,-19.3,,1,Unknown Analyst:-19.3
2026-02-26,FSLR,22,,1,Unknown Analyst:22
2026-02-26,LHX,63.75,10.3945,2,Michael Ciarmoli:56.4|Peter Arment:71.1
2026-02-26,MCO,18.7,,1,Faiza Alwy:18.7
2026-02-26,NDAQ,10.8,,1,Unknown Analyst:10.8
2026-02-26,PM,9.9,,1,Taylor Conrad:9.9
2026-02-26,PNW,10.3,4.3841,2,Anthony Crowdell:7.2|Ryan Levine:13.4
2026-02-26,PSKY,8.5,6.6468,2,Bryan Kraft:13.2|Thomas Yeh:3.8
2026-02-26,RSG,-1.2,,1,Unknown Analyst:-1.2
2026-02-26,SWK,23.3,,1,Brett Linzey:23.3
2026-02-26,TJX,44.4,,1,Krisztina Katai:44.4
2026-02-26,TKO,13,,1,Benjamin Swinburne:13
2026-02-26,TTD,18.5,,1,Daniel Salmon:18.5
2026-02-27,ADSK,52.4,6.1221,3,Alexei Gogolev:58.2|Steven Koenig:46|Will Jellison:53
2026-02-27,AEP,7,,1,William Appicelli:7
2026-02-27,HST,21.4,,1,Chris Woronka:21.4
2026-02-27,LYV,13.4,,1,Ed Vyvyan:13.4
2026-02-27,O,14.3,,1,Richard Anderson:14.3
2026-02-27,PEG,27.1,,1,Andrew Weisel:27.1
2026-02-27,SBAC,38,,1,Batya Levi:38
2026-02-27,WBD,11,0.5657,2,Andrew Beale:11.4|Bryan Kraft:10.6
2026-03-01,NDSN,3.3,,1,Walter Liptak:3.3
2026-03-02,ADSK,55.4,,1,Bhavin Shah:55.4
2026-03-02,APP,5,,1,David Mak:5
2026-03-02,D,4.1,,1,Andrew Weisel:4.1
2026-03-02,ESS,3,,1,Unknown Analyst:3
2026-03-02,NSC,9.3,,1,Stephanie Moore:9.3
2026-03-02,PYPL,2.4,,1,Unknown Analyst:2.4
2026-03-02,REG,12.6,,1,Ki Bin Kim:12.6
2026-03-02,XYZ,-2.8,,1,Saul Martinez:-2.8
2026-03-03,AES,1.4,,1,Anthony Crowdell:1.4
2026-03-03,AVGO,24.3,,1,Frank Lee CFA:24.3
2026-03-03,AZO,53,,1,John Heinbockel:53
2026-03-03,GEHC,48.6,,1,David Toung:48.6
2026-03-03,MAA,20.2,,1,Michael Gorman:20.2
2026-03-03,OTIS,57.7,,1,Lewis Merrick:57.7
2026-03-03,PANW,-44,,1,Adam Shepherd:-44
2026-03-03,PEG,40.9,,1,William Appicelli:40.9
2026-03-03,REG,11.2,,1,Michael Mueller:11.2
2026-03-03,SHW,23.7,,1,Unknown Analyst:23.7
2026-03-04,AZO,42.5,,1,Greg Melich:42.5
2026-03-04,COO,57.7,,1,Issie Kirby:57.7
2026-03-04,CRWD,103.15,13.6472,2,Brad Zelnick:112.8|Steven Koenig:93.5
2026-03-04,DHI,12.4,,1,Unknown Analyst:12.4
2026-03-04,DOW,30.9,,1,Aleksey Yefremov:30.9
2026-03-04,LYB,14.6,,1,Aleksey Yefremov:14.6
2026-03-04,MU,-33.4,,1,Warren Lau:-33.4
2026-03-04,NKE,92.9,,1,Alison Fok:92.9
2026-03-04,NVDA,37.4,,1,Bhavtosh Vajpayee:37.4
2026-03-04,NVR,25,,1,Unknown Analyst:25
2026-03-04,PHM,43.8,,1,Unknown Analyst:43.8
2026-03-04,TDY,12.6,,1,Christopher Snyder:12.6
2026-03-04,VEEV,15.9,,1,Bradley Sills:15.9
2026-03-05,AEP,24.1,,1,Nicholas Amicucci:24.1
2026-03-05,AES,1.4,,1,Nicholas Amicucci:1.4
2026-03-05,APA,-10.6,,1,Subash Chandra:-10.6
2026-03-05,AVGO,17.4,,1,Jim Kelleher:17.4
2026-03-05,DAL,-12.4,,1,James Goodall:-12.4
2026-03-05,DASH,26.3,,1,Lloyd Walmsley:26.3
2026-03-05,EBAY,-15.5,,1,Kevin Wang:-15.5
2026-03-05,EXE,30.8,,1,Subash Chandra:30.8
2026-03-05,EXPE,-12.8,,1,Lloyd Walmsley:-12.8
2026-03-05,FANG,-4.9,,1,Subash Chandra:-4.9
2026-03-05,GL,5.7,,1,Jimmy Bhullar:5.7
2026-03-05,INCY,-9.4,,1,Unknown Analyst:-9.4
2026-03-05,KMI,19.9,,1,Gabe Moreen:19.9
2026-03-05,LII,63.9,,1,Unknown Analyst:63.9
2026-03-05,LUV,-10.8,,1,James Goodall:-10.8
2026-03-05,MRSH,27.7,,1,Jimmy Bhullar:27.7
2026-03-05,NFLX,48.6,,1,Ken Leon:48.6
2026-03-05,PEG,32.6,,1,Nicholas Amicucci:32.6
2026-03-05,PFG,-11.3,,1,Jimmy Bhullar:-11.3
2026-03-05,PLD,6.8,,1,Craig Mailman:6.8
2026-03-05,SO,27.3,,1,Nicholas Amicucci:27.3
2026-03-05,SYK,68.7,,1,Unknown Analyst:68.7
2026-03-05,TTD,178.9,,1,Douglas Arthur:178.9
2026-03-05,UAL,0.2,,1,James Goodall:0.2
2026-03-05,VEEV,23.5,,1,Unknown Analyst:23.5
2026-03-06,INTU,78.8,,1,Kartik Mehta CFA:78.8
2026-03-06,MRVL,-53.4,,1,Leon Chen:-53.4
2026-03-06,SO,28.5,,1,Shelby Tucker:28.5
2026-03-06,SRE,20,,1,William Appicelli:20
2026-03-06,UNP,9.4,,1,Unknown Analyst:9.4
2026-03-09,DOW,29.2,2.4042,2,Frank Mitsch:30.9|Kevin McCarthy:27.5
2026-03-09,GEV,14.9,,1,Simon Toyne:14.9
2026-03-09,LYB,17,1.1314,2,Frank Mitsch:16.2|Kevin McCarthy:17.8
2026-03-09,WBD,10.6,,1,Steven Cahall:10.6
2026-03-09,WMB,0.2,,1,Unknown Analyst:0.2
2026-03-10,AMGN,-7.2,,1,Akash Tewari:-7.2
2026-03-10,AVY,9.2,,1,John Dunigan:9.2
2026-03-10,AZO,49.5,,1,Brian Nagel:49.5
2026-03-10,CRM,21.1,,1,Unknown Analyst:21.1
2026-03-10,DOW,34.3,,1,Laurence Alexander:34.3
2026-03-10,INTU,117.7,,1,Omar Sheikh:117.7
2026-03-10,L,83.8,,1,Unknown Analyst:83.8
2026-03-10,LYB,9.9,,1,Laurence Alexander:9.9
2026-03-10,NOW,62.2,,1,Omar Sheikh:62.2
2026-03-10,ORCL,43.1,,1,Robert Oliver:43.1
2026-03-10,T,7.4,,1,Andrew Beale:7.4
2026-03-10,WDAY,13.1,,1,Omar Sheikh:13.1
2026-03-11,BG,6.2,,1,Salvator Tiano:6.2
2026-03-11,D,-0.6,,1,Jeremy Tonet:-0.6
2026-03-11,FISV,84.2,,1,Ivan Feinseth:84.2
2026-03-11,REGN,13.9,,1,Akash Tewari:13.9
2026-03-11,VRTX,1.9,,1,Joon Lee:1.9
2026-03-12,ADBE,82.4,,1,Bradley Sills:82.4
2026-03-12,AEP,12.7,,1,Jeremy Tonet:12.7
2026-03-12,APA,-17.3,,1,Mark Lear:-17.3
2026-03-12,DVN,33.4,,1,Mark Lear:33.4
2026-03-12,FANG,21,,1,Mark Lear:21
2026-03-12,HWM,21.9,,1,Michael Ciarmoli:21.9
2026-03-12,OXY,7.4,,1,Mark Lear:7.4
2026-03-12,RSG,14.5,,1,Adam Bubes:14.5
2026-03-13,ADBE,22.9,,1,Brad Zelnick:22.9
2026-03-13,FDS,5.9,,1,Unknown Analyst:5.9
2026-03-13,INTC,-65,,1,James Hooper:-65
2026-03-13,MA,29.1,,1,Ivan Feinseth:29.1
2026-03-13,PEG,16.7,,1,Paul Fremont:16.7
2026-03-13,RSG,33.3,,1,Brad Hewitt:33.3
2026-03-13,VMC,34.5,,1,Unknown Analyst:34.5
2026-03-15,INCY,-22.6,,1,Faisal Khurshid:-22.6
2026-03-16,AON,37.4,,1,Roman Schweizer:37.4
2026-03-16,BF.B,-4.7,,1,Peter Grom:-4.7
2026-03-16,ETN,1.1,,1,Stephen Volkmann:1.1
2026-03-16,ICE,30.9,,1,Unknown Analyst:30.9
2026-03-16,INTU,44,,1,Stefan Slowinski:44
2026-03-16,NOW,5.6,,1,Stefan Slowinski:5.6
2026-03-16,NVDA,74.1,,1,Ben Reitzes:74.1
2026-03-16,TTD,74.3,,1,Rocco Strauss:74.3
2026-03-17,APD,8.4,,1,Bill Selesky:8.4
2026-03-17,BSX,144.3,,1,Danielle Antalffy:144.3
2026-03-17,COR,24.4,,1,David Toung:24.4
2026-03-17,HBAN,18.6,,1,Dan Waggoner:18.6
2026-03-17,ISRG,49,,1,Danielle Antalffy:49
2026-03-17,JNJ,5.4,,1,Danielle Antalffy:5.4
2026-03-17,NFLX,55,,1,Joseph Bonner:55
2026-03-17,SYK,37.9,,1,Danielle Antalffy:37.9
2026-03-17,T,19,,1,John Hodulik:19
2026-03-17,TMUS,23.4,,1,Michael Rollins:23.4
2026-03-18,AJG,61.5,,1,Unknown Analyst:61.5
2026-03-18,EXR,11.9,0,2,John Paul:11.9|Unknown Analyst:11.9
2026-03-18,ISRG,30,,1,Nico Chen:30
2026-03-18,KO,-1.5,,1,James Edwardes Jones:-1.5
2026-03-18,MDT,-1.1,,1,Nico Chen:-1.1
2026-03-18,META,45.8,,1,Ivan Feinseth:45.8
2026-03-18,SYK,63.3,,1,Nico Chen:63.3
2026-03-18,XYZ,-30.6,,1,Fahed Kunwar:-30.6
2026-03-19,ACN,37.6,,1,Arun Viswanathan:37.6
2026-03-19,AFL,3.2,,1,Wilma Burdis:3.2
2026-03-19,BALL,18.5,,1,Rishi Jaluria:18.5
2026-03-19,DRI,14.3,,1,Christine Cho:14.3
2026-03-19,DTE,26,,1,William Appicelli:26
2026-03-19,GIS,8.8,,1,John Baumgartner:8.8
2026-03-19,KIM,7.8,,1,Cooper Clark:7.8
2026-03-19,MA,5.4,,1,Alexandre Faure:5.4
2026-03-19,WSM,-6.05,7.8489,2,Peter Benedict:-0.5|Unknown Analyst:-11.6
2026-03-20,ACN,50.9,44.2649,2,Jim Kelleher:82.2|Phani Kanumuri:19.6
2026-03-20,AEE,9.6,,1,Marie Ferguson:9.6
2026-03-20,BDX,1.2,,1,David Toung:1.2
2026-03-20,CCI,34.9,,1,Unknown Analyst:34.9
2026-03-20,CVX,0.4,,1,Kim Fustier:0.4
2026-03-20,DRI,10.5,,1,Jeff Bernstein:10.5
2026-03-20,EQT,1.7,,1,Mark Lear:1.7
2026-03-20,FDX,15.4,,1,Parash Jain:15.4
2026-03-20,OMC,44.3,,1,Joseph Barnet-Lamb:44.3
2026-03-20,OXY,10.6,,1,Samantha Hoh:10.6
2026-03-20,PSX,-46,,1,Paul Cheng:-46
2026-03-20,VTRS,3,,1,Unknown Analyst:3
2026-03-22,LMT,44.2,,1,Richard Safran:44.2
2026-03-23,BA,41.6,,1,Adrien Rabier:41.6
2026-03-23,DRI,12,,1,Nick Setyan:12
2026-03-23,FDX,53.5,,1,Richa Harnain:53.5
2026-03-23,MSFT,-19.3,,1,Ben Reitzes:-19.3
2026-03-23,PCG,37.7,,1,Julien Dumoulin Smith:37.7
2026-03-23,PTC,22.3,,1,Siti Panigrahi:22.3
2026-03-24,ARES,12.4,,1,Michael Brown:12.4
2026-03-24,BX,6.6,,1,Michael Brown:6.6
2026-03-24,COO,91.1,,1,Matt Miksic:91.1
2026-03-24,CVS,3.5,,1,Michael Cherny:3.5
2026-03-24,ES,-16.8,,1,Paul Zimbardo CFA:-16.8
2026-03-24,PGR,-1.2,,1,Andrew Andersen:-1.2
2026-03-24,REG,9.9,,1,Nicholas Yulico:9.9
2026-03-24,SOLV,-31.4,,1,Unknown Analyst:-31.4
2026-03-24,VRT,26.4,,1,Wesley Brooks:26.4
2026-03-25,AMZN,22.7,,1,Ivan Feinseth:22.7
2026-03-25,DG,36.5,,1,Unknown Analyst:36.5
2026-03-25,EXC,34.4,,1,Ryan Levine:34.4
2026-03-25,GM,12.1,,1,Emmanuel Rosner:12.1
2026-03-25,MDLZ,-11.9,,1,Bingqing Zhu:-11.9
2026-03-25,NRG,58.6,,1,Ryan Levine:58.6
2026-03-25,PH,14.7,,1,Raj Ray:14.7
2026-03-25,WRB,4.4,0,2,Robert Farnam:4.4|Unknown Analyst:4.4
2026-03-25,YUM,4.4,,1,Unknown Analyst:4.4
2026-03-26,A,-1.3,,1,Jack Meehan:-1.3
2026-03-26,CTVA,-7,,1,Unknown Analyst:-7
2026-03-26,GNRC,25.65,9.8288,2,Andrea James:18.7|Dimple Gosai:32.6
2026-03-26,GOOG,-1.6,,1,Brian Nowak:-1.6
2026-03-26,PAYX,7.9,,1,Mark Marcon:7.9
2026-03-26,RVTY,-27.6,,1,Jack Meehan:-27.6
2026-03-26,TSN,35.9,,1,John Baumgartner:35.9
2026-03-26,UBER,39.5,,1,Brian Nowak:39.5
2026-03-26,WAB,0.6,,1,Oliver Holmes:0.6
2026-03-27,ADP,-18,,1,Unknown Analyst:-18
2026-03-27,AME,4.6,,1,Raj Ray:4.6
2026-03-27,BSX,104.7,,1,Jayson Bedford:104.7
2026-03-27,CCL,51.85,27.6479,2,Benjamin Chaiken:71.4|Meredith Prichard Jensen:32.3
2026-03-27,DOV,25.4,,1,Raj Ray:25.4
2026-03-27,ECL,16.2,,1,Andres Castanos-Mollor:16.2
2026-03-27,EMR,-1.4,,1,Raj Ray:-1.4
2026-03-27,ES,8,,1,William Appicelli:8
2026-03-27,ETN,0.6,,1,Raj Ray:0.6
2026-03-27,FRT,4.1,,1,Linda Tsai:4.1
2026-03-27,GOOG,19.2,,1,Laura Martin:19.2
2026-03-27,HON,34.9,,1,Michael Goldie:34.9
2026-03-27,IEX,-4.6,,1,Raj Ray:-4.6
2026-03-27,NKE,87.5,,1,Amit Daryanani:87.5
2026-03-29,MRK,-16.6,,1,Carter Gould:-16.6
2026-03-30,ADI,2.7,,1,Alexi de Unger:2.7
2026-03-30,AME,-2.8,,1,Richard Eastman:-2.8
2026-03-30,AMT,15.3,,1,Unknown Analyst:15.3
2026-03-30,ANET,-19.3,,1,Unknown Analyst:-19.3
2026-03-30,CCI,19,,1,Unknown Analyst:19
2026-03-30,CMG,2.2,,1,Stephen J McManus:2.2
2026-03-30,CRWD,117.7,0,2,Alex Zukin:117.7|Joshua Tilton:117.7
2026-03-30,CSCO,-16.2,,1,Unknown Analyst:-16.2
2026-03-30,CTVA,8.5,,1,Alexandra Yates:8.5
2026-03-30,CVS,-0.7,,1,Courtney Breen:-0.7
2026-03-30,DELL,-70,,1,Unknown Analyst:-70
2026-03-30,DLR,9.8,,1,Anthony Hau:9.8
2026-03-30,EQIX,8.6,,1,Anthony Hau:8.6
2026-03-30,FISV,20.2,0,2,Dominick Gabriele:20.2|Unknown Analyst:20.2
2026-03-30,FITB,-1.3,,1,Scott Siefers:-1.3
2026-03-30,GPN,119.7,,1,Hal Goetsch:119.7
2026-03-30,HCA,26.7,,1,Courtney Breen:26.7
2026-03-30,HPE,-50.1,,1,Unknown Analyst:-50.1
2026-03-30,JKHY,22.3,0,2,Dominick Gabriele:22.3|Unknown Analyst:22.3
2026-03-30,JPM,-8.8,,1,Scott Siefers:-8.8
2026-03-30,KEYS,-8.5,0,2,Richard Eastman:-8.5|Unknown Analyst:-8.5
2026-03-30,LYV,11.7,,1,Unknown Analyst:11.7
2026-03-30,MA,10.9,0,2,Dominick Gabriele:10.9|Unknown Analyst:10.9
2026-03-30,MRK,-4.8,,1,Steve Scala:-4.8
2026-03-30,MTB,-14.5,,1,Unknown Analyst:-14.5
2026-03-30,PYPL,-14.4,,1,Unknown Analyst:-14.4
2026-03-30,RF,-7.1,,1,Scott Siefers:-7.1
2026-03-30,ROK,-4.3,,1,Richard Eastman:-4.3
2026-03-30,SBAC,4.1,,1,Unknown Analyst:4.1
2026-03-30,SBUX,-14.9,,1,Stephen J McManus:-14.9
2026-03-30,TER,-12.6,,1,Richard Eastman:-12.6
2026-03-30,TFC,9.1,,1,Mike Mayo:9.1
2026-03-30,TKO,26.1,,1,Matthew Condon:26.1
2026-03-30,TRMB,47.4,0,2,Quinn Fredrickson:47.4|Richard Eastman:47.4
2026-03-30,V,4.5,0,2,Dominick Gabriele:4.5|Unknown Analyst:4.5
2026-03-30,XYZ,-5.3,0,2,Dominick Gabriele:-5.3|Unknown Analyst:-5.3
2026-03-31,APH,72.8,,1,Stephen Volkmann:72.8
2026-03-31,AVY,18.1,,1,Hillary Cacanando:18.1
2026-03-31,BAC,-12.3,,1,Saul Martinez:-12.3
2026-03-31,C,-6.4,,1,Saul Martinez:-6.4
2026-03-31,CCL,40.7,,1,Chris Woronka:40.7
2026-03-31,EMR,15,,1,Stephen Volkmann:15
2026-03-31,GE,-7,,1,Jairam Nathan:-7
2026-03-31,GOOG,2.8,,1,Mark Shmulik:2.8
2026-03-31,LIN,5.1,,1,Martin Roediger:5.1
2026-03-31,META,38.9,,1,Stacy Rasgon:38.9
2026-03-31,MTB,-2,,1,Scott Siefers:-2
2026-03-31,NUE,-19.1,,1,Unknown Analyst:-19.1
2026-03-31,PCAR,2.7,,1,Lewis Merrick:2.7
2026-03-31,PNC,-4.2,,1,Saul Martinez:-4.2
2026-03-31,ROK,14.4,,1,Stephen Volkmann:14.4
2026-03-31,TEL,17.9,,1,Alex Dwyer:17.9
2026-03-31,TFC,9.1,,1,Saul Martinez:9.1
2026-03-31,USB,0.3,,1,Saul Martinez:0.3
2026-03-31,VICI,36.9,,1,Jay Kornreich:36.9
2026-03-31,WAB,2.4,0,2,Stephen Volkmann:2.4|Unknown Analyst:2.4
2026-03-31,WFC,4.1,,1,Saul Martinez:4.1
2026-04-01,CRWD,141.8,,1,Unknown Analyst:141.8
2026-04-01,DG,16.4,,1,Unknown Analyst:16.4
2026-04-01,EOG,-0.2,,1,Mark Lear:-0.2
2026-04-01,EW,9,,1,Michael Polark:9
2026-04-01,FANG,9.8,,1,Unknown Analyst:9.8
2026-04-01,FCX,-13.6,,1,Unknown Analyst:-13.6
2026-04-01,GOOG,10.3,,1,Justin Patterson:10.3
2026-04-01,HIG,9.3,,1,Wood Lay:9.3
2026-04-01,LII,31.1,,1,Joe O'Dea:31.1
2026-04-01,MA,-3.4,,1,David Togut:-3.4
2026-04-01,MDT,31.9,,1,Matt Miksic:31.9
2026-04-01,MSFT,-9.2,,1,Unknown Analyst:-9.2
2026-04-01,O,17.6,,1,Omotayo Okusanya:17.6
2026-04-01,PANW,-39.5,,1,Unknown Analyst:-39.5
2026-04-02,COP,9.2,,1,Alastair Syme:9.2
2026-04-02,CVX,9.8,,1,Alastair Syme:9.8
2026-04-02,DDOG,4,,1,Unknown Analyst:4
2026-04-02,EXE,31.8,,1,Paul Diamond CFA:31.8
2026-04-02,GL,-2.4,,1,John Barnidge:-2.4
2026-04-02,GOOG,7.6,,1,Ken Gawrelski:7.6
2026-04-02,LLY,12,,1,Steve Scala:12
2026-04-02,MLM,37.3,,1,Rohit Seth:37.3
2026-04-02,RTX,22.4,,1,Scott Mikus:22.4
2026-04-02,UDR,19.6,0,2,Austin Wurschmidt:19.6|Unknown Analyst:19.6
2026-04-02,WEC,10.1,,1,Ross Fowler:10.1
2026-04-03,CCL,89,,1,Matthew Boss:89
2026-04-05,SBAC,-1.9,,1,Jonathan Petersen:-1.9
2026-04-06,ADM,-11.2,,1,Dushyant Ailani:-11.2
2026-04-06,CME,-0.2,,1,Unknown Analyst:-0.2
2026-04-06,FDX,28.2,,1,Kristina Ruggeri:28.2
2026-04-06,LEN,-7,,1,Kenneth Zener:-7
2026-04-06,MCD,40.6,,1,Brian Bittner:40.6
2026-04-06,MDT,26.4,,1,David Toung:26.4
2026-04-06,NVR,-8.1,,1,Kenneth Zener:-8.1
2026-04-06,PCAR,-1.3,,1,Sherif El-Sabbahy:-1.3
2026-04-06,PHM,-15.4,,1,Kenneth Zener:-15.4
2026-04-06,PSX,-26,,1,Doug Leggate:-26
2026-04-06,RJF,-16.4,,1,Daniel Fannon:-16.4
2026-04-06,SHW,11.3,,1,Laurence Alexander:11.3
2026-04-06,TMO,12.3,,1,Patrick B Donnelly:12.3
2026-04-06,TSLA,47.2,,1,Ben Kallo:47.2
2026-04-06,WRB,-5.6,,1,Kelly Motta:-5.6
2026-04-07,AVGO,3.6,,1,Dan Waggoner:3.6
2026-04-07,BKNG,12.1,,1,Amanda Tan:12.1
2026-04-07,EFX,46.7,,1,Rayna Kumar:46.7
2026-04-07,EQT,31.3,,1,Jeoffrey Lambujon:31.3
2026-04-07,EXE,26.5,,1,Phillip Jungwirth:26.5
2026-04-07,FITB,0.5,,1,Ryan Nash:0.5
2026-04-07,IQV,-23.6,,1,Patrick B Donnelly:-23.6
2026-04-07,IR,31.6,,1,Joe Ritchie:31.6
2026-04-07,JBHT,-9.8,,1,Scott Group:-9.8
2026-04-07,ODFL,2.9,,1,Scott Group:2.9
2026-04-07,PH,9.4,,1,Joe Ritchie:9.4
2026-04-07,TROW,-24.7,,1,Unknown Analyst:-24.7
2026-04-07,WAT,4.1,,1,Patrick B Donnelly:4.1
2026-04-07,XEL,31.1,,1,Julien Dumoulin Smith:31.1
2026-04-08,ABNB,8.7,,1,Ivan Feinseth:8.7
2026-04-08,APP,119.2,,1,Aaron Lee:119.2
2026-04-08,BKNG,49.5,,1,Ivan Feinseth:49.5
2026-04-08,CME,10.7,,1,Kyle Voigt:10.7
2026-04-08,COP,14.3,,1,Ryan Todd:14.3
2026-04-08,HOOD,-33.4,,1,Kyle Voigt:-33.4
2026-04-08,IBKR,-17.9,,1,Unknown Analyst:-17.9
2026-04-08,ICE,20.7,,1,Kyle Voigt:20.7
2026-04-08,NDAQ,0.9,,1,Kyle Voigt:0.9
2026-04-08,PCG,66.7,,1,William Appicelli:66.7
2026-04-08,PSX,-31.8,,1,Ryan Todd:-31.8
2026-04-08,REGN,17.9,,1,William Pickering:17.9
2026-04-08,SCHW,2.6,,1,Kyle Voigt:2.6
2026-04-08,T,7.4,,1,Sam McHugh:7.4
2026-04-08,TMUS,39.3,,1,Craig Moffett:39.3
2026-04-08,UPS,34.6,,1,Stephanie Moore:34.6
2026-04-08,VLO,-32.6,,1,Ryan Todd:-32.6
2026-04-09,ABT,18.7,,1,Unknown Analyst:18.7
2026-04-09,CVX,5.1,,1,Jeoffrey Lambujon:5.1
2026-04-09,FDX,25,,1,Jonathan Chappell:25
2026-04-09,KHC,-26.8,,1,Max Gumport:-26.8
2026-04-09,MET,-1.2,,1,Thomas Gallagher:-1.2
2026-04-09,MPC,-42.4,,1,Ryan Todd:-42.4
2026-04-09,PSX,-24.8,,1,Phillip Jungwirth:-24.8
2026-04-09,SJM,3.2,,1,Max Gumport:3.2
2026-04-09,TRMB,63,,1,Jason Celino:63
2026-04-09,XOM,10.25,0.9192,2,Lloyd Byrne:10.9|Ryan Todd:9.6
2026-04-10,BDX,-6.1,,1,David Roman:-6.1
2026-04-10,D,1,,1,Julien Dumoulin Smith:1
2026-04-10,EXE,45.5,,1,Mark Lear:45.5
2026-04-10,MSFT,12.2,,1,Stefan Slowinski:12.2
2026-04-10,NI,25.6,,1,Marie Ferguson:25.6
2026-04-10,RSG,10,,1,Tami Zakaria:10
2026-04-10,SO,30.8,,1,Ryan Levine:30.8
2026-04-10,TSCO,60.6,,1,Jeff Lick:60.6
2026-04-10,WM,26.5,,1,Tami Zakaria:26.5
2026-04-12,CEG,15.9,,1,Unknown Analyst:15.9
2026-04-12,DTE,28.2,,1,Julien Dumoulin Smith:28.2
2026-04-12,INTC,-36.9,,1,Jay Goldberg:-36.9
2026-04-13,ALB,88.9,,1,Colin Rusch:88.9
2026-04-13,CI,34.6,,1,Joanna Gajuk:34.6
2026-04-13,CRL,-22.7,,1,Charles Weston:-22.7
2026-04-13,CTSH,6.7,,1,Kevin Mcveigh:6.7
2026-04-13,FLEX,-33.5,,1,Unknown Analyst:-33.5
2026-04-13,GOOGL,6.4,,1,Trevor Young:6.4
2026-04-13,GS,3.6,,1,Stephen Biggar:3.6
2026-04-13,J,-3.4,,1,Jerry Revich:-3.4
2026-04-13,LEN,3,,1,Mark Lipacis:3
2026-04-13,MDLZ,-11.9,,1,Stephen Powers:-11.9
2026-04-13,MPC,-40.6,,1,Zach Parham:-40.6
2026-04-13,NKE,30.4,0,2,Akshay Gupta:30.4|Erwan Rambourg:30.4
2026-04-13,O,17.6,,1,Jana Galan:17.6
2026-04-13,PLD,25.2,,1,Unknown Analyst:25.2
2026-04-13,PNW,10.3,0,2,Gary Hovis:10.3|Marie Ferguson:10.3
2026-04-13,PPL,40.8,0,2,Paul Zimbardo CFA:40.8|Unknown Analyst:40.8
2026-04-13,RMD,16.8,,1,Unknown Analyst:16.8
2026-04-13,ROL,61.2,,1,Anthony Chukumba:61.2
2026-04-13,SBUX,-6.8,,1,Andy Barish:-6.8
2026-04-13,SW,29.6,,1,Andrew Jones CFA:29.6
2026-04-13,SYK,48.8,,1,Mike Kratky:48.8
2026-04-13,WELL,59.2,,1,Andy Barish:59.2
2026-04-14,BBY,-28.4,,1,Greg Melich:-28.4
2026-04-14,C,15.3,,1,Jia Hui NG:15.3
2026-04-14,CARR,7.9,,1,Andrew Buscaglia:7.9
2026-04-14,DHR,14.9,,1,Unknown Analyst:14.9
2026-04-14,EQT,20.2,,1,Unknown Analyst:20.2
2026-04-14,HSY,21.6,,1,Unknown Analyst:21.6
2026-04-14,INTC,-36.9,,1,Christopher Stathoulopoulos:-36.9
2026-04-14,JCI,-17.8,,1,Andrew Buscaglia:-17.8
2026-04-14,JPM,-13,,1,Jia Hui NG:-13
2026-04-14,LII,46.2,,1,Andrew Buscaglia:46.2
2026-04-14,META,38.9,,1,Madison Rezaei:38.9
2026-04-14,REG,9.9,,1,Haendel St. Juste:9.9
2026-04-14,RVTY,-23.6,,1,Unknown Analyst:-23.6
2026-04-14,TT,24.3,,1,Andrew Buscaglia:24.3
2026-04-14,VRT,34.2,,1,Andrew Buscaglia:34.2
2026-04-14,YUM,12.2,,1,Brian Mullan:12.2
2026-04-15,AEP,15.1,,1,Unknown Analyst:15.1
2026-04-15,BXP,31.4,,1,Unknown Analyst:31.4
2026-04-15,D,1,,1,Ross Fowler:1
2026-04-15,DASH,36.7,,1,Michael Morton:36.7
2026-04-15,ED,-3.3,,1,Unknown Analyst:-3.3
2026-04-15,GPC,-6.5,,1,Christopher Horvers:-6.5
2026-04-15,KMB,-8.3,,1,Filippo Falorni:-8.3
2026-04-15,MS,2.6,,1,Brandon Berman:2.6
2026-04-15,NEE,17.25,2.6163,2,Anthony Crowdell:15.4|Carly Davenport:19.1
2026-04-15,NTAP,-36.3,,1,Unknown Analyst:-36.3
2026-04-15,PCG,66.7,,1,Unknown Analyst:66.7
2026-04-15,SBUX,23.6,,1,Ivan Feinseth:23.6
2026-04-15,STZ,25.8,,1,Christian Junquera:25.8
2026-04-15,UPS,26.6,,1,Unknown Analyst:26.6
2026-04-15,V,11.2,,1,Unknown Analyst:11.2
2026-04-15,WEC,2.5,,1,Unknown Analyst:2.5
2026-04-15,WFC,4.65,0.7778,2,John Pancari:5.2|Scott Siefers:4.1
2026-04-15,WMT,30.7,,1,Clement Xu:30.7
2026-04-15,XEL,20.5,,1,Unknown Analyst:20.5
2026-04-16,BAC,-5.9,,1,Scott Siefers:-5.9
2026-04-16,CNP,25.3,,1,Julien Dumoulin Smith:25.3
2026-04-16,CRM,29.2,,1,Mark Murphy:29.2
2026-04-16,EFX,31.4,,1,Unknown Analyst:31.4
2026-04-16,FICO,43.7,,1,Unknown Analyst:43.7
2026-04-16,NEM,2.5,,1,Shane Nagle:2.5
2026-04-16,NOW,1.9,,1,Brad Zelnick:1.9
2026-04-16,PCG,73.9,,1,Shelby Tucker:73.9
2026-04-16,WFC,-2.5,,1,Eric Shih:-2.5
2026-04-16,WYNN,44.8,,1,Joseph Stauff:44.8
2026-04-17,ABT,16.0667,2.829,3,Bruce Jackson:17.7|Rick Wise:17.7|Suraj Kalia:12.8
2026-04-17,APD,20.1,0,2,Sebastian Bray:20.1|Unknown Analyst:20.1
2026-04-17,BNY,-7.8,,1,David Konrad:-7.8
2026-04-17,DAL,6.4,,1,Duane Pfennigwerth:6.4
2026-04-17,DHR,2.4,,1,Ed Ridley-Day:2.4
2026-04-17,EXC,12.35,1.6263,2,Anthony Crowdell:11.2|Nicholas Campanella:13.5
2026-04-17,JBHT,5.4,,1,Kristina Ruggeri:5.4
2026-04-17,LIN,23.3,,1,Michael Harrison CFA:23.3
2026-04-17,LNT,17.5,,1,Michaela Jamison:17.5
2026-04-17,MRK,24.4,,1,Natalya Davies:24.4
2026-04-17,NCLH,115.9,,1,Ivan Feinseth:115.9
2026-04-17,NEM,18.3,,1,Unknown Analyst:18.3
2026-04-17,PLD,9,13.5765,2,Michael Goldsmith:18.6|Steve Sakwa:-0.6
2026-04-17,TFC,-10.7,,1,David Chiaverini:-10.7
2026-04-17,TMO,1.7,,1,Natalya Davies:1.7
2026-04-17,TMUS,48.1,,1,Unknown Analyst:48.1
2026-04-17,TRV,-12,,1,Kevin Heal:-12
2026-04-17,XOM,-0.6,,1,Lucas Herrmann:-0.6
2026-04-19,TXN,-18.1,,1,Unknown Analyst:-18.1
2026-04-20,AAPL,-6.7,,1,Angelo Zino:-6.7
2026-04-20,ABBV,1.9,,1,Unknown Analyst:1.9
2026-04-20,ABT,26.55,19.4454,2,Anthony Petrone:12.8|Matt Miksic:40.3
2026-04-20,ACGL,14.5,,1,Jimmy Bhullar:14.5
2026-04-20,AEE,20.1,,1,Unknown Analyst:20.1
2026-04-20,AEP,18.8,1.6971,2,Angie Storozynski:17.6|Unknown Analyst:20
2026-04-20,AIG,14.2,,1,Jimmy Bhullar:14.2
2026-04-20,ATO,19.5,,1,Unknown Analyst:19.5
2026-04-20,AWK,-0.5,,1,Unknown Analyst:-0.5
2026-04-20,CB,0.5,,1,Jimmy Bhullar:0.5
2026-04-20,CCI,32.2,,1,John Kim:32.2
2026-04-20,CMS,28.1,,1,Unknown Analyst:28.1
2026-04-20,CNC,-41.3,,1,David Windley:-41.3
2026-04-20,CNP,22.7,,1,Unknown Analyst:22.7
2026-04-20,D,4.1,,1,Unknown Analyst:4.1
2026-04-20,DGX,-10.6,,1,Elizabeth Anderson CFA:-10.6
2026-04-20,DTE,24.5,,1,Unknown Analyst:24.5
2026-04-20,DUK,18.9,,1,Unknown Analyst:18.9
2026-04-20,EIX,46.4,,1,Unknown Analyst:46.4
2026-04-20,EOG,-8.4,,1,Unknown Analyst:-8.4
2026-04-20,ETR,23.4,,1,Unknown Analyst:23.4
2026-04-20,EXC,15.8,0,2,Julien Dumoulin Smith:15.8|Unknown Analyst:15.8
2026-04-20,FIX,18.3,,1,Austin Wang:18.3
2026-04-20,INTC,-36.35,7.566,2,Felix Pan:-31|Jerome Ramel:-41.7
2026-04-20,JPM,1.9,,1,Paul Johnson:1.9
2026-04-20,MDLZ,0.9,,1,Unknown Analyst:0.9
2026-04-20,PANW,-35,,1,Unknown Analyst:-35
2026-04-20,PCG,66.7,,1,Unknown Analyst:66.7
2026-04-20,PEG,25.7,,1,Unknown Analyst:25.7
2026-04-20,PNW,12.4,,1,Unknown Analyst:12.4
2026-04-20,PYPL,2.4,,1,Mihir Bhatia:2.4
2026-04-20,RF,2.9,,1,Kevin Heal:2.9
2026-04-20,SBAC,17.5,,1,Unknown Analyst:17.5
2026-04-20,SO,18.2,,1,Unknown Analyst:18.2
2026-04-20,SRE,29.6,,1,Unknown Analyst:29.6
2026-04-20,UNH,-1.6,,1,David Windley:-1.6
2026-04-20,WEC,17.7,0,2,Paul Cole:17.7|Unknown Analyst:17.7
2026-04-20,XEL,25.8,,1,Unknown Analyst:25.8
2026-04-21,ABT,-9.8,,1,Narumi Nakagiri:-9.8
2026-04-21,AMGN,-3,,1,Unknown Analyst:-3
2026-04-21,ARES,-13.4,,1,Unknown Analyst:-13.4
2026-04-21,AVY,13.4,,1,Matt Roberts:13.4
2026-04-21,CL,8.3,9.7581,2,Edward Lewis:15.2|Kaumil Gajrawala:1.4
2026-04-21,CMG,13.3,,1,Brian Vaccaro:13.3
2026-04-21,COHR,37.5,,1,Papa Talla Sylla:37.5
2026-04-21,FE,12.7,,1,Julien Dumoulin Smith:12.7
2026-04-21,FISV,26,,1,Unknown Analyst:26
2026-04-21,GPC,1,,1,Mark Jordan; CFA:1
2026-04-21,GPN,-13.9,,1,Unknown Analyst:-13.9
2026-04-21,HAL,31.1,,1,Kevin Simpson:31.1
2026-04-21,KKR,17.7,,1,Glenn Schorr:17.7
2026-04-21,META,39.7,,1,Nicolas Cote Colisson:39.7
2026-04-21,NEE,20.3,,1,Shahriar Pourreza:20.3
2026-04-21,NI,32.8,,1,Julien Dumoulin Smith:32.8
2026-04-21,PCG,52.2,,1,Ryan Levine:52.2
2026-04-21,PLD,21.5,,1,Nicholas Joseph:21.5
2026-04-21,PYPL,-3.2,,1,Unknown Analyst:-3.2
2026-04-21,SBUX,6.3,,1,Unknown Analyst:6.3
2026-04-21,STLD,-8.3,,1,Chris LaFemina:-8.3
2026-04-21,TEL,34.5,,1,Christopher Glynn:34.5
2026-04-21,V,-1.5,,1,Unknown Analyst:-1.5
2026-04-21,VLO,-48,,1,Doug Leggate:-48
2026-04-21,XYZ,-6.6,,1,Unknown Analyst:-6.6
2026-04-22,ALB,60,,1,Mazahir Mammadli:60
2026-04-22,ARES,44.3,,1,Brian McKenna:44.3
2026-04-22,CB,10.3,,1,Tracy Benguigui:10.3
2026-04-22,CCI,25.6,,1,James Schneider:25.6
2026-04-22,CSX,2.1,,1,Scott Group:2.1
2026-04-22,DHI,-7.9,,1,Michael Rehaut:-7.9
2026-04-22,DHR,22.4,,1,Catherine Ramsey Schulte:22.4
2026-04-22,DTE,22.2,,1,Paul Cole:22.2
2026-04-22,EQT,36.9,,1,Kalei Akamine:36.9
2026-04-22,EVRG,7.8,,1,James Thalacker:7.8
2026-04-22,GL,-13.5,,1,Jack Matten:-13.5
2026-04-22,HAL,17.2,,1,Arun Jayaram:17.2
2026-04-22,ISRG,39.5,,1,Unknown Analyst:39.5
2026-04-22,KDP,-10.8,,1,Kevin Grundy:-10.8
2026-04-22,LULU,62.7,,1,Angus Kelleher-Ferguson:62.7
2026-04-22,MA,6.3,,1,Unknown Analyst:6.3
2026-04-22,MCO,12.6,,1,Scott Wurtzel:12.6
2026-04-22,MSCI,31.4,,1,Faiza Alwy:31.4
2026-04-22,NOW,-3.8,2.687,2,Adam Tindle:-1.9|Alex Zukin:-5.7
2026-04-22,ODFL,27.9,,1,Stephanie Moore:27.9
2026-04-22,OTIS,38.95,16.3342,2,Nigel Coe:50.5|Patrick Baumann:27.4
2026-04-22,PLD,15.7,,1,Michael Mueller:15.7
2026-04-22,SBUX,-1.8,,1,Unknown Analyst:-1.8
2026-04-22,SCHW,2.6,,1,David Konrad:2.6
2026-04-22,STLD,6.3,,1,Alexander Hacking:6.3
2026-04-22,T,34.3,,1,Mike Ng:34.3
2026-04-22,UNH,-2.4,,1,John Ransom:-2.4
2026-04-22,WAB,7,,1,Scott Group:7
2026-04-23,AXP,10.85,13.0815,2,Hoang Nguyen:1.6|Stephen Biggar:20.1
2026-04-23,BSX,97.8,,1,Christopher Pasquale:97.8
2026-04-23,CHTR,198.4,,1,Matthew Harrigan:198.4
2026-04-23,CMCSA,15.1,,1,Mike Ng:15.1
2026-04-23,CSX,6.2,,1,Stephanie Moore:6.2
2026-04-23,DDOG,-23.1,,1,Unknown Analyst:-23.1
2026-04-23,DECK,63.7,,1,Rick Patel:63.7
2026-04-23,ED,0.5,,1,Ross Fowler:0.5
2026-04-23,FCX,5.5,,1,Chris LaFemina:5.5
2026-04-23,GEV,41,7.3539,2,Ben Kallo:46.2|Charles Minervino:35.8
2026-04-23,HBAN,12.7,8.3439,2,Karl Shepard:18.6|Scott Siefers:6.8
2026-04-23,HON,127.3,,1,Gautam Khanna:127.3
2026-04-23,HSY,31,,1,Megan Alexander:31
2026-04-23,INTC,-27.1,,1,Sean O'Loughlin:-27.1
2026-04-23,ISRG,76.4,,1,Matt Miksic:76.4
2026-04-23,JNJ,-5.9,,1,Josh Jennings:-5.9
2026-04-23,KHC,-10.6,,1,Megan Alexander:-10.6
2026-04-23,KMI,3.7,,1,Brandon Bingham:3.7
2026-04-23,LRCX,7.3,,1,Aaron Rakers:7.3
2026-04-23,LVS,63.4,,1,Unknown Analyst:63.4
2026-04-23,MCD,21.2,,1,Chris Luyckx:21.2
2026-04-23,NOW,9.8,12.3037,2,Joseph Bonner:1.1|Patrick Walravens:18.5
2026-04-23,NVR,9.7,,1,Michael Rehaut:9.7
2026-04-23,ORCL,37.7,,1,Keith Weiss:37.7
2026-04-23,OTIS,11.4,,1,Julian Mitchell:11.4
2026-04-23,SNA,-12.1,,1,Sherif El-Sabbahy:-12.1
2026-04-23,T,7.4,,1,Eric Luebchow:7.4
2026-04-23,TEL,10.4,,1,Stephen Bersey:10.4
2026-04-23,TSLA,64.2,,1,Daniel Ives:64.2
2026-04-23,TXN,17.2,,1,Chris Caso:17.2
2026-04-23,UAL,0.2,,1,Tabitha Foo:0.2
2026-04-23,VRT,28.4,,1,Unknown Analyst:28.4
2026-04-23,WRB,-2.7,,1,Michael Zaremski:-2.7
2026-04-23,WY,26.9,,1,Hamir Patel:26.9
2026-04-24,AMP,5.6,,1,Thomas Gallagher:5.6
2026-04-24,AXP,-7.6,,1,Gustavo Gala:-7.6
2026-04-24,BX,12.8,,1,Glenn Schorr:12.8
2026-04-24,CMCSA,42.9,,1,Kutgun Maral:42.9
2026-04-24,CNP,15.1,,1,Anthony Crowdell:15.1
2026-04-24,DLR,19.3333,4.8881,3,Mike Ng:14|Unknown Analyst:23.6|Unknown Analyst:20.4
2026-04-24,DOV,32.1,12.3577,4,Amit Mehrotra:42.8|Brett Linzey:42.8|Julian Mitchell:21.7|Nicole Deblase:21.1
2026-04-24,EW,16.75,19.304,2,David Rescott:3.1|Matt Miksic:30.4
2026-04-24,GEV,35.8,,1,John Staszak:35.8
2026-04-24,GL,-8.3,,1,Thomas Gallagher:-8.3
2026-04-24,HON,127.3,,1,Joe O'Dea:127.3
2026-04-24,IBM,21.3,,1,Ingo Wermann:21.3
2026-04-24,INTC,7.8,,1,Mark Lipacis:7.8
2026-04-24,LRCX,0.6,,1,Jim Kelleher:0.6
2026-04-24,LUV,2.05,14.2128,2,Achal Kumar:-8|Duane Pfennigwerth:12.1
2026-04-24,MAS,34.3,,1,Chris Graja:34.3
2026-04-24,NEM,38,,1,Ralph M. Profiti:38
2026-04-24,NOW,-17.8,,1,Steven Koenig:-17.8
2026-04-24,PODD,66.7,,1,Issie Kirby:66.7
2026-04-24,ROP,-4,,1,Julian Mitchell:-4
2026-04-24,SLB,8.8,,1,Kenneth Herbert:8.8
2026-04-24,TMO,4.8,,1,Catherine Ramsey Schulte:4.8
2026-04-24,TSCO,51.5,,1,Unknown Analyst:51.5
2026-04-24,TSLA,4,0,2,Garrett Nelson:4|Unknown Analyst:4
2026-04-24,UNP,14.3,,1,Stephanie Moore:14.3
2026-04-24,UPS,15.7,,1,Harrison Bauer:15.7
2026-04-24,VRSN,21.3,,1,Robert Oliver:21.3
2026-04-24,VRT,36.2,0,2,Patrick Baumann:36.2|Stephen Tusa:36.2
2026-04-24,WST,15.5,,1,Patrick B Donnelly:15.5
2026-04-25,INTC,-2.9,,1,Suji Desilva:-2.9
2026-04-26,HIG,9.3,,1,Ryan Krueger:9.3
2026-04-27,APA,-32.9,,1,Kalei Akamine:-32.9
2026-04-27,ATO,26.2,,1,Ross Fowler:26.2
2026-04-27,BA,33,,1,Jason Sum:33
2026-04-27,BKR,28.7,,1,Stephen Richardson:28.7
2026-04-27,BLDR,65.6,,1,Trey Grooms:65.6
2026-04-27,CEG,37.7,,1,James Weston:37.7
2026-04-27,CNP,12.5,,1,Nicholas Campanella:12.5
2026-04-27,COP,-10.4,,1,Kalei Akamine:-10.4
2026-04-27,DLR,32.6,,1,Gregory P Miller:32.6
2026-04-27,DOV,18.5,,1,Joe Ritchie:18.5
2026-04-27,DOW,37.8,,1,David Begleiter:37.8
2026-04-27,DVN,13.5,,1,Kalei Akamine:13.5
2026-04-27,EOG,-5.7,,1,Kalei Akamine:-5.7
2026-04-27,ETN,14,,1,Brett Linzey:14
2026-04-27,EXE,26.5,,1,Kalei Akamine:26.5
2026-04-27,FANG,1.5,,1,Kalei Akamine:1.5
2026-04-27,FTNT,-33.4,,1,Ellie Bagshaw:-33.4
2026-04-27,GEV,24.3,,1,Moses Sutton:24.3
2026-04-27,HBAN,18.6,,1,Ryan Nash:18.6
2026-04-27,HCA,24.1,0,2,Raj Kumar CFA:24.1|Unknown Analyst:24.1
2026-04-27,HIG,13.7,,1,Brian Meredith:13.7
2026-04-27,NRG,85.1,,1,James Weston:85.1
2026-04-27,PFG,-7,,1,Thomas Gallagher:-7
2026-04-27,PG,15,,1,Andy Sim:15
2026-04-27,RDDT,-30.3,0,2,Joseph Barker:-30.3|Unknown Analyst:-30.3
2026-04-27,ROL,90,,1,Oliver Davies CFA:90
2026-04-27,RTX,16.3,,1,Unknown Analyst:16.3
2026-04-27,SPGI,30.3,,1,Unknown Analyst:30.3
2026-04-27,STX,-15.7,,1,Unknown Analyst:-15.7
2026-04-27,TGT,-6.9,,1,Mavis Hui:-6.9
2026-04-27,VST,40.2,,1,James Weston:40.2
2026-04-27,VZ,8.7,,1,Mike Ng:8.7
2026-04-27,WDC,18.5,,1,Matt Bryson:18.5
2026-04-27,XYZ,32.6,,1,Gustavo Gala:32.6
2026-04-28,AMD,-51.6,,1,Ross Seymore:-51.6
2026-04-28,COF,39.2,,1,Wood Lay:39.2
2026-04-28,CPAY,-4.5,,1,James Faucette:-4.5
2026-04-28,DOV,36.2,5.6569,2,Patrick Baumann:32.2|Walter Liptak:40.2
2026-04-28,DPZ,27.975,17.9801,4,Christine Cho:38|Jeff Bernstein:1.1|Nick Setyan:34.8|Todd Brooks:38
2026-04-28,EIX,53.6,,1,Ryan Levine:53.6
2026-04-28,GEV,30.6,,1,Julian Mitchell:30.6
2026-04-28,GOOG,16.3,,1,Benjamin Black CFA:16.3
2026-04-28,INTC,-2.9,0,2,Egor Tolmachev:-2.9|Unknown Analyst:-2.9
2026-04-28,INVH,8.9,0,2,Rob Simone:8.9|Unknown Analyst:8.9
2026-04-28,KMB,13.1,,1,Andy Sim:13.1
2026-04-28,MU,2.5,,1,Dan Waggoner:2.5
2026-04-28,NXPI,26.8,,1,Blayne Curtis:26.8
2026-04-28,ODFL,27.4,,1,Daniel Moore CFA:27.4
2026-04-28,PHM,9.9,,1,Michael Rehaut:9.9
2026-04-28,SBUX,-1.8,,1,Gregory Francfort:-1.8
2026-04-28,T,22.8,,1,Vince Valentini:22.8
2026-04-28,TER,2.7,,1,Brian Chin:2.7
2026-04-28,VZ,10.7,,1,Timothy Horan:10.7
2026-04-29,ACGL,4.1,,1,David Motemaden:4.1
2026-04-29,ADP,0.6,,1,Jacob Smith CFA:0.6
2026-04-29,ALLE,9.55,6.4347,2,Alexander Virgo:14.1|Julian Mitchell:5
2026-04-29,AMT,34.9,0,2,Ric Prentiss:34.9|Richard Choe:34.9
2026-04-29,AMZN,25.9,2.2517,3,Jed Kelly:24.6|Sergio Segura:28.5|Shweta Khajuria:24.6
2026-04-29,CMG,24.3,,1,Chris O`Cull:24.3
2026-04-29,CNC,-26.25,19.1626,2,Michael Wiederhorn:-12.7|Scott Fidel:-39.8
2026-04-29,DHI,34.2,,1,Chris Graja:34.2
2026-04-29,ECL,13,,1,Eric Boyes:13
2026-04-29,ESS,2.6,,1,John Kim:2.6
2026-04-29,EXE,70.8,,1,Michael Scialla:70.8
2026-04-29,FICO,69.1,10.6165,3,Jeffrey Meuler:57.2|Patrick O'Shaughnessy:77.6|Ryan Griffin CFA:72.5
2026-04-29,FIX,21.2,,1,Julio Romero:21.2
2026-04-29,GLW,4.85,21.7082,2,Unknown Analyst:-10.5|Unknown Analyst:20.2
2026-04-29,GM,3.95,21.4253,2,Alexander Potter:19.1|Dmitriy Pozdnyakov:-11.2
2026-04-29,GNRC,52.4,,1,Jeffrey Rossetti:52.4
2026-04-29,GOOG,26.7,,1,Jed Kelly:26.7
2026-04-29,GOOGL,4.9,,1,Rob Sanderson:4.9
2026-04-29,HLT,24.1,0,2,John Staszak:24.1|Unknown Analyst:24.1
2026-04-29,HOOD,-4.9,,1,Ed Engel:-4.9
2026-04-29,MCO,15.8,0,2,Jim Kelleher:15.8|Unknown Analyst:15.8
2026-04-29,MDLZ,12.1,,1,Unknown Analyst:12.1
2026-04-29,META,-4,,1,Jed Kelly:-4
2026-04-29,NEM,-1.3,,1,Hugo Nicolaci:-1.3
2026-04-29,NXPI,31.7,4.3715,3,Chris Caso:35.2|Melissa Fairbanks:26.8|Ross Seymore:33.1
2026-04-29,PNR,62.6,,1,Julian Mitchell:62.6
2026-04-29,QCOM,-14.3,,1,Rick Schafer:-14.3
2026-04-29,SBUX,14.1,3.1097,3,Brian Mullan:11.4|Jeff Bernstein:17.5|Unknown Analyst:13.4
2026-04-29,SYY,3.4,,1,Jeff Bernstein:3.4
2026-04-29,TMUS,29.325,9.291,4,Eric Luebchow:28.9|Nilesh Bhaiya:22.9|Nilesh Bhaiya:22.9|Timothy Horan:42.6
2026-04-29,TPR,39.3,,1,Mark Altschwager:39.3
2026-04-29,TTWO,23,,1,Martin Yang:23
2026-04-29,UPS,10.2,6.364,2,Richa Harnain:5.7|Unknown Analyst:14.7
2026-04-29,V,5,,1,John Davis:5
2026-04-30,AAPL,-0.7,,1,Unknown Analyst:-0.7
2026-04-30,ACGL,23.1667,7.5056,3,Matthew Heimermann:27.5|Unknown Analyst:14.5|Unknown Analyst:27.5
2026-04-30,ADP,-19.5,,1,Bryan Bergin:-19.5
2026-04-30,AFL,-5.4,,1,Thomas Gallagher:-5.4
2026-04-30,ALGN,45.9,,1,Steven Valiquette:45.9
2026-04-30,AMT,18.1,0,2,Marie Ferguson:18.1|Unknown Analyst:18.1
2026-04-30,AMZN,26.95,2.1696,6,Barton Crockett:29.3|Maria Ripps:28.5|Mark Kelley:24.2|Michael Graham:28.5|Shyam Patil:26.6|Simeon Siegel:24.6
2026-04-30,APD,18.4,,1,Hassan Ahmed:18.4
2026-04-30,APH,124.6,19.3747,2,Luke Junk:110.9|Samik Chatterjee:138.3
2026-04-30,BF.B,-4.7,,1,Robert Moskow:-4.7
2026-04-30,BKR,33.8,,1,Unknown Analyst:33.8
2026-04-30,CARR,47.9,,1,Alexander Virgo:47.9
2026-04-30,CI,21.1,0,2,Sarah James:21.1|Unknown Analyst:21.1
2026-04-30,CMG,5,,1,Jeff Bernstein:5
2026-04-30,CRH,57.9,,1,Prieto Luis:57.9
2026-04-30,CSGP,44.5,,1,Faiza Alwy:44.5
2026-04-30,CVNA,55.3,,1,Lee Horowitz:55.3
2026-04-30,EBAY,-7.2,,1,Eric Sheridan:-7.2
2026-04-30,EME,17.6,,1,Brian Brophy:17.6
2026-04-30,EQIX,16,13.5457,4,Frank Louthan:20.5|Gregory P Miller:30.1|Mike Ng:-2.2|Timothy Horan:15.6
2026-04-30,ETR,28.2,,1,William Appicelli:28.2
2026-04-30,EXE,38.1,,1,Zach Parham:38.1
2026-04-30,F,0.2,,1,Chris McNally:0.2
2026-04-30,FE,19.2,,1,Unknown Analyst:19.2
2026-04-30,GEHC,22,,1,Matt Miksic:22
2026-04-30,GM,14.5,,1,Ryan Brinkman:14.5
2026-04-30,GOOGL,23.35,17.7484,2,Dan Waggoner:10.8|Shyam Patil:35.9
2026-04-30,HIG,10,,1,Gregory Peters:10
2026-04-30,HON,186.6,,1,Kristina Ruggeri:186.6
2026-04-30,HOOD,-20,,1,Unknown Analyst:-20
2026-04-30,HUM,-36.1,,1,Kevin Caliendo:-36.1
2026-04-30,INCY,-5.3,,1,Unknown Analyst:-5.3
2026-04-30,INTC,14.6,,1,Ivan Feinseth:14.6
2026-04-30,IR,30.3,,1,Julian Mitchell:30.3
2026-04-30,ITW,-5.3,,1,Joe Ritchie:-5.3
2026-04-30,KIM,16.4,,1,Juan C. Sanabria:16.4
2026-04-30,KLAC,5.15,3.8891,2,Jim Kelleher:7.9|Vedvati Shrotre:2.4
2026-04-30,LII,63.5,0.5657,2,Jeffrey Sprague:63.9|Julian Mitchell:63.1
2026-04-30,MA,16.8,,1,James Friedman:16.8
2026-04-30,META,20.4,,1,Mark Kelley:20.4
2026-04-30,MGM,12.8,,1,Unknown Analyst:12.8
2026-04-30,MSFT,8.76,10.0468,5,Bram Kaplan:11|Unknown Analyst:25.1|William Power:0.9|Yanni Samoilis:0.9|Yi Fu Lee:5.9
2026-04-30,NXPI,39.5,,1,Unknown Analyst:39.5
2026-04-30,OKE,-4.8,,1,James Weston:-4.8
2026-04-30,OMC,25.3,28.7085,2,David Karnovsky:45.6|Grace Song:5
2026-04-30,PPG,18.5,,1,Jeffrey Zekauskas:18.5
2026-04-30,PSX,-31.95,13.93,2,Betty Zhang:-41.8|Zach Parham:-22.1
2026-04-30,QCOM,-28.55,23.2638,2,Jay Goldberg:-45|Ross Seymore:-12.1
2026-04-30,REGN,10.7,,1,Matthew Biegler:10.7
2026-04-30,SWK,0.3,8.7681,2,Julian Mitchell:6.5|Timothy Wojs:-5.9
2026-04-30,TER,5.3,0,2,Atif Malik:5.3|Samik Chatterjee:5.3
2026-04-30,TMO,-8.2,0,3,Bill Selesky:-8.2|David Toung:-8.2|Unknown Analyst:-8.2
2026-04-30,TXN,19.1,,1,Jim Kelleher:19.1
2026-04-30,V,6.9,0,2,Stephen Biggar:6.9|Unknown Analyst:6.9
2026-04-30,VMC,34.5,,1,Trey Grooms:34.5
2026-04-30,VRSK,22,,1,Jeffrey Silber:22
2026-04-30,VST,55.7,,1,Jeremy Tonet:55.7
2026-04-30,WM,23.9,0.2828,2,David Manthey:24.1|Noah Kaye:23.7
2026-04-30,YUM,30.1333,2.0207,3,Dennis Geiger:27.8|Jeff Bernstein:31.3|Unknown Analyst:31.3
2026-05-01,ALL,-1.5,,1,Andrew Andersen:-1.5
2026-05-01,AMGN,-20.5,,1,Unknown Analyst:-20.5
2026-05-01,AOS,22,,1,Michael Halloran:22
2026-05-01,BIIB,12.8,,1,Ilya Zubkov:12.8
2026-05-01,BLDR,65.6,,1,Sam Darkatsh:65.6
2026-05-01,CAH,5.7,,1,Eric Coldwell:5.7
2026-05-01,CARR,32.8333,4.0415,3,Brett Linzey:30.5|Julian Mitchell:37.5|Timothy Wojs:30.5
2026-05-01,CIEN,19,,1,Mike Harrison:19
2026-05-01,CL,15.2,,1,Bonnie Herzog:15.2
2026-05-01,COHR,49,,1,Mike Harrison:49
2026-05-01,COP,-9,,1,Betty Zhang:-9
2026-05-01,CPT,14.05,3.4648,2,Barry Oxford:16.5|John Kim:11.6
2026-05-01,DDOG,-32.2,,1,Unknown Analyst:-32.2
2026-05-01,DXCM,-28.9,,1,Brandon Vazquez:-28.9
2026-05-01,EBAY,-8.1,14.425,2,John Blackledge:-18.3|Shyam Patil:2.1
2026-05-01,GD,11,,1,Kristina Ruggeri:11
2026-05-01,GDDY,20.3,,1,Trevor Young:20.3
2026-05-01,HUBB,27.1,,1,Alexander Virgo:27.1
2026-05-01,ITW,11.9,,1,Andrew Obin:11.9
2026-05-01,LHX,50.7,,1,Gautam Khanna:50.7
2026-05-01,LIN,23.3,,1,John Roberts CFA:23.3
2026-05-01,LITE,24.4,17.8191,2,Dave Kang:11.8|Mike Harrison:37
2026-05-01,MA,16.8,,1,Paul Golding:16.8
2026-05-01,MPWR,47.85,2.8991,2,Melissa Fairbanks:45.8|Ross Seymore:49.9
2026-05-01,NOW,-5.7,,1,Unknown Analyst:-5.7
2026-05-01,PH,15.8,,1,Philip Walsh:15.8
2026-05-01,PLTR,-9.7,,1,Stephen Bersey:-9.7
2026-05-01,PWR,17.8,6.9549,3,Brian Brophy:20.5|Liam Burke:9.9|Nicholas Amicucci:23
2026-05-01,RCL,24.15,14.6371,2,Chris Woronka:13.8|Unknown Analyst:34.5
2026-05-01,RDDT,31.85,28.6378,2,Andrew Boone:52.1|Ken Gawrelski:11.6
2026-05-01,RMD,4,,1,Unknown Analyst:4
2026-05-01,SNDK,-10,,1,Melissa Fairbanks:-10
2026-05-01,SO,19.3,,1,James Weston:19.3
2026-05-01,SW,34.2,,1,Unknown Analyst:34.2
2026-05-01,SWK,-16,,1,Michael Rehaut:-16
2026-05-01,SYK,37.225,11.3946,8,Caitlin Roberts:45.2|David Roman:31|Jeff Johnson:39.7|Lee Hambright:48.8|Matt Miksic:43|Pito Chickering:14.3|Rick Wise:30.6|William Plovanic:45.2
2026-05-01,TT,19.025,10.3171,4,Brett Linzey:7.3|Joe Ritchie:20.2|Julian Mitchell:32.2|Timothy Wojs:16.4
2026-05-01,TTWO,39.2,,1,Mike Hickey:39.2
2026-05-01,VICI,53,,1,Barry Jonas:53
2026-05-01,VLO,-39.05,4.3134,2,Betty Zhang:-42.1|Stephen Richardson:-36
2026-05-01,WMB,12.6,,1,Gabe Moreen:12.6
2026-05-01,WTW,14.1,,1,David Motemaden:14.1
2026-05-01,XEL,20.5,,1,William Appicelli:20.5
2026-05-03,CL,9.4,,1,Andy Sim:9.4
2026-05-03,GD,-12.1,,1,Noah Poponak:-12.1
2026-05-03,IP,13.5,,1,Mark Weintraub:13.5
2026-05-03,LHX,64.9,,1,Noah Poponak:64.9
2026-05-03,TDY,28.4,,1,Greg Konrad:28.4
2026-05-03,TXT,42,,1,Sheila Kahyaoglu:42
2026-05-04,ADP,-10.5,,1,John Eade:-10.5
2026-05-04,AIG,18.15,1.9092,2,Matthew Heimermann:16.8|Robert Cox CFA:19.5
2026-05-04,AMAT,9.5,,1,Unknown Analyst:9.5
2026-05-04,AMD,-34.1,,1,Frank Lee CFA:-34.1
2026-05-04,BAX,13.4,,1,Matt Miksic:13.4
2026-05-04,BLK,15.8,,1,Edmond Fok:15.8
2026-05-04,CAT,20.9,0,2,John Eade:20.9|Kristina Ruggeri:20.9
2026-05-04,CHD,11.5,,1,Javier Escalante:11.5
2026-05-04,CI,20.4,,1,Charles Rhyee:20.4
2026-05-04,COP,6.3,,1,Suvro Sarkar:6.3
2026-05-04,CRH,52.5,,1,Unknown Analyst:52.5
2026-05-04,CSGP,59.25,30.1935,2,Brett Huff:37.9|Surinder Thind:80.6
2026-05-04,CVX,-0.25,8.2875,4,Betty Zhang:-12.6|Josh Silverstein:2.8|Stephen Richardson:5.1|Suvro Sarkar:3.7
2026-05-04,D,5.7,,1,Carly Davenport:5.7
2026-05-04,EBAY,15.1,,1,Benjamin Black CFA:15.1
2026-05-04,F,-6.9,,1,James Picariello:-6.9
2026-05-04,FRT,9.3,,1,Floris van Dijkum:9.3
2026-05-04,FTV,18.9,,1,Joe O'Dea:18.9
2026-05-04,GM,16.8,,1,Chris McNally:16.8
2026-05-04,GOOGL,42.5,13.5765,2,Andrew Boone:52.1|Paul Chew:32.9
2026-05-04,GS,2,,1,Edmond Fok:2
2026-05-04,HOOD,-11.2,,1,Edmond Fok:-11.2
2026-05-04,HUBB,19.8,14.8492,2,Julian Mitchell:9.3|Tommy Moll:30.3
2026-05-04,INCY,7,,1,Unknown Analyst:7
2026-05-04,ITW,-5.85,1.3435,2,Joe O'Dea:-4.9|Julian Mitchell:-6.8
2026-05-04,LHX,73.1,0,2,Kristina Ruggeri:73.1|Unknown Analyst:73.1
2026-05-04,LII,42.6,,1,Patrick Baumann:42.6
2026-05-04,LIN,13.7,,1,Jeffrey Zekauskas:13.7
2026-05-04,LNT,15.2,7.3539,2,Andrew Weisel:10|Michaela Jamison:20.4
2026-05-04,LYB,9.9,,1,Eric Boyes:9.9
2026-05-04,LYV,16.4,,1,Kutgun Maral:16.4
2026-05-04,MCHP,34.8,,1,C J Muse:34.8
2026-05-04,MO,-4.3,,1,Damian McNeela:-4.3
2026-05-04,MS,2.6,,1,Edmond Fok:2.6
2026-05-04,ON,51,,1,Unknown Analyst:51
2026-05-04,OXY,22,,1,John Freeman:22
2026-05-04,PCAR,18.1,,1,Unknown Analyst:18.1
2026-05-04,PKG,9.2,,1,Hillary Cacanando:9.2
2026-05-04,PWR,25,2.8284,2,Atidrip Modak:27|Philip Shen:23
2026-05-04,PYPL,-25.5,,1,Adam Frisch:-25.5
2026-05-04,RCL,32.6,,1,Matthew Boss:32.6
2026-05-04,RVTY,-5.9,,1,Catherine Ramsey Schulte:-5.9
2026-05-04,SCHW,7.2,,1,Ken Shih:7.2
2026-05-04,SO,15.9,,1,Unknown Analyst:15.9
2026-05-04,TAP,49,,1,Bill Kirk:49
2026-05-04,TT,5.1,,1,Joe O'Dea:5.1
2026-05-04,VLO,-23.4,,1,Zach Parham:-23.4
2026-05-04,XOM,4.85,9.4045,2,Betty Zhang:-1.8|Stephen Richardson:11.5
2026-05-05,AIG,34.1,,1,Unknown Analyst:34.1
2026-05-05,ANET,0.2,,1,Mehdi Hosseini:0.2
2026-05-05,CAH,5.7,0,2,Steven Silver:5.7|Unknown Analyst:5.7
2026-05-05,CBRE,21,,1,Joe Dickstein:21
2026-05-05,DLR,12.9,,1,Andy Yu CFA:12.9
2026-05-05,DXCM,3.6,,1,Unknown Analyst:3.6
2026-05-05,EL,-9.4,,1,Andy Sim:-9.4
2026-05-05,EQIX,17.4,,1,Andy Yu CFA:17.4
2026-05-05,ETR,14.9,,1,Ryan Levine:14.9
2026-05-05,EXPD,-19,,1,Harrison Bauer:-19
2026-05-05,FANG,-4.9,,1,Betty Zhang:-4.9
2026-05-05,FSLR,24.4,,1,Dmitriy Pozdnyakov:24.4
2026-05-05,HSIC,-27.6,,1,Erin Wright:-27.6
2026-05-05,IEX,11.5,,1,Walter Liptak:11.5
2026-05-05,LITE,29.4,,1,Blayne Curtis:29.4
2026-05-05,LYB,25.6,,1,David Begleiter:25.6
2026-05-05,MDLZ,7.3,,1,Unknown Analyst:7.3
2026-05-05,NOW,15.6667,17.436,3,Billy Fitzsimmons:5.6|Keith Weiss:35.8|Rob Owens:5.6
2026-05-05,ON,38.575,21.0867,4,Harlan Sur:31.3|Joseph Moore:14.3|Ross Seymore:44.5|Suji Desilva:64.2
2026-05-05,PH,-10.5,,1,Joseph C Giordano:-10.5
2026-05-05,PSKY,-15.1,26.7286,2,David Plaus:3.8|Steven Cahall:-34
2026-05-05,REG,9.9,,1,Nicholas Joseph:9.9
2026-05-05,SOLV,-24.5,,1,David Roman:-24.5
2026-05-05,TAP,56.7,,1,Javier Gonzalez Lastra:56.7
2026-05-05,TSN,32.1,,1,Pooran Sharma:32.1
2026-05-05,VRTX,16.4,,1,Jay Olson:16.4
2026-05-05,XOM,6.6,,1,Suvro Sarkar:6.6
2026-05-06,ADM,-14.7,,1,Thomas Palmer:-14.7
2026-05-06,AEE,16.3,,1,Steve Fleishman:16.3
2026-05-06,AEP,13.5,,1,Andrew Weisel:13.5
2026-05-06,AMD,-9.9,9.6167,2,Jay Goldberg:-16.7|Suji Desilva:-3.1
2026-05-06,APA,5.1,,1,Doug Leggate:5.1
2026-05-06,APTV,84.5,,1,Colin Rusch:84.5
2026-05-06,AXON,26.2,20.6475,2,George Notter:40.8|Mike Ng:11.6
2026-05-06,BKNG,20.7,,1,Trevor Young:20.7
2026-05-06,BRK.B,-2,,1,Edmond Fok:-2
2026-05-06,CDW,-2.5,,1,Adam Tindle:-2.5
2026-05-06,CMI,25.7,,1,Luke Junk:25.7
2026-05-06,COHR,31,,1,George Notter:31
2026-05-06,DVN,-8.4,,1,Betty Zhang:-8.4
2026-05-06,EMR,-5.4,,1,Julian Mitchell:-5.4
2026-05-06,EOG,-5.7,,1,Betty Zhang:-5.7
2026-05-06,ETN,4.6,0,2,Patrick Baumann:4.6|Stephen Tusa:4.6
2026-05-06,FANG,8.3,,1,Suvro Sarkar:8.3
2026-05-06,FISV,51.2,,1,David Koning:51.2
2026-05-06,GOOGL,35.9,0,2,Lloyd Walmsley:35.9|Sachin Mittal:35.9
2026-05-06,HBAN,18.6,,1,Unknown Analyst:18.6
2026-05-06,IDXX,50.65,8.8388,2,Keith Devas:56.9|Unknown Analyst:44.4
2026-05-06,J,2.9,,1,Michael Feniger:2.9
2026-05-06,JCI,13,,1,Unknown Analyst:13
2026-05-06,JKHY,29.1,,1,Unknown Analyst:29.1
2026-05-06,KKR,24.7,,1,Michael Brown:24.7
2026-05-06,LHX,54.8,,1,Seth Seifman:54.8
2026-05-06,LITE,8.65,1.0607,2,Simon Leopold:9.4|Tim Savageaux:7.9
2026-05-06,LYV,6.1,0.4243,2,John Hodulik:6.4|Peter Henderson:5.8
2026-05-06,MAA,14.6,,1,Nicholas Joseph:14.6
2026-05-06,MAR,27,,1,John Staszak:27
2026-05-06,META,28.7,,1,Sachin Mittal:28.7
2026-05-06,MNST,107.4,,1,Charlie Higgs:107.4
2026-05-06,MPC,-47,,1,Betty Zhang:-47
2026-05-06,MSFT,15.6,,1,Sachin Mittal:15.6
2026-05-06,NI,25.6,,1,Steve Fleishman:25.6
2026-05-06,NRG,67.5,,1,Steve Fleishman:67.5
2026-05-06,OXY,-7.3,,1,Betty Zhang:-7.3
2026-05-06,PODD,122.8,,1,Andrew Ranieri:122.8
2026-05-06,PRU,-24.9,2.9698,2,Jack Matten:-27|Michael Ward CFA:-22.8
2026-05-06,PTC,49.1,,1,Joshua Tilton:49.1
2026-05-06,REGN,22.8,,1,Nicholas Lorusso:22.8
2026-05-06,ROK,6.725,7.6002,4,Brett Linzey:3.9|Joe Ritchie:13.7|Julian Mitchell:12|Stephen Tusa:-2.7
2026-05-06,RVTY,-19.6,,1,Evie Koslosky:-19.6
2026-05-06,SMCI,-2.7333,16.3479,3,Kevin Cassidy:-0.2|Samik Chatterjee:-20.2|Simon Leopold:12.2
2026-05-06,SWKS,-3.8,,1,Anthony Stoss:-3.8
2026-05-06,TDG,39.9667,26.0162,3,Charles Minervino:22.8|Gautam Khanna:27.2|Noah Poponak:69.9
2026-05-06,UDR,15.3,,1,Nicholas Joseph:15.3
2026-05-06,WAT,-5.2,,1,Catherine Ramsey Schulte:-5.2
2026-05-06,WEC,17.7,,1,Anthony Crowdell:17.7
2026-05-06,WTW,7.7,,1,Gregory Peters:7.7
2026-05-07,AES,8.2,,1,Nicholas Campanella:8.2
2026-05-07,AME,-4.9,,1,Julian Mitchell:-4.9
2026-05-07,AMGN,-0.6,,1,Ilya Zubkov:-0.6
2026-05-07,APA,-19.5,,1,Betty Zhang:-19.5
2026-05-07,APO,18.25,8.2731,2,Brian Bedell:24.1|Glenn Schorr:12.4
2026-05-07,APP,67.65,12.2329,2,Cory Carpenter:59|Unknown Analyst:76.3
2026-05-07,AXON,47.575,7.0561,4,Jordan Lyonnais:46|Joseph Cardoso:57.5|Trevor J. Walsh:46|William Power:40.8
2026-05-07,CDW,-20,,1,Tim Long:-20
2026-05-07,CVS,-2.8,,1,George Hill:-2.8
2026-05-07,DASH,9.7333,25.2716,3,Eric Sheridan:38.6|Mark Kelley:-8.4|Shweta Khajuria:-1
2026-05-07,DD,41.7,,1,David Begleiter:41.7
2026-05-07,DIS,23.9,,1,James Heaney CFA:23.9
2026-05-07,EMR,-1.4,,1,Joseph C Giordano:-1.4
2026-05-07,EOG,1.8,,1,Suvro Sarkar:1.8
2026-05-07,FLEX,40.35,3.0406,2,Ruben Roy:42.5|Samik Chatterjee:38.2
2026-05-07,FTNT,-26.3,,1,Todd Weller CFA:-26.3
2026-05-07,GPN,-0.9,12.0208,2,Charles Nabhan:-9.4|Unknown Analyst:7.6
2026-05-07,IFF,10,,1,Jeffrey Zekauskas:10
2026-05-07,JCI,2.7,,1,Timothy Wojs:2.7
2026-05-07,KHC,-10.6,,1,Stephen Powers:-10.6
2026-05-07,LLY,15.2,,1,James Shin:15.2
2026-05-07,MAR,24.6,,1,Unknown Analyst:24.6
2026-05-07,MCD,20.8,,1,David Tarantino CFA:20.8
2026-05-07,O,15.15,1.2021,2,Eric Borden:14.3|Greg McGinniss:16
2026-05-07,ORCL,69.7,,1,Adam Shepherd:69.7
2026-05-07,OXY,5.8,,1,Josh Silverstein:5.8
2026-05-07,PSKY,32.1,,1,Daniel Duran:32.1
2026-05-07,PYPL,-6.9,,1,Paul Golding:-6.9
2026-05-07,QCOM,23.6,,1,Louis Miscioscia:23.6
2026-05-07,ROK,19.1,,1,Unknown Analyst:19.1
2026-05-07,TECH,-30.7,0,2,Daniel Arias:-30.7|Daniel Markowitz CFA:-30.7
2026-05-07,TTD,38.5,,1,Jed Kelly:38.5
2026-05-07,UBER,45.1,7.4081,3,Doug Anmuth:53.5|Mark Kelley:42.3|Shweta Khajuria:39.5
2026-05-07,VRSK,30.5,,1,Gregory Peters:30.5
2026-05-07,VTR,5.6,,1,Austin Wurschmidt:5.6
2026-05-07,WBD,10.6,,1,John Hodulik:10.6
2026-05-08,ABNB,-8.9,12.4451,2,Doug Anmuth:-17.7|Unknown Analyst:-0.1
2026-05-08,AEP,16.8,,1,James Weston:16.8
2026-05-08,AKAM,31.1,,1,Frank Louthan:31.1
2026-05-08,ALB,100.8,,1,Ben Kallo:100.8
2026-05-08,ATO,17,,1,Ryan Levine:17
2026-05-08,C,4.5,,1,Scott Siefers:4.5
2026-05-08,COF,48.8,,1,Keith Horowitz:48.8
2026-05-08,COIN,-4.7,45.9619,2,Gustavo Gala:-37.2|Moshe Katri:27.8
2026-05-08,CRL,-19.1,,1,David Windley:-19.1
2026-05-08,DASH,5.2,8.7681,2,Tom White:-1|Unknown Analyst:11.4
2026-05-08,DDOG,-0.5,,1,Unknown Analyst:-0.5
2026-05-08,ED,11.8,,1,William Appicelli:11.8
2026-05-08,EMR,8.4,9.3338,2,Joe O'Dea:1.8|Unknown Analyst:15
2026-05-08,EVRG,11.5,,1,William Appicelli:11.5
2026-05-08,FLEX,51.1,,1,Unknown Analyst:51.1
2026-05-08,FTNT,-26.3,,1,Unknown Analyst:-26.3
2026-05-08,GEN,-7.5,,1,Keith Weiss:-7.5
2026-05-08,MCD,38.6,,1,Jeff Bernstein:38.6
2026-05-08,MCHP,61.7333,6.7501,3,Harlan Sur:61.7|James Schneider:55|Melissa Fairbanks:68.5
2026-05-08,MCK,-0.7,,1,George Hill:-0.7
2026-05-08,MRK,-9.7,,1,Unknown Analyst:-9.7
2026-05-08,MSI,13.15,0.7778,2,Adam Tindle:13.7|Unknown Analyst:12.6
2026-05-08,NVDA,37.4,,1,David Dai CFA:37.4
2026-05-08,NWSA,-0.1,,1,David Fabris:-0.1
2026-05-08,OXY,-5.6,,1,Suvro Sarkar:-5.6
2026-05-08,PANW,-25.9,,1,Unknown Analyst:-25.9
2026-05-08,QCOM,53.9,,1,Ivan Feinseth:53.9
2026-05-08,RSG,11.8,,1,Kevin Chiang:11.8
2026-05-08,SHW,23.7,,1,Greg Melich:23.7
2026-05-08,TPR,47.7,,1,Michael Binetti:47.7
2026-05-08,TRGP,-7.7,,1,Selman Akyol:-7.7
2026-05-08,TTD,56.9,14.8492,2,Alicia Reese:46.4|Thomas Champion:67.4
2026-05-08,VTRS,21.1,,1,Les Sulewski:21.1
2026-05-08,WMB,9.8,0,2,John Freeman:9.8|Justin Jenkins:9.8
2026-05-08,WMT,27.9,,1,Spencer Hanus:27.9
2026-05-08,XYZ,13.6,,1,John Davis:13.6
2026-05-09,IFF,1.4,,1,Unknown Analyst:1.4
2026-05-10,AMAT,9.5,,1,Jay Goldberg:9.5
2026-05-10,FIS,49.4,,1,Will Nance:49.4
2026-05-10,LRCX,0.6,,1,Jay Goldberg:0.6
2026-05-11,ABNB,-11.9,20.7889,2,Amanda Tan:2.8|Trevor Young:-26.6
2026-05-11,AKAM,-18.5,,1,Gabriela Borges:-18.5
2026-05-11,ALB,95.7,,1,Bill Selesky:95.7
2026-05-11,APA,-10.6,,1,Bob Brackett:-10.6
2026-05-11,BDX,14.7,,1,Matt Miksic:14.7
2026-05-11,CAT,34.7,,1,David Raso:34.7
2026-05-11,CMI,51.8,,1,David Raso:51.8
2026-05-11,COIN,71.2,,1,Joseph Vafi:71.2
2026-05-11,COP,-11.9,,1,Bob Brackett:-11.9
2026-05-11,DE,8,,1,Jairam Nathan:8
2026-05-11,DVN,17.5,,1,Bob Brackett:17.5
2026-05-11,EOG,5.2,,1,Bob Brackett:5.2
2026-05-11,EXC,32.1,,1,Nicholas Amicucci:32.1
2026-05-11,EXPE,0.4,9.051,2,Amanda Tan:6.8|Trevor Young:-6
2026-05-11,FANG,17.6,,1,Bob Brackett:17.6
2026-05-11,FOXA,22.8,0,2,Mike Ng:22.8|Nilesh Bhaiya:22.8
2026-05-11,IR,15.2,,1,David Raso:15.2
2026-05-11,IRM,28.5,,1,Unknown Analyst:28.5
2026-05-11,ITW,1.4,,1,David Raso:1.4
2026-05-11,JBHT,-8.3,,1,Jonathan Chappell:-8.3
2026-05-11,MSI,11.5,0,2,Jim Kelleher:11.5|Unknown Analyst:11.5
2026-05-11,MTD,-7.7,,1,Catherine Ramsey Schulte:-7.7
2026-05-11,NI,13.5,,1,Ryan Levine:13.5
2026-05-11,O,16,,1,Zhiger Kurmet:16
2026-05-11,PCAR,13.3,,1,David Raso:13.3
2026-05-11,PH,12,,1,David Raso:12
2026-05-11,PWR,38.5,,1,Manish Somaiya:38.5
2026-05-11,UBER,32.6,,1,Steven Fox:32.6
2026-05-11,URI,11.3,,1,David Raso:11.3
2026-05-12,ALB,112.7,,1,David Begleiter:112.7
2026-05-12,AMD,-3.1,,1,Louis Miscioscia:-3.1
2026-05-12,CEG,22.9,,1,Unknown Analyst:22.9
2026-05-12,DASH,73.3,,1,Dominic Ball:73.3
2026-05-12,DLTR,5.8,,1,Paul Lejuez:5.8
2026-05-12,DRI,9.6,,1,Danilo Gargiulo:9.6
2026-05-12,FOXA,16.8,,1,Sean Diffley:16.8
2026-05-12,FTV,17,0,2,Chigusa Katoku:17|Stephen Tusa:17
2026-05-12,GPN,-32,,1,Unknown Analyst:-32
2026-05-12,HST,7.9,,1,Nicholas Joseph:7.9
2026-05-12,INTC,-2.9,,1,Ross Seymore:-2.9
2026-05-12,LRCX,15.2,,1,Ling Lee Keng:15.2
2026-05-12,MET,-1.2,,1,Jimmy Bhullar:-1.2
2026-05-12,MNST,84.3,,1,Sean McGowan:84.3
2026-05-12,MOS,-12.7,16.8291,2,Hamir Patel:-0.8|Jeffrey Zekauskas:-24.6
2026-05-12,NSC,9.3,,1,Unknown Analyst:9.3
2026-05-12,ULTA,9.7,,1,Kelly Crago:9.7
2026-05-12,UNH,5.5,,1,Elizabeth Anderson CFA:5.5
2026-05-12,VTR,11.1,,1,Jonathan Petersen:11.1
2026-05-12,WELL,5.3,,1,Jonathan Petersen:5.3
2026-05-12,WMB,24.9,,1,Manav Gupta:24.9
2026-05-12,XYZ,-5.3,,1,Paul Golding:-5.3
2026-05-13,ABBV,-2.8,,1,Jasper Hellweg:-2.8
2026-05-13,BF.B,10.6,,1,Nadine Sarwat:10.6
2026-05-13,DOC,3.4,,1,Wes Golladay:3.4
2026-05-13,ECHO,72.9,,1,Pierre Ferragu:72.9
2026-05-13,EXC,-5,,1,Sophie Karp:-5
2026-05-13,GILD,14.8,,1,Matthew Biegler:14.8
2026-05-13,GIS,14.4,,1,Michael Lavery:14.4
2026-05-13,JNJ,-4,,1,Matt Miksic:-4
2026-05-13,MAS,13.8,,1,Michael Rehaut:13.8
2026-05-13,MSFT,16,,1,Daniel Ives:16
2026-05-13,NEE,27.6,,1,Jeremy Tonet:27.6
2026-05-13,NFLX,48.6,,1,Kutgun Maral:48.6
2026-05-13,NWSA,29.1,,1,Jason Bazinet:29.1
2026-05-13,O,10.9,,1,Haendel St. Juste:10.9
2026-05-13,OKE,0.4,,1,Bill Selesky:0.4
2026-05-13,ORLY,21.2,,1,Unknown Analyst:21.2
2026-05-13,PFE,-6.2,,1,Alexandria Hammond:-6.2
2026-05-13,PSX,-24.1,,1,Bill Selesky:-24.1
2026-05-13,TSCO,45.4,,1,Spencer Hanus:45.4
2026-05-13,XOM,1.8,,1,Bill Selesky:1.8
2026-05-14,AAPL,12.9,,1,Ivan Feinseth:12.9
2026-05-14,AXP,14,,1,Mikhail Paramonov:14
2026-05-14,CSCO,22.2,,1,Stephen Bersey:22.2
2026-05-14,DHR,-0.1,,1,Unknown Analyst:-0.1
2026-05-14,DPZ,25.2,,1,Unknown Analyst:25.2
2026-05-14,DXCM,34.9,,1,Unknown Analyst:34.9
2026-05-14,IFF,25.6,,1,Laurence Alexander:25.6
2026-05-14,KEY,9.9,,1,Scott Siefers:9.9
2026-05-14,KMB,22.3,,1,Peter Galbo:22.3
2026-05-14,NVDA,60.3,,1,David Siffringer:60.3
2026-05-14,TECH,-14,,1,Unknown Analyst:-14
2026-05-14,TMO,-19.6,,1,Unknown Analyst:-19.6
2026-05-14,TT,7.6,,1,Chigusa Katoku:7.6
2026-05-14,VRT,94.5,,1,Ananda Baruah:94.5
2026-05-14,WAT,-9.4,,1,Brandon Couillard:-9.4
2026-05-15,AMAT,20.5,,1,Chris Caso:20.5
2026-05-15,ANET,-17.8,,1,Simon Leopold:-17.8
2026-05-15,ATO,20.1,,1,Shelby Tucker:20.1
2026-05-15,BXP,8.2,,1,Richard Anderson:8.2
2026-05-15,D,5.7,,1,Shahriar Pourreza:5.7
2026-05-15,DELL,-48.9,,1,Jim Hin Kwong Au:-48.9
2026-05-15,DXCM,-2.8333,4.8952,3,David Roman:-3.6|Lee Hambright:-7.3|Unknown Analyst:2.4
2026-05-15,EXC,13.5,,1,Shelby Tucker:13.5
2026-05-15,FCX,1.3,,1,Liam Fitzpatrick:1.3
2026-05-15,FE,14.9,,1,Shelby Tucker:14.9
2026-05-15,FISV,45.4,,1,Unknown Analyst:45.4
2026-05-15,GILD,14.8,,1,Unknown Analyst:14.8
2026-05-15,LIN,20.8,,1,Alexandra Yates:20.8
2026-05-15,PNW,5.1,,1,Shelby Tucker:5.1
2026-05-15,RCL,29.5,,1,Kevin Kopelman:29.5
2026-05-15,SCHW,1.6,,1,William Katz:1.6
2026-05-15,SPG,2.5,,1,Marie Ferguson:2.5
2026-05-15,STZ,51.1,,1,Filippo Falorni:51.1
2026-05-15,WEC,20.6,,1,Shahriar Pourreza:20.6
2026-05-16,MAR,24.6,,1,Geraldine Wong:24.6
2026-05-17,DVN,25.4,,1,Lloyd Byrne:25.4
2026-05-17,FFIV,15.4,,1,Amit Daryanani:15.4
2026-05-18,AMD,4.6,,1,Ben Reitzes:4.6
2026-05-18,APTV,84.5,,1,Ryan Brinkman:84.5
2026-05-18,BMY,-10.4,,1,Unknown Analyst:-10.4
2026-05-18,CARR,16.6,,1,Patrick Baumann:16.6
2026-05-18,CPAY,-0.5,,1,Dominick Gabriele:-0.5
2026-05-18,CRM,-3.1,,1,Andy Yu CFA:-3.1
2026-05-18,DLTR,18.5,,1,Michael Montani:18.5
2026-05-18,DXCM,-22.9,,1,Matt Miksic:-22.9
2026-05-18,GPN,18.9,,1,Unknown Analyst:18.9
2026-05-18,HD,0.4,,1,Brian Nagel:0.4
2026-05-18,INTC,40.85,6.8589,2,Ben Reitzes:45.7|Cody Acree:36
2026-05-18,INVH,16.2,,1,Buck Horne:16.2
2026-05-18,MRVL,-6.8,,1,Ben Reitzes:-6.8
2026-05-18,ORLY,39.8,,1,Bill Selesky:39.8
2026-05-18,QCOM,20.9,,1,Ben Reitzes:20.9
2026-05-18,REGN,7.8,3.1113,2,Alexandria Hammond:10|Cory Kasimov:5.6
2026-05-18,SNDK,43.9,,1,Ben Reitzes:43.9
2026-05-18,TSN,13.3,,1,Unknown Analyst:13.3
2026-05-18,TT,7.6,,1,Patrick Baumann:7.6
2026-05-19,APTV,69.1,,1,Michael Ward:69.1
2026-05-19,CRWD,-39.5,,1,Markus Leistner:-39.5
2026-05-19,ELV,-14,,1,Elizabeth Anderson CFA:-14
2026-05-19,FRT,11.9,,1,Nicholas Yulico:11.9
2026-05-19,FTNT,-19.9,,1,Markus Leistner:-19.9
2026-05-19,HD,37.7,,1,Steven Forbes:37.7
2026-05-19,KIM,7.8,,1,Nicholas Yulico:7.8
2026-05-19,LHX,56.4,0,2,Imogen Mansfield:56.4|Imogen Mansfield:56.4
2026-05-19,MOS,7.2,,1,Unknown Analyst:7.2
2026-05-19,MRK,-4.1,,1,Unknown Analyst:-4.1
2026-05-19,NVDA,48.9,,1,Frank Lee CFA:48.9
2026-05-19,RCL,46.1,,1,Benjamin Chaiken:46.1
2026-05-19,XYZ,7.3,,1,Joseph Vafi:7.3
2026-05-20,AMP,-12.1,,1,Brennan Hawken:-12.1
2026-05-20,CCI,24.3,,1,Andrew Rosivach CFA:24.3
2026-05-20,CHRW,30.9,,1,Stephanie Moore:30.9
2026-05-20,CNC,20.4,,1,George Hill:20.4
2026-05-20,ECL,24.9,,1,Laurence Alexander:24.9
2026-05-20,ELV,18.9,,1,George Hill:18.9
2026-05-20,GOOGL,25.55,2.0506,2,Mark Kelley:24.1|Nitin Bansal:27
2026-05-20,HD,23.1,,1,Peter Benedict:23.1
2026-05-20,HSY,6.7,,1,John Baumgartner:6.7
2026-05-20,INCY,-13.6,,1,Unknown Analyst:-13.6
2026-05-20,INTU,55.5,,1,Matthew Hedberg:55.5
2026-05-20,KEYS,19.6,,1,David Ridley Lane:19.6
2026-05-20,MRNA,-72.2,,1,Unknown Analyst:-72.2
2026-05-20,NVDA,23.7,,1,Jim Kelleher:23.7
2026-05-20,TGT,-16.6,,1,Georgy Vashchenko:-16.6
2026-05-20,VRT,60.3,,1,Julian Mitchell:60.3
2026-05-20,VRTX,-0.1,,1,Unknown Analyst:-0.1
2026-05-21,ADI,20,5.9254,3,Atif Malik:21.4|Mark Lipacis:25.1|Melissa Fairbanks:13.5
2026-05-21,AFL,8.4,,1,Bob Huang:8.4
2026-05-21,AXP,19.8,,1,Dominick Gabriele:19.8
2026-05-21,BX,16.7,,1,Ken Shih:16.7
2026-05-21,COIN,14.1,,1,Ken Shih:14.1
2026-05-21,FCX,8.3,,1,Unknown Analyst:8.3
2026-05-21,GNRC,55.1,,1,Tommy Moll:55.1
2026-05-21,GPN,34.8,,1,Unknown Analyst:34.8
2026-05-21,HAS,35.5,,1,Megan Alexander:35.5
2026-05-21,INTU,54.4667,23.7748,3,Almas Almaganbetov:33.7|Jim Kelleher:49.3|Keith Weiss:80.4
2026-05-21,KEYS,15.2,,1,Samik Chatterjee:15.2
2026-05-21,LLY,21,,1,Alexandria Hammond:21
2026-05-21,LOW,37.2,,1,Peter Benedict:37.2
2026-05-21,NEM,4.9,,1,Unknown Analyst:4.9
2026-05-21,NUE,4.1,,1,Unknown Analyst:4.1
2026-05-21,NVDA,54.86,44.2149,5,Daniel Ives:51.2|Matt Bryson:51.2|Richard Shannon:26|Ross Seymore:16.8|Tristan Gerra:129.1
2026-05-21,RCL,18.8,,1,Robin M. Farley:18.8
2026-05-21,STLD,12.6,,1,Unknown Analyst:12.6
2026-05-21,SYF,6.6,,1,Dominick Gabriele:6.6
2026-05-21,TJX,38.9,,1,Mark Altschwager:38.9
2026-05-21,TMO,-4.1,,1,Unknown Analyst:-4.1
2026-05-21,WDAY,-16.5,,1,Andrew Sherman:-16.5
2026-05-22,CAT,27.7,,1,Stephen Volkmann:27.7
2026-05-22,CI,42.5,,1,A.J. Rice:42.5
2026-05-22,CMI,31.3,,1,Michael Feniger:31.3
2026-05-22,COO,52.1,,1,Unknown Analyst:52.1
2026-05-22,DDOG,13,,1,Dan Waggoner:13
2026-05-22,DECK,44,,1,Jenny Liu:44
2026-05-22,ELV,9.9,,1,A.J. Rice:9.9
2026-05-22,FICO,68.3,,1,Faiza Alwy:68.3
2026-05-22,GILD,25.2,,1,Akash Tewari:25.2
2026-05-22,HPE,-58.1,,1,Unknown Analyst:-58.1
2026-05-22,PNC,8.1,,1,Unknown Analyst:8.1
2026-05-22,RL,29.5,,1,Paul Kearney:29.5
2026-05-22,ROST,17,,1,Brooke Roach:17
2026-05-22,SOLV,-20,,1,Larry Biegelsen:-20
2026-05-22,TGT,-3.7,,1,Chris Graja:-3.7
2026-05-22,TTWO,39.2,,1,Chris Schoell:39.2
2026-05-22,WDAY,-0.4,,1,Keith Weiss:-0.4
2026-05-22,WMT,27.9,,1,Unknown Analyst:27.9
2026-05-24,DIS,22,,1,Unknown Analyst:22
2026-05-24,TXN,48.9,,1,Jay Goldberg:48.9
2026-05-25,KIM,7.8,,1,Haendel St. Juste:7.8
2026-05-25,RL,32.1,,1,Brooke Roach:32.1
2026-05-26,A,6.2,,1,Catherine Ramsey Schulte:6.2
2026-05-26,AFL,12.8,,1,John Barnidge:12.8
2026-05-26,AIZ,2.7,,1,John Barnidge:2.7
2026-05-26,ALB,90.6,,1,Kevin McCarthy:90.6
2026-05-26,APD,16.7,,1,Michael Sison:16.7
2026-05-26,APTV,51.5,,1,Bill Selesky:51.5
2026-05-26,AZO,40.7,2.4042,2,Kate McShane:42.4|Steven Forbes:39
2026-05-26,CMI,33.8,,1,Timothy Thein:33.8
2026-05-26,D,11.9,,1,Anthony Crowdell:11.9
2026-05-26,DD,29.9,,1,Michael Sison:29.9
2026-05-26,FE,14.9,,1,Ross Fowler:14.9
2026-05-26,FRT,12.8,,1,Cooper Clark:12.8
2026-05-26,FTV,15.2,,1,Julian Mitchell:15.2
2026-05-26,GE,15.9,,1,Richard Safran:15.9
2026-05-26,IFF,19.6,,1,Michael Sison:19.6
2026-05-26,IRM,29.4,,1,Unknown Analyst:29.4
2026-05-26,MOS,-12.7,,1,Michael Sison:-12.7
2026-05-26,MRVL,27.1,,1,Frank Lee CFA:27.1
2026-05-26,NTAP,-42.3,,1,Unknown Analyst:-42.3
2026-05-26,PH,0,,1,Joe O'Dea:0
2026-05-26,PPG,23.2,,1,Michael Sison:23.2
2026-05-26,PTC,30,,1,Unknown Analyst:30
2026-05-26,REG,17.9,,1,Cooper Clark:17.9
2026-05-26,SNPS,59.3,,1,Unknown Analyst:59.3
2026-05-26,TRV,-14.2,,1,Jimmy Bhullar:-14.2
2026-05-26,WTW,1.1,,1,Elyse Greenspan:1.1
2026-05-27,APA,-19.5,,1,William Janela:-19.5
2026-05-27,AZO,32.27,8.7822,10,Bobby Griffin:39|Christopher Horvers:33.8|Craig Kennison:25.1|David Bellinger:11.2|Michael Baker:30.4|Scot Ciccarelli:32.7|Scott Stember:39.8|Tristan M. Thomas-Martin:39|Unknown Analyst:39|Unknown Analyst:32.7
2026-05-27,CDW,-15.5,,1,Samik Chatterjee:-15.5
2026-05-27,CF,12.7,0,2,Michael Sison:12.7|Richard Garchitorena:12.7
2026-05-27,COO,13.2,,1,David Roman:13.2
2026-05-27,CTVA,7.3,,1,Michael Sison:7.3
2026-05-27,DG,-11.7,,1,Krisztina Katai:-11.7
2026-05-27,DLTR,-16.2,,1,Krisztina Katai:-16.2
2026-05-27,DVN,35.4,,1,Nitin Kumar CFA:35.4
2026-05-27,EOG,6.5,,1,Nitin Kumar CFA:6.5
2026-05-27,ESS,4.8,,1,Michael Lewis:4.8
2026-05-27,FANG,17.1,,1,Nitin Kumar CFA:17.1
2026-05-27,FFIV,5.7,,1,Samik Chatterjee:5.7
2026-05-27,FSLR,50.7,,1,Gordon Johnson:50.7
2026-05-27,GL,-0.7,,1,Randy Binner:-0.7
2026-05-27,HUM,-29.7,,1,Courtney Breen:-29.7
2026-05-27,LDOS,28,,1,Matthew Akers:28
2026-05-27,LH,2.7,,1,Unknown Analyst:2.7
2026-05-27,MGM,37.9,,1,Scot Ciccarelli:37.9
2026-05-27,MRVL,-15.3,,1,Joshua Buchalter:-15.3
2026-05-27,NVDA,94.7,,1,Ivan Feinseth:94.7
2026-05-27,PLD,11.2,,1,Ronald Kamdem:11.2
2026-05-27,PODD,55.4,,1,David Roman:55.4
2026-05-27,ROL,49.7,,1,Connor Cerniglia:49.7
2026-05-27,TRGP,3.9,0.7071,2,Jean Ann Salisbury:3.4|Spiro M. Dounis:4.4
2026-05-28,A,8.9,,1,Brandon Couillard:8.9
2026-05-28,AZO,28.6,,1,Steven Zaccone:28.6
2026-05-28,BAC,3.7,,1,Unknown Analyst:3.7
2026-05-28,BBY,-22.9,19.0526,3,Madeline Cech:-33.9|Robert Ohmes:-33.9|Unknown Analyst:-0.9
2026-05-28,BSX,107.1,,1,Matt Miksic:107.1
2026-05-28,CRM,6.4,13.435,2,Andrew Sherman:-3.1|Keith Weiss:15.9
2026-05-28,D,18.1,,1,Paul Zimbardo CFA:18.1
2026-05-28,DELL,-18.9,,1,Jim Kelleher:-18.9
2026-05-28,DLTR,4.9,,1,Georgy Vashchenko:4.9
2026-05-28,EME,40.9,,1,Unknown Analyst:40.9
2026-05-28,EQT,33.2,,1,Nitin Kumar CFA:33.2
2026-05-28,EXE,52.9,,1,Nitin Kumar CFA:52.9
2026-05-28,FFIV,-6.5,0,2,Mike Ng:-6.5|Nilesh Bhaiya:-6.5
2026-05-28,FIX,30.1,,1,Unknown Analyst:30.1
2026-05-28,HPQ,-26.7,,1,Samik Chatterjee:-26.7
2026-05-28,ICE,20.7,,1,Kevin Heal:20.7
2026-05-28,MRVL,3.775,8.6631,4,Natalia Winkler:-2.6|Ross Seymore:1.7|Simon Leopold:-0.5|Suji Desilva:16.5
2026-05-28,OMC,12.6,,1,Bianca Dallal:12.6
2026-05-28,PODD,50,,1,Matt Miksic:50
2026-05-28,PWR,23,0,2,Brent Thielman:23|Unknown Analyst:23
2026-05-28,RJF,12.4,,1,Alexander Blostein:12.4
2026-05-28,TTD,-23.3,,1,Bianca Dallal:-23.3
2026-05-28,VZ,-3.2,,1,Sachin Mittal:-3.2
2026-05-29,ADSK,41.2,,1,Nick Altmann:41.2
2026-05-29,ATO,12.8,,1,Gabe Moreen:12.8
2026-05-29,AZO,25.3,,1,Simeon Gutman:25.3
2026-05-29,BBY,-17.4,0,2,Matt McCartney:-17.4|Michael Piccolo:-17.4
2026-05-29,CHD,17.9,,1,Bonnie Herzog:17.9
2026-05-29,COST,27.225,14.292,4,Kelly Bania:45.3|Rupesh Parikh:28.2|Seth Sigman:10.5|Simeon Gutman:24.9
2026-05-29,DE,-18.6,,1,Stephen Volkmann:-18.6
2026-05-29,F,7.4,,1,Edison Yu:7.4
2026-05-29,FISV,12.4,,1,Youssef Squali:12.4
2026-05-29,FRT,18,,1,Omotayo Okusanya:18
2026-05-29,INTU,88.1,,1,Mark Murphy:88.1
2026-05-29,KMI,13.4,,1,Michael Blum:13.4
2026-05-29,MMM,12.1,,1,Julian Mitchell:12.1
2026-05-29,REG,13.9,,1,Omotayo Okusanya:13.9
2026-05-29,WDAY,2.3,,1,Mark Murphy:2.3
2026-05-31,ABT,10.8,,1,David Roman:10.8
2026-06-01,A,-8.1,,1,Michael Polark:-8.1
2026-06-01,BMY,14.7,,1,Unknown Analyst:14.7
2026-06-01,CCL,58.2,,1,Brandon Rolle:58.2
2026-06-01,CTSH,10,,1,Terry Tillman:10
2026-06-01,DIS,53.9,,1,Mike Ng:53.9
2026-06-01,FRT,13.7,,1,Haendel St. Juste:13.7
2026-06-01,J,14.9,,1,Unknown Analyst:14.9
2026-06-01,MLM,9,0,2,Harry Goad:9|Unknown Analyst:9
2026-06-01,MSFT,21.05,14.2128,2,Keith Weiss:31.1|Patrick Walravens:11
2026-06-01,MTD,-8.8,,1,Michael Polark:-8.8
2026-06-01,NCLH,48.4,,1,Brandon Rolle:48.4
2026-06-01,O,16,,1,Joe Dickstein:16
2026-06-01,RCL,16.9,,1,Brandon Rolle:16.9
2026-06-01,SHW,2.1,,1,Christopher Perrella:2.1
2026-06-01,TMO,-12.3,,1,Michael Polark:-12.3
2026-06-01,TRMB,47.4,,1,Unknown Analyst:47.4
2026-06-01,UBER,53.5,,1,Ronald Josey:53.5
2026-06-01,UPS,29.6,,1,Chad Dillard:29.6
2026-06-01,VMC,12,0,2,Harry Goad:12|Unknown Analyst:12
2026-06-01,WAT,4.1,,1,Michael Polark:4.1
2026-06-01,WBD,10.6,,1,Douglas Arthur:10.6
2026-06-01,WST,8.3,,1,Michael Polark:8.3
2026-06-02,AAPL,2.3,,1,Mike Ng:2.3
2026-06-02,ALB,63.4,,1,Andres Castanos-Mollor:63.4
2026-06-02,BXP,5.1,,1,John Kim:5.1
2026-06-02,CRH,58.1,0,2,Adrian Huerta:58.1|Elodie Rall:58.1
2026-06-02,CSCO,11.5,0,2,Mike Ng:11.5|Nilesh Bhaiya:11.5
2026-06-02,DG,12.4,,1,Georgy Vashchenko:12.4
2026-06-02,EW,23.3,,1,Krish Sankar:23.3
2026-06-02,GM,11,,1,Daniel Ives:11
2026-06-02,GOOGL,24.1,,1,Paul Rossington:24.1
2026-06-02,HPE,10.0667,10.4615,3,Ananda Baruah:20.8|Mark Newman:-0.1|Samik Chatterjee:9.5
2026-06-02,ISRG,-0.9,,1,Imron Zafar:-0.9
2026-06-02,JCI,4.1,7.7782,2,Joe O'Dea:9.6|Julian Mitchell:-1.4
2026-06-02,LH,-0.5,,1,David Toung:-0.5
2026-06-02,META,13.4,,1,Rocco Strauss:13.4
2026-06-02,MGM,31.6,8.9095,2,John DeCree:25.3|Steven Pizzella:37.9
2026-06-02,NVDA,26,,1,Chris Caso:26
2026-06-02,PANW,2.8,,1,David Siffringer:2.8
2026-06-02,PWR,23,,1,Sherif El-Sabbahy:23
2026-06-02,VRSN,9.3,,1,Jamesmichael Sherman-Lewis:9.3
2026-06-02,VRTX,5.9,,1,Unknown Analyst:5.9
2026-06-03,A,12.3,,1,Sidharth Sahoo:12.3
2026-06-03,AVGO,56.05,25.3851,2,Sean O'Loughlin:38.1|Tristan Gerra:74
2026-06-03,AVY,3.3,,1,Alexandra Yates:3.3
2026-06-03,CCL,53.8,,1,Unknown Analyst:53.8
2026-06-03,DG,4.3333,20.8423,3,Anthony Chukumba:-7.7|John Heinbockel:28.4|Unknown Analyst:-7.7
2026-06-03,DHR,9.9,7.0711,2,Sidharth Sahoo:14.9|Unknown Analyst:4.9
2026-06-03,FANG,9.8,,1,Tim Rezvan:9.8
2026-06-03,HLT,13.5,1.1314,2,Ari Klein:12.7|Duane Pfennigwerth:14.3
2026-06-03,HON,172.8,,1,Joe Ritchie:172.8
2026-06-03,ICE,59.5,,1,Craig Siegenthaler:59.5
2026-06-03,IFF,10,,1,Salvator Tiano:10
2026-06-03,JCI,17.1,,1,Nigel Coe:17.1
2026-06-03,MRVL,6.3,,1,Mark Lipacis:6.3
2026-06-03,NCLH,61.9,,1,Unknown Analyst:61.9
2026-06-03,PANW,-1.4,7.8902,5,Daniel Ives:2.8|Joshua Tilton:-3.2|Rahul Chopra:8.9|Trevor J. Walsh:-3.2|Yun Kim:-12.3
2026-06-03,RCL,23,,1,Unknown Analyst:23
2026-06-03,SHW,8.3,,1,Michael Sison:8.3
2026-06-03,TMO,-11.4,,1,Sidharth Sahoo:-11.4
2026-06-03,TPL,73.1,,1,Tim Rezvan:73.1
2026-06-03,ULTA,12.1,11.6503,5,Anthony Chukumba:0.6|Mark Altschwager:28|Michael Binetti:16.1|Simeon Gutman:15.2|Unknown Analyst:0.6
2026-06-03,VTR,22.2,,1,Julien Blouin:22.2
2026-06-03,WAT,6.5,,1,Sidharth Sahoo:6.5
2026-06-04,ALB,70.2,,1,Michael Sison:70.2
2026-06-04,AVGO,38.6,3.4771,3,Harrison Bauer:35.4|Kevin Cassidy:38.1|Ross Seymore:42.3
2026-06-04,CMS,10.2,,1,Julien Dumoulin Smith:10.2
2026-06-04,CRWD,-9.3,5.0912,2,Daniel Ives:-12.9|Trevor J. Walsh:-5.7
2026-06-04,CSGP,47.7,,1,Michael Rindos:47.7
2026-06-04,FDXF,30.9,,1,Jonathan Chappell:30.9
2026-06-04,FICO,56.6,,1,George Tong:56.6
2026-06-04,LIN,22.3,,1,Michael Sison:22.3
2026-06-04,MDT,-1.1,10.8894,2,David Roman:-8.8|Lee Hambright:6.6
2026-06-04,PPL,32,,1,Alex Kania:32
2026-06-04,RDDT,64.8,,1,Alan Gould:64.8
2026-06-04,RSG,11.35,4.4548,2,Sherif El-Sabbahy:8.2|Unknown Analyst:14.5
2026-06-04,SJM,-0.9,,1,Unknown Analyst:-0.9
2026-06-04,TTD,46.4,,1,Mark Kelley:46.4
2026-06-04,USB,-15.4,,1,Unknown Analyst:-15.4
2026-06-04,VEEV,-20.6,14.4219,3,Adam Hotchkiss:-37.1|Hannah Rudoff:-10.4|Martin Yang:-14.3
2026-06-04,VTRS,-27.3,,1,David Amsellem:-27.3
2026-06-05,AVGO,7.7,,1,Fang Boon Foo:7.7
2026-06-05,BLK,6,,1,William Katz:6
2026-06-05,CIEN,81.7,,1,Samik Chatterjee:81.7
2026-06-05,COST,6.3,,1,Scot Ciccarelli:6.3
2026-06-05,DOV,34.9,,1,Joe O'Dea:34.9
2026-06-05,FDXF,24.7,,1,J. Bruce Chan:24.7
2026-06-05,FISV,-10.8,,1,Thomas Poutrieux:-10.8
2026-06-05,GIS,-10.7,,1,Megan Alexander:-10.7
2026-06-05,IR,20.7,,1,Joe O'Dea:20.7
2026-06-05,LULU,40.4,,1,Georgy Vashchenko:40.4
2026-06-05,NVDA,14.5,,1,Fang Boon Foo:14.5
2026-06-05,OTIS,15.8,,1,Joe O'Dea:15.8
2026-06-05,PLTR,37.5,,1,Unknown Analyst:37.5
2026-06-05,PPL,8.6,,1,Anthony Crowdell:8.6
2026-06-07,ORCL,99.6,,1,Andrew Sherman:99.6
2026-06-07,STX,31.3,,1,Vijay Rakesh:31.3
2026-06-08,ADI,13.5,,1,Unknown Analyst:13.5
2026-06-08,APTV,106.4,,1,Alexander Potter:106.4
2026-06-08,CI,21.1,,1,Ann Hynes:21.1
2026-06-08,CL,15.2,,1,Robert Ottenstein:15.2
2026-06-08,ELV,13.7,,1,Lisa Gill:13.7
2026-06-08,EXR,9.7,,1,Steve Sakwa:9.7
2026-06-08,FITB,6,,1,David George:6
2026-06-08,FRT,3.2,,1,Michael Lewis:3.2
2026-06-08,HST,21.4,,1,RJ Milligan:21.4
2026-06-08,IBKR,10.5,,1,Steven Chubak:10.5
2026-06-08,KIM,7.8,,1,Steve Sakwa:7.8
2026-06-08,PAYX,-15.4,,1,Bryan Bergin:-15.4
2026-06-08,PH,7.3,,1,Julian Mitchell:7.3
2026-06-08,PODD,63.7,,1,Jayson Bedford:63.7
2026-06-08,XEL,19.2,,1,Sophie Karp:19.2
2026-06-09,ADSK,57.7,,1,Unknown Analyst:57.7
2026-06-09,ALLE,1.1,,1,Joe O'Dea:1.1
2026-06-09,AWK,1.7,,1,William Appicelli:1.7
2026-06-09,BSX,58.2,,1,Stephanie Elghazi:58.2
2026-06-09,CARR,23.6,,1,Joe O'Dea:23.6
2026-06-09,CAT,20.8,,1,Sherif El-Sabbahy:20.8
2026-06-09,CFG,6.4,,1,David Siffringer:6.4
2026-06-09,CRWD,-12.9,,1,Rahul Chopra:-12.9
2026-06-09,GPN,-27.5,,1,Andrew Harte:-27.5
2026-06-09,HON,75.65,85.6306,2,Julian Mitchell:136.2|Unknown Analyst:15.1
2026-06-09,HUBB,21.6,,1,Joe O'Dea:21.6
2026-06-09,MCHP,28,,1,Unknown Analyst:28
2026-06-09,ROK,16.9,,1,Unknown Analyst:16.9
2026-06-09,RTX,11.3,,1,Jason Sum:11.3
2026-06-09,SJM,-3,8.7681,2,Marc Torrente:3.2|Megan Alexander:-9.2
2026-06-09,SRE,26,,1,Marie Ferguson:26
2026-06-09,SYF,17.1,,1,Hoang Nguyen:17.1
2026-06-09,ULTA,9.7,,1,Moshe Orenbuch:9.7
2026-06-09,WDC,31.9,,1,Mark Newman:31.9
2026-06-10,AOS,30.7,,1,Bryan Blair:30.7
2026-06-10,AZO,50.3,,1,Bill Selesky:50.3
2026-06-10,DDOG,17.5,0,2,Daniel Ives:17.5|Derrick Wood:17.5
2026-06-10,DVN,21.45,11.243,2,Nicholas Pope:13.5|Phillip Jungwirth:29.4
2026-06-10,GOOGL,15.2,,1,Chad Dillard:15.2
2026-06-10,HST,20.3,7.9196,2,Floris van Dijkum:25.9|Shaun Kelley:14.7
2026-06-10,INTC,11.7,,1,Amanda Tan:11.7
2026-06-10,MMM,0,,1,Joe O'Dea:0
2026-06-10,MU,64.1,,1,SK Kim:64.1
2026-06-10,PPL,17.4,,1,Marie Ferguson:17.4
2026-06-10,URI,28.9,,1,Timothy Thein:28.9
2026-06-11,ADBE,-24.7,,1,Gabriela Borges:-24.7
2026-06-11,ALLE,7.6,,1,David Macgregor:7.6
2026-06-11,AMZN,20.7,,1,Steven McDermott:20.7
2026-06-11,CL,10.6,0,2,Cristian Rios:10.6|Unknown Analyst:10.6
2026-06-11,CME,17.2,,1,Simon Clinch:17.2
2026-06-11,EL,-15.6,,1,Unknown Analyst:-15.6
2026-06-11,FE,10.6,,1,William Appicelli:10.6
2026-06-11,ICE,12.5,,1,Simon Clinch:12.5
2026-06-11,JBL,28.9,,1,Ruplu Bhattacharya:28.9
2026-06-11,KDP,21.1,,1,Unknown Analyst:21.1
2026-06-11,KO,-4.9,0,2,Cristian Rios:-4.9|Unknown Analyst:-4.9
2026-06-11,MRVL,1.7,,1,Kevin Cassidy:1.7
2026-06-11,MU,28.2,,1,Chris Caso:28.2
2026-06-11,NDAQ,20.6,,1,Simon Clinch:20.6
2026-06-11,ORCL,61.54,22.7792,5,Arti Vula:39.7|Brad Zelnick:99.6|Daniel Ives:59.7|Gabriela Borges:59|Joseph Bonner:49.7
2026-06-11,PEP,4.9,0,2,Cristian Rios:4.9|Unknown Analyst:4.9
2026-06-11,PG,7.4,0,2,Cristian Rios:7.4|Unknown Analyst:7.4
2026-06-11,ROK,2.7,,1,Joe O'Dea:2.7
2026-06-11,SPGI,34.9,,1,Sean Kennedy:34.9
2026-06-11,TECH,-9.9,,1,David Westenberg:-9.9
2026-06-12,ADBE,19.6556,27.725,9,Alex Zukin:-25.7|Andrew Sherman:-2.9|Arti Vula:34.8|Egor Tolmachev:-0.9|Elizabeth Porter:44.7|Gregg Moskowitz:-2.9|Keith Weiss:44.7|Mark Moerdler:50.3|Mark Murphy:34.8
2026-06-12,BSX,51.2,,1,Matthew O'Brien:51.2
2026-06-12,CHTR,14.6,,1,Lyaysyan Sedova:14.6
2026-06-12,CMCSA,15.1,,1,Lyaysyan Sedova:15.1
2026-06-12,CSX,-4,,1,Nik Modi:-4
2026-06-12,EG,-22.8,,1,Unknown Analyst:-22.8
2026-06-12,ETN,-7.8,,1,Julian Mitchell:-7.8
2026-06-12,HON,161.9,,1,Alexander Virgo:161.9
2026-06-12,LEN,4.9,2.687,2,Michael Dahl:6.8|Stephen Kim:3
2026-06-12,LITE,15.4,,1,Unknown Analyst:15.4
2026-06-12,MDLZ,13.7,,1,Megan Alexander:13.7
2026-06-12,MKC,22.8,,1,Thomas Palmer:22.8
2026-06-12,TAP,13,10.8894,2,Kaumil Gajrawala:5.3|Robert Ottenstein:20.7
2026-06-12,TYL,-0.5,,1,Michael Turrin:-0.5
2026-06-12,UBER,60.5,,1,Ivan Feinseth:60.5
2026-06-14,TYL,33.7,,1,Derrick Wood:33.7
2026-06-15,ACN,0.6,,1,Surinder Thind:0.6
2026-06-15,AMT,26.5,,1,Michael Rollins:26.5
2026-06-15,COF,24.8,0,2,Hoang Nguyen:24.8|Ryan Nash:24.8
2026-06-15,CTSH,8.3,,1,Surinder Thind:8.3
2026-06-15,DD,25.2,,1,Joe Ritchie:25.2
2026-06-15,DOC,18.2,,1,Juan C. Sanabria:18.2
2026-06-15,EMR,-4.7,,1,Unknown Analyst:-4.7
2026-06-15,EW,16.2,,1,David Roman:16.2
2026-06-15,EXR,14.1,,1,Michael Mueller:14.1
2026-06-15,FAST,-6.7,,1,Unknown Analyst:-6.7
2026-06-15,FITB,6,,1,Matt Olney:6
2026-06-15,FOXA,10.7,,1,Robert Coolbrith:10.7
2026-06-15,GPC,8.5,,1,Unknown Analyst:8.5
2026-06-15,GWW,-2.3,,1,Unknown Analyst:-2.3
2026-06-15,INVH,27.1,,1,Juan C. Sanabria:27.1
2026-06-15,ISRG,51.2,,1,David Roman:51.2
2026-06-15,KEY,19,,1,Matt Olney:19
2026-06-15,LEN,-15.8,,1,Ryan Gilbert:-15.8
2026-06-15,NOW,-1.9,,1,Yi Fu Lee:-1.9
2026-06-15,ORCL,57.7,,1,Paul Chew:57.7
2026-06-15,PODD,59.1,,1,Matthew O'Brien:59.1
2026-06-15,PSA,18.2,5.9397,2,Michael Mueller:14|Nicholas Joseph:22.4
2026-06-15,RF,2.9,,1,Russell Gunther:2.9
2026-06-15,ROK,16.7,,1,Unknown Analyst:16.7
2026-06-15,SBAC,26.7,,1,Michael Rollins:26.7
2026-06-15,STX,10.8,,1,Samik Chatterjee:10.8
2026-06-15,TXT,13.6,,1,David E. Strauss:13.6
2026-06-15,VST,55,,1,Angie Storozynski:55
2026-06-15,WDC,45.4,,1,Samik Chatterjee:45.4
2026-06-16,ACN,19.6,,1,Meha Pau:19.6
2026-06-16,CRM,31.2,,1,Daniel Ives:31.2
2026-06-16,CTSH,-1.7,,1,Meha Pau:-1.7
2026-06-16,DOC,18.2,0,2,Dave Rodgers:18.2|Unknown Analyst:18.2
2026-06-16,EMR,-4.7,,1,Unknown Analyst:-4.7
2026-06-16,ESS,5.5,,1,Julien Blouin:5.5
2026-06-16,FAST,-6.7,,1,Unknown Analyst:-6.7
2026-06-16,FSLR,3.8,,1,Unknown Analyst:3.8
2026-06-16,GWW,-2.3,,1,Unknown Analyst:-2.3
2026-06-16,HOOD,-2.3,,1,Stephen Biggar:-2.3
2026-06-16,HST,21.4,,1,Marie Ferguson:21.4
2026-06-16,HUBB,11.9,,1,Unknown Analyst:11.9
2026-06-16,INVH,16.2,,1,Julien Blouin:16.2
2026-06-16,KIM,9.95,9.1217,2,Marie Ferguson:16.4|Ronald Kamdem:3.5
2026-06-16,LEN,7.6,10.7056,3,Jade Rahmani:8|John Lovallo:18.1|Michael Rehaut:-3.3
2026-06-16,MAA,5.8,,1,Julien Blouin:5.8
2026-06-16,NEE,30,,1,Unknown Analyst:30
2026-06-16,REG,17.9,,1,Ronald Kamdem:17.9
2026-06-16,VICI,57.1,,1,Unknown Analyst:57.1
2026-06-16,VTR,6.7,3.8105,3,Dave Rodgers:4.5|Omotayo Okusanya:11.1|Unknown Analyst:4.5
2026-06-16,WELL,-4.1,0,2,Dave Rodgers:-4.1|Unknown Analyst:-4.1
2026-06-17,ADBE,32.8,28.0014,2,Dan Bergstrom:13|Paul Chew:52.6
2026-06-17,AJG,22.8,,1,David Motemaden:22.8
2026-06-17,AMD,16.2,,1,David Dai CFA:16.2
2026-06-17,CCL,58.2,,1,Unknown Analyst:58.2
2026-06-17,HOOD,15.5,,1,Ian S. Moore:15.5
2026-06-17,JBL,49.3,,1,Jim Kelleher:49.3
2026-06-17,LDOS,-3,,1,Mariana Perez Mora:-3
2026-06-17,MNST,64.15,77.4282,2,Cristian Rios:9.4|Unknown Analyst:118.9
2026-06-17,MOS,27,,1,Vitaly Kononov:27
2026-06-17,UBER,56.3,,1,James Goodall:56.3
2026-06-17,ULTA,0.6,,1,Taylor Conrad:0.6
2026-06-18,ACN,0.6,3.8184,2,Amit Daryanani:-2.1|David Koning:3.3
2026-06-18,ADSK,38.9,,1,Andrew Degasperi:38.9
2026-06-18,AEP,15.9,,1,Paul Fremont:15.9
2026-06-18,AJG,27.3667,29.5603,3,Andrew Andersen:10.3|Andrew Kligerman:61.5|Michael Zaremski:10.3
2026-06-18,AXP,15.5,,1,Philipp Haessler:15.5
2026-06-18,CBRE,28.1,,1,Ronald Kamdem:28.1
2026-06-18,COST,12.7,,1,Steven Zaccone:12.7
2026-06-18,CTVA,15.6,,1,Unknown Analyst:15.6
2026-06-18,DG,8.4,,1,Corey Tarlowe:8.4
2026-06-18,DIS,17.3,,1,Jessica Reif Ehrlich:17.3
2026-06-18,FDS,-17.2,,1,Henry Hayden:-17.2
2026-06-18,INTC,-2.9,,1,David Dai CFA:-2.9
2026-06-18,INVH,8.9,,1,Nicholas Yulico:8.9
2026-06-18,JBL,37.9,3.8158,3,Luke Junk:38.3|Melissa Fairbanks:41.5|Tim Long:33.9
2026-06-18,MCO,5.3,,1,Charles Bendit:5.3
2026-06-18,MSCI,24.4,,1,Charles Bendit:24.4
2026-06-18,NEE,27.6,,1,William Appicelli:27.6
2026-06-18,O,12.6,,1,Nicholas Yulico:12.6
2026-06-18,PTC,-0.6,,1,Andrew Degasperi:-0.6
2026-06-18,SPGI,26.6,,1,Charles Bendit:26.6
2026-06-18,SWK,0.9,,1,Joe O'Dea:0.9
2026-06-18,SYK,65.1,,1,Matthew Taylor:65.1
2026-06-18,VRSK,5,,1,Henry Hayden:5
2026-06-19,ACN,-18.4,,1,Keith Bachman:-18.4
2026-06-19,KIM,12.1,,1,Unknown Analyst:12.1
2026-06-21,ACN,9.8,17.6777,2,David Grossman:22.3|Tien Tsin Huang:-2.7
2026-06-21,INVH,12.6,,1,Haendel St. Juste:12.6
2026-06-21,JBL,44.6,,1,Ruben Roy:44.6
2026-06-21,MU,53.8,,1,Brian Chin:53.8
2026-06-21,TEL,8.5,,1,Amit Daryanani:8.5
2026-06-21,TMUS,48.1,,1,Kutgun Maral:48.1
2026-06-22,AAPL,-5.2,,1,Rob Chang CFA:-5.2
2026-06-22,ACN,9.7,23.1856,7,Arvind Ramnani:-18.4|Dan Dolev:22.9|Daniel Perlin:-4.8|David Paige:-4.8|Jonathan Lee CFA:0.6|Kevin Mcveigh:49.5|Sean Kennedy:22.9
2026-06-22,BIIB,-5.1,,1,Eric Schmidt FCA:-5.1
2026-06-22,CASY,45.6,,1,Dan Guglielmo:45.6
2026-06-22,CRH,61.5,,1,Michael Feniger:61.5
2026-06-22,GNRC,80.8,,1,Tanner James:80.8
2026-06-22,JBL,41.5,,1,Samik Chatterjee:41.5
2026-06-22,KIM,20.7,,1,Andrew Rosivach CFA:20.7
2026-06-22,KR,33.4,,1,Bill Kirk:33.4
2026-06-22,MA,17.4,,1,Jason Kupferberg:17.4
2026-06-22,PM,4.7,,1,Dara Mohsenian:4.7
2026-06-22,SMCI,19.7,,1,Unknown Analyst:19.7
2026-06-22,T,19,,1,Ryan Gravett:19
2026-06-22,TDG,27.2,,1,Seth Seifman:27.2
2026-06-22,VMRK,9.9,,1,Michael Lewis:9.9
2026-06-22,VZ,-5.2,,1,John Hodulik:-5.2
2026-06-22,XYZ,14.9,,1,Jason Kupferberg:14.9
2026-06-23,ABBV,8.9,0,2,Nicholas Lorusso:8.9|Tyler Van Buren:8.9
2026-06-23,CCL,52.3667,2.4826,3,Kevin Kopelman:49.5|Lizzie Dove:53.8|Robin M. Farley:53.8
2026-06-23,D,7.2,,1,Nicholas Campanella:7.2
2026-06-23,DPZ,12.3,,1,David Tarantino CFA:12.3
2026-06-23,DRI,9.6,,1,David Palmer:9.6
2026-06-23,ED,5.2,,1,Marie Ferguson:5.2
2026-06-23,EXC,8.9,,1,Andrew Weisel:8.9
2026-06-23,GOOGL,30,,1,Joseph Bonner:30
2026-06-23,NKE,54.9,,1,Sam Poser:54.9
2026-06-23,NUE,5.6,,1,Samuel McKinney:5.6
2026-06-23,PFE,-2.6,,1,Michael Yee:-2.6
2026-06-23,PODD,50.8,9.6167,2,Travis Steed:57.6|Unknown Analyst:44
2026-06-23,PSA,16.15,5.0205,2,Samir Khanal:12.6|Unknown Analyst:19.7
2026-06-23,STZ,28.2,,1,Kaumil Gajrawala:28.2
2026-06-23,SW,31.9,,1,Hillary Cacanando:31.9
2026-06-23,TT,24.3,,1,Unknown Analyst:24.3
2026-06-23,TYL,55.9,,1,Alexei Gogolev:55.9
2026-06-23,VRT,61.8,,1,Unknown Analyst:61.8
2026-06-23,VZ,10.7,,1,Nilesh Bhaiya:10.7
2026-06-24,BNY,-6.6,,1,Unknown Analyst:-6.6
2026-06-24,CCL,53.825,7.1444,4,Brandt Montour:53.8|Christopher Stathoulopoulos:45.1|Steven Wieczynski:62.6|Unknown Analyst:53.8
2026-06-24,EQT,29.5,,1,Phillip Jungwirth:29.5
2026-06-24,FDX,0.8833,25.0343,6,Fadi Chamoun:9|J. Bruce Chan:4.5|Jason Seidl:13.5|Ken Hoexter:21.2|Patrick Brown:5.8|Ravi Shanker:-48.7
2026-06-24,MET,-7.4,,1,John Barnidge:-7.4
2026-06-24,MU,68.15,52.2552,2,Gil Luria:105.1|Tristan Gerra:31.2
2026-06-24,NKE,49.5,,1,Joe Feldman:49.5
2026-06-24,PFG,7.6,,1,John Barnidge:7.6
2026-06-24,PLD,15.7,,1,Caitlin Burrows:15.7
2026-06-24,PLTR,37.5,,1,Daniel Ives:37.5
2026-06-24,PRU,-7.7,,1,John Barnidge:-7.7
2026-06-24,QCOM,4.4,,1,Harrison Bauer:4.4
2026-06-24,ROP,15.8,,1,George Kurosawa:15.8
2026-06-24,UNH,25.3,,1,Michael Craig Jones:25.3
2026-06-25,AMT,15.3,,1,Ben Davis:15.3
2026-06-25,CCL,60.4,9.3338,2,John Staszak:53.8|Trey Bowers:67
2026-06-25,CSCO,15.9,,1,Jackson Ader:15.9
2026-06-25,CSX,-20.3,,1,David Vernon:-20.3
2026-06-25,DRI,2.4,,1,Andrew Charles:2.4
2026-06-25,DXCM,3.6,,1,Unknown Analyst:3.6
2026-06-25,ECL,19.5,,1,Patrick Cunningham:19.5
2026-06-25,FDX,16.2,1.1314,2,Lucas Servera:17|Stephanie Moore:15.4
2026-06-25,HRL,31.3,,1,Leah Jordan:31.3
2026-06-25,KKR,9.8,,1,Alexander Blostein:9.8
2026-06-25,KMI,55.5,,1,Unknown Analyst:55.5
2026-06-25,MKC,20.8,,1,Scott Marks CFA:20.8
2026-06-25,MU,65.2,31.4904,9,Ben Reitzes:125.6|Joseph Moore:23|Kevin Cassidy:53.8|Matt Bryson:43.6|Mehdi Hosseini:105.1|Melissa Fairbanks:53.8|Melissa Weathers:58.9|Quinn Bolton:69.2|Srini Pajjuri:53.8
2026-06-25,NSC,1.5,,1,Jonathan Chappell:1.5
2026-06-25,OKE,30.4,,1,Michael Blum:30.4
2026-06-25,PAYX,-12.8,4.5924,3,Cassie Chan:-18|Daniel Jester:-11.1|Tien Tsin Huang:-9.3
2026-06-25,QCOM,45.6,0,2,Kevin Cassidy:45.6|Samik Chatterjee:45.6
2026-06-25,TECH,1.2,,1,Puneet Souda:1.2
2026-06-25,TRGP,12.7,,1,Michael Blum:12.7
2026-06-25,UNP,3.4,,1,Jonathan Chappell:3.4
2026-06-25,VLTO,16.9,,1,Stephen Volkmann:16.9
2026-06-26,AAPL,20.4,,1,Daniel Ives:20.4
2026-06-26,AMAT,73.1,,1,Craig Ellis:73.1
2026-06-26,AMT,20.9,,1,Unknown Analyst:20.9
2026-06-26,ARE,5.6,,1,Jeffrey Spector:5.6
2026-06-26,BEN,1,,1,Michael Cyprys:1
2026-06-26,BRO,5.8,,1,Gregory Peters:5.8
2026-06-26,CPRT,30.2,,1,Dmitriy Pozdnyakov:30.2
2026-06-26,DRI,6.7286,5.3531,7,Andrew Strelzik:4.8|Brian Bittner:12|Brian Harbour:12.4|Brian Mullan:1|David Tarantino CFA:4.8|Peter Saleh:12|Zachary Fadem:0.1
2026-06-26,ESS,17.3,,1,Buck Horne:17.3
2026-06-26,FDXF,36.4,27.5772,2,Fadi Chamoun:16.9|Stephanie Moore:55.9
2026-06-26,HAL,25.6,,1,Phillip Jungwirth:25.6
2026-06-26,IBM,43.9,,1,Daniel Ives:43.9
2026-06-26,JBHT,10.9,,1,Christopher Kuhn:10.9
2026-06-26,MDLZ,13.7,,1,Georgy Vashchenko:13.7
2026-06-26,MKC,8.4667,7.8768,3,Matthew Smith; CFA:7.2|Peter Grom:1.3|Stephen Powers:16.9
2026-06-26,MOS,19.1,,1,Mazahir Mammadli:19.1
2026-06-26,MSCI,29.8,,1,Alex Kramm:29.8
2026-06-26,MU,80.75,34.4361,2,Aaron Rakers:56.4|Thomas O'Malley:105.1
2026-06-26,NKE,39.9,32.6683,2,Brian Nagel:63|Krisztina Katai:16.8
2026-06-26,ODFL,22.4,,1,Brandon Oglenski:22.4
2026-06-26,ON,44.5,,1,Krish Sankar:44.5
2026-06-26,QCOM,45.6,,1,Ingo Wermann:45.6
2026-06-26,SBAC,10.5,,1,Unknown Analyst:10.5
2026-06-26,STT,-9,,1,David Smith -CFA:-9
2026-06-26,TAP,10.5,,1,Robert Moskow:10.5
2026-06-26,TECH,-2.6,7.6,4,Brandon Couillard:-14|Catherine Ramsey Schulte:1.2|Justin Bowers:1.2|Steven Etoch:1.2
2026-06-28,GM,16.8,,1,Vijay Rakesh:16.8
2026-06-28,MCHP,50.9,,1,Vijay Rakesh:50.9
2026-06-28,MU,91.7,,1,Yik Ban Chong:91.7
2026-06-29,ABT,7.9,,1,Unknown Analyst:7.9
2026-06-29,AMP,-1.4,,1,Alexander Blostein:-1.4
2026-06-29,APP,97.6,,1,Andrew Marok:97.6
2026-06-29,BNY,-4.1,,1,Brennan Hawken:-4.1
2026-06-29,CMCSA,27,,1,John Hodulik:27
2026-06-29,CRH,69.4,,1,Pujarini Ghosh:69.4
2026-06-29,CRWD,-11.7,,1,Ellie Kearney:-11.7
2026-06-29,DRI,16.7,,1,John Staszak:16.7
2026-06-29,FRT,18,,1,RJ Milligan:18
2026-06-29,FTNT,-37.85,4.5962,2,Peter Weed:-41.1|Stephen Bersey:-34.6
2026-06-29,GEV,30.6,,1,Christine Cho CFA:30.6
2026-06-29,HON,26,,1,Jairam Nathan:26
2026-06-29,HONA,75.7,25.0316,2,Gautam Khanna:58|Scott Mikus:93.4
2026-06-29,IFF,1.7,,1,Alexandra Yates:1.7
2026-06-29,KIM,25.1,,1,RJ Milligan:25.1
2026-06-29,MU,74.35,43.4871,2,C J Muse:105.1|Jim Hin Kwong Au:43.6
2026-06-29,NTRS,1.5,,1,Brennan Hawken:1.5
2026-06-29,NVDA,44.3,,1,Dien Wang:44.3
2026-06-29,PYPL,-21.8,,1,Patrick Moley:-21.8
2026-06-29,REG,17.9,,1,RJ Milligan:17.9
2026-06-29,STT,-13.1,,1,Brennan Hawken:-13.1
2026-06-29,STX,74.65,25.5266,2,Ben Reitzes:92.7|C J Muse:56.6
2026-06-29,TECH,1.2,,1,Patrick B Donnelly:1.2
2026-06-29,URI,33.5,,1,Seth Weber:33.5
2026-06-29,WDC,134.8,,1,Ben Reitzes:134.8
2026-06-29,XYZ,26.2,,1,Patrick Moley:26.2
2026-06-30,ABT,18.7,,1,David Rescott:18.7
2026-06-30,ALGN,52.5,,1,Michael Cherny:52.5
2026-06-30,AMAT,97.2,,1,Mehdi Hosseini:97.2
2026-06-30,AXP,15.65,8.9803,2,Ben Gerlinger:9.3|Unknown Analyst:22
2026-06-30,CARR,30.5,,1,Unknown Analyst:30.5
2026-06-30,CCL,84.6,,1,Ivan Feinseth:84.6
2026-06-30,CHRW,50.5,,1,Thomas Wadewitz:50.5
2026-06-30,CMCSA,27,0,2,Bryan Kraft:27|Michael Rollins:27
2026-06-30,COF,21.9,,1,Unknown Analyst:21.9
2026-06-30,EOG,8.6,,1,Phillip Jungwirth:8.6
2026-06-30,EQT,46.1,,1,Sergey Pigarev:46.1
2026-06-30,FOXA,7.7,,1,Peter Supino:7.7
2026-06-30,HON,30,,1,Nicole Deblase:30
2026-06-30,HONA,54.8,,1,Matthew Akers:54.8
2026-06-30,ICE,14.4,,1,Alexander Blostein:14.4
2026-06-30,MA,4.9,0,2,Bill Carcache:4.9|Unknown Analyst:4.9
2026-06-30,MLM,31.8,,1,Michael Feniger:31.8
2026-06-30,NEM,-5.4,,1,Daniel Major:-5.4
2026-06-30,NKE,42.2,25.2541,3,Brooke Roach:14.1|Robert Drbul:49.5|Simeon Siegel:63
2026-06-30,O,9.2,,1,Jay Kornreich:9.2
2026-06-30,PAYX,-5.9,,1,James Faucette:-5.9
2026-06-30,PG,3.3,,1,Daniel Brennan:3.3
2026-06-30,PLD,22.3,,1,Samir Khanal:22.3
2026-06-30,PTC,10.9,,1,Alexei Gogolev:10.9
2026-06-30,SPG,12.8,,1,Michael Mueller:12.8
2026-06-30,STZ,42.1,,1,Robert Moskow:42.1
2026-06-30,TECH,1.2,,1,Kyle Boucher:1.2
2026-06-30,TFC,7.1,,1,Ben Gerlinger:7.1
2026-06-30,TSCO,54.5,,1,Jonathan Matuszewski:54.5
2026-06-30,TTD,-19.1,,1,Richard Kramer:-19.1
2026-06-30,V,6.4,,1,Unknown Analyst:6.4
2026-06-30,VLO,-34.7,,1,Joe Laetsch:-34.7
2026-06-30,WFC,-0.3,,1,Keith Horowitz:-0.3
2026-07-01,AEP,24.9,,1,Julien Dumoulin Smith:24.9
2026-07-01,ATO,13.4,,1,Marie Ferguson:13.4
2026-07-01,BF.B,-8.5,,1,Bonnie Herzog:-8.5
2026-07-01,BIIB,9.1,,1,Ananda Ghosh:9.1
2026-07-01,CEG,4.3,,1,Ryan Levine:4.3
2026-07-01,COHR,42.5,,1,Simon Leopold:42.5
2026-07-01,COIN,88.3,,1,Ian S. Moore:88.3
2026-07-01,CVX,-1.9,,1,Doug Leggate:-1.9
2026-07-01,DD,33.9,,1,Patrick Cunningham:33.9
2026-07-01,DOW,20.6,,1,John Roberts CFA:20.6
2026-07-01,EMR,15,,1,Varun Govindaraj:15
2026-07-01,FDS,-13.725,6.2367,4,George Tong:-9.1|Jason Haas CFA:-19.1|Scott Wurtzel:-7.6|Wahid Amin:-19.1
2026-07-01,FDX,12.2,,1,Thomas Wadewitz:12.2
2026-07-01,FDXF,45,,1,Jordan Alliger:45
2026-07-01,GIS,-2.4,,1,Leah Jordan:-2.4
2026-07-01,HONA,53.5,,1,Robert Stallard:53.5
2026-07-01,KLAC,9.3,,1,Stacy Rasgon:9.3
2026-07-01,KR,30.5,14.3147,3,Greg Badishkanian:47|John Heinbockel:21.4|Leah Jordan:23.1
2026-07-01,MMM,-20.6,,1,Unknown Analyst:-20.6
2026-07-01,NKE,65.75,53.8108,2,Cristina Fernandez:27.7|Randal Konik:103.8
2026-07-01,OTIS,40.4,,1,Unknown Analyst:40.4
2026-07-01,PEP,24.7,,1,Andrea Faria Teixeira:24.7
2026-07-01,PNW,12.4,,1,Nicholas Campanella:12.4
2026-07-01,PPG,28,,1,John Roberts CFA:28
2026-07-01,Q,42.4,,1,John Roberts CFA:42.4
2026-07-01,RTX,14.3,,1,John Godyn:14.3
2026-07-01,SLB,12.4,,1,Scott Gruber:12.4
2026-07-01,STZ,35.775,6.8845,4,Dara Mohsenian:29|Georgy Vashchenko:41.3|Michael Lavery:30.7|Seamus Cassidy:42.1
2026-07-01,TDY,12.6,,1,John Godyn:12.6
2026-07-01,TXT,22.2,,1,John Godyn:22.2
2026-07-01,VLO,-25.2,,1,Unknown Analyst:-25.2
2026-07-01,VLTO,6.3,,1,Joseph C Giordano:6.3
2026-07-02,ADBE,22.1,,1,Stephen Bersey:22.1
2026-07-02,CHRW,32.9,,1,David Hicks CFA:32.9
2026-07-02,CHTR,-14.2,,1,Michael Ng:-14.2
2026-07-02,DAL,31.4,,1,Michael Goldie:31.4
2026-07-02,DD,22.8,,1,John Roberts CFA:22.8
2026-07-02,DDOG,49.2,,1,Yi Fu Lee:49.2
2026-07-02,DIS,4.2,,1,Ric Prentiss:4.2
2026-07-02,DLTR,5.8,,1,Charles Grom:5.8
2026-07-02,DOW,20.6,,1,Michael Sison:20.6
2026-07-02,EFX,27.25,4.1719,2,Kevin Mcveigh:30.2|Sean Kennedy:24.3
2026-07-02,EOG,7.2,,1,Josh Silverstein:7.2
2026-07-02,FDS,5.9,20.4124,4,Alex Kramm:30.9|Curtis Nagle:-19.1|David Motemaden:5.9|Jeffrey Silber:5.9
2026-07-02,GE,40.6,,1,Sheila Kahyaoglu:40.6
2026-07-02,GIS,3.2333,14.4141,6,Christopher Carey:-7.9|David Palmer:8.8|Matthew Smith; CFA:11.6|Nik Modi:25.5|Robert Moskow:-10.7|Stephen Powers:-7.9
2026-07-02,GNRC,60.4,,1,Vikram Bagri:60.4
2026-07-02,GOOGL,15.2,,1,Richard Clarke:15.2
2026-07-02,INTC,94.3,,1,Frank Lee CFA:94.3
2026-07-02,LVS,21.4,,1,David Katz:21.4
2026-07-02,LYB,16.7,11.7779,3,Abigail Eberts:9.9|Hassan Ahmed:30.3|Michael Sison:9.9
2026-07-02,MGM,20.3,,1,David Katz:20.3
2026-07-02,NKE,33.2,,1,Nick Anderson CFA:33.2
2026-07-02,ORLY,28.2,,1,David Bellinger:28.2
2026-07-02,STZ,50.675,11.8506,8,Andrew Strelzik:55.2|Bill Kirk:70.7|Christopher Carey:38.8|Drew Levine:34.7|Gerald Pascarelli:51.1|Nadine Sarwat:60.9|Nik Modi:51.1|Robert Ottenstein:42.9
2026-07-02,UAL,43.4,,1,Michael Goldie:43.4
2026-07-02,VLO,-25.7,,1,Phillip Jungwirth:-25.7
2026-07-02,WST,12.6,,1,Paul Knight:12.6
2026-07-02,WYNN,63.1,,1,David Katz:63.1
2026-07-03,MGM,20.3,,1,James Hardiman:20.3
2026-07-05,LRCX,27.4,,1,James Schneider:27.4
2026-07-05,MSFT,5.9,,1,Chris Caso:5.9
2026-07-05,NEM,15.1,,1,Unknown Analyst:15.1
2026-07-06,ABT,9.9,,1,Vijay Kumar:9.9
2026-07-06,AIG,16.8,,1,Vikram Gandhi:16.8
2026-07-06,ALL,4.1,,1,Vikram Gandhi:4.1
2026-07-06,ARE,17.3,,1,Vikram Malhotra:17.3
2026-07-06,BAC,0.5,,1,Glenn Schorr:0.5
2026-07-06,BAX,0.8,,1,Vijay Kumar:0.8
2026-07-06,BDX,1.2,,1,Vijay Kumar:1.2
2026-07-06,BXP,5.1,,1,Steve Sakwa:5.1
2026-07-06,C,3,,1,Glenn Schorr:3
2026-07-06,CB,10.3,,1,Vikram Gandhi:10.3
2026-07-06,CFG,13.5,,1,John Pancari:13.5
2026-07-06,CVS,8.8,,1,Rajesh Kumar:8.8
2026-07-06,DHR,14.9,,1,Vijay Kumar:14.9
2026-07-06,DOC,18.2,,1,Vikram Malhotra:18.2
2026-07-06,EW,18.5,,1,Vijay Kumar:18.5
2026-07-06,EXR,8.3,,1,Michael Griffin CFA:8.3
2026-07-06,FERG,39.3,,1,Chad Dillard:39.3
2026-07-06,GIS,-5.15,3.8891,2,Peter Grom:-7.9|Thomas Palmer:-2.4
2026-07-06,GS,4.5,,1,Glenn Schorr:4.5
2026-07-06,HBAN,20.15,6.2933,2,Andrew J Dietrich:15.7|John Pancari:24.6
2026-07-06,IQV,-8.3,,1,Sidharth Sahoo:-8.3
2026-07-06,ISRG,16.5,,1,Vijay Kumar:16.5
2026-07-06,JPM,-1.75,4.0305,2,Glenn Schorr:1.1|Saul Martinez:-4.6
2026-07-06,KEY,12.2,0,2,Andrew J Dietrich:12.2|Vivek Juneja:12.2
2026-07-06,KR,2.6,,1,Kelly Bania:2.6
2026-07-06,MDT,15.4,,1,Vijay Kumar:15.4
2026-07-06,MS,8.7,,1,Glenn Schorr:8.7
2026-07-06,MTB,4.25,5.869,2,John Pancari:8.4|Unknown Analyst:0.1
2026-07-06,MTD,4.4,,1,Vijay Kumar:4.4
2026-07-06,O,10.05,1.2021,2,Anthony Paolone:10.9|Wes Golladay:9.2
2026-07-06,ORLY,34.55,2.4749,2,Dan Waggoner:32.8|Shaul Eyal:36.3
2026-07-06,PGR,1.6,,1,Vikram Gandhi:1.6
2026-07-06,PNC,14.6,,1,John Pancari:14.6
2026-07-06,PSA,6.6,,1,Steve Sakwa:6.6
2026-07-06,RF,-4.8667,3.8682,3,David George:-7.1|Mike Mayo:-0.4|Unknown Analyst:-7.1
2026-07-06,SYK,27,,1,Vijay Kumar:27
2026-07-06,TMO,-6.5,,1,Vijay Kumar:-6.5
2026-07-06,TRV,0.1,9.1924,2,Gregory Peters:6.6|Vikram Gandhi:-6.4
2026-07-06,UNH,0.2,,1,Sidharth Sahoo:0.2
2026-07-06,USB,19.4,,1,David Chiaverini:19.4
2026-07-06,VLO,-20.1,,1,Lloyd Byrne:-20.1
2026-07-06,XYZ,26.2,,1,Tien Tsin Huang:26.2
2026-07-07,ACGL,10.3,,1,Alex Scott:10.3
2026-07-07,BX,12.8,,1,Daniel Fannon:12.8
2026-07-07,CB,14.4,,1,Alex Scott:14.4
2026-07-07,CFG,16.3,,1,Erika Najarian:16.3
2026-07-07,COIN,14.1,,1,Bo Pei CFA:14.1
2026-07-07,COP,6.3,,1,Nitin Kumar CFA:6.3
2026-07-07,CSX,8.3,,1,Daniel Moore CFA:8.3
2026-07-07,CVS,16.2,,1,Sarah James:16.2
2026-07-07,DAL,35.2,,1,Christopher Stathoulopoulos:35.2
2026-07-07,DPZ,7.5,,1,Jon Tower:7.5
2026-07-07,ELV,7.5,,1,Sarah James:7.5
2026-07-07,EXPE,12.2,,1,John Staszak:12.2
2026-07-07,FIS,91.4,,1,Harshita Rawat:91.4
2026-07-07,FISV,47.3,,1,Harshita Rawat:47.3
2026-07-07,FITB,18.8,,1,Erika Najarian:18.8
2026-07-07,FOXA,10.7,,1,Laurent Yoon:10.7
2026-07-07,FRT,6.7,,1,Steve Sakwa:6.7
2026-07-07,GPN,-2.6,,1,Harshita Rawat:-2.6
2026-07-07,HBAN,30.5,,1,Unknown Analyst:30.5
2026-07-07,HOOD,39.3,,1,Unknown Analyst:39.3
2026-07-07,HUM,-26.8,,1,Sarah James:-26.8
2026-07-07,KEY,23.6,,1,Erika Najarian:23.6
2026-07-07,KR,33.4,,1,Michael Montani:33.4
2026-07-07,LUV,40.2,,1,Christopher Stathoulopoulos:40.2
2026-07-07,MO,14.5,,1,Faham Baig:14.5
2026-07-07,NEE,10.6,,1,Nicholas Campanella:10.6
2026-07-07,PNC,17.9,,1,Erika Najarian:17.9
2026-07-07,RCL,26.9,,1,John Staszak:26.9
2026-07-07,RF,9.5,,1,Erika Najarian:9.5
2026-07-07,SPG,5,,1,Steve Sakwa:5
2026-07-07,SPGI,27.8,,1,Alex Kramm:27.8
2026-07-07,TFC,9.1,,1,Erika Najarian:9.1
2026-07-07,TSCO,21.2,,1,Oliver Wintermantel:21.2
2026-07-07,USB,5,,1,Erika Najarian:5
2026-07-07,VRTX,-32.1,,1,Brian Skorney:-32.1
2026-07-07,WEC,11.1,,1,Nicholas Campanella:11.1
2026-07-07,WFC,15.2,,1,Erika Najarian:15.2
2026-07-08,ACGL,24.9,,1,Brian Meredith:24.9
2026-07-08,AFL,7.6,,1,Michael Ward CFA:7.6
2026-07-08,AIG,30.1,,1,Brian Meredith:30.1
2026-07-08,AMT,5.7,,1,Andrew Rosivach CFA:5.7
2026-07-08,AWK,6.8,,1,Jeremy Tonet:6.8
2026-07-08,BKR,22.75,6.0104,2,Carlos Escalante:18.5|Scott Gruber:27
2026-07-08,BRO,10.3,,1,Brian Meredith:10.3
2026-07-08,CB,12.05,4.1719,2,Brian Meredith:9.1|Meyer Shields:15
2026-07-08,CCL,31.9,,1,Tristan M. Thomas-Martin:31.9
2026-07-08,CHRW,47.3,,1,Unknown Analyst:47.3
2026-07-08,COP,-1.7,,1,Phillip Jungwirth:-1.7
2026-07-08,CRL,-4.8,,1,Patrick B Donnelly:-4.8
2026-07-08,CSX,16.4,0,2,Bascome Majors:16.4|Unknown Analyst:16.4
2026-07-08,DIS,53,,1,Nilesh Bhaiya:53
2026-07-08,DTE,25.2,,1,Shelby Tucker:25.2
2026-07-08,EFX,18.3,,1,Unknown Analyst:18.3
2026-07-08,EXE,48.7,,1,Lloyd Byrne:48.7
2026-07-08,EXPD,3.8,0,2,Bascome Majors:3.8|Unknown Analyst:3.8
2026-07-08,FDX,21.8,0,2,Bascome Majors:21.8|Reed Seay:21.8
2026-07-08,FDXF,40.3,0,2,Bascome Majors:40.3|Unknown Analyst:40.3
2026-07-08,FIS,15.4,,1,Unknown Analyst:15.4
2026-07-08,FISV,16.3,5.5154,2,Tien Tsin Huang:20.2|Unknown Analyst:12.4
2026-07-08,FOX,-7.6,,1,Jessica Reif Ehrlich:-7.6
2026-07-08,FRT,25,,1,Andrew Rosivach CFA:25
2026-07-08,GPN,-8.3,,1,Unknown Analyst:-8.3
2026-07-08,HAL,-5.1,,1,Carlos Escalante:-5.1
2026-07-08,INVH,27.1,,1,Michael Goldsmith:27.1
2026-07-08,JBHT,33.1,,1,Unknown Analyst:33.1
2026-07-08,JKHY,5.5,,1,Unknown Analyst:5.5
2026-07-08,KHC,1.6,,1,Christopher Carey:1.6
2026-07-08,LNT,23.4,,1,Shelby Tucker:23.4
2026-07-08,LYV,30.5,,1,Steven Cahall:30.5
2026-07-08,MA,12.4,,1,Unknown Analyst:12.4
2026-07-08,MET,8.1,,1,Michael Ward CFA:8.1
2026-07-08,MNST,21,,1,Christopher Carey:21
2026-07-08,MSCI,37,,1,Patrick O'Shaughnessy:37
2026-07-08,MTD,19.8,,1,Patrick B Donnelly:19.8
2026-07-08,NCLH,41.7,,1,Tristan M. Thomas-Martin:41.7
2026-07-08,NSC,10.5,0,2,Bascome Majors:10.5|Unknown Analyst:10.5
2026-07-08,ODFL,55.7,0,2,Bascome Majors:55.7|Reed Seay:55.7
2026-07-08,PEP,34.2,,1,Kevin Grundy:34.2
2026-07-08,PNW,34.2,,1,Unknown Analyst:34.2
2026-07-08,PYPL,-21.8,,1,Unknown Analyst:-21.8
2026-07-08,RMD,7.7,,1,Jonathan Block:7.7
2026-07-08,SLB,10.6,,1,Carlos Escalante:10.6
2026-07-08,SYK,51.7,,1,Unknown Analyst:51.7
2026-07-08,TAP,5.3,,1,Christopher Carey:5.3
2026-07-08,UNP,15,0,2,Bascome Majors:15|Unknown Analyst:15
2026-07-08,UPS,34.6,,1,Reed Seay:34.6
2026-07-08,USB,14.6,,1,Michael Rose:14.6
2026-07-08,V,13.4,,1,Unknown Analyst:13.4
2026-07-08,VICI,24.8,,1,Ronald Kamdem:24.8
2026-07-08,VMC,38.1,,1,Steven Fisher:38.1
2026-07-08,WAB,13,,1,Brady Lierz:13
2026-07-08,WDC,11.8,,1,Mehdi Hosseini:11.8
2026-07-08,XYZ,26.2,,1,Unknown Analyst:26.2
2026-07-09,ABBV,8.9,,1,Chris Schott:8.9
2026-07-09,ADP,-7.6,,1,Jason Kupferberg:-7.6
2026-07-09,AEE,11.5,,1,Nicholas Campanella:11.5
2026-07-09,ALGN,38.6,,1,Unknown Analyst:38.6
2026-07-09,AMP,15.7,,1,Suneet Kamath:15.7
2026-07-09,APA,0.6,,1,Phillip Jungwirth:0.6
2026-07-09,APH,10.2,,1,Wamsi Mohan:10.2
2026-07-09,ARES,21.5,,1,Devin Ryan:21.5
2026-07-09,BX,28.4,,1,Devin Ryan:28.4
2026-07-09,CARR,39.2,,1,Nigel Coe:39.2
2026-07-09,CL,10.6,,1,Michael Lavery:10.6
2026-07-09,COIN,85.4,,1,Devin Ryan:85.4
2026-07-09,COST,21.6,,1,Christopher Horvers:21.6
2026-07-09,CPT,5.8,,1,Nicholas Yulico:5.8
2026-07-09,DOV,38.6,,1,Nigel Coe:38.6
2026-07-09,DPZ,12.3,,1,David Palmer:12.3
2026-07-09,ECL,21.3,,1,David Begleiter:21.3
2026-07-09,EMR,9.7,,1,Nigel Coe:9.7
2026-07-09,ESS,12.5,,1,Nicholas Yulico:12.5
2026-07-09,EXE,21.3,,1,Unknown Analyst:21.3
2026-07-09,FAST,-4.7,,1,Nigel Coe:-4.7
2026-07-09,FDX,36.2,,1,Brandon Oglenski:36.2
2026-07-09,FIX,27.7,,1,Adam Bubes:27.7
2026-07-09,GEHC,9.5,,1,Unknown Analyst:9.5
2026-07-09,HON,31,,1,Nigel Coe:31
2026-07-09,HONA,73.8,,1,Kristina Ruggeri:73.8
2026-07-09,HPE,-0.1,,1,Chad Dillard:-0.1
2026-07-09,HSIC,-3.8,,1,Unknown Analyst:-3.8
2026-07-09,HSY,15.4,,1,Michael Lavery:15.4
2026-07-09,INTC,-2.9,,1,Chad Dillard:-2.9
2026-07-09,ISRG,40.3,,1,Unknown Analyst:40.3
2026-07-09,ITW,6.7,,1,Nigel Coe:6.7
2026-07-09,LEN,35.7,,1,Chris Graja:35.7
2026-07-09,MET,6,,1,Suneet Kamath:6
2026-07-09,MRSH,23.2,,1,Ryan Tunis:23.2
2026-07-09,MRVL,22.8,,1,Amanda Tan:22.8
2026-07-09,MSFT,30.3,,1,Chad Dillard:30.3
2026-07-09,MU,57.9,,1,Harlan Sur:57.9
2026-07-09,NDAQ,23.9,,1,Patrick O'Shaughnessy:23.9
2026-07-09,PEP,24.4333,7.7035,3,Bonnie Herzog:32|Peter Grom:16.6|Robert Ottenstein:24.7
2026-07-09,PFG,-15.6,,1,Suneet Kamath:-15.6
2026-07-09,PNR,55.5,,1,Nigel Coe:55.5
2026-07-09,PRU,-7.7,,1,Suneet Kamath:-7.7
2026-07-09,PSX,-22.35,3.0406,2,Joe Laetsch:-24.5|Lloyd Byrne:-20.2
2026-07-09,REGN,9.3,,1,Biren Amin:9.3
2026-07-09,SMCI,-7.7,,1,Chad Dillard:-7.7
2026-07-09,SOLV,-7.4,,1,Unknown Analyst:-7.4
2026-07-09,SPG,7.4,,1,Omotayo Okusanya:7.4
2026-07-09,SRE,23.6,,1,Nicholas Campanella:23.6
2026-07-09,SYK,34.1,0.2828,2,David Toung:34.3|Unknown Analyst:33.9
2026-07-09,TMO,3.3,,1,Justin Bowers:3.3
2026-07-09,TRV,-4.1,,1,Ryan Tunis:-4.1
2026-07-09,VICI,28.9,,1,Anthony Paolone:28.9
2026-07-09,VLTO,15.8,,1,Nigel Coe:15.8
2026-07-09,WST,5.4,,1,Kallum Titchmarsh:5.4
2026-07-09,XEL,19.2,,1,Nicholas Campanella:19.2
2026-07-09,XYZ,26.2,,1,Dan Dolev:26.2
2026-07-10,ABBV,8.1,1.1314,2,Michael Harvey:8.9|Tim Anderson:7.3
2026-07-10,ACN,-26,,1,Nate Svensson:-26
2026-07-10,AES,1.4,,1,Charles Minervino:1.4
2026-07-10,AFL,-6.3,,1,Suneet Kamath:-6.3
2026-07-10,AME,1.3,,1,Christopher Snyder:1.3
2026-07-10,AMP,-12.3,,1,Michael Cyprys:-12.3
2026-07-10,APD,17.4,,1,Eric Boyes:17.4
2026-07-10,APO,13.2,,1,Alexander Blostein:13.2
2026-07-10,BRO,17.8,,1,Matthew Carletti:17.8
2026-07-10,CB,18.3,,1,Matthew Carletti:18.3
2026-07-10,CMG,24.3,,1,Jon Tower:24.3
2026-07-10,COP,17.2,,1,Lloyd Byrne:17.2
2026-07-10,CTSH,-8.3,,1,Nate Svensson:-8.3
2026-07-10,CVX,0.9,,1,Lloyd Byrne:0.9
2026-07-10,DAL,56.4,,1,Ravi Shanker:56.4
2026-07-10,DOV,40.7,,1,Andrew Kaplowitz:40.7
2026-07-10,DVA,48.7,,1,A.J. Rice:48.7
2026-07-10,FISV,10.5,,1,Bryan Keane:10.5
2026-07-10,FOXA,7.7,,1,Unknown Analyst:7.7
2026-07-10,FSLR,29.2,,1,Charles Minervino:29.2
2026-07-10,FTV,7.9,,1,Christopher Snyder:7.9
2026-07-10,GL,-3,,1,Suneet Kamath:-3
2026-07-10,GOOGL,31.5,,1,Justin Patterson:31.5
2026-07-10,HSY,15.4,,1,Peter Galbo:15.4
2026-07-10,ICE,3.6,,1,Michael Cyprys:3.6
2026-07-10,LIN,12.6,,1,Eric Boyes:12.6
2026-07-10,LVS,70.4,,1,George Choi:70.4
2026-07-10,MU,64.1,,1,Krish Sankar:64.1
2026-07-10,PEP,9.74,6.4655,5,Christopher Carey:2.7|Dara Mohsenian:17.4|Kaumil Gajrawala:11.5|Stephen Powers:13.7|Zheng Feng Chee:3.4
2026-07-10,PH,9.2,,1,Christopher Snyder:9.2
2026-07-10,PWR,20.5,,1,Julien Dumoulin Smith:20.5
2026-07-10,RJF,5.8,7.7782,2,Craig Siegenthaler:11.3|Michael Cyprys:0.3
2026-07-10,RMD,3.1,0,2,Matthew Taylor:3.1|Unknown Analyst:3.1
2026-07-10,RSG,16.3,,1,Bryan Burgmeier:16.3
2026-07-10,SLB,8.8,,1,James Rollyson:8.8
2026-07-10,SRE,32,,1,Shelby Tucker:32
2026-07-10,TROW,0.7,,1,Ken Worthington:0.7
2026-07-10,VTRS,-15.2,,1,Jason Gerberry:-15.2
2026-07-10,WDC,63.2,,1,Aaron Rakers:63.2
2026-07-10,WM,26,,1,Bryan Burgmeier:26
2026-07-10,WRB,-2.7,,1,David Motemaden:-2.7
2026-07-10,WY,36,,1,Buck Horne:36
2026-07-12,AXP,1.3,,1,Saul Martinez:1.3
2026-07-12,COF,9.9,,1,Saul Martinez:9.9
2026-07-12,FCX,8.3,,1,Bill Peterson:8.3
2026-07-12,MPC,-15.4,,1,Lloyd Byrne:-15.4
2026-07-12,SPGI,24.7,,1,George Tong:24.7
2026-07-12,SYF,27.6,,1,Saul Martinez:27.6
2026-07-13,ABBV,1.1,,1,Michael Yee:1.1
2026-07-13,ABNB,2.8,,1,Unknown Analyst:2.8
2026-07-13,ACGL,8.2,,1,Yaron Kinar:8.2
2026-07-13,AEE,7.7,,1,Paul Cole:7.7
2026-07-13,AEP,11.9,,1,Nicholas Campanella:11.9
2026-07-13,AMP,-7.1,,1,Crispin Love:-7.1
2026-07-13,AON,36.1,,1,Pablo Singzon:36.1
2026-07-13,APO,13.1667,13.3945,3,Crispin Love:20.9|Etienne Ricard:-2.3|John Barnidge:20.9
2026-07-13,BBY,-9.7,,1,Anthony Chukumba:-9.7
2026-07-13,BEN,15.9,,1,Brennan Hawken:15.9
2026-07-13,BIIB,15.1,,1,Salveen Richter:15.1
2026-07-13,BKNG,9.2,,1,Unknown Analyst:9.2
2026-07-13,BX,10.5,,1,Brennan Hawken:10.5
2026-07-13,CASY,54.4,,1,Chuck Cerankosky:54.4
2026-07-13,CAT,35,,1,Kristen Owen:35
2026-07-13,CB,4.1,,1,Yaron Kinar:4.1
2026-07-13,CNC,3.9,0,2,Ann Hynes:3.9|Stephen Baxter:3.9
2026-07-13,COST,10.5,,1,Steven Shemesh:10.5
2026-07-13,CSX,14.4,,1,Patrick Brown:14.4
2026-07-13,CVS,26.8,,1,Ann Hynes:26.8
2026-07-13,CVX,4.6,,1,Nitin Kumar CFA:4.6
2026-07-13,DAL,32.64,6.3469,5,Andrew Didora:25.1|David Vernon:32.6|Jamie Baker:42.7|John Staszak:31.4|Michael Linenberg:31.4
2026-07-13,DASH,11.4,,1,Unknown Analyst:11.4
2026-07-13,EFX,5.9,,1,Ryan Griffin CFA:5.9
2026-07-13,ELV,12.2,,1,Ann Hynes:12.2
2026-07-13,EXPE,10.4,,1,John Colantuoni:10.4
2026-07-13,FAST,11.5,,1,William Blunt:11.5
2026-07-13,FSLR,19.1,,1,Unknown Analyst:19.1
2026-07-13,GEV,25.9,,1,Unknown Analyst:25.9
2026-07-13,GWW,0,,1,William Blunt:0
2026-07-13,HIG,19.5,,1,Yaron Kinar:19.5
2026-07-13,HRL,26.4,,1,Michael Lavery:26.4
2026-07-13,HUM,14.2,,1,Ann Hynes:14.2
2026-07-13,IVZ,5.3,,1,Brennan Hawken:5.3
2026-07-13,JNJ,11.3667,2.829,3,Michael Nedelcovych:13|Shagun Singh Chadha:8.1|Steve Scala:13
2026-07-13,KKR,23.7,,1,Crispin Love:23.7
2026-07-13,KVUE,6.9,,1,Filippo Falorni:6.9
2026-07-13,LDOS,24.2,,1,Seth Seifman:24.2
2026-07-13,LITE,-5.05,12.2329,2,David Vogt:3.6|Joshua Buchalter:-13.7
2026-07-13,LLY,14.1,,1,Seamus Fernandez:14.1
2026-07-13,LRCX,14,,1,David Dai CFA:14
2026-07-13,MPC,-21.1,8.061,2,Justin Jenkins:-15.4|Phillip Jungwirth:-26.8
2026-07-13,MRSH,19.8,,1,Pablo Singzon:19.8
2026-07-13,ODFL,34,,1,Patrick Brown:34
2026-07-13,OKE,-1.7,,1,Gabe Moreen:-1.7
2026-07-13,PSX,-9.4,,1,Justin Jenkins:-9.4
2026-07-13,PYPL,-1.3,,1,Matthew O'Neill:-1.3
2026-07-13,RMD,5.4,,1,David Bailey:5.4
2026-07-13,SCHW,21.2,,1,Brian Foran:21.2
2026-07-13,TEL,8.5,,1,Asiya Merchant:8.5
2026-07-13,TKO,10.3,,1,David Joyce:10.3
2026-07-13,TRV,-17,6.5818,3,Andrew Kligerman:-20.8|Paul Newsome:-9.4|Unknown Analyst:-20.8
2026-07-13,UHS,14.4,,1,Ann Hynes:14.4
2026-07-13,UNP,27.6,,1,Patrick Brown:27.6
2026-07-13,VLO,-12.9,,1,Justin Jenkins:-12.9
2026-07-13,VRTX,6.7,,1,Sadia Rahman:6.7
2026-07-13,WELL,4,,1,Juan C. Sanabria:4
2026-07-13,WST,29.1,,1,Curtis Moiles:29.1
2026-07-13,XOM,2.4,,1,Nitin Kumar CFA:2.4
2026-07-14,ACN,-23.9,,1,James Friedman:-23.9
2026-07-14,ADI,38.6,,1,John Vinh:38.6
2026-07-14,ALL,11.2,,1,Jimmy Bhullar:11.2
2026-07-14,ATO,16.7,6.5054,2,Jeremy Tonet:21.3|Nicholas Campanella:12.1
2026-07-14,BAC,9.0333,4.6188,3,Christopher Mcgratty:11.7|Gerard Cassidy:3.7|Stephen Biggar:11.7
2026-07-14,BEN,1,,1,Ken Worthington:1
2026-07-14,BSX,32.6,,1,David Roman:32.6
2026-07-14,C,10.2333,3.695,3,Christopher Mcgratty:14.5|Gerard Cassidy:8.1|Stephen Biggar:8.1
2026-07-14,CHRW,36.15,16.617,2,Fadi Chamoun:24.4|Harrison Bauer:47.9
2026-07-14,CL,26.7,,1,Filippo Falorni:26.7
2026-07-14,CME,-11.8,,1,Alexander Blostein:-11.8
2026-07-14,CMS,20.6,,1,Nicholas Campanella:20.6
2026-07-14,CSGP,11.6,,1,Jeffrey Meuler:11.6
2026-07-14,CSX,18.5,,1,Harrison Bauer:18.5
2026-07-14,CTVA,15.6,,1,Edlain Rodriguez:15.6
2026-07-14,DOW,20.6,,1,Patrick Cunningham:20.6
2026-07-14,DRI,12,,1,Gregory Francfort:12
2026-07-14,EBAY,-30.4,,1,John Colantuoni:-30.4
2026-07-14,FAST,-2.7,,1,Christopher Snyder:-2.7
2026-07-14,GE,23.6,,1,Kenneth Herbert:23.6
2026-07-14,GS,10.55,1.0607,2,Christopher Mcgratty:9.8|Manan Gosalia:11.3
2026-07-14,GWW,5.9,,1,Tommy Moll:5.9
2026-07-14,HCA,23,,1,Sarah James:23
2026-07-14,HON,21.1,,1,Christopher Snyder:21.1
2026-07-14,IBM,-21.5,0,2,Abhishek Shukla:-21.5|Stephen Bersey:-21.5
2026-07-14,JBHT,20.5,,1,Harrison Bauer:20.5
2026-07-14,JPM,3.9,,1,Gerard Cassidy:3.9
2026-07-14,KMB,-8.3,,1,Unknown Analyst:-8.3
2026-07-14,LEN,-0.8,,1,Matthew Bouley:-0.8
2026-07-14,MGM,21.1,,1,Trey Bowers:21.1
2026-07-14,MU,79.4,,1,John Vinh:79.4
2026-07-14,NDAQ,15.1,,1,Alexander Blostein:15.1
2026-07-14,NFLX,52.5,,1,Alicia Reese:52.5
2026-07-14,NSC,12.4,,1,Harrison Bauer:12.4
2026-07-14,ODFL,26.8,,1,Harrison Bauer:26.8
2026-07-14,OXY,9.05,4.5962,2,Michael Scialla:12.3|Phillip Jungwirth:5.8
2026-07-14,TROW,0.7,,1,Michael Cho:0.7
2026-07-14,UBER,46.5,,1,Justin Patterson:46.5
2026-07-14,UNH,25.3,,1,Matthew Gillmor CFA:25.3
2026-07-14,UNP,17.1,,1,Harrison Bauer:17.1
2026-07-14,VLO,-22.6,,1,Vikram Bagri:-22.6
2026-07-14,VMC,38.5,,1,Adam Thalhimer:38.5
2026-07-14,WAT,4.1,,1,Evie Koslosky:4.1
2026-07-14,WFC,7.45,4.7376,2,Christopher Mcgratty:4.1|Gerard Cassidy:10.8
2026-07-14,WM,25.6,,1,Jerry Revich:25.6
2026-07-14,WMB,3,,1,Theresa Chen:3
2026-07-14,WY,22.4,,1,George Staphos:22.4
2026-07-14,WYNN,60.8,,1,Trey Bowers:60.8
2026-07-14,XOM,-5.4,,1,Neil Mehta:-5.4
2026-07-15,ACN,-27.7,,1,Sachin Mittal:-27.7
2026-07-15,APA,-8.3,,1,Josh Silverstein:-8.3
2026-07-15,AWK,-5.6,,1,Nicholas Campanella:-5.6
2026-07-15,BA,35.4,,1,Charles Minervino:35.4
2026-07-15,BAC,4.7667,5.619,3,Ben Gerlinger:5.3|David George:-1.1|Mike Mayo:10.1
2026-07-15,BALL,18.5,,1,Gabrial Hajde:18.5
2026-07-15,BAX,-11.8,,1,David Roman:-11.8
2026-07-15,BLK,22.3,,1,Craig Siegenthaler:22.3
2026-07-15,BNY,3.9,4.6293,3,Alexander Blostein:8.8|Gerard Cassidy:3.3|Mike Mayo:-0.4
2026-07-15,C,21.5333,4.5611,3,David Chiaverini:18.9|Ebrahim Poonawala:26.8|Mike Mayo:18.9
2026-07-15,CCL,84.6,,1,Andrew Didora:84.6
2026-07-15,CDNS,55.5,,1,Unknown Analyst:55.5
2026-07-15,CEG,19.75,9.9702,2,Ross Fowler:26.8|Sophie Karp:12.7
2026-07-15,CHRW,53.8,0,2,Jeff Kauffman:53.8|Unknown Analyst:53.8
2026-07-15,CMG,38.1,,1,Danilo Gargiulo:38.1
2026-07-15,CSX,10.3,,1,Nathan Martin:10.3
2026-07-15,CTAS,14.6,,1,George Tong:14.6
2026-07-15,DPZ,18.7,,1,Brian Harbour:18.7
2026-07-15,DVN,7.5,,1,Josh Silverstein:7.5
2026-07-15,ELV,1.4333,7.2009,3,Ben Hendrix:1.3|Jason Cassorla:8.7|Scott Fidel:-5.7
2026-07-15,EVRG,26.2,0,2,Paul Zimbardo CFA:26.2|Unknown Analyst:26.2
2026-07-15,EW,24.5,,1,Anthony Petrone:24.5
2026-07-15,EXR,12.6,,1,RJ Milligan:12.6
2026-07-15,FANG,4.9,,1,Phillip Jungwirth:4.9
2026-07-15,FAST,5.4,,1,Stephen Volkmann:5.4
2026-07-15,FDX,20.2,0,2,Jeff Kauffman:20.2|Unknown Analyst:20.2
2026-07-15,FDXF,48.1,0,2,Jeff Kauffman:48.1|Unknown Analyst:48.1
2026-07-15,GOOGL,31.5,,1,Ygal Arounian:31.5
2026-07-15,GS,11.0667,17.9584,3,Brennan Hawken:11.7|Kian Abouhossein:-7.2|Mike Mayo:28.7
2026-07-15,HAL,17.2,,1,Unknown Analyst:17.2
2026-07-15,IBM,29.5,20.3647,2,Jim Kelleher:15.1|Param Singh:43.9
2026-07-15,ICE,20.7,,1,Patrick Moley:20.7
2026-07-15,ISRG,8.4,,1,Anthony Petrone:8.4
2026-07-15,JBHT,-3.5,,1,Jordan Alliger:-3.5
2026-07-15,JNJ,-2.1,,1,Rick Wise:-2.1
2026-07-15,JPM,-14.4,,1,David George:-14.4
2026-07-15,KDP,17.9,,1,Filippo Falorni:17.9
2026-07-15,LEN,10.6,,1,Anthony Pettinari:10.6
2026-07-15,LNT,23.4,,1,James Thalacker:23.4
2026-07-15,MCD,18.8,,1,Zachary Fadem:18.8
2026-07-15,MGM,7.8,,1,Lizzie Dove:7.8
2026-07-15,MRK,-13.2,,1,Geoff Meacham:-13.2
2026-07-15,MRSH,2.9,,1,Paul Newsome:2.9
2026-07-15,MTB,15.7,13.2936,2,David Chiaverini:25.1|Gerard Cassidy:6.3
2026-07-15,NOW,5.6,0,2,Gregg Moskowitz:5.6|Jeff Jones:5.6
2026-07-15,PANW,30,,1,Ivan Feinseth:30
2026-07-15,PGR,19.9,,1,Matthew Heimermann:19.9
2026-07-15,PNC,15.975,6.0654,4,David Chiaverini:24.9|Gerard Cassidy:11.8|Michael Rose:12.6|Stephen Biggar:14.6
2026-07-15,PNR,43.2,22.486,2,Brian K. Lee:27.3|Stephen Volkmann:59.1
2026-07-15,QCOM,-1.1,,1,Frank Lee CFA:-1.1
2026-07-15,ROL,32.5,,1,Marc VanT Sant:32.5
2026-07-15,SBUX,11.4,,1,Danilo Gargiulo:11.4
2026-07-15,SNPS,43.4,,1,Unknown Analyst:43.4
2026-07-15,STX,20.5,,1,Mark Newman:20.5
2026-07-15,STZ,37.2,,1,Peter Grom:37.2
2026-07-15,SW,20.3,,1,Gabrial Hajde:20.3
2026-07-15,T,12.2,,1,Maher Yaghi:12.2
2026-07-15,TAP,7.9,,1,Filippo Falorni:7.9
2026-07-15,UAL,36.6,,1,Andrew Didora:36.6
2026-07-15,UNH,25.3,,1,Jessica Tassan:25.3
2026-07-15,UNP,23.1,0,2,Jeff Kauffman:23.1|Unknown Analyst:23.1
2026-07-15,VMC,26.6,,1,Patrick Brown:26.6
2026-07-15,VST,41.15,7.1418,2,Ross Fowler:36.1|Sophie Karp:46.2
2026-07-15,VTR,26.7,,1,Unknown Analyst:26.7
2026-07-15,VZ,-5.2,,1,Michael Funk:-5.2
2026-07-15,WELL,13.7,,1,Unknown Analyst:13.7
2026-07-15,WFC,4.1333,5.8774,3,Ben Gerlinger:-0.3|David Chiaverini:10.8|David George:1.9
2026-07-15,WM,26.5,,1,Adam Bubes:26.5
2026-07-15,WMB,16.7,,1,Julien Dumoulin Smith:16.7
2026-07-15,WYNN,52.8,,1,Daniel Politzer:52.8
2026-07-16,ABT,27.5,,1,Shagun Singh Chadha:27.5
2026-07-16,AEE,30.6,,1,Jeremy Tonet:30.6
2026-07-16,BLK,26.2714,7.5619,7,Alex Bond:20.4|Benjamin Budish:34.3|Brian Bedell:16.5|Ken Worthington:26.3|Michael Brown:22.3|Michael Cho:26.3|Michael Cyprys:37.8
2026-07-16,BNY,9.1,0.4243,2,Christopher Mcgratty:8.8|David Smith -CFA:9.4
2026-07-16,CFG,17.775,7.415,4,Christopher Mcgratty:12.1|David Chiaverini:27.7|Gerard Cassidy:12.1|Ryan Nash:19.2
2026-07-16,CHD,11.5,,1,Andrea Faria Teixeira:11.5
2026-07-16,CMCSA,15.1,,1,Sebastiano Petti:15.1
2026-07-16,CTAS,12.4,10.8937,6,Andrew Wittmann:6.2|Jason Haas CFA:24.1|John Eade:14.1|Joshua Chan:14.1|Manav Patnaik:21.6|Shlomo Rosenbaum:-5.7
2026-07-16,CTSH,-11.7,,1,Sachin Mittal:-11.7
2026-07-16,CVX,2.8,,1,Manav Gupta:2.8
2026-07-16,DDOG,44.7,,1,Eric Heath:44.7
2026-07-16,DOW,17.1,,1,Duffy Fischer:17.1
2026-07-16,DUK,21.4,,1,Carly Davenport:21.4
2026-07-16,DVN,27.4,,1,John Freeman:27.4
2026-07-16,ELV,6.95,9.107,4,David S Macdonald:13.4|David Windley:7.5|Michael Ha:-6.1|Stephen Baxter:13
2026-07-16,EXC,4.3,,1,Carly Davenport:4.3
2026-07-16,FAST,2.4,12.8693,2,Guy Hardwick:-6.7|Kristina Ruggeri:11.5
2026-07-16,FE,17.1,,1,Unknown Analyst:17.1
2026-07-16,FLEX,29.6,,1,Paul Meeks:29.6
2026-07-16,FOXA,18.3,,1,Jason Bazinet:18.3
2026-07-16,GE,25.3,11.1723,2,Gautam Khanna:17.4|John Godyn:33.2
2026-07-16,GS,21.45,6.8589,2,Ben Gerlinger:16.6|Ebrahim Poonawala:26.3
2026-07-16,ISRG,55.8,,1,Shagun Singh Chadha:55.8
2026-07-16,JBHT,12.44,16.1666,10,Bascome Majors:36.8|Brandon Oglenski:10.9|Brian Ossenbeck:15.7|Daniel Moore CFA:18.3|Jason Seidl:9.8|Ken Hoexter:25.7|Lucas Servera:9.1|Patrick Brown:16.5|Ravi Shanker:-26|Thomas Wadewitz:7.6
2026-07-16,JNJ,2.3,2.8478,3,Chris Schott:1.7|Ilya Zubkov:5.4|Jayson Bedford:-0.2
2026-07-16,JPM,6.7,,1,Glenn Thum:6.7
2026-07-16,KDP,-4.4,,1,Stephen Powers:-4.4
2026-07-16,MO,1.5,,1,Simon Hales:1.5
2026-07-16,MS,10.325,13.4787,4,Christopher Mcgratty:16.6|Kian Abouhossein:-9|Mike Mayo:12|Unknown Analyst:21.7
2026-07-16,MSFT,31.1,,1,Josh Baer:31.1
2026-07-16,MTB,3.64,6.3571,5,Christopher Mcgratty:4.2|David George:4.2|Manan Gosalia:5.5|Mike Mayo:-6.6|Peter Winter:10.9
2026-07-16,NFLX,3.4,0,2,Kannan Venkateshwar:3.4|Steven Cahall:3.4
2026-07-16,NOW,5.6,,1,Andrew Sherman:5.6
2026-07-16,PANW,27.3,,1,Connor Murphy:27.3
2026-07-16,PG,11.5,,1,Andrea Faria Teixeira:11.5
2026-07-16,PGR,10.7,,1,Paul Newsome:10.7
2026-07-16,PLD,25.2,,1,Tom Catherwood:25.2
2026-07-16,PNC,14.1,4.3132,6,Andrew Terrell:12.6|Chris Kotowski:15.1|Christopher Mcgratty:6.5|David George:14.6|Ebrahim Poonawala:19.1|Mike Mayo:16.7
2026-07-16,PSKY,13.2,,1,Laurent Yoon:13.2
2026-07-16,RDDT,58.5,,1,John Colantuoni:58.5
2026-07-16,SRE,30.8,,1,Unknown Analyst:30.8
2026-07-16,STT,5.45,5.869,2,Gerard Cassidy:1.3|Stephen Biggar:9.6
2026-07-16,TKO,31.4,,1,Unknown Analyst:31.4
2026-07-16,UAL,50.2,0,2,Catherine O'Brien:50.2|Christopher Stathoulopoulos:50.2
2026-07-16,UNH,27.7,2.2627,2,Ben Hendrix:26.1|Scott Fidel:29.3
2026-07-16,WEC,2.5,,1,Carly Davenport:2.5
2026-07-17,ABT,32.4,,1,Unknown Analyst:32.4
2026-07-17,AEE,8.7,,1,Stephen D'Ambrisi:8.7
2026-07-17,ALB,31.9,,1,Rock Hoffman:31.9
2026-07-17,AMCR,11.1,,1,Ketan Mamtora:11.1
2026-07-17,APD,18.4,0,2,James Hooper:18.4|Peter Clark:18.4
2026-07-17,BAC,8.5,,1,Glenn Thum:8.5
2026-07-17,BLK,20.4,,1,Brennan Hawken:20.4
2026-07-17,BNY,7.6,,1,Ebrahim Poonawala:7.6
2026-07-17,CFG,10.94,8.359,5,David George:6.4|Ebrahim Poonawala:16.3|Manan Gosalia:12.1|Matthew Breese:-0.7|Peter Winter:20.6
2026-07-17,CNC,11.4,,1,Joanna Gajuk:11.4
2026-07-17,D,18.1,,1,Stephen D'Ambrisi:18.1
2026-07-17,DUK,12.2,,1,Stephen D'Ambrisi:12.2
2026-07-17,ECHO,23.5,,1,Ric Prentiss:23.5
2026-07-17,ED,3.3,,1,Stephen D'Ambrisi:3.3
2026-07-17,ELV,0.6333,9.1309,3,Erin Wright:-3.5|Ryan Langston:11.1|Whit Mayo:-5.7
2026-07-17,ETR,19.6,,1,Stephen D'Ambrisi:19.6
2026-07-17,EVRG,16.4,,1,Stephen D'Ambrisi:16.4
2026-07-17,EXC,11.2,,1,Stephen D'Ambrisi:11.2
2026-07-17,FITB,18.1667,4.5829,3,Gerard Cassidy:13.3|Mike Mayo:22.4|Peter Winter:18.8
2026-07-17,GD,11.8,,1,Douglas Harned:11.8
2026-07-17,GE,30.3,5.8506,3,Charles Minervino:32.9|Gavin Parsons:34.4|Kristine Liwag:23.6
2026-07-17,GIS,-13.5,,1,Alexia Burland Howard:-13.5
2026-07-17,HII,20.5,,1,Douglas Harned:20.5
2026-07-17,HUBB,26.8,,1,Chad Dillard:26.8
2026-07-17,IFF,17.2,,1,Daniel Lungo:17.2
2026-07-17,ISRG,35.28,9.5871,5,David Rescott:35.4|Jayson Bedford:30.8|Mike Kratky:23|Richard Newitter:38.2|Rick Wise:49
2026-07-17,JBHT,8,,1,J. Bruce Chan:8
2026-07-17,JNJ,3.9,,1,David Risinger:3.9
2026-07-17,KHC,-14.6,,1,Alexia Burland Howard:-14.6
2026-07-17,KMI,16.7,,1,Ameet Thakkar:16.7
2026-07-17,KR,-0.8,,1,Edward Kelly:-0.8
2026-07-17,LHX,64.9,,1,Douglas Harned:64.9
2026-07-17,LIN,18,0,2,Matthew DeYoe:18|Steve Byrne:18
2026-07-17,LMT,17.1,,1,Douglas Harned:17.1
2026-07-17,LNT,18.9,,1,Stephen D'Ambrisi:18.9
2026-07-17,MCD,54.4,,1,Ivan Feinseth:54.4
2026-07-17,MCO,28.4,,1,Surinder Thind:28.4
2026-07-17,MKC,32.5,,1,Alexia Burland Howard:32.5
2026-07-17,MS,14.1,2.8844,5,Ben Gerlinger:9.6|Brennan Hawken:16.6|Ebrahim Poonawala:16.6|Gerard Cassidy:13.4|Mikhail Paramonov:14.3
2026-07-17,MSCI,37,,1,Surinder Thind:37
2026-07-17,NCLH,21.5,,1,David Katz:21.5
2026-07-17,NFLX,21.83,22.2216,20,Barton Crockett:-3.1|David Joyce:31.8|David Plaus:61.5|Eric Sheridan:21.4|James Heaney CFA:16.3|Jason Helfstein:9.8|Jeffrey Wlodarczak:-9.6|Jessica Reif Ehrlich:35.7|John Blackledge:29.2|John Hodulik:48.6|Justin Patterson:18.9|Laura Martin:55|Laurent Yoon:22.7|Maria Ripps:61.5|Mark Mahaney:29.2|Michael Morris:-3.1|Sean Diffley:7.2|Thomas Champion:9.8|Tommy Lai:-3.1|Unknown Analyst:-3.1
2026-07-17,NI,25.6,,1,Stephen D'Ambrisi:25.6
2026-07-17,NOC,27.2,,1,Douglas Harned:27.2
2026-07-17,NOW,35.8,,1,Sanjit Singh:35.8
2026-07-17,OXY,-2.4,,1,Scott Gruber:-2.4
2026-07-17,PEG,11.9,,1,Stephen D'Ambrisi:11.9
2026-07-17,PLD,17.1,,1,Vikram Malhotra:17.1
2026-07-17,PNW,3,,1,Stephen D'Ambrisi:3
2026-07-17,PPG,23.2,,1,James Hooper:23.2
2026-07-17,PWR,17.2,8.2024,2,Ameet Thakkar:23|Chad Dillard:11.4
2026-07-17,PYPL,2.4,,1,Harshita Rawat:2.4
2026-07-17,RF,11.7333,5.0846,3,David Chiaverini:6.2|Gerard Cassidy:12.8|Manan Gosalia:16.2
2026-07-17,SHW,18.5,,1,Daniel Lungo:18.5
2026-07-17,SO,15.9,,1,Stephen D'Ambrisi:15.9
2026-07-17,STT,8.2667,4.7656,6,Alexander Blostein:9.1|Ben Gerlinger:8.6|David Konrad:11.2|David Smith CFA:-1.2|James Mitchell:10.7|Mike Mayo:11.2
2026-07-17,TSCO,16.65,6.4347,2,Bobby Griffin:21.2|Steven Zaccone:12.1
2026-07-17,UAL,73,,1,Ravi Shanker:73
2026-07-17,UBER,39.5,,1,Unknown Analyst:39.5
2026-07-17,UNH,30.1714,6.7084,7,A.J. Rice:29.3|David S Macdonald:31.9|David Toung:24|Erin Wright:39.5|Kevin Fischbeck:35.1|Michael Ha:19.5|Michael Wiederhorn:31.9
2026-07-17,USB,11.1571,6.4653,7,Andrew Terrell:6.6|Chris Kotowski:22.5|Christopher Mcgratty:5|David George:8.2|Ebrahim Poonawala:8.2|Mike Mayo:9.8|Peter Winter:17.8
2026-07-17,WEC,17.7,,1,Stephen D'Ambrisi:17.7
2026-07-17,WFC,27.4,,1,Glenn Thum:27.4
2026-07-17,XEL,24.5,,1,Stephen D'Ambrisi:24.5
2026-07-19,UAL,41.1,,1,Sheila Kahyaoglu:41.1
2026-07-19,UNH,13.4,,1,Ryan Langston:13.4
2026-07-20,ABNB,-8.9,,1,Eric Sheridan:-8.9
2026-07-20,ADBE,18.9,,1,Bhavtosh Vajpayee:18.9
2026-07-20,APO,12.4,,1,Vikram Gandhi:12.4
2026-07-20,BKNG,23.6,,1,Eric Sheridan:23.6
2026-07-20,BMY,-4.1,,1,Asad Haider:-4.1
2026-07-20,BNY,-2.9,,1,Glenn Schorr:-2.9
2026-07-20,BX,5.1,,1,Vikram Gandhi:5.1
2026-07-20,CAH,13.8,4.2426,2,Allen Lutz:10.8|Kevin Caliendo:16.8
2026-07-20,CB,10.6,,1,Pablo Singzon:10.6
2026-07-20,COP,5.6,,1,Stephen Richardson:5.6
2026-07-20,CPT,10.7,,1,Peter Abramowitz:10.7
2026-07-20,CRL,-21.3,,1,Michael Luo CFA:-21.3
2026-07-20,CRM,-33.4,,1,Bhavtosh Vajpayee:-33.4
2026-07-20,DDOG,40.6,,1,Patrick Walravens:40.6
2026-07-20,DIS,24.8,,1,John Hodulik:24.8
2026-07-20,DPZ,24.6333,12.06,3,Danilo Gargiulo:25.2|Logan Reich:12.3|Peter Saleh:36.4
2026-07-20,ETR,21.5,,1,Nicholas Campanella:21.5
2026-07-20,EVRG,12.7,,1,Nicholas Campanella:12.7
2026-07-20,FITB,12.6667,5.3116,3,Christopher Mcgratty:9.6|Ebrahim Poonawala:18.8|John Pancari:9.6
2026-07-20,GE,22.05,2.192,2,David E. Strauss:20.5|Seth Seifman:23.6
2026-07-20,GILD,-11.6,,1,Daina Graybosch:-11.6
2026-07-20,GS,-3.3,,1,Saul Martinez:-3.3
2026-07-20,INTC,-41.7,,1,Unknown Analyst:-41.7
2026-07-20,JPM,7.8,0,2,Christopher Mcgratty:7.8|Matthew Kelley:7.8
2026-07-20,KKR,19.7,,1,Vikram Gandhi:19.7
2026-07-20,KO,4.2,,1,Stephen Powers:4.2
2026-07-20,LNT,8.5,,1,Nicholas Campanella:8.5
2026-07-20,LYV,22.2,,1,Batya Levi:22.2
2026-07-20,MAA,9.8,,1,Peter Abramowitz:9.8
2026-07-20,MCHP,18.6,,1,Joseph Quatrochi:18.6
2026-07-20,MO,-14.5,,1,Alexia Burland Howard:-14.5
2026-07-20,MS,0.3,,1,Saul Martinez:0.3
2026-07-20,MSFT,9.45,2.192,2,Bhavtosh Vajpayee:7.9|Brad Zelnick:11
2026-07-20,NFLX,42.1,,1,Helena Wang:42.1
2026-07-20,NOW,-8.7,52.3259,2,Bhavtosh Vajpayee:-45.7|Gil Luria:28.3
2026-07-20,ORCL,-3.5,,1,Bhavtosh Vajpayee:-3.5
2026-07-20,PANW,28.5,,1,Joseph Bonner:28.5
2026-07-20,PAYX,-7.6,,1,Ramsey El Assal:-7.6
2026-07-20,PEG,11.2,4.9497,2,Nicholas Campanella:14.7|Paul Zimbardo CFA:7.7
2026-07-20,PEP,18.1,,1,Nik Modi:18.1
2026-07-20,PG,18.4,,1,Peter Grom:18.4
2026-07-20,PM,-8.4,,1,Callum Elliott:-8.4
2026-07-20,PPL,14.4,,1,Ross Fowler:14.4
2026-07-20,RF,9.525,5.4298,4,Christopher Mcgratty:9.5|Dave Rochester:16.2|Ebrahim Poonawala:9.5|John Pancari:2.9
2026-07-20,SCHW,-2.1,,1,Brennan Hawken:-2.1
2026-07-20,SO,15.9,,1,Nicholas Campanella:15.9
2026-07-20,SPG,17.7,,1,Caitlin Burrows:17.7
2026-07-20,STLD,8.4,,1,Lawson Winder:8.4
2026-07-20,STT,2.65,1.0607,2,Ebrahim Poonawala:1.9|Glenn Schorr:3.4
2026-07-20,SYY,2.2,,1,Danilo Gargiulo:2.2
2026-07-20,TAP,15.6,,1,Nadine Sarwat:15.6
2026-07-20,TER,31.7,,1,Timothy Arcuri:31.7
2026-07-20,TFC,12.7667,2.9439,6,Christopher Mcgratty:9.1|David George:11.1|Ebrahim Poonawala:11.1|John Pancari:13.1|Ryan Nash:17.1|Stephen Biggar:15.1
2026-07-20,TPR,39.3,,1,Rick Patel:39.3
2026-07-20,TRV,-7.46,7.5606,5,David Motemaden:-9.9|Elyse Greenspan:-5.1|Joshua Shanker:-18.2|Matthew Heimermann:2.6|Robert Cox CFA:-6.7
2026-07-20,TSCO,15.1,,1,Peter Benedict:15.1
2026-07-20,USB,14.6,,1,John Pancari:14.6
2026-07-20,VMRK,9.9,,1,Peter Abramowitz:9.9
2026-07-20,WDAY,-50.5,,1,Bhavtosh Vajpayee:-50.5
2026-07-20,WRB,1.225,9.8784,4,Alex Scott:-11.3|Joshua Shanker:-1.3|Robert Cox CFA:11.6|Ryan Tunis:5.9
2026-07-21,ABBV,-5.1,,1,Asad Haider:-5.1
2026-07-21,AEE,14.4,,1,Shahriar Pourreza:14.4
2026-07-21,ARES,21.5,,1,Michael Cyprys:21.5
2026-07-21,ATO,22.6,,1,Constantine Lednev:22.6
2026-07-21,AWK,-4.9,,1,Shahriar Pourreza:-4.9
2026-07-21,BIIB,28.9,,1,Yatin Suneja:28.9
2026-07-21,BNY,8.2,3.5355,2,Ben Gerlinger:5.7|Stephen Biggar:10.7
2026-07-21,BXP,5.1,,1,Vikram Malhotra:5.1
2026-07-21,CB,2.1667,10.8795,3,Joshua Shanker:-7.2|Robert Cox CFA:14.1|Ryan Tunis:-0.4
2026-07-21,CFG,16.35,4.0305,2,Ben Gerlinger:19.2|Brian Foran:13.5
2026-07-21,CNP,9.9,,1,Ross Fowler:9.9
2026-07-21,COF,12.8,,1,Jon Arfstrom:12.8
2026-07-21,COHR,42.5,,1,Samik Chatterjee:42.5
2026-07-21,COIN,-9.8,,1,Madison Suhr:-9.8
2026-07-21,CPT,22.3,,1,Unknown Analyst:22.3
2026-07-21,CSCO,29.3,,1,Samik Chatterjee:29.3
2026-07-21,DDOG,35.6,,1,Howard Ma:35.6
2026-07-21,DECK,63.7,,1,Unknown Analyst:63.7
2026-07-21,DELL,-3,,1,Samik Chatterjee:-3
2026-07-21,DHI,14.25,33.3047,2,Michael Dahl:-9.3|Susan Maklari:37.8
2026-07-21,DHR,3.65,5.3033,2,Dan Leonard:7.4|Subbu Nambi:-0.1
2026-07-21,DPZ,31.6,4.5255,2,Andrew Strelzik:34.8|Lauren Silberman:28.4
2026-07-21,DRI,7.2,,1,John Ivankoe:7.2
2026-07-21,DVN,6.5,26.7286,2,Charles Minervino:25.4|Unknown Analyst:-12.4
2026-07-21,EME,5.7,,1,Unknown Analyst:5.7
2026-07-21,EOG,15.4,,1,Charles Minervino:15.4
2026-07-21,EQT,3.6,10.4652,2,Leo Mariani:-3.8|Neil Mehta:11
2026-07-21,ES,10.9,,1,Shahriar Pourreza:10.9
2026-07-21,ESS,22.4,,1,Unknown Analyst:22.4
2026-07-21,ETR,24.4,,1,Shahriar Pourreza:24.4
2026-07-21,EW,18.5,,1,Travis Steed:18.5
2026-07-21,FANG,21.5,4.1012,2,Charles Minervino:24.4|Josh Silverstein:18.6
2026-07-21,FCX,12.6,,1,Ralph M. Profiti:12.6
2026-07-21,FE,19.2,,1,Shahriar Pourreza:19.2
2026-07-21,FITB,15.1,0,2,Kevin Heal:15.1|Unknown Analyst:15.1
2026-07-21,GM,33.1333,17.2155,3,Alexander Perry:23.8|Michael Ward:53|Mickey Legg:22.6
2026-07-21,GPC,1,,1,Kate McShane:1
2026-07-21,HAL,21.4,5.9397,2,Keith Mackey:25.6|Neil Mehta:17.2
2026-07-21,HAS,19.0667,9.3516,3,Keegan Cox:9.2|Kylie Cohu:20.2|Stephen Laszczyk:27.8
2026-07-21,HLT,23.3,5.7983,2,Daniel Politzer:19.2|Kevin Kopelman:27.4
2026-07-21,HST,12.4,,1,Daniel Politzer:12.4
2026-07-21,IBKR,20.4,,1,Brennan Hawken:20.4
2026-07-21,IBM,2.8,,1,Brian Essex:2.8
2026-07-21,ICE,14.4,,1,Ken Worthington:14.4
2026-07-21,INTC,-2.9,,1,Stacy Rasgon:-2.9
2026-07-21,ISRG,21.9,,1,Robbie Marcus:21.9
2026-07-21,JPM,1.1,,1,Ben Gerlinger:1.1
2026-07-21,KEY,14.5,,1,Gerard Cassidy:14.5
2026-07-21,KIM,29.4,,1,Floris van Dijkum:29.4
2026-07-21,KMI,13.4,,1,Elvira Scotto:13.4
2026-07-21,LITE,25.7,,1,Samik Chatterjee:25.7
2026-07-21,LNT,20.4,,1,Shahriar Pourreza:20.4
2026-07-21,MAA,33,,1,Unknown Analyst:33
2026-07-21,META,42.75,16.3342,2,Dominic Ball:54.3|Josh Beck:31.2
2026-07-21,MMM,0.9,29.5571,2,Deane Dray:-20|Nigel Coe:21.8
2026-07-21,MRSH,9.1333,5.4647,3,Joshua Shanker:2.9|Robert Cox CFA:11.4|Rowland Mayor:13.1
2026-07-21,MSCI,19.55,2.0506,2,Ashish Sabadra:18.1|George Tong:21
2026-07-21,MTB,11.7,,1,Brian Foran:11.7
2026-07-21,NOC,23.3,,1,Kenneth Herbert:23.3
2026-07-21,NTAP,-12.2,,1,Samik Chatterjee:-12.2
2026-07-21,OKE,-6.9,,1,Elvira Scotto:-6.9
2026-07-21,OMC,0,,1,Adrien Hilaire:0
2026-07-21,PEP,4.2,,1,Lauren Lieberman:4.2
2026-07-21,PFG,-2.7,,1,Wesley Carmichael:-2.7
2026-07-21,PLD,19.3,,1,Michael Lewis:19.3
2026-07-21,PNC,18.7,,1,Ben Gerlinger:18.7
2026-07-21,PNR,50.2,,1,Brett Linzey:50.2
2026-07-21,PPL,26.2,,1,Shahriar Pourreza:26.2
2026-07-21,RF,15.0333,3.8682,3,Ben Gerlinger:19.5|Brian Foran:12.8|Peter Winter:12.8
2026-07-21,RL,25.3,,1,Ike Boruchow:25.3
2026-07-21,ROP,-13.8,,1,Brett Linzey:-13.8
2026-07-21,SCHW,14.65,6.5761,2,Alexander Blostein:19.3|Patrick Moley:10
2026-07-21,SYF,5.3,,1,Jon Arfstrom:5.3
2026-07-21,TAP,25.9,,1,Bonnie Herzog:25.9
2026-07-21,TFC,13.1,,1,Andrew Terrell:13.1
2026-07-21,TRV,-2.1,9.4668,7,Alex Scott:-15.2|Bob Huang:-12|Brian Meredith:2.1|Cave Montazeri:-3.3|Harry Fong:13.3|Meyer Shields:-0.6|Michael Zaremski:1
2026-07-21,TXN,26.5,,1,Christopher Rolland:26.5
2026-07-21,UAL,84.8,,1,Jamie Baker:84.8
2026-07-21,UDR,39.5,,1,Unknown Analyst:39.5
2026-07-21,UNH,33.05,4.3134,2,Ann Hynes:30|Lisa Gill:36.1
2026-07-21,USB,14.6,,1,Ben Gerlinger:14.6
2026-07-21,WDC,59.9,,1,Joseph Cardoso:59.9
2026-07-21,WRB,5.5,9.5009,4,Elyse Greenspan:-2.7|Mark Hughes:18.7|Meyer Shields:0.1|Yaron Kinar:5.9
2026-07-21,XYL,21.5,,1,Mark Strouse:21.5
2026-07-22,ABBV,-12.5,,1,Courtney Breen:-12.5
2026-07-22,ADSK,15.3,0,2,John Difucci:15.3|Unknown Analyst:15.3
2026-07-22,AEE,13.4,,1,James Thalacker:13.4
2026-07-22,AFL,-4.6,,1,Andrew Kligerman:-4.6
2026-07-22,AMCR,6.1,,1,Ramoun Lazar:6.1
2026-07-22,CB,10.425,7.6639,4,Cave Montazeri:4.7|Elyse Greenspan:5.2|Harry Fong:21.2|Paul Newsome:10.6
2026-07-22,CCI,25.6,,1,Ari Klein:25.6
2026-07-22,CHRW,44,,1,Richa Harnain:44
2026-07-22,CME,-3.45,18.4555,2,Ashish Sabadra:9.6|Craig Siegenthaler:-16.5
2026-07-22,COF,26.4571,12.7884,7,Bill Carcache:21.9|Jeffrey Adelson:31.1|John Hecht:44|John Pancari:6.6|Richard Shane:18.1|Sanjay Sakhrani:39.2|Vincent Caintic:24.3
2026-07-22,CSX,-1.9,,1,Jordan Alliger:-1.9
2026-07-22,DDOG,35.6,,1,Andrew Sherman:35.6
2026-07-22,DHI,21.7429,16.6263,7,Jade Rahmani:21.1|John Lovallo:49.4|Jonathan Bettenhausen:8.8|Matthew Bouley:2.3|Rafe Jadrosich:8.8|Ryan Gilbert:33.4|Stephen Kim:28.4
2026-07-22,DHR,10.8167,8.5464,6,Aristotelis Moutopoulos:4.9|Brandon Couillard:-2.6|Daniel Arias:9.9|Daniel Brennan:17.9|Justin Bowers:19.9|Patrick B Donnelly:14.9
2026-07-22,EFX,24.8556,11.2646,9,Arthur Truslove:30.2|Curtis Nagle:24.3|Faiza Alwy:23.1|Jeffrey Meuler:37.3|Jeffrey Silber:5.9|Manav Patnaik:18.3|Owen Lau:12.4|Shlomo Rosenbaum:39.1|Toni Kaplan:33.1
2026-07-22,EQT,35.95,3.8891,2,Lloyd Byrne:38.7|Michael Scialla:33.2
2026-07-22,EVRG,11.5,,1,Ross Fowler:11.5
2026-07-22,EXC,15.8,,1,Shahriar Pourreza:15.8
2026-07-22,FICO,72.5,,1,Jeffrey Silber:72.5
2026-07-22,GEV,34.65,3.0406,2,Andrew Obin:36.8|Joe Ritchie:32.5
2026-07-22,GL,21.5,,1,Bob Huang:21.5
2026-07-22,GM,28.1571,14.138,7,Andrew Percoco:18|Dan Levy:28.5|Edison Yu:16.8|Itay Michaeli:54.2|Joseph Spak:19.1|Mark Delaney:20.3|Rajat Gupta CFA:40.2
2026-07-22,GOOG,34.1,0,2,Nat Schindler:34.1|Unknown Analyst:34.1
2026-07-22,GOOGL,29.22,4.6853,5,Deepak Mathivanan:24.1|Maria Ripps:32.9|Mark Mahaney:24.1|Ronald Josey:32.1|Unknown Analyst:32.9
2026-07-22,GPC,5.3,15.1901,4,Greg Melich:12.2|Michael Lasser:-8.7|Sam Darkatsh:23.4|Scot Ciccarelli:-5.7
2026-07-22,HAL,17.5857,8.5931,7,Bill Selesky:11.6|Charles Minervino:17.2|Derek Podhaizer:20|Marc Bianchi:31.1|Sergey Pigarev:3.2|Stephen Gengaro:20|Stephen Richardson:20
2026-07-22,HAS,17.12,3.3365,5,Andrew Didora:20.2|Christine Dooley:14.7|Christopher Horvers:21.3|Eric Handler:14.7|Jim Corridore:14.7
2026-07-22,HOOD,11,,1,Alex Markgraff:11
2026-07-22,HUM,52.3,,1,David Windley:52.3
2026-07-22,IBKR,18.75,0.7778,2,Daniel Fannon:18.2|Patrick Moley:19.3
2026-07-22,IBM,4.8,14.5664,2,Robert Oliver:-5.5|Wamsi Mohan:15.1
2026-07-22,JPM,5.3,,1,Matt O'Connor:5.3
2026-07-22,KEY,19.6714,7.2053,7,Christopher Mcgratty:19|David George:5.3|Ebrahim Poonawala:19|John Pancari:19|Mike Mayo:23.6|Peter Winter:28.2|Ryan Nash:23.6
2026-07-22,LUV,1.95,18.0312,2,Catherine O'Brien:-10.8|David Vernon:14.7
2026-07-22,LYV,26.4,,1,Matthew Condon:26.4
2026-07-22,MCO,22.1,,1,Curtis Nagle:22.1
2026-07-22,MET,8.1,,1,Andrew Kligerman:8.1
2026-07-22,MMM,23.6333,7.9223,3,Amit Mehrotra:32.1|Joe Ritchie:22.4|Nicole Deblase:16.4
2026-07-22,MRSH,16.34,9.6635,5,Alex Scott:16.4|David Motemaden:32.3|Elyse Greenspan:6.3|Harry Fong:13.1|Yaron Kinar:13.6
2026-07-22,MSCI,28.0667,3.0104,6,Alexander Hess:26.2|Curtis Nagle:28.9|David Motemaden:30.2|Jason Haas CFA:24.4|Manav Patnaik:32.5|Toni Kaplan:26.2
2026-07-22,MSFT,3.9,,1,Brian Schwartz:3.9
2026-07-22,MTB,4.2,,1,Matt O'Connor:4.2
2026-07-22,NEM,-1.4,,1,Alexander Hacking:-1.4
2026-07-22,NFLX,16.3,,1,Vikram Kesavabhotla:16.3
2026-07-22,NKE,26.35,5.7276,2,Jay Sole:30.4|Paul Lejuez:22.3
2026-07-22,NOC,21.15,19.6133,4,Charles Minervino:26.2|Kristine Liwag:43.6|Peter Arment:-3.7|Scott Deuschle:18.5
2026-07-22,NOW,3.925,10.767,4,Gabriela Borges:14.7|Keith Bachman:-11|Samad Samana:5.6|Thomas Blakey:6.4
2026-07-22,NSC,17.4,,1,Jason Seidl:17.4
2026-07-22,NTRS,-3.8,,1,Alexander Blostein:-3.8
2026-07-22,ORCL,166.2,,1,John Difucci:166.2
2026-07-22,PG,23.2,,1,Kaumil Gajrawala:23.2
2026-07-22,PHM,15.0333,14.6647,3,Michael Dahl:-1.9|Rafe Jadrosich:23.5|Susan Maklari:23.5
2026-07-22,PNC,8.5,,1,Matt O'Connor:8.5
2026-07-22,PRU,-4.4,,1,Andrew Kligerman:-4.4
2026-07-22,REGN,12,,1,John Newman:12
2026-07-22,RJF,0.9,,1,Brennan Hawken:0.9
2026-07-22,SCHW,19.5,9.3802,6,Brian Bedell:22.1|Christopher Allen:16.6|Daniel Fannon:17.5|Michael Brown:19.3|Patrick O'Shaughnessy:35.2|Stephen Biggar:6.3
2026-07-22,STLD,13.625,6.8704,4,Carlos De Alba:8.4|Katja Jancic:23.4|Richard Garchitorena:13.4|Samuel McKinney:9.3
2026-07-22,SYF,20.725,12.1363,8,David George:18.4|Jeffrey Adelson:10.5|John Pancari:18.4|Mark DeVries:36.9|Richard Shane:2.6|Sanjay Sakhrani:29|Unknown Analyst:35.5|Unknown Analyst:14.5
2026-07-22,T,15.88,9.5704,5,Jonathan Atkin:3.6|Joseph Bonner:15.1|Marie Ferguson:15.1|Michael Funk:30.5|Michael Ng:15.1
2026-07-22,TAP,5.3,,1,Stephen Powers:5.3
2026-07-22,TDY,25.05,1.2021,2,Joseph C Giordano:24.2|Ronald Epstein:25.9
2026-07-22,TSLA,25.9,,1,Alexander Perry:25.9
2026-07-22,TXN,22.2,23.5463,3,Blayne Curtis:-3.2|Joshua Buchalter:26.5|Tristan Gerra:43.3
2026-07-22,TYL,30.7,,1,Unknown Analyst:30.7
2026-07-22,VEEV,-11.6,0,2,John Difucci:-11.6|Unknown Analyst:-11.6
2026-07-22,VTR,15.6,,1,Vikram Malhotra:15.6
2026-07-22,WAB,13.7,,1,Ken Hoexter:13.7
2026-07-22,WELL,10.3,,1,Vikram Malhotra:10.3
2026-07-22,WRB,7.3,,1,Bob Huang:7.3
2026-07-23,ALGN,25.3,,1,Kevin Caliendo:25.3
2026-07-23,ALLE,18.7,,1,Joe Ritchie:18.7
2026-07-23,BIIB,38.2,,1,Jay Olson:38.2
2026-07-23,BLDR,65.6,,1,Reuben Garner:65.6
2026-07-23,CB,13.7,4.3841,2,David Motemaden:10.6|Matthew Heimermann:16.8
2026-07-23,CCI,21.6571,10.6427,7,Brandon Nispel:38.9|Eric Luebchow:12.4|Jonathan Atkin:19|Michael Elias:24.3|Michael Funk:32.2|Michael Ng:12.4|Richard Choe:12.4
2026-07-23,CMCSA,19.06,29.4255,5,Gregory Williams:54.8|Jessica Reif Ehrlich:46.8|Jonathan Atkin:3.2|Michael Ng:-0.8|Steven Cahall:-8.7
2026-07-23,CME,5.25,11.9757,4,Damon Delmonte:3.4|Ken Worthington:-9.3|Michael Cyprys:19.8|Patrick Moley:7.1
2026-07-23,CNP,17.6,,1,Sophie Karp:17.6
2026-07-23,COF,20,,1,Stephen Biggar:20
2026-07-23,COST,29.9,,1,Oliver Chen:29.9
2026-07-23,CSX,5.975,17.4803,8,Brandon Oglenski:22.6|Brian Ossenbeck:18.5|Fadi Chamoun:6.2|Jason Seidl:10.3|Jonathan Chappell:4.2|Ravi Shanker:-34.6|Thomas Wadewitz:10.3|Walter Spracklin:10.3
2026-07-23,CTSH,-21.7,,1,Daniel Perlin:-21.7
2026-07-23,CTVA,13.2,,1,Kristen Owen:13.2
2026-07-23,CVX,-3.3,,1,Ryan Todd:-3.3
2026-07-23,DGX,4.2,,1,Tycho Peterson:4.2
2026-07-23,DHI,16,,1,Anthony Pettinari:16
2026-07-23,DHR,12.4,3.5355,2,Casey Woodring:9.9|David Toung:14.9
2026-07-23,DLR,14,,1,Michael Ng:14
2026-07-23,DOV,20.1,,1,Deane Dray:20.1
2026-07-23,EFX,24.3,,1,Andrew Steinerman:24.3
2026-07-23,ETR,19.6,,1,Alex Kania:19.6
2026-07-23,EW,26.85,5.0205,2,Josh Jennings:23.3|Shagun Singh Chadha:30.4
2026-07-23,FCX,7.65,7.0004,2,Lawson Winder:12.6|Sam Crittenden:2.7
2026-07-23,GE,30.1,,1,Douglas Harned:30.1
2026-07-23,GEV,38.0571,7.4922,7,Alexander Virgo:41|Ameet Thakkar:30.6|Colin Rusch:39.8|Joseph Osha:51.5|Marc Bianchi:29|Mark Strouse:38.9|Sunaina Ocalan‏:35.6
2026-07-23,GOOG,28.0333,11.6649,6,Doug Anmuth:25.2|Jeffrey Wlodarczak:41.6|John Blackledge:41.6|Josh Beck:19.2|Saiyi He:27.6|Unknown Analyst:13
2026-07-23,GOOGL,23.9,7.8586,11,Barton Crockett:16.1|Brad Erickson:25.6|Brian Pitz:37.4|Doug Anmuth:24.1|Eric Sheridan:28.5|Ken Gawrelski:21.4|Laura Martin:32.9|Rohit Kulkarni:30|Saken Ismailov:18.2|Stephen Ju:12|Thomas Champion:16.7
2026-07-23,HAL,22.8,,1,Scott Gruber:22.8
2026-07-23,HBAN,6.8,,1,David Chiaverini:6.8
2026-07-23,HIG,15.9,,1,Ryan Tunis:15.9
2026-07-23,HSY,29.8,,1,David Palmer:29.8
2026-07-23,IBM,2.3571,6.4247,7,Amit Daryanani:2.8|Brent Thill:6.9|David Grossman:-3.4|David Vogt:-3|James Schneider:11|Keith Bachman:-5.5|Raimo Lenschow:7.7
2026-07-23,INTC,18.975,20.425,4,C J Muse:21.4|Gil Luria:-2.9|James Schneider:45.7|Joshua Buchalter:11.7
2026-07-23,ISRG,31.9,,1,Larry Biegelsen:31.9
2026-07-23,J,27.6,,1,Andrew Kaplowitz:27.6
2026-07-23,KDP,21.1,,1,Andrea Faria Teixeira:21.1
2026-07-23,KMI,23.1,,1,Jason Gabelman:23.1
2026-07-23,LMT,14.5,,1,Kenneth Herbert:14.5
2026-07-23,LUV,14.7,,1,Andrew Didora:14.7
2026-07-23,LVS,40.4429,6.2522,7,Brandt Montour:37.8|Daniel Politzer:40.1|John DeCree:44.8|Joseph Stauff:47.1|Lizzie Dove:28.4|Shaun Kelley:40.1|Steven Pizzella:44.8
2026-07-23,MCO,15.4,8.8456,6,Alex Kramm:6.3|David Motemaden:23.8|Jason Haas CFA:25.7|Jeffrey Meuler:20.4|Jeffrey Silber:8.4|Toni Kaplan:7.8
2026-07-23,MDLZ,13.7,,1,David Palmer:13.7
2026-07-23,NDAQ,20.05,2.3335,2,Ashish Sabadra:18.4|Benjamin Budish:21.7
2026-07-23,NEE,36.1,,1,Alex Kania:36.1
2026-07-23,NI,20.7,,1,Sophie Karp:20.7
2026-07-23,NKE,26.35,1.9092,2,Lorraine Hutchinson:27.7|Michael Binetti:25
2026-07-23,NOC,25.25,13.6472,2,Kristina Ruggeri:34.9|Seth Seifman:15.6
2026-07-23,NOW,-5.77,13.3921,10,Brad Reback:-9.5|Brian Schwartz:5.6|Jackson Ader:-35.9|John Difucci:-5.7|Karl Keirstead:-17|Matthew Hedberg:-1.9|Miller Jump:-1.9|Raimo Lenschow:1.1|Robert Oliver:-5.7|Samik Chatterjee:13.2
2026-07-23,NSC,12.4,,1,Walter Spracklin:12.4
2026-07-23,NTRS,-4.075,4.4739,4,David Konrad:-7.5|Gerard Cassidy:-5.9|Glenn Schorr:-5.4|Mike Mayo:2.5
2026-07-23,OTIS,37.5,,1,Alexander Virgo:37.5
2026-07-23,PEG,20.2,,1,Paul Cole:20.2
2026-07-23,PHM,26.18,14.0086,5,John Lovallo:40.4|Matthew Bouley:4.9|Michael Roxland:22.6|Stephen Kim:37|Tyler Batory:26
2026-07-23,PM,6.7667,9.9304,3,Eric Serotta:12.5|Faham Baig:-4.7|Gerald Pascarelli:12.5
2026-07-23,RJF,11.4667,7.6166,3,Benjamin Budish:13|Devin Ryan:18.2|Michael Cho:3.2
2026-07-23,ROL,15.2,,1,Ashish Sabadra:15.2
2026-07-23,ROP,1.2,,1,Daniel Jester:1.2
2026-07-23,RTX,21.4,7.2125,2,David E. Strauss:16.3|Kenneth Herbert:26.5
2026-07-23,SCHW,34.3,,1,Ken Worthington:34.3
2026-07-23,SO,-9.4,,1,Sophie Karp:-9.4
2026-07-23,T,10.7143,21.6376,7,Brandon Nispel:38.1|Gregory Williams:26.6|Kannan Venkateshwar:-7.9|Peter Supino:11.3|Sean Diffley:3.6|Sebastiano Petti:26.6|Steven Cahall:-23.3
2026-07-23,TDY,6,,1,Guy Hardwick:6
2026-07-23,TEL,23.1333,14.7825,6,Guy Hardwick:41.5|Joseph C Giordano:29.7|Joseph Spak:13.7|Luke Junk:6.2|Unknown Analyst:10.9|Wamsi Mohan:36.8
2026-07-23,TMO,3.3,5.8979,5,Brandon Couillard:0.8|Dan Leonard:-4.9|Daniel Brennan:10.7|Michael Ryskin:6.6|Tycho Peterson:3.3
2026-07-23,TMUS,21.64,18.1488,5,Gregory Williams:42.6|Jonathan Atkin:26.1|Michael Funk:20.7|Michael Ng:26.1|Steven Cahall:-7.3
2026-07-23,TSCO,3,,1,Max Rakhlenko:3
2026-07-23,TSLA,18.22,22.4095,5,Andres Sheppard:32.7|Chris McNally:-17.9|Craig Irwin:38.2|George Gianarikas:12.2|Itay Michaeli:25.9
2026-07-23,TXN,20.8077,20.3929,13,Cody Acree:34|Harlan Sur:26.5|James Schneider:-16.3|John Vinh:48.9|Joseph Moore:-5.1|Joseph Quatrochi:15.4|Kevin Cassidy:30.3|Mark Lipacis:22.8|Stacy Rasgon:7.9|Thomas O'Malley:-7|Timothy Arcuri:41.4|Tore Svanberg:34|Vivek Arya:37.7
2026-07-23,UNP,15.35,5.4447,2,Jordan Alliger:11.5|Walter Spracklin:19.2
2026-07-23,VRSK,33.4,,1,Surinder Thind:33.4
2026-07-23,VRT,40,,1,David Tarantino:40
2026-07-23,WAB,16.84,6.0269,5,Angel Castillo:25.3|Bascome Majors:16.5|Jerry Revich:11.2|Steve Barger:20|Tami Zakaria:11.2
2026-07-23,WEC,28.2,,1,Alex Kania:28.2
2026-07-23,WST,18.4,,1,Brendan Smith:18.4
2026-07-23,XYZ,32.6,,1,Unknown Analyst:32.6
2026-07-24,AEP,7.8,,1,Ross Fowler:7.8
2026-07-24,ALLE,8.9,2.8284,2,Rafe Jadrosich:6.9|Timothy Wojs:10.9
2026-07-24,AMP,2.2,6.364,2,Kenneth Lee:6.7|Ryan Krueger:-2.3
2026-07-24,AXP,17.0333,17.3656,3,Jon Arfstrom:27.8|Ryan Nash:26.3|Vincent Caintic:-3
2026-07-24,BX,12.5833,20.0976,6,Bart Dziarski:31.5|Benjamin Budish:-0.4|Christopher Allen:-7.4|Craig Siegenthaler:7.4|Crispin Love:1.2|Michael Cyprys:43.2
2026-07-24,CB,17.1,,1,Kevin Heal:17.1
2026-07-24,CCI,44.15,20.5768,2,Gregory P Miller:58.7|Michael Rollins:29.6
2026-07-24,CF,-3.1,,1,Hamir Patel:-3.1
2026-07-24,CHTR,2.9,,1,Jonathan Atkin:2.9
2026-07-24,CMCSA,11.1333,6.8705,3,Kannan Venkateshwar:3.2|Maher Yaghi:15.1|Sean Diffley:15.1
2026-07-24,CSX,20.5,,1,Richa Harnain:20.5
2026-07-24,DDOG,26.6,,1,Todd Coupland:26.6
2026-07-24,DECK,48.5286,26.2191,7,Anna Andreeva:23|Dana Telsey:29.2|Jonathan Komp:41.5|Lorraine Hutchinson:29.2|Paul Lejuez:66.1|Sam Poser:96.9|Tom Nikic:53.8
2026-07-24,DGX,9.2333,3.2624,3,Eric Coldwell:8.5|Luke Sergott:6.4|Michael Ryskin:12.8
2026-07-24,DLR,18.42,3.4136,10,Ari Klein:16.7|Cameron McVeigh:14|Eric Luebchow:16.7|Erik Rasmussen:24.6|John Hodulik:20.4|Maher Yaghi:17.7|Michael Elias:17.7|Michael Funk:14|Ryan Gravett:20.4|Unknown Analyst:22
2026-07-24,DOV,34,8.0523,3,Bryan Blair:32.2|Daniel DiCicco:27|Michael Halloran:42.8
2026-07-24,DOW,18.2667,9.1537,6,Abigail Eberts:20.6|Arun Viswanathan:10.2|John McNulty:13.7|Joshua Spector:10.2|Unknown Analyst:20.6|Vincent Andrews:34.3
2026-07-24,EFX,21.9,,1,Unknown Analyst:21.9
2026-07-24,EQT,35,,1,Josh Silverstein:35
2026-07-24,EW,20.6,7.3408,4,Adam Maeder:19.7|Mike Kratky:19.7|Richard Newitter:12.6|Rick Wise:30.4
2026-07-24,FCX,4.68,5.6747,5,Carlos De Alba:-1.5|Daniel Major:8.3|Katja Jancic:9.8|Orest Wowkodaw:8.3|Timna Tanners:-1.5
2026-07-24,FDX,27.2,,1,David Vernon:27.2
2026-07-24,FITB,7.8,,1,Ben Gerlinger:7.8
2026-07-24,FIX,30.45,24.678,2,Adam Thalhimer:47.9|Brian Brophy:13
2026-07-24,GEHC,15.8,,1,Jason Bednar:15.8
2026-07-24,GEV,27.075,19.8958,4,Amit Mehrotra:46.2|Maheep Mandloi:-0.9|Michael Blum:31.5|Praneeth Satish:31.5
2026-07-24,GL,11.725,3.6491,4,Elyse Greenspan:11|Mark Hughes:8.1|Paul Newsome:16.8|Ryan Krueger:11
2026-07-24,GOOGL,25.6,,1,Ross Sandler:25.6
2026-07-24,HBAN,19.6333,9.5296,3,Christopher Mcgratty:15.7|Matt Olney:12.7|Peter Winter:30.5
2026-07-24,HIG,8.1,5.6022,5,Alex Scott:13.7|Harry Fong:-1|Joshua Shanker:10.7|Paul Newsome:7.1|Rowland Mayor:10
2026-07-24,HON,33.7,3.8184,2,Brett Linzey:31|Daniel DiCicco:36.4
2026-07-24,IBM,-10.6,15.9806,2,Erik Woodring:-21.9|Fatima Boolani:0.7
2026-07-24,INTC,8.3545,21.2272,11,Aaron Rakers:16.6|Atif Malik:26.3|Christopher Rolland:11.7|John Vinh:50.6|Joseph Moore:-18.4|Kevin Cassidy:-22.3|Matt Bryson:-4.8|Srini Pajjuri:-2.9|Suji Desilva:16.6|Thomas O'Malley:-2.9|Tristan Gerra:21.4
2026-07-24,LMT,28.275,9.2269,4,Charles Minervino:33.5|David E. Strauss:14.5|Kristine Liwag:31.6|Peter Arment:33.5
2026-07-24,LUV,48.6333,19.4541,3,John Godyn:27.4|Michael Goldie:52.9|Ravi Shanker:65.6
2026-07-24,MCO,21.1,,1,Manav Patnaik:21.1
2026-07-24,NDAQ,25.3143,12.6655,7,Alex Kramm:31.6|Christopher Allen:11.9|Eli Abboud:48|Michael Cyprys:31.6|Owen Lau:21.7|Patrick Moley:14|William Katz:18.4
2026-07-24,NKE,8.7,,1,Ike Boruchow:8.7
2026-07-24,NOC,19.5,,1,David E. Strauss:19.5
2026-07-24,NOW,18.45,3.182,2,Saiyi He:20.7|Tyler Radke:16.2
2026-07-24,NSC,19.1,8.2024,2,Brandon Oglenski:24.9|Thomas Wadewitz:13.3
2026-07-24,NVR,18.2,4.0037,3,John Lovallo:20.1|Rafe Jadrosich:13.6|Ryan Gilbert:20.9
2026-07-24,OTIS,12.9,,1,Unknown Analyst:12.9
2026-07-24,PHM,13.3,,1,Anthony Pettinari:13.3
2026-07-24,PKG,4.9,,1,Gabrial Hajde:4.9
2026-07-24,PM,14.4,1.8385,2,Owen Bennett:13.1|Unknown Analyst:15.7
2026-07-24,ROL,34.625,33.2272,4,George Tong:41.1|Greg Parrish:72.8|Jason Haas CFA:-7.9|Peter Keith:32.5
2026-07-24,ROP,33.5,9.1984,3,Clarke Jeffries:35.4|Joseph C Giordano:41.6|Joseph Vruwink:23.5
2026-07-24,RTX,18.875,6.8193,4,Charles Minervino:23.9|Gavin Parsons:8.8|Kristine Liwag:21.4|Peter Arment:21.4
2026-07-24,SNA,16.65,8.6974,2,Luke Junk:10.5|Scott Stember:22.8
2026-07-24,SO,14.7,,1,Paul Cole:14.7
2026-07-24,TDY,30,,1,Unknown Analyst:30
2026-07-24,TMO,6.6,0,3,Kallum Titchmarsh:6.6|Luke Sergott:6.6|Unknown Analyst:6.6
2026-07-24,TMUS,36.0857,12.8233,7,Brandon Nispel:37.1|Bryan Kraft:37.1|John Hodulik:28.9|Kannan Venkateshwar:17.9|Maher Yaghi:27.2|Matthew Harrigan:53.6|Sebastiano Petti:50.8
2026-07-24,TSCO,3.4286,8.9998,7,Christopher Nardone:0|Michael Lasser:0|Peter Keith:-6.1|Scot Ciccarelli:-3.1|Simeon Gutman:6|Steven Forbes:21.2|Zachary Fadem:6
2026-07-24,TSLA,23.1,,1,Alexander Potter:23.1
2026-07-24,UNP,15.34,5.3762,5,Brandon Oglenski:23.1|Fadi Chamoun:12.5|Jason Seidl:14.3|Nathan Martin:17.8|Thomas Wadewitz:9
2026-07-24,URI,29.1,14.6997,7,Adam Seiden:-4|Angel Castillo:35|Kenneth Newman:36.5|Kyle Menges:34.5|Mircea Dobre:31.4|Sabahat Khan:33.8|Steven Fisher:36.5
2026-07-24,VZ,-7.1,,1,Jonathan Atkin:-7.1
2026-07-24,WST,16.95,2.0506,2,Luke Sergott:15.5|Michael Ryskin:18.4
2026-07-26,CRWD,-12.3,,1,Richard Poland:-12.3
2026-07-26,DLR,20.4,,1,Jonathan Atkin:20.4
2026-07-26,DPZ,44.4,,1,Sara Senatore:44.4
2026-07-26,F,25.3,,1,Philippe Houchois:25.3
2026-07-26,GM,15.6,,1,Philippe Houchois:15.6
2026-07-26,HAL,31.1,,1,Lloyd Byrne:31.1
2026-07-26,HCA,-9.4,,1,Andrew Mok CFA:-9.4
2026-07-26,LMT,4.75,12.3744,2,Noah Poponak:-4|Sheila Kahyaoglu:13.5
2026-07-26,LUV,17.2,,1,Sheila Kahyaoglu:17.2
2026-07-26,NOC,11.8,,1,Sheila Kahyaoglu:11.8
2026-07-26,RTX,15.35,15.7685,2,Noah Poponak:4.2|Sheila Kahyaoglu:26.5
2026-07-26,TDY,45.2,,1,Noah Poponak:45.2
2026-07-27,AAPL,11.4,,1,Katherine Murphy:11.4
2026-07-27,AMAT,49.6,,1,Adithya Metuku:49.6
2026-07-27,AXP,22.9,13.144,5,Jeffrey Adelson:17.7|Moshe Orenbuch:4.1|Richard Shane:23.2|Sanjay Sakhrani:30.9|Unknown Analyst:38.6
2026-07-27,BSX,97.8,,1,Unknown Analyst:97.8
2026-07-27,BX,-1.2,,1,Alexander Blostein:-1.2
2026-07-27,CDNS,62.4,,1,James Schneider:62.4
2026-07-27,CEG,18.15,15.6271,2,Carly Davenport:7.1|Shelby Tucker:29.2
2026-07-27,CHTR,19.6,70.7498,6,Bryan Kraft:2.9|Gregory Williams:160.7|Jessica Reif Ehrlich:9.8|John Hodulik:-4|Kannan Venkateshwar:-21.1|Steven Cahall:-30.7
2026-07-27,CVS,22.5,,1,Scott Fidel:22.5
2026-07-27,DHR,2.4,3.5355,2,David Westenberg:-0.1|Tycho Peterson:4.9
2026-07-27,DLR,21.4,,1,Benjamin Soff:21.4
2026-07-27,EQT,29.5,,1,Stephen Richardson:29.5
2026-07-27,ES,18.2,,1,Ross Fowler:18.2
2026-07-27,ETR,9.2,,1,Ross Fowler:9.2
2026-07-27,FCX,-7.1,,1,Alexander Hacking:-7.1
2026-07-27,FDS,-2.2,,1,Shlomo Rosenbaum:-2.2
2026-07-27,FFIV,10.3,18.5262,2,Matthew Hedberg:23.4|Michael Ng:-2.8
2026-07-27,FIX,28.2,4.8083,2,Joshua Chan:31.6|Sangita Jain:24.8
2026-07-27,FLEX,55.5,,1,Ruplu Bhattacharya:55.5
2026-07-27,GE,39,,1,Scott Deuschle:39
2026-07-27,GOOGL,25.6,,1,Serena Yi Qi Lim:25.6
2026-07-27,HAL,10.2,1.9799,2,Josh Silverstein:8.8|Saurabh Pant:11.6
2026-07-27,HAS,31.1,,1,Arpine Kocharyan:31.1
2026-07-27,HBAN,9.7,,1,Ebrahim Poonawala:9.7
2026-07-27,HCA,7.2875,14.7971,8,A.J. Rice:35.6|Craig Hettenbach:-11|Matthew Gillmor CFA:1.9|Michael Ha:-7.9|Michael Wiederhorn:13.6|Pito Chickering:11.5|Ryan Langston:1|Scott Fidel:13.6
2026-07-27,HIG,12.7,7.0767,3,David Motemaden:6.3|Elyse Greenspan:20.3|Robert Cox CFA:11.5
2026-07-27,IBKR,24.8,,1,Craig Siegenthaler:24.8
2026-07-27,INTC,16.6,,1,Blayne Curtis:16.6
2026-07-27,LMT,14.5,0,2,Gautam Khanna:14.5|Ronald Epstein:14.5
2026-07-27,LRCX,11.7,,1,Adithya Metuku:11.7
2026-07-27,LVS,42.4,,1,Stephen Grambling:42.4
2026-07-27,MA,-3.4,,1,Adam Frisch:-3.4
2026-07-27,MRSH,22.1,,1,Brian Meredith:22.1
2026-07-27,NEE,25.5333,11.0024,3,Andrew Weisel:33.6|Nicholas Amicucci:30|Ross Fowler:13
2026-07-27,NFLX,21.4,,1,Sachin Mittal:21.4
2026-07-27,NOC,3.7,,1,Noah Poponak:3.7
2026-07-27,NOW,20.7,,1,Kirk Materne:20.7
2026-07-27,NRG,62.2,,1,Carly Davenport:62.2
2026-07-27,NSC,14.25,4.879,2,Daniel Moore CFA:17.7|Fadi Chamoun:10.8
2026-07-27,NTRS,5.7,,1,Ebrahim Poonawala:5.7
2026-07-27,NUE,7.9,,1,Lawson Winder:7.9
2026-07-27,NXPI,35.2,,1,Mark Lipacis:35.2
2026-07-27,PFG,-10.5,,1,Joshua Shanker:-10.5
2026-07-27,PLD,14.9,0,2,Brendan Lynch:14.9|Richard Hightower:14.9
2026-07-27,PNR,43.2,,1,Andrew Krill:43.2
2026-07-27,RJF,6.1,,1,Michael Brown:6.1
2026-07-27,ROP,22.3,,1,Terry Tillman:22.3
2026-07-27,RTX,20.9,0.7071,2,Gautam Khanna:21.4|Scott Deuschle:20.4
2026-07-27,SCHW,5.8,29.6985,2,Craig Siegenthaler:-15.2|Michael Cyprys:26.8
2026-07-27,SLB,13.3,1.8,4,Charles Minervino:10.6|Derek Podhaizer:14.2|Marc Bianchi:14.2|Stephen Gengaro:14.2
2026-07-27,STX,20.5,,1,Amit Daryanani:20.5
2026-07-27,TMO,3.3,4.9,3,Aristotelis Moutopoulos:3.3|David Westenberg:-1.6|Jill Wu:8.2
2026-07-27,TSCO,24.2,,1,Chris Graja:24.2
2026-07-27,TSLA,-12.45,38.6787,2,Edison Yu:14.9|Glenn Thum:-39.8
2026-07-27,TXN,8.7,,1,Ling Lee Keng:8.7
2026-07-27,UNP,21.35,0.495,2,Daniel Moore CFA:21|David Vernon:21.7
2026-07-27,V,-5.5,,1,Adam Frisch:-5.5
2026-07-27,VMRK,8.3,,1,Brad Heffern:8.3
2026-07-27,VZ,0.6,7.4003,6,Gregory Williams:10.7|Kannan Venkateshwar:-9.1|Maher Yaghi:3.7|Sean Diffley:2.7|Sebastiano Petti:2.7|Steven Cahall:-7.1
2026-07-27,WRB,10.2,,1,Brian Meredith:10.2
2026-07-27,WSM,11.8,,1,Peter Keith:11.8
2026-07-27,WST,22.8,,1,Daniel Markowitz CFA:22.8
2026-07-28,ABT,22.6,0,2,Danielle Antalffy:22.6|Patrick Wood:22.6
2026-07-28,ACGL,-3.2,,1,Robert Cox CFA:-3.2
2026-07-28,AMT,22.3667,15.3513,3,Ari Klein:9.6|Batya Levi:39.4|Michael Ng:18.1
2026-07-28,BA,24.3333,5.9936,3,Gautam Khanna:18.8|John Godyn:23.5|Myles Walton:30.7
2026-07-28,BAX,5,0,2,Danielle Antalffy:5|Patrick Wood:5
2026-07-28,BKR,28.36,5.1564,5,Arun Jayaram:25.3|Derek Podhaizer:23.6|Lloyd Byrne:35.5|Marc Bianchi:32.1|Stephen Gengaro:25.3
2026-07-28,BLDR,16,,1,W. Andrew Carter:16
2026-07-28,BMY,17.9,,1,David Amsellem:17.9
2026-07-28,BRO,18.6,1.1314,2,Matthew Heimermann:19.4|Rowland Mayor:17.8
2026-07-28,BX,1.9,,1,Ken Worthington:1.9
2026-07-28,CARR,33.4333,25.6859,3,Andrew Obin:53.2|Christopher Snyder:4.4|Deane Dray:42.7
2026-07-28,CB,-3,,1,Michael Zaremski:-3
2026-07-28,CCI,15,,1,Matthew Niknam:15
2026-07-28,CCL,36.3,,1,Patrick Scholes:36.3
2026-07-28,CDNS,39.41,15.7329,10,Blair Abernethy:45.1|Charles Shi:38.2|Clarke Jeffries:20.6|Edward Yang:3.7|Gary Mobley:55.5|Harlan Sur:40|Jason Celino:46.9|Joseph Quatrochi:46.9|Joseph Vruwink:45.1|Nay Soe Naing:52.1
2026-07-28,CEG,33.5,,1,William Appicelli:33.5
2026-07-28,CHRW,16.2,20.7889,2,Daniel Moore CFA:30.9|Jason Seidl:1.5
2026-07-28,CHTR,23.5,,1,Michael Rollins:23.5
2026-07-28,CINF,16.9,1.2728,2,Harry Fong:17.8|Paul Newsome:16
2026-07-28,CLX,11.7,,1,Kaumil Gajrawala:11.7
2026-07-28,CNC,9.9,4.2426,2,Ben Hendrix:6.9|Sarah James:12.9
2026-07-28,CNP,24,1.8385,2,James Thalacker:22.7|Steve Fleishman:25.3
2026-07-28,COF,40.4,1.6971,2,Ben Gerlinger:41.6|Christopher Mcgratty:39.2
2026-07-28,COO,39.1,,1,Unknown Analyst:39.1
2026-07-28,CRWD,11.3,,1,Unknown Analyst:11.3
2026-07-28,CSGP,31.3,,1,George Tong:31.3
2026-07-28,CTSH,-16.7,,1,Arvind Ramnani:-16.7
2026-07-28,DDOG,30.6,,1,Gray Powell:30.6
2026-07-28,DECK,29.2,,1,Joseph Civello:29.2
2026-07-28,DGX,8.5,2.4249,4,Ann Hynes:10.6|David S Macdonald:6.4|David Toung:10.6|Lisa Gill:6.4
2026-07-28,DLR,20.9,5.2326,2,Brett Knoblauch:17.2|Richard Choe:24.6
2026-07-28,DOW,37.8,,1,Jeffrey Zekauskas:37.8
2026-07-28,DXCM,15.6,0,2,Danielle Antalffy:15.6|Patrick Wood:15.6
2026-07-28,ECL,18.4,,1,John Roberts CFA:18.4
2026-07-28,EQT,20.2,,1,Arun Jayaram:20.2
2026-07-28,ES,18.2,,1,Ryan Levine:18.2
2026-07-28,EW,27.45,4.1719,2,Patrick Wood:30.4|Robbie Marcus:24.5
2026-07-28,EXE,9.15,15.6271,2,Doug Leggate:20.2|Leo Mariani:-1.9
2026-07-28,F,14.5333,7.1501,3,Joseph Spak:21.7|Mark Delaney:14.5|Tom Narayan:7.4
2026-07-28,FFIV,1.44,19.44,5,James Fish:12|Joseph Cardoso:25.1|Meta Marshall:0.8|Tal Liani:-27.1|Tim Long:-3.6
2026-07-28,FITB,17,,1,Brian Foran:17
2026-07-28,FTNT,-29.5,,1,Imtiaz Koujalgi:-29.5
2026-07-28,GILD,21.8,,1,Michael Yee:21.8
2026-07-28,GL,12.5,0.4243,2,Michael Zaremski:12.2|Pablo Singzon:12.8
2026-07-28,GLW,29.2,4.2426,2,John Roberts CFA:26.2|Mehdi Hosseini:32.2
2026-07-28,GM,51.8,,1,Ivan Feinseth:51.8
2026-07-28,GOOGL,24.1,,1,Youssef Squali:24.1
2026-07-28,HAS,21.3,,1,Greg Badishkanian:21.3
2026-07-28,HBAN,18.6,,1,Brian Foran:18.6
2026-07-28,HCA,8.35,4.1719,2,Ann Hynes:11.3|Brian Tanquilut:5.4
2026-07-28,HIG,15.1,,1,Pablo Singzon:15.1
2026-07-28,HLT,19.55,7.7432,4,Brandt Montour:20.2|Lizzie Dove:24.8|Stephen Grambling:8.4|Trey Bowers:24.8
2026-07-28,HON,31,,1,Andrew Obin:31
2026-07-28,INCY,8.4625,12.7539,8,Ashwani Verma:-7|Brian Abrahams:-10.3|Etzer Darout:14.4|Jay Olson:-1.2|Marc Frahm:13.6|Michael Schmidt:23.5|Stephen Willey:19.4|Tazeen Ahmad:15.3
2026-07-28,INTC,-1.8667,13.4894,3,Harlan Sur:-17.4|Ruben Roy:6.9|William Stein:4.9
2026-07-28,IP,77.5,,1,Detlef Winckelmann:77.5
2026-07-28,IQV,0.7,8.9095,2,Michael Ryskin:7|Ryan Halsted:-5.6
2026-07-28,ISRG,35.4,,1,Patrick Wood:35.4
2026-07-28,IVZ,5.3,4.3841,2,Alexander Blostein:2.2|Kenneth Lee:8.4
2026-07-28,JNJ,6,9.8995,2,David Toung:13|Jason Gerberry:-1
2026-07-28,KEY,14.5,0,2,Kevin Heal:14.5|Unknown Analyst:14.5
2026-07-28,KLAC,31.9333,42.3713,3,Blayne Curtis:16.3|C J Muse:79.9|Srini Pajjuri:-0.4
2026-07-28,KO,5.35,11.243,2,Bonnie Herzog:-2.6|Robert Ottenstein:13.3
2026-07-28,LMT,18.3,,1,Seth Seifman:18.3
2026-07-28,LUV,50.4,,1,Jamie Baker:50.4
2026-07-28,LVS,31.5333,16.869,3,Benjamin Chaiken:42.4|Steven Wieczynski:40.1|Trey Bowers:12.1
2026-07-28,MCD,20.8,,1,Josh Wolfson:20.8
2026-07-28,MCO,15.8,4.2,3,Andrew Steinerman:20|Sean Kennedy:11.6|Shlomo Rosenbaum:15.8
2026-07-28,MDLZ,16.1,1.1314,2,Leah Jordan:15.3|Scott Marks CFA:16.9
2026-07-28,MDT,9.9,,1,Priya Sachdeva:9.9
2026-07-28,MMM,16.7,10.748,2,Brett Linzey:9.1|Chigusa Katoku:24.3
2026-07-28,MSCI,19,,1,Kevin Heal:19
2026-07-28,NDAQ,25,,1,Michael Cho:25
2026-07-28,NRG,90.4,,1,William Appicelli:90.4
2026-07-28,NSC,5.5,,1,Brian Ossenbeck:5.5
2026-07-28,NTRS,-2.7,,1,David Smith -CFA:-2.7
2026-07-28,NUE,9.7333,9.68,3,Andrew Jones CFA:-1.3|Nick Cash:16.8|Richard Garchitorena:13.7
2026-07-28,NVR,3.9,,1,Jonathan Bettenhausen:3.9
2026-07-28,NXPI,32.0833,30.925,6,Atif Malik:56.4|James Schneider:37.4|Joshua Buchalter:22.6|Matthew Prisco:69|Vijay Rakesh:-19.7|Vivek Arya:26.8
2026-07-28,OTIS,30.2,,1,Nicholas Housden:30.2
2026-07-28,OXY,-4,,1,Jean Ann Salisbury:-4
2026-07-28,PFG,-6.6,20.0818,2,Alex Scott:-20.8|Paul Newsome:7.6
2026-07-28,PGR,2,,1,Andrew Kligerman:2
2026-07-28,PHM,22.6,,1,Jonathan Bettenhausen:22.6
2026-07-28,PKG,19.4667,12.5484,3,Alexandra Yates:16.9|Anthony Pettinari:8.4|Detlef Winckelmann:33.1
2026-07-28,PM,7.3,,1,Matthew Smith; CFA:7.3
2026-07-28,PNR,21.95,9.9702,2,Deane Dray:29|Joseph C Giordano:14.9
2026-07-28,PODD,31.9,,1,Danielle Antalffy:31.9
2026-07-28,PPG,13.7,,1,Vincent Andrews:13.7
2026-07-28,PYPL,13.075,17.4127,4,James Friedman:24.7|Jason Kupferberg:4.2|Stephen Biggar:30.3|Will Nance:-6.9
2026-07-28,RCL,39.4333,9.2932,3,Brandt Montour:30.7|Lizzie Dove:38.4|Trey Bowers:49.2
2026-07-28,RTX,21.4,,1,Seth Seifman:21.4
2026-07-28,SHW,16.9,7.9196,2,Abigail Eberts:11.3|John Roberts CFA:22.5
2026-07-28,SLB,10.6,,1,Arun Jayaram:10.6
2026-07-28,SOLV,8.6,,1,Kevin Caliendo:8.6
2026-07-28,STX,26.925,22.2281,4,James Schneider:15.6|Kevin Cassidy:56.6|Mehdi Hosseini:5.4|Tristan Gerra:30.1
2026-07-28,SWKS,-41.1,,1,Vijay Rakesh:-41.1
2026-07-28,SYF,5.3,,1,Brian Foran:5.3
2026-07-28,SYK,45.2,,1,Patrick Wood:45.2
2026-07-28,TDY,28.4,,1,Jonathan Siegmann CFA:28.4
2026-07-28,TEL,1.4,,1,William Stein:1.4
2026-07-28,TER,44.8,,1,C J Muse:44.8
2026-07-28,TKO,23.5,,1,Ian S. Moore:23.5
2026-07-28,TMO,13.1,,1,Casey Woodring:13.1
2026-07-28,TRV,-7.9,0.9899,2,Pablo Singzon:-7.2|Yaron Kinar:-8.6
2026-07-28,TSCO,-4.6,14.9907,2,Christopher Horvers:6|David Bellinger:-15.2
2026-07-28,TSLA,12.15,15.4856,2,Vijay Rakesh:23.1|William Stein:1.2
2026-07-28,TXN,12.55,1.3435,2,Vijay Rakesh:13.5|William Stein:11.6
2026-07-28,TXT,29.6,,1,Gautam Khanna:29.6
2026-07-28,UDR,15.3,1.9799,2,Brad Heffern:13.9|Nicholas Yulico:16.7
2026-07-28,UHS,5.0667,7.8996,3,Andrew Mok CFA:-3.9|Jason Cassorla:8.1|Sarah James:11
2026-07-28,UNP,17.4,,1,Brian Ossenbeck:17.4
2026-07-28,UPS,21.6667,9.5866,3,Brian Ossenbeck:14.7|David Vernon:32.6|Jonathan Chappell:17.7
2026-07-28,URI,48.2,,1,Jamie Cook:48.2
2026-07-28,VRSN,8,,1,Alexei Gogolev:8
2026-07-28,VST,53,,1,William Appicelli:53
2026-07-28,XOM,-4.8,,1,Jean Ann Salisbury:-4.8
2026-07-28,XYL,51.45,2.6163,2,Brian K. Lee:49.6|Deane Dray:53.3
2026-07-28,XYZ,17.4,,1,Matthew Coad:17.4
2026-07-29,ACGL,25.95,10.278,4,Harry Fong:14.5|Joshua Shanker:39.5|Mark Dwelle:24.9|Rowland Mayor:24.9
2026-07-29,ADP,2.8,13.0563,4,Ashish Sabadra:8.1|Daniel Jester:13.7|Jared Levine:5.5|Samad Samana:-16.1
2026-07-29,AMT,22.2,5.8944,6,Cameron McVeigh:23.7|Eric Luebchow:12.5|Gregory Williams:27.6|Maher Yaghi:23.7|Michael Elias:27.6|Michael Funk:18.1
2026-07-29,APH,25.1,,1,Asiya Merchant:25.1
2026-07-29,BA,37.8,,1,Seth Seifman:37.8
2026-07-29,BAC,8.5,,1,Vivek Juneja:8.5
2026-07-29,BIIB,9.4,12.0208,2,Ami Fadia:17.9|Jason Zemansky:0.9
2026-07-29,BRO,14.2,9.5893,5,Alex Scott:14.8|Elyse Greenspan:4.2|Michael Zaremski:11.8|Robert Cox CFA:10.3|Yaron Kinar:29.9
2026-07-29,BSX,42.86,20.1527,5,Kendall Au:62.9|Larry Biegelsen:16.3|Michael Matson:32.6|Rick Wise:39.6|Shagun Singh Chadha:62.9
2026-07-29,BX,16.7,,1,Stephen Biggar:16.7
2026-07-29,BXP,-3.4,5.5154,2,Caitlin Burrows:0.5|Ronald Kamdem:-7.3
2026-07-29,C,7.3,,1,Vivek Juneja:7.3
2026-07-29,CARR,56.6,,1,Stephen Volkmann:56.6
2026-07-29,CDNS,41.65,4.879,2,Kelsey Chia:45.1|Lee Simpson:38.2
2026-07-29,CFG,12.1,1.9799,2,Kevin Heal:13.5|Vivek Juneja:10.7
2026-07-29,CHRW,28.3,,1,Scott Group:28.3
2026-07-29,CINF,16.6,,1,Michael Zaremski:16.6
2026-07-29,CMG,10.5,,1,Greg Badishkanian:10.5
2026-07-29,CMS,23.1333,7.6422,3,Andrew Weisel:29.6|Anthony Crowdell:14.7|Unknown Analyst:25.1
2026-07-29,CNC,6.15,9.9121,4,A.J. Rice:5.4|David S Macdonald:20.4|Erin Wright:-0.6|Michael Ha:-0.6
2026-07-29,CNP,25.3,,1,Andrew Weisel:25.3
2026-07-29,CSGP,14.91,25.5607,10,Alexei Gogolev:70.7|Andrew Boone:14.9|Curtis Nagle:-1.5|Darrin Peller:5.1|Jake Fuller:37.9|Mayank Tandon:31.3|Peter Christiansen:8.3|Ryan Tomasello:-4.8|Scott Wurtzel:5.1|Unknown Analyst:-17.9
2026-07-29,CTSH,-2.5,27.1529,2,David Paige:-21.7|James Schneider:16.7
2026-07-29,DECK,57.5,0,2,Christine Dooley:57.5|John Staszak:57.5
2026-07-29,DIS,23.9,3.9598,2,Jason Bazinet:26.7|Laurent Yoon:21.1
2026-07-29,DOW,37.8,,1,Hassan Ahmed:37.8
2026-07-29,DTE,24.5,,1,Ross Fowler:24.5
2026-07-29,ECL,18.8,7.9627,6,Andrew Wittmann:10.4|Jeffrey Zekauskas:10.4|John McNulty:30.3|Joshua Spector:23.8|Scott Schneeberger:15.9|Shlomo Rosenbaum:22
2026-07-29,EG,10.3,7.6368,2,Alex Scott:15.7|Ryan Tunis:4.9
2026-07-29,EQIX,12.65,10.1201,4,Ari Klein:20.5|Brett Knoblauch:16.7|Michael Funk:15.6|Michael Ng:-2.2
2026-07-29,ETR,16.8,,1,James Thalacker:16.8
2026-07-29,EXR,14.1,,1,Brad Heffern:14.1
2026-07-29,F,23.5,14.7623,4,Alexander Potter:21.7|Itay Michaeli:7.4|Michael Ward:43.2|Rajat Gupta CFA:21.7
2026-07-29,FITB,13.3,,1,Vivek Juneja:13.3
2026-07-29,FLEX,46.8,,1,Melissa Fairbanks:46.8
2026-07-29,FTNT,18.5,,1,Jonathan Ruykhaver:18.5
2026-07-29,FTV,15.2,,1,Deane Dray:15.2
2026-07-29,GD,15.9,0.9899,2,Kenneth Herbert:15.2|Myles Walton:16.6
2026-07-29,GEHC,25.1,0,2,Kendall Au:25.1|Shagun Singh Chadha:25.1
2026-07-29,GEV,28,,1,Chris Dendrinos:28
2026-07-29,GLW,3.675,19.8137,4,Joshua Spector:17.8|Meta Marshall:-0.8|Tim Long:-22.5|Wamsi Mohan:20.2
2026-07-29,GNRC,52.4,,1,Jeff Osborne:52.4
2026-07-29,HBAN,18.6,,1,Jason Goldberg:18.6
2026-07-29,HIG,3.75,3.6062,2,Bob Huang:6.3|Michael Zaremski:1.2
2026-07-29,HLT,17.6,,1,Michael Bellisario:17.6
2026-07-29,HSIC,7.5,,1,Jason Bednar:7.5
2026-07-29,HUM,13.95,9.0176,4,Ben Hendrix:1.3|Elizabeth Anderson CFA:17.1|Jason Cassorla:14.9|Stephen Baxter:22.5
2026-07-29,IEX,19.8333,6.958,3,Daniel DiCicco:11.9|Deane Dray:24.9|Joseph C Giordano:22.7
2026-07-29,INCY,-2.45,0.6364,2,Judah Frommer:-2|Salveen Richter:-2.9
2026-07-29,IQV,6.81,6.2387,10,Anne Samuel:8.9|Casey Woodring:8.9|Charles Rhyee:10|Eric Coldwell:9.6|Jailendra Singh:14.6|Kallum Titchmarsh:-8.3|Luke Sergott:5.1|Sean Dodge:3.1|Shlomo Rosenbaum:5.4|Unknown Analyst:10.8
2026-07-29,ITW,17.025,9.1489,4,Jamie Cook:14.9|Mircea Dobre:10.8|Steven Fisher:11.9|Tami Zakaria:30.5
2026-07-29,IVZ,-6.3,3.6688,4,Benjamin Budish:-0.9|Ken Worthington:-8.6|Michael Cho:-8.6|Michael Cyprys:-7.1
2026-07-29,JCI,18.85,12.0915,2,Deane Dray:10.3|Joe Ritchie:27.4
2026-07-29,KLAC,37.2833,14.0395,12,Amanda Tan:35.6|Atif Malik:60.5|Brian Chin:38.4|Charles Shi:49.5|Edward Yang:43.9|Harlan Sur:31.8|James Schneider:16.3|Joseph Quatrochi:35.6|Krish Sankar:43.9|Melissa Weathers:7.9|Shane Brett CFA:40.1|Vivek Arya:43.9
2026-07-29,KMI,10.2,,1,Spiro M. Dounis:10.2
2026-07-29,KO,11.8,3.8996,10,Andrea Faria Teixeira:8.7|Christopher Carey:7.6|Dara Mohsenian:13.3|Filippo Falorni:13.3|Kaumil Gajrawala:17.8|Michael Lavery:7.6|Nik Modi:8.7|Peter Grom:17.8|Robert Moskow:13.3|Taylor Conrad:9.9
2026-07-29,LII,28.1,,1,Deane Dray:28.1
2026-07-29,LRCX,42.55,35.5675,2,C J Muse:67.7|Joseph Quatrochi:17.4
2026-07-29,MAS,14.55,18.0581,4,Michael Dahl:5.1|Rafe Jadrosich:-0.8|Stephen Kim:13.8|Susan Maklari:40.1
2026-07-29,MCO,26.3,,1,Peter Christiansen:26.3
2026-07-29,MDLZ,12.3667,3.266,6,Matthew Smith; CFA:8.9|Peter Galbo:12.1|Peter Grom:8.9|Robert Dickerson:16.9|Robert Moskow:12.1|Thomas Palmer:15.3
2026-07-29,META,6.9667,1.7898,3,Deepak Mathivanan:4.9|Michael Morris:8|Shweta Khajuria:8
2026-07-29,MGM,26.6,8.9095,2,Brandt Montour:20.3|Joseph Stauff:32.9
2026-07-29,MSFT,11,,1,Alex Zukin:11
2026-07-29,MTB,13.7,4.2426,2,Andrew J Dietrich:10.7|Stephen Biggar:16.7
2026-07-29,NUE,11.1333,6.1647,3,Alexander Hacking:15.6|Carlos De Alba:4.1|Katja Jancic:13.7
2026-07-29,NXPI,28.4333,12.4522,9,Christopher Rolland:5.7|Joseph Moore:42.8|Joseph Quatrochi:18.3|Michael Roxland:31|Quinn Bolton:26.8|Rick Schafer:37.4|Thomas O'Malley:43.7|Tore Svanberg:19.2|William Stein:31
2026-07-29,ODFL,35.7,,1,Jordan Alliger:35.7
2026-07-29,OMC,29.1,39.5122,3,James Tate CFA:74.7|Michael Nathanson:7.6|Sean Diffley:5
2026-07-29,ORLY,22.3,,1,Spencer Hanus:22.3
2026-07-29,PCAR,23.0333,10.1756,3,Jamie Cook:13.3|Michael Feniger:22.2|Tami Zakaria:33.6
2026-07-29,PG,1.2,3.0512,3,Bonnie Herzog:3.3|Diego Serrano Flyckt:2.6|Unknown Analyst:-2.3
2026-07-29,PNC,10.3,,1,Vivek Juneja:10.3
2026-07-29,PNR,35.5,18.3747,3,Andrew Kaplowitz:50.2|Michael Halloran:41.4|Nathan Jones:14.9
2026-07-29,PPG,15.6,,1,Arun Viswanathan:15.6
2026-07-29,PYPL,5.875,10.7314,8,Andrew Bauch:4.2|Bryan Bergin:9.8|Bryan Keane:13.6|Colin Sebastian:6.1|James Faucette:-16.2|Joseph Vafi:2.4|Nik Cremo:6.1|Tien Tsin Huang:21
2026-07-29,QCOM,-7.95,1.9092,2,Aaron Rakers:-6.6|C J Muse:-9.3
2026-07-29,RCL,41.075,13.9313,4,Andrew Didora:26.9|Christopher Stathoulopoulos:43|Manucher Narzulloev:34.9|Steven Wieczynski:59.5
2026-07-29,REG,13.9,,1,Michael Gorman:13.9
2026-07-29,RF,6.2,,1,Vivek Juneja:6.2
2026-07-29,RJF,13,,1,Kevin Heal:13
2026-07-29,RMD,46.6,,1,Lyanne Harrison:46.6
2026-07-29,ROP,6.8,,1,Chigusa Katoku:6.8
2026-07-29,RTX,23.9,,1,Kristina Ruggeri:23.9
2026-07-29,SHW,21.54,4.6166,5,Jeffrey Zekauskas:17.5|Joshua Spector:20.6|Matthew DeYoe:17.5|Patrick Cunningham:28.4|Sebastian Bray:23.7
2026-07-29,SNA,19.9,,1,John Babcock:19.9
2026-07-29,SPGI,25.15,2.6281,6,Andrew Steinerman:29|Jeffrey Meuler:24.9|Jeffrey Silber:23|Peter Christiansen:21.7|Scott Wurtzel:25.4|Shlomo Rosenbaum:26.9
2026-07-29,STLD,25.1,,1,Nick Cash:25.1
2026-07-29,STX,31.4,18.7015,9,Aaron Rakers:42.1|Erik Woodring:43|Jim Kelleher:8.4|Joseph Cardoso:49.4|Krish Sankar:20.5|Matt Bryson:20.5|Sajal Dogra:56.6|Timothy Arcuri:3.6|Wamsi Mohan:38.5
2026-07-29,SWK,4.2,,1,Joe Ritchie:4.2
2026-07-29,SWKS,-24.28,3.0173,10,Atif Malik:-27.6|Christopher Rolland:-26.4|Krish Sankar:-26.4|Mayur Ramdhani CFA:-26.4|Peter Peng:-26.4|Ruben Roy:-20.8|Srini Pajjuri:-20.8|Thomas O'Malley:-20.8|Timothy Arcuri:-20.8|Vivek Arya:-26.4
2026-07-29,TER,26.4333,10.4696,3,James Schneider:22.5|Krish Sankar:18.5|Vivek Arya:38.3
2026-07-29,TFC,7.1,,1,Vivek Juneja:7.1
2026-07-29,TROW,9.1,,1,Michael Cyprys:9.1
2026-07-29,TXN,50.7,,1,Alexi de Unger:50.7
2026-07-29,TXT,24.94,8.9456,5,Charles Minervino:35.8|Douglas Harned:33.3|Gavin Parsons:17.3|Kristine Liwag:21|Ronald Epstein:17.3
2026-07-29,TYL,1,,1,Matthew VanVliet:1
2026-07-29,UHS,5.6,9.4303,3,Craig Hettenbach:9.2|Michael Ha:-5.1|Ryan Langston:12.7
2026-07-29,UPS,10.575,21.1259,8,Bascome Majors:29.6|Brandon Oglenski:-20.2|J. Bruce Chan:14.7|Jason Seidl:14.7|Lucas Servera:29.6|Ravi Shanker:-24.2|Scott Schneeberger:16.7|Thomas Wadewitz:23.7
2026-07-29,USB,9.8,,1,Vivek Juneja:9.8
2026-07-29,V,14.5333,3.6313,12,Andrew Bauch:9.3|Bill Carcache:16.1|Bryan Bergin:13.4|Bryan Keane:18.8|Dan Dolev:14.7|David Koning:13.4|James Faucette:12.3|Jason Kupferberg:16.6|Rayna Kumar:8.8|Sanjay Sakhrani:16.1|Tien Tsin Huang:21.5|Timothy Chiodo:13.4
2026-07-29,VLTO,20.1,,1,Brian K. Lee:20.1
2026-07-29,VMC,30.0333,9.815,3,Anthony Codling:18.7|Ivan Yi:35.7|Scott Group:35.7
2026-07-29,VMRK,8.2,,1,Nicholas Joseph:8.2
2026-07-29,VRSK,33.4,,1,George Tong:33.4
2026-07-29,VRT,31.1,,1,Deane Dray:31.1
2026-07-29,WFC,12.7,9.7581,2,Jason Goldberg:19.6|Vivek Juneja:5.8
2026-07-29,WM,14.8,,1,Michael Feniger:14.8
2026-07-29,XYL,43.2,15.7693,6,Andrew Kaplowitz:60.8|Brett Linzey:21.5|Bryan Blair:47.7|Joseph C Giordano:26.2|Michael Halloran:54.3|William Grippin:48.7
2026-07-30,AAPL,3.8333,7.852,3,Jim Kelleher:12.9|William Power:-0.7|Yanni Samoilis:-0.7
2026-07-30,ABNB,-26.6,,1,Brian Nowak:-26.6
2026-07-30,ADP,11.175,7.0967,4,Dan Dolev:20|James Faucette:6.6|Mark Marcon:13.7|Tien Tsin Huang:4.4
2026-07-30,AEE,9.6,,1,Carly Davenport:9.6
2026-07-30,AJG,24.8,,1,Ryan Tunis:24.8
2026-07-30,ALGN,31.95,10.253,2,Erin Wright:24.7|Jonathan Block:39.2
2026-07-30,AMP,5.8,,1,Kevin Heal:5.8
2026-07-30,AMT,15.3,,1,Jonathan Atkin:15.3
2026-07-30,AMZN,23.65,4.1719,2,Colin Sebastian:20.7|Unknown Analyst:26.6
2026-07-30,AON,34.95,12.3744,2,Alex Scott:26.2|Matthew Heimermann:43.7
2026-07-30,APD,22.65,1.2021,2,Duffy Fischer:23.5|John Roberts CFA:21.8
2026-07-30,APH,17.65,14.7785,2,Amit Daryanani:7.2|Joseph Cardoso:28.1
2026-07-30,AVY,25.5,0.4243,2,George Staphos:25.2|John McNulty:25.8
2026-07-30,BA,18.8,,1,Kristine Liwag:18.8
2026-07-30,BG,14.4,,1,Thomas Palmer:14.4
2026-07-30,BIIB,9.9375,7.1793,8,Andrew Fein:15.6|Andrew Tsai:17.4|Chris Schott:-3.3|Michael Yee:10.5|Mohit Bansal:15.1|Phil Nadeau:3.6|Sumant Kulkarni:14.2|Terence Flynn:6.4
2026-07-30,BLDR,45.8,,1,Michael Dahl:45.8
2026-07-30,BMY,-7.3,,1,Carter Gould:-7.3
2026-07-30,BSX,46.8875,23.0887,8,David Rescott:30.3|Mike Kratky:39.6|Patrick Wood:55.9|Pito Chickering:39.6|Robbie Marcus:30.3|Suraj Kalia:97.8|Vijay Kumar:28|William Plovanic:53.6
2026-07-30,BXP,31.4,,1,Floris van Dijkum:31.4
2026-07-30,CBRE,27.8333,6.3893,3,Alex Kramm:35.2|Jade Rahmani:23.8|Steve Sakwa:24.5
2026-07-30,CEG,35.2,,1,Jeremy Tonet:35.2
2026-07-30,CHRW,30.15,35.1299,6,Bascome Majors:40.7|Brandon Oglenski:37.5|Brian Ossenbeck:47.3|Jonathan Chappell:55.1|Lucas Servera:40.7|Ravi Shanker:-40.4
2026-07-30,CI,27.7333,7.3385,3,Ben Hendrix:20|Jason Cassorla:28.6|Kevin Fischbeck:34.6
2026-07-30,CINF,13.7,,1,Joshua Shanker:13.7
2026-07-30,CMG,26.5545,14.9776,11,Andrew Strelzik:43.6|Brian Bittner:40.9|Brian Mullan:7.7|David Palmer:29.8|Gregory Francfort:-0.6|Jim Salera:10.5|Joe Feldman:32.6|Lauren Silberman:40.9|Logan Reich:24.3|Matt Curtis:38.1|Zachary Fadem:24.3
2026-07-30,CNC,-2.1,,1,Ryan Langston:-2.1
2026-07-30,CPT,0,,1,Julien Blouin:0
2026-07-30,CSX,14.4,0,2,John Eade:14.4|Kristina Ruggeri:14.4
2026-07-30,CTSH,7.3,16.3149,8,Bryan Bergin:-10|Bryan Keane:0|David Koning:13.3|James Faucette:-15|James Friedman:36.7|Keith Bachman:5|Steven Wahrhaftig:16.7|Tien Tsin Huang:11.7
2026-07-30,CVNA,23.5,24.7358,7,Andrew Boone:20|Andrew Percoco:30.1|Chris Pierce:73.5|Craig Kennison:4.1|John Colantuoni:27.2|Michael Montani:8.4|Mike McGovern:1.2
2026-07-30,DTE,16.2,,1,Michael Lonegan:16.2
2026-07-30,DXCM,14.4,,1,Josh Jennings:14.4
2026-07-30,ECL,13.15,8.9803,2,Jason Haas CFA:6.8|Vincent Andrews:19.5
2026-07-30,EG,1.4,,1,David Motemaden:1.4
2026-07-30,EME,33.55,28.4964,2,Adam Bubes:13.4|Adam Thalhimer:53.7
2026-07-30,EQIX,19.4714,5.4643,7,Eric Luebchow:15.6|Erik Rasmussen:21.9|John Hodulik:21.9|Jonathan Petersen:29.1|Joseph Osha:19|Maher Yaghi:16.4|Michael Elias:12.4
2026-07-30,EQT,25.8,,1,Bob Brackett:25.8
2026-07-30,ES,18.2,,1,Carly Davenport:18.2
2026-07-30,ESS,10.8667,3.5019,3,Brad Heffern:14.3|Simon Yarmak:7.3|Steve Sakwa:11
2026-07-30,ETR,22.5,,1,Andrew Weisel:22.5
2026-07-30,EXE,42.3667,22.8614,3,Bob Brackett:68.7|Gabriel Daoud:27.6|Josh Silverstein:30.8
2026-07-30,EXPE,6.8,,1,Brian Nowak:6.8
2026-07-30,EXR,16.2,,1,Caitlin Burrows:16.2
2026-07-30,FE,21.4,,1,Andrew Weisel:21.4
2026-07-30,FICO,56.675,11.0113,4,Ashish Sabadra:54.8|Curtis Nagle:42.1|Kyle Peterson:67.4|Owen Lau:62.4
2026-07-30,FLEX,30.4,11.0309,2,Joseph Cardoso:38.2|Luke Junk:22.6
2026-07-30,FSLR,48.3,,1,Brian K. Lee:48.3
2026-07-30,FTNT,13.4667,17.4063,18,Brad Zelnick:2.5|Brian Essex:-24.4|Catharine Trebnick:24.9|Dan Bergstrom:18.5|Gabriela Borges:21.7|Gray Powell:30.1|Joseph Gallo:21.7|Junaid Siddiqui:17.3|Keith Bachman:18.5|Meta Marshall:-12.9|Patrick Colville:4.4|Peter Levine:5.7|Richard Poland:-13.5|Rob Owens:12.1|Roger Boyd:15.3|Saket Kalia:21.7|Shaul Eyal:37.8|Tal Liani:41
2026-07-30,FTV,26.15,2.6163,2,Jamie Cook:24.3|Unknown Analyst:28
2026-07-30,GD,20.1286,7.8883,7,Charles Minervino:27.8|Gautam Khanna:18|John Godyn:13.5|Kristine Liwag:30.7|Peter Arment:20.8|Scott Deuschle:7.9|Seth Seifman:22.2
2026-07-30,GEHC,25.6667,13.3639,6,Matthew Taylor:43.9|Rick Wise:25.1|Robbie Marcus:9.5|Suraj Kalia:33|Vijay Kumar:31.4|Vik Chopra:11.1
2026-07-30,GNRC,46.1667,16.543,6,Chip Moore:14.4|Christine Cho CFA:48.7|George Gianarikas:47.1|Michael Halloran:63.1|Sean Milligan:51.3|Stephen Gengaro:52.4
2026-07-30,GRMN,3.9,1.5133,3,Erik Woodring:2.2|Joseph Cardoso:4.4|Tim Long:5.1
2026-07-30,HOOD,-0.95,10.6773,2,John Todaro:6.6|Ken Worthington:-8.5
2026-07-30,HSY,9.6,,1,Christopher Carey:9.6
2026-07-30,HUM,1.1889,15.3235,9,A.J. Rice:-1.2|David S Macdonald:1.3|George Hill:6.4|Jessica Tassan:13|Michael Ha:-4.8|Michael Wiederhorn:-1.2|Parker Snure:3.7|Scott Fidel:-31.7|Whit Mayo:25.2
2026-07-30,ICE,14.4,,1,Ashish Sabadra:14.4
2026-07-30,IEX,20.5667,1.4364,3,Michael Halloran:22.2|Nathan Jones:19.5|Vlad Bystricky:20
2026-07-30,INCY,-1.2,,1,Jessica Fye:-1.2
2026-07-30,INVH,19.8,,1,Steve Sakwa:19.8
2026-07-30,IP,51.3,,1,Matt McKellar:51.3
2026-07-30,ISRG,5.9,,1,Helen Fang:5.9
2026-07-30,JCI,14.75,12.0915,2,Alexander Virgo:6.2|Amit Mehrotra:23.3
2026-07-30,KLAC,24.6,,1,Thomas O'Malley:24.6
2026-07-30,KO,11,,1,Zheng Feng Chee:11
2026-07-30,LH,15.6,,1,Michael Ryskin:15.6
2026-07-30,LHX,26.3,,1,Kenneth Herbert:26.3
2026-07-30,LII,47.2333,11.1096,3,Joe Ritchie:49.4|Noah Kaye:57.1|Timothy Wojs:35.2
2026-07-30,LRCX,19.94,14.7026,10,Blayne Curtis:12.3|Brian Chin:42.5|Charles Shi:30.8|Craig Ellis:17.4|Edward Yang:34.1|Mark Lipacis:-7.8|Melissa Weathers:7.3|Shane Brett CFA:23.1|Srini Pajjuri:27.4|Thomas O'Malley:12.3
2026-07-30,LYV,19.9,,1,Unknown Analyst:19.9
2026-07-30,MA,23.2,,1,Will Nance:23.2
2026-07-30,MAA,13.8,8.4916,4,Barry Oxford:16.2|Brad Heffern:10.6|John Kim:24.2|Steve Sakwa:4.2
2026-07-30,MAS,26.625,8.5223,4,John Lovallo:37.2|Keith Hughes:24.1|Timothy Wojs:16.8|Tyler Batory:28.4
2026-07-30,META,13.925,13.2804,12,Andrew Boone:18.8|Benjamin Black CFA:15.7|Brad Erickson:18.8|Brian White:12.6|Colin Sebastian:15.7|Gil Luria:8|Jeffrey Wlodarczak:21.9|Ken Gawrelski:-1.2|Maria Ripps:43.5|Nat Schindler:-7.4|Ross Sandler:20.4|Shyam Patil:0.3
2026-07-30,MGM,27.85,7.1418,2,Daniel Politzer:32.9|Steven Wieczynski:22.8
2026-07-30,MPWR,49.9,,1,Joshua Buchalter:49.9
2026-07-30,MSFT,7.5455,6.4119,11,Andrew Sherman:9|Derrick Wood:9|Edward Yang:3.9|Gregg Moskowitz:2.9|Jackson Ader:21.1|John Difucci:18.2|Joseph Bonner:2.9|Keith Bachman:3.9|Patrick Colville:2.9|Thomas Blakey:5.3|Timothy Horan:3.9
2026-07-30,NCLH,61.9,,1,Kevin Kopelman:61.9
2026-07-30,NEE,23.9,,1,Marie Ferguson:23.9
2026-07-30,NXPI,26.8,,1,Harlan Sur:26.8
2026-07-30,ODFL,32.6429,6.4758,7,Brian Ossenbeck:39.1|Eric Morgan:22.4|Jason Seidl:29.6|Jonathan Chappell:35.2|Lucas Servera:39.1|Ravi Shanker:36.3|Thomas Wadewitz:26.8
2026-07-30,OMC,19.4,6.5184,3,Jason Bazinet:26.6|Julien Roch:13.9|Steven Cahall:17.7
2026-07-30,ORLY,29.625,9.9493,4,Greg Melich:34|Robert Ohmes:39.8|Steven Shemesh:28.2|Zachary Fadem:16.5
2026-07-30,PCAR,21,9.7581,2,Jerry Revich:27.9|Kyle Menges:14.1
2026-07-30,PG,11.1,6.6359,5,Christopher Carey:12.9|Dara Mohsenian:14.3|Filippo Falorni:17|Michael Lavery:-0.2|Stephen Powers:11.5
2026-07-30,PM,17.8,,1,Simon Hales:17.8
2026-07-30,PPG,23.475,8.0971,4,John McNulty:30.8|Joshua Spector:18.5|Matthew DeYoe:29.9|Patrick Cunningham:14.7
2026-07-30,PSA,12.5667,9.7346,3,Brad Heffern:7.3|Caitlin Burrows:23.8|Michael Griffin CFA:6.6
2026-07-30,PTC,31.7778,15.5555,9,Adam Borg:26.2|Andrew Obin:10.9|Blair Abernethy:45.3|Clarke Jeffries:20|Daniel Jester:25.4|Joseph Vruwink:56.8|Kenneth Wong:33.8|Matthew Hedberg:49.1|Saket Kalia:18.5
2026-07-30,QCOM,15.62,41.742,10,Christopher Rolland:-12.1|Cody Acree:48.4|James Schneider:-12.1|Jim Kelleher:20.9|Joseph Moore:20.9|Joshua Buchalter:-3.8|Mark Lipacis:-12.6|Timothy Arcuri:-6.6|Tristan Gerra:119.8|Vijay Rakesh:-6.6
2026-07-30,RCL,42.2,,1,Tristan M. Thomas-Martin:42.2
2026-07-30,REG,10.7667,0.7506,3,Greg McGinniss:9.9|Michael Griffin CFA:11.2|Steve Sakwa:11.2
2026-07-30,REGN,15.725,10.4081,4,Carter Gould:1.7|Salveen Richter:24.4|Tazeen Ahmad:14|Tyler Van Buren:22.8
2026-07-30,SBUX,23.76,9.7588,10,Andrew Strelzik:31.7|Brian Harbour:16.5|David Palmer:21.5|David Tarantino CFA:25.6|Dennis Geiger:13.4|Jon Tower:13.4|Lauren Silberman:27.6|Logan Reich:16.5|Sara Senatore:44.8|Zachary Fadem:26.6
2026-07-30,SHW,29.9,,1,Arun Viswanathan:29.9
2026-07-30,SO,13.6,,1,Shahriar Pourreza:13.6
2026-07-30,STX,50.6,,1,Thomas O'Malley:50.6
2026-07-30,SW,38.8,,1,Matt McKellar:38.8
2026-07-30,TDY,27.5,,1,Mariana Perez Mora:27.5
2026-07-30,TER,12.5667,9.1106,3,Joseph Cardoso:22.5|Shane Brett CFA:4.6|Vedvati Shrotre:10.6
2026-07-30,TT,26.5,,1,Alexander Virgo:26.5
2026-07-30,TXT,21,,1,Seth Seifman:21
2026-07-30,TYL,19.55,6.2128,6,Allan Verkhovski:18.8|Andrew Sherman:18.8|J. Parker Lane:18.8|John Difucci:30.7|Joshua Reilly:18.8|Kirk Materne:11.4
2026-07-30,UDR,8.2,,1,Julien Blouin:8.2
2026-07-30,UHS,8.7,,1,Scott Fidel:8.7
2026-07-30,V,13.4,,1,Nik Cremo:13.4
2026-07-30,VICI,31.5667,4.6188,3,James Kammert:28.9|Simon Yarmak:36.9|Wes Golladay:28.9
2026-07-30,VLTO,19.2,7.3086,6,Andrew Kaplowitz:13.7|Andrew Krill:18|John McNulty:30.7|Joshua Spector:10.5|Michael Halloran:18|William Grippin:24.3
2026-07-30,VMC,33.3333,5.8381,3,Adam Seiden:34.5|Angel Castillo:27|Anthony Pettinari:38.5
2026-07-30,VRSK,35.8286,7.7198,7,Alex Kramm:33.4|Andrew Steinerman:41.9|David Motemaden:26.6|Faiza Alwy:27.7|Jason Haas CFA:47.6|Jeffrey Meuler:40.2|Toni Kaplan:33.4
2026-07-30,VRT,31.775,9.3727,8,Andrew Kaplowitz:39.3|Jeffrey Hammond:26.4|Justin Clare:38.1|Luke Junk:24.5|Mark Delaney:17.1|Michael Elias:38.5|Noah Kaye:26.4|Unknown Analyst:43.9
2026-07-30,VTR,6.7,,1,James Kammert:6.7
2026-07-30,WEC,22,15.4149,2,Andrew Weisel:32.9|James Thalacker:11.1
2026-07-30,WELL,10.3,,1,James Kammert:10.3
2026-07-30,WM,19.78,7.3192,10,Devin Dodge:12.4|Faiza Alwy:26.5|James Schumm:28.8|Kevin Chiang:17.1|Sabahat Khan:14.3|Shlomo Rosenbaum:22.3|Stephanie Price:17.1|Tobey Sommer:21.8|Toni Kaplan:7.7|William Grippin:29.8
2026-07-30,XEL,26.5,0.9899,2,Carly Davenport:25.8|Nicholas Amicucci:27.2
2026-07-30,YUM,24.25,5.0205,2,Andrew Charles:27.8|Logan Reich:20.7
2026-07-31,AAPL,5.3,,1,Aaron Rakers:5.3
2026-07-31,ABBV,9.85,1.3435,2,Carter Gould:10.8|Steve Scala:8.9
2026-07-31,AEP,9.5,,1,Anthony Crowdell:9.5
2026-07-31,AJG,19.0143,6.6817,7,Alex Scott:21.5|Mark Hughes:10.3|Meyer Shields:12.8|Paul Newsome:19.4|Robert Cox CFA:15.3|Rowland Mayor:29|Yaron Kinar:24.8
2026-07-31,AMZN,29.8955,12.593,22,Benjamin Black CFA:26.6|Brad Erickson:28.5|Brent Thill:28.5|Brian Pitz:48|Brian White:28.5|Daniel Kurnos:55.8|Deepak Mathivanan:24.6|Gil Luria:-2.6|Jason Helfstein:24.6|Jeffrey Wlodarczak:29.7|Joe Feldman:30.5|John Blackledge:36.3|Josh Beck:51.9|Justin Patterson:36.3|Laura Martin:16.8|Mark Shmulik:24.6|Nat Schindler:26.6|Ross Sandler:42.1|Stephen Ju:18.8|Thomas Champion:24.6|Tom Forte:36.3|Ygal Arounian:20.7
2026-07-31,AOS,13.7,8.477,4,Andrew Kaplowitz:11.5|Nathan Jones:22|Susan Maklari:2.8|Unknown Analyst:18.5
2026-07-31,APD,16.4429,5.8381,7,Abigail Eberts:20.1|Jeffrey Zekauskas:13.2|John McNulty:25.2|Joshua Spector:15.3|Matthew DeYoe:7.7|Patrick Cunningham:13.2|Unknown Analyst:20.4
2026-07-31,AVY,22,11.5637,3,Anthony Pettinari:9.8|Joshua Spector:32.8|Michael Roxland:23.4
2026-07-31,AWK,1.7,,1,Anthony Crowdell:1.7
2026-07-31,BAX,12.35,11.0458,4,Josh Jennings:21.8|Pito Chickering:13.4|Rick Wise:17.6|Unknown Analyst:-3.4
2026-07-31,BIIB,3.6,6.5054,2,Danielle Brill:8.2|Laura Chico:-1
2026-07-31,BLDR,34.17,16.7828,10,Collin Verron:9.3|David Manthey:24.2|Jeffrey Hammond:50.7|John Lovallo:45.8|Keith Hughes:49.1|Kurt Yinger:12.6|Matthew Bouley:34.2|Rafe Jadrosich:17.6|Susan Maklari:49.1|Tyler Batory:49.1
2026-07-31,BMY,10,7.9,3,Mohit Bansal:2.1|Seamus Fernandez:17.9|Srikripa Devarakonda:10
2026-07-31,BSX,39.6,,1,Anthony Petrone:39.6
2026-07-31,CHRW,42.05,7.4246,2,J. Bruce Chan:47.3|Sergey Glinyanov:36.8
2026-07-31,CI,20.65,9.4912,8,Andrew Mok CFA:10.4|David S Macdonald:24.7|Erin Wright:28.6|George Hill:8.6|Jailendra Singh:24.7|Michael Ha:28.9|Stephen Baxter:9.3|Unknown Analyst:30
2026-07-31,CMG,18.8,,1,Nick Setyan:18.8
2026-07-31,COIN,5.7417,25.6146,12,Benjamin Budish:-45.8|Brian Bedell:7.3|Chris Brendler:14.1|Hal Goetsch:15.8|John Todaro:1|Mark Palmer:31.2|Mike Colonnese:51.2|Owen Lau:16.4|Patrick Moley:-16.7|Rayna Kumar:10.1|Robert Bamberger:-25.8|Unknown Analyst:10.1
2026-07-31,CPT,17.55,2.8991,2,Alexander Goldfarb:15.5|Simon Yarmak:19.6
2026-07-31,CRH,58.1,24.5819,3,Anthony Codling:86.3|Keith Hughes:46.8|Trey Grooms:41.2
2026-07-31,CVNA,25.075,8.7126,4,Benjamin Black CFA:15.7|John Babcock:34.5|Joseph Spak:20|Ronald Josey:30.1
2026-07-31,CVX,2.8,,1,Biraj Borkhataria:2.8
2026-07-31,DXCM,11.53,6.9567,10,Bruce Jackson:-1.2|Jayson Bedford:13.2|Jeff Johnson:26.5|Jonathan Block:14.4|Kendall Au:8.4|Kieran Ryan:10.8|Marie Thibault:8.4|Matthew O'Brien:14.4|Richard Newitter:12|Shagun Singh Chadha:8.4
2026-07-31,EG,7.8,5.0498,4,Elyse Greenspan:6.5|Matthew Heimermann:11.6|Michael Zaremski:1.2|Yaron Kinar:11.9
2026-07-31,EME,35.9,18.0552,3,Avinatan Jaroslawicz:36.4|Brent Thielman:53.7|Justin Hauke:17.6
2026-07-31,ESS,24.95,5.7276,2,Aaron Hecht:20.9|Alexander Goldfarb:29
2026-07-31,ETR,14.9,,1,Anthony Crowdell:14.9
2026-07-31,EXC,8.9,,1,James Thalacker:8.9
2026-07-31,F,14.5,,1,Matthias Volkert:14.5
2026-07-31,FANG,21,,1,John Freeman:21
2026-07-31,FE,17.1,,1,Nicholas Campanella:17.1
2026-07-31,FSLR,23.1,28.9517,7,Chris Dendrinos:12.9|Christopher Souther:9.6|Jeff Osborne:21|Jon Windham:57.9|Philip Shen:43.5|Sean Milligan:45|Sophie Karp:-28.2
2026-07-31,FTNT,-4.55,9.9702,2,Gregg Moskowitz:-11.6|Shyam Patil:2.5
2026-07-31,GDDY,12.08,27.3207,10,Alexei Gogolev:26.4|Brad Erickson:-3.1|Christopher Zhang:2|Deepak Mathivanan:-8.2|Elizabeth Porter:2|James Callahan CFA:-3.1|Josh Beck:2|Mark Zgutowicz:42.8|Naved Khan:73.3|Robert Coolbrith:-13.3
2026-07-31,GEHC,23.6,13.2936,2,Anthony Petrone:33|Graham Doyle:14.2
2026-07-31,GEV,26.4,,1,Julien Dumoulin Smith:26.4
2026-07-31,HII,35.5,,1,John Godyn:35.5
2026-07-31,HLT,7.4,,1,Benjamin Chaiken:7.4
2026-07-31,HOOD,-11.2,,1,Christopher Allen:-11.2
2026-07-31,HSY,13.4375,8.0615,8,Brian Holland:9.6|Leah Jordan:29.2|Matt Curtis:9.6|Matthew Smith; CFA:3.9|Peter Grom:14.2|Robert Moskow:21.2|Scott Marks CFA:9.6|Stephen Powers:10.2
2026-07-31,HUM,-9.7,,1,Ryan Langston:-9.7
2026-07-31,ICE,11.2,2.7875,3,Brian Bedell:13.1|Christopher Allen:8|William Katz:12.5
2026-07-31,INVH,12.6,,1,Brad Heffern:12.6
2026-07-31,IP,38.975,4.9527,4,Anojja Shah:36.8|Anthony Pettinari:39.7|Gabrial Hajde:33.9|Hillary Cacanando:45.5
2026-07-31,IQV,5.1,,1,Ann Hynes:5.1
2026-07-31,IR,57.7,,1,Unknown Analyst:57.7
2026-07-31,JCI,2.7,,1,Brett Linzey:2.7
2026-07-31,KKR,33.6,,1,Benjamin Budish:33.6
2026-07-31,LH,6.5667,7.5871,3,Eric Coldwell:13|Erin Wright:8.5|Pito Chickering:-1.8
2026-07-31,LHX,42.5,,1,Charles Minervino:42.5
2026-07-31,LII,22.9,,1,Brett Linzey:22.9
2026-07-31,LIN,18.6,,1,Arun Viswanathan:18.6
2026-07-31,LYV,21.54,5.6236,10,Benjamin Soff:20.5|Cameron Mansson-Perrone:17.5|Curry Baker:28.1|David Karnovsky:20.5|Eric Handler:22.2|Ian S. Moore:26.4|Jed Kelly:17.5|Joseph Stauff:9.9|Matthew Harrigan:26.4|Tyler DiMatteo:26.4
2026-07-31,MA,18.0857,4.8062,14,Andrew Bauch:10.7|Andrew Schmitt:19.5|Bryan Bergin:17.2|Bryan Keane:18.6|David Koning:16|James Faucette:19.6|John Davis:11|Matthew O'Neill:29.1|Nik Cremo:16|Owen Lau:13.3|Ramsey El Assal:22.1|Sanjay Sakhrani:20.3|Timothy Chiodo:17.7|Unknown Analyst:22.1
2026-07-31,MAS,12.4,,1,Anthony Pettinari:12.4
2026-07-31,MCD,14.8,,1,Nick Setyan:14.8
2026-07-31,MDLZ,18.5,,1,Zheng Feng Chee:18.5
2026-07-31,META,21.9,8.7681,2,Lloyd Walmsley:15.7|Saiyi He:28.1
2026-07-31,MGM,44.15,8.8388,2,Barry Jonas:37.9|Benjamin Chaiken:50.4
2026-07-31,MLM,31.35,2.7577,2,Patrick Brown:29.4|Trey Grooms:33.3
2026-07-31,MO,2.9,,1,Eric Serotta:2.9
2026-07-31,MPWR,51.0556,14.3443,9,John Vinh:70.1|Joseph Quatrochi:45.8|Kelsey Chia:47.4|Kevin Cassidy:27.6|Quinn Bolton:62|Rick Schafer:37.7|Tore Svanberg:45.8|Unknown Analyst:70.1|William Stein:53
2026-07-31,MRNA,-70.45,2.4749,2,Tyler Van Buren:-72.2|Unknown Analyst:-68.7
2026-07-31,MSFT,16.6333,11.0636,3,Karl Keirstead:5.9|Saiyi He:28|Terry Tillman:16
2026-07-31,MTD,12.85,13.0815,2,Evie Koslosky:3.6|Tycho Peterson:22.1
2026-07-31,NCLH,34.975,24.0141,4,Brandt Montour:21.5|Chris Woronka:14.7|Manucher Narzulloev:35|Steven Wieczynski:68.7
2026-07-31,NEM,-13.3,,1,Alexandra Yates:-13.3
2026-07-31,NTRS,-0.1,,1,Jason Goldberg:-0.1
2026-07-31,ORLY,26.8286,9.082,7,Bobby Griffin:28.2|Craig Kennison:16.5|Michael Lasser:39.8|Scot Ciccarelli:25.8|Scott Stember:29.3|Seth Sigman:14.2|Unknown Analyst:34
2026-07-31,PLD,3.1,,1,Nicholas Thillman:3.1
2026-07-31,PTC,7.8,,1,Tyler Radke:7.8
2026-07-31,PWR,26.775,11.8196,4,Andrew Kaplowitz:33.9|Joseph Osha:23|Justin Hauke:11.9|Steven Fisher:38.3
2026-07-31,PYPL,11.7,,1,Ramsey El Assal:11.7
2026-07-31,QCOM,26.4,,1,Amanda Tan:26.4
2026-07-31,RDDT,39.8214,28.8898,14,Alec Brondolo:-10|Benjamin Black CFA:26.8|Brad Erickson:58.5|Colin Sebastian:17.3|Deepak Mathivanan:7.8|Jason Helfstein:26.8|Justin Patterson:42.6|Justin Post:20.4|Laura Martin:90.2|Mark Mahaney:68|Naved Khan:71.1|Thomas Champion:23.6|Ygal Arounian:40.1|Youssef Squali:74.3
2026-07-31,REG,13.9,,1,Floris van Dijkum:13.9
2026-07-31,REGN,-2.2667,0.9452,3,Brian Skorney:-2.6|Gregory Renza:-1.2|Terence Flynn:-3
2026-07-31,SBUX,14.8,2.9445,3,Matt Curtis:11.4|Nick Setyan:16.5|Peter Saleh:16.5
2026-07-31,SNA,29.2,,1,Ivan Feinseth:29.2
2026-07-31,STT,3.4,,1,Jason Goldberg:3.4
2026-07-31,SWK,19.9,,1,Eric Lau:19.9
2026-07-31,SYK,40.6429,12.0917,7,Jayson Bedford:34.3|Kendall Au:52.4|Mathew Blackman:28.8|Matthew O'Brien:41.5|Michael Matson:51.7|Richard Newitter:23.4|Shagun Singh Chadha:52.4
2026-07-31,TT,21.7333,6.7289,6,Andrew Kaplowitz:27.9|Deane Dray:12.1|Jeffrey Hammond:25.4|Nicole Deblase:16.4|Noah Kaye:19.8|Unknown Analyst:28.8
2026-07-31,TYL,30.44,10.473,5,Adam Hotchkiss:17.3|Clarke Jeffries:45.8|Kenneth Wong:33.7|Robert Oliver:29.2|Saket Kalia:26.2
2026-07-31,V,20.1,,1,Ramsey El Assal:20.1
2026-07-31,VICI,18.8,2.8284,2,Greg McGinniss:16.8|Steven Pizzella:20.8
2026-07-31,VRT,16.7,,1,Brett Linzey:16.7
2026-07-31,VTR,13.3,,1,Richard Anderson:13.3
2026-07-31,WELL,12.4333,3.695,3,Michael Carroll:10.3|Nicholas Joseph:16.7|Richard Anderson:10.3
2026-07-31,WM,23.2,,1,Unknown Analyst:23.2
2026-07-31,WTW,18.1,13.121,5,Alex Scott:-4|Harry Fong:17.2|Mark Hughes:26.7|Mark Marcon:22|Yaron Kinar:28.6
2026-07-31,XEL,25.8,7.4953,2,Alex Kania:31.1|James Thalacker:20.5
2026-07-31,XOM,9,0.8485,2,Biraj Borkhataria:8.4|Sam Margolin:9.6
2026-07-31,YUM,24.92,3.9067,5,Andrew Strelzik:24.2|Brian Harbour:31.3|Danilo Gargiulo:20.7|Jon Tower:24.9|Lauren Silberman:23.5
2026-08-02,APH,37,,1,Scott Graham:37
2026-08-02,BIIB,11.4,,1,Paul Matteis:11.4
2026-08-02,CI,25.4,,1,Scott Fidel:25.4
2026-08-02,CTVA,14.4,,1,Duffy Fischer:14.4
2026-08-02,ETN,17.6333,2.967,3,Daniel DiCicco:14.5|David Raso:18|Deane Dray:20.4
2026-08-02,GD,29.2,,1,Sheila Kahyaoglu:29.2
2026-08-02,HII,57,,1,Noah Poponak:57
2026-08-02,PPG,24.2,,1,Duffy Fischer:24.2
2026-08-02,SCHW,25.9,,1,Ed Engel:25.9
2026-08-02,WY,67.7,,1,Susan Maklari:67.7
2026-08-03,AAPL,-12.7,,1,Helena Wang:-12.7
2026-08-03,ABBV,13.3,1.6093,3,Gary Nachman:12.8|Terence Flynn:15.1|Vamil Divan:12
2026-08-03,ACGL,15,0.7071,2,Bob Huang:15.5|Ryan Tunis:14.5
2026-08-03,ACN,25.1,,1,James Schneider:25.1
2026-08-03,ADP,6.2,,1,David Grossman:6.2
2026-08-03,AEE,19.15,1.3435,2,Alex Kania:20.1|Anthony Crowdell:18.2
2026-08-03,AEP,4.6,,1,Michael Lonegan:4.6
2026-08-03,AJG,23.8,0.8485,2,Brian Meredith:24.4|Elyse Greenspan:23.2
2026-08-03,ALGN,59.1,,1,Daniel Grosslight:59.1
2026-08-03,AMZN,22.8,4.9518,3,Helena Wang:24.6|Rohit Kulkarni:26.6|Saiyi He:17.2
2026-08-03,AOS,16.7,,1,Matt Summerville:16.7
2026-08-03,APD,9.8,,1,Vincent Andrews:9.8
2026-08-03,ARES,9.0571,11.0169,7,Alexander Blostein:10.1|Bart Dziarski:27.6|Benjamin Budish:5.6|Brennan Hawken:1.8|Brian Bedell:9.4|Christopher Allen:-7.3|Ken Worthington:16.2
2026-08-03,AXP,18.3,,1,Erika Najarian:18.3
2026-08-03,AZO,26.4,,1,Seth Sigman:26.4
2026-08-03,BAC,13.3,2.2627,2,Erika Najarian:11.7|Jason Goldberg:14.9
2026-08-03,BEN,7.7,9.8163,4,Alexander Blostein:21.8|Benjamin Budish:7|Brian Bedell:1|Michael Cho:1
2026-08-03,BIIB,5,8.4853,2,Geoff Meacham:-1|Salim Syed:11
2026-08-03,BMY,6.85,6.7175,2,Jason Gerberry:11.6|Unknown Analyst:2.1
2026-08-03,BNY,9.4,,1,Jason Goldberg:9.4
2026-08-03,BRO,20.9,,1,Pablo Singzon:20.9
2026-08-03,C,2.3,,1,Erika Najarian:2.3
2026-08-03,CBRE,35.2,,1,Seth Bergey:35.2
2026-08-03,CHD,15,6.3752,7,Christopher Carey:16.8|Dara Mohsenian:19|Filippo Falorni:11.5|Nik Modi:22.1|Peter Grom:13.6|Robert Moskow:3|Stephen Powers:19
2026-08-03,CI,11.65,3.3234,2,David Windley:9.3|Parker Snure:14
2026-08-03,CL,15.6,7.8478,6,Andrea Faria Teixeira:18.7|Christopher Carey:9.4|Dara Mohsenian:19.8|Peter Grom:25.6|Robert Moskow:3.7|Stephen Powers:16.4
2026-08-03,CMG,24.3,,1,John Staszak:24.3
2026-08-03,COIN,17,,1,Saiyi He:17
2026-08-03,CPT,7.8,0,2,Brad Heffern:7.8|Richard Anderson:7.8
2026-08-03,CRH,37.8,,1,Anthony Pettinari:37.8
2026-08-03,CTVA,7.575,9.4224,4,Benjamin Theurer:8.5|David Begleiter:20.4|Jeffrey Zekauskas:-1.1|Patrick Cunningham:2.5
2026-08-03,CVX,3.7,,1,Pei Hwa Ho:3.7
2026-08-03,D,8.8,,1,James Thalacker:8.8
2026-08-03,DHR,9.9,5,3,Evie Koslosky:4.9|Kallum Titchmarsh:9.9|Michael Ryskin:14.9
2026-08-03,DPZ,12.3,,1,Zachary Fadem:12.3
2026-08-03,DXCM,12,5.0912,2,Steven Silver:15.6|William Plovanic:8.4
2026-08-03,EG,3.6,3.8184,2,Bob Huang:0.9|Brian Meredith:6.3
2026-08-03,EIX,37.5,,1,Carly Davenport:37.5
2026-08-03,EQIX,22.4,,1,Benjamin Soff:22.4
2026-08-03,ES,4.35,8.8259,4,Andrew Weisel:-8.1|Anthony Crowdell:8|James Thalacker:5.1|Nicolas Woods:12.4
2026-08-03,ESS,13.25,3.6062,2,Jeffrey Spector:10.7|Richard Anderson:15.8
2026-08-03,EW,0.7,,1,William Plovanic:0.7
2026-08-03,FANG,0.5,,1,Doug Leggate:0.5
2026-08-03,FICO,53.2,23.7588,2,Sean Kennedy:36.4|Surinder Thind:70
2026-08-03,FRT,21.1,13.0108,2,Alexander Goldfarb:30.3|Greg McGinniss:11.9
2026-08-03,FSLR,33.1667,9.9143,3,Joseph Osha:34.9|Mark Strouse:22.5|Vikram Bagri:42.1
2026-08-03,FTNT,5.7,,1,Shrenik Kothari:5.7
2026-08-03,GDDY,0.95,8.6974,2,Jamesmichael Sherman-Lewis:7.1|Ygal Arounian:-5.2
2026-08-03,GILD,-9.5,,1,Salveen Richter:-9.5
2026-08-03,GNRC,39.6,,1,Mark Strouse:39.6
2026-08-03,GOOGL,31.5,,1,Brent Thill:31.5
2026-08-03,GS,11.7,,1,Erika Najarian:11.7
2026-08-03,HCA,-10.8,,1,Stephen Baxter:-10.8
2026-08-03,HII,28.7,,1,Gautam Khanna:28.7
2026-08-03,HSY,44.2,,1,Jim Salera:44.2
2026-08-03,INCY,20.2,10.4652,2,Andrew Berens:27.6|Salim Syed:12.8
2026-08-03,INVH,19.8,,1,Tyler Batory:19.8
2026-08-03,IR,44,7.7782,2,Michael Halloran:49.5|Nathan Jones:38.5
2026-08-03,ISRG,31.4,,1,Mathew Blackman:31.4
2026-08-03,JNJ,8.45,3.182,2,Larry Biegelsen:6.2|Terence Flynn:10.7
2026-08-03,JPM,12.3,,1,Erika Najarian:12.3
2026-08-03,KKR,19.725,4.655,4,Brennan Hawken:16.7|Brian Bedell:14.8|Stephen Biggar:23.7|Unknown Analyst:23.7
2026-08-03,LHX,21.4,,1,Gavin Parsons:21.4
2026-08-03,LIN,22.375,7.3979,4,Joshua Spector:31.3|Laurence Alexander:20.1|Patrick Cunningham:24.4|Vincent Andrews:13.7
2026-08-03,LNT,13.75,3.182,2,Anthony Crowdell:11.5|Edward DeArias:16
2026-08-03,LYB,4.56,13.7678,5,Duffy Fischer:-1.1|Jeffrey Zekauskas:25.6|John McNulty:6.8|John Roberts CFA:3.6|Matthew DeYoe:-12.1
2026-08-03,LYV,19.3,7.4953,2,Doug Creutz:14|Jason Bazinet:24.6
2026-08-03,MAA,26.6,,1,Jeffrey Spector:26.6
2026-08-03,MAR,13.8333,9.0646,6,Ari Klein:18|Brandt Montour:4|Kevin Kopelman:25.5|Lizzie Dove:19.5|Simon Yarmak:2.5|Stephen Grambling:13.5
2026-08-03,MAS,10.2,3.1113,2,Collin Verron:8|Ketan Mamtora:12.4
2026-08-03,MCHP,68.5,,1,Matthew Prisco:68.5
2026-08-03,META,13.6667,3.5218,3,Brent Thill:9.6|Paul Chew:15.7|Rohit Kulkarni:15.7
2026-08-03,MLM,32.425,6.466,4,Anthony Pettinari:35.3|Ivan Yi:27.1|Scott Group:27.1|Steven Fisher:40.2
2026-08-03,MS,21.3,,1,Erika Najarian:21.3
2026-08-03,MSFT,13.075,12.1804,4,Brent Thill:16|Gabriela Borges:29.1|Raimo Lenschow:3.3|Unknown Analyst:3.9
2026-08-03,MTB,6.3,,1,Erika Najarian:6.3
2026-08-03,MTD,19.2,6.2217,3,Daniel Arias:23.7|Luke Sergott:21.8|Unknown Analyst:12.1
2026-08-03,NCLH,14.7,,1,Christopher Stathoulopoulos:14.7
2026-08-03,NOC,57,,1,Andre Madrid:57
2026-08-03,NVDA,44.3,,1,Varun Govindaraj:44.3
2026-08-03,NXPI,18.35,6.0104,2,Francois Xavier Bouvignies:14.1|Stacy Rasgon:22.6
2026-08-03,ODFL,44.6,,1,Fadi Chamoun:44.6
2026-08-03,OMC,75.9,,1,Adam Berlin:75.9
2026-08-03,ON,40,14.9673,5,Blayne Curtis:51|James Schneider:24.8|Joshua Buchalter:24.8|Tristan Gerra:41.8|Vivek Arya:57.6
2026-08-03,ORLY,27.6,5.7983,2,Kate McShane:31.7|Steven Zaccone:23.5
2026-08-03,PFG,-7.9,,1,Pablo Singzon:-7.9
2026-08-03,PLD,10.5,,1,Nicholas Yulico:10.5
2026-08-03,PLTR,-20.775,34.9369,4,Brent Thill:-52.2|Gabriela Borges:22|Rishi Jaluria:-46.2|Thomas Blakey:-6.7
2026-08-03,PSA,15,,1,Jeffrey Spector:15
2026-08-03,PTC,30,,1,Nay Soe Naing:30
2026-08-03,PWR,22.74,16.601,5,Adam Thalhimer:23|Jamie Cook:50|Maheep Mandloi:13.9|Marc Bianchi:20.7|Mark Strouse:6.1
2026-08-03,RDDT,18.85,38.1131,2,Rohit Kulkarni:-8.1|Serena Yi Qi Lim:45.8
2026-08-03,REG,16.6,0,2,Jeffrey Spector:16.6|Samir Khanal:16.6
2026-08-03,REGN,13.25,26.2337,2,Geoff Meacham:-5.3|Yatin Suneja:31.8
2026-08-03,ROL,29.6,,1,Brian McNamara:29.6
2026-08-03,SBAC,24,,1,Michael Funk:24
2026-08-03,SHW,23.7,,1,Steven Forbes:23.7
2026-08-03,SO,14.7,,1,Ross Fowler:14.7
2026-08-03,SYF,14.5,,1,Erika Najarian:14.5
2026-08-03,SYK,45.2,,1,David Turkaly:45.2
2026-08-03,TFC,11.1,,1,Jason Goldberg:11.1
2026-08-03,TKO,24.5,,1,Tyler DiMatteo:24.5
2026-08-03,TROW,1.04,10.9338,5,Alex Bond:8.2|Alexander Blostein:-15.3|Benjamin Budish:-3.1|Brennan Hawken:12.9|Brian Bedell:2.5
2026-08-03,TSLA,34.4,,1,Stephen Gengaro:34.4
2026-08-03,TTD,46.4,,1,Scott Devitt:46.4
2026-08-03,TXT,14.8,,1,Noah Poponak:14.8
2026-08-03,TYL,36.6,,1,Peter Heckmann:36.6
2026-08-03,UDR,24.3,6.5818,3,Jana Galan:28.1|Jeffrey Spector:28.1|Richard Anderson:16.7
2026-08-03,UPS,31.6,,1,Jordan Alliger:31.6
2026-08-03,URI,26.4,0,2,John Eade:26.4|Kristina Ruggeri:26.4
2026-08-03,V,15.275,2.3286,4,Matthew O'Neill:16.1|Philipp Haessler:13.4|Unknown Analyst:13.4|Will Nance:18.2
2026-08-03,VLO,-15.4,12.1947,3,Jason Gabelman:-10.4|Neil Mehta:-6.5|Sergey Pigarev:-29.3
2026-08-03,VRTX,8.1,,1,Andy Chen:8.1
2026-08-03,VTR,25.6,,1,Jeffrey Spector:25.6
2026-08-03,WELL,23.9,,1,Farrell Granath:23.9
2026-08-03,WMB,13.95,1.9092,2,John Mackay:12.6|Keith Stanley:15.3
2026-08-03,WST,19,,1,Joanne Wuensch:19
2026-08-03,WTW,23.5667,4.1765,3,Brian Meredith:28.3|Robert Cox CFA:22|Ryan Tunis:20.4
2026-08-03,WY,33.7,9.6167,2,Kurt Yinger:40.5|Michael Roxland:26.9
2026-08-03,XOM,3.8,7.5974,3,Bob Brackett:9.6|Kim Fustier:-4.8|Pei Hwa Ho:6.6
2026-08-03,XYL,28.1,,1,Michael Fairbanks:28.1
2026-08-03,YUM,26.4,,1,Sara Senatore:26.4
2026-08-04,AAPL,-15.7,0,2,Jack Zhou:-15.7|Unknown Analyst:-15.7
2026-08-04,ACGL,6.2,,1,Michael Zaremski:6.2
2026-08-04,ADP,15.6,,1,Ramsey El Assal:15.6
2026-08-04,AJG,18.6,,1,Matthew Heimermann:18.6
2026-08-04,AMD,45.15,48.1794,6,Blayne Curtis:25.9|C J Muse:35.6|James Schneider:24|Joshua Buchalter:30.8|Tristan Gerra:142.2|Vijay Rakesh:12.4
2026-08-04,AME,20.3,,1,Deane Dray:20.3
2026-08-04,AMZN,35.3,9.6167,2,Doug Anmuth:42.1|Lloyd Walmsley:28.5
2026-08-04,ANET,29.675,7.1807,4,Aaron Rakers:27.8|John Shao:25.3|Michael Genovese:40.3|Sean O'Loughlin:25.3
2026-08-04,APTV,44.9,,1,Colin Langan:44.9
2026-08-04,ARE,2.65,1.3435,2,Richard Anderson:1.7|Ronald Kamdem:3.6
2026-08-04,AVY,12.2,,1,Jeffrey Zekauskas:12.2
2026-08-04,AWK,0.2,,1,Richard Sunderland:0.2
2026-08-04,AXP,14,,1,John Pancari:14
2026-08-04,BF.B,6.8,,1,Filippo Falorni:6.8
2026-08-04,BKNG,39.1,,1,Gregory Miller:39.1
2026-08-04,BMY,16.3,2.2627,2,Chris Schott:14.7|Jasper Hellweg:17.9
2026-08-04,BNY,-2.3,,1,Vivek Juneja:-2.3
2026-08-04,BRO,11.8,,1,Meyer Shields:11.8
2026-08-04,BXP,6.6,,1,Nicholas Joseph:6.6
2026-08-04,CHRW,17.8,,1,Jordan Alliger:17.8
2026-08-04,CLX,13.4429,7.5593,7,Andrea Faria Teixeira:8.2|Christopher Carey:16.2|Dara Mohsenian:10.5|Nik Modi:25.3|Peter Grom:19.6|Robert Moskow:2.6|Stephen Powers:11.7
2026-08-04,CMG,10.5,,1,John Ivankoe:10.5
2026-08-04,CMI,32.9,12.7279,2,Kyle Menges:41.9|Tami Zakaria:23.9
2026-08-04,CNP,17.6,,1,Richard Sunderland:17.6
2026-08-04,COIN,-13.6,2.8284,2,Dan Dolev:-11.6|Ken Worthington:-15.6
2026-08-04,CRH,47.9,,1,Adam Seiden:47.9
2026-08-04,CVX,4.4,0.9899,2,Arun Jayaram:3.7|Neil Mehta:5.1
2026-08-04,DDOG,35.65,3.182,2,Blair Abernethy:37.9|Ryan MacWilliams:33.4
2026-08-04,DHR,14.9,,1,Luke Sergott:14.9
2026-08-04,DLR,9.25,4.4548,2,Joseph Osha:6.1|Marie Ferguson:12.4
2026-08-04,DUK,16.4,1.1314,2,Nicholas Amicucci:17.2|Ross Fowler:15.6
2026-08-04,DXCM,6.6,11.0309,2,Anthony Petrone:14.4|Robbie Marcus:-1.2
2026-08-04,ECHO,30.6333,7.7848,3,Bryan Kraft:26.7|Gregory Williams:39.6|Michael Rollins:25.6
2026-08-04,ECL,12.2,0,2,Jim Kelleher:12.2|John Eade:12.2
2026-08-04,EMR,17.6,,1,Deane Dray:17.6
2026-08-04,EQIX,21.65,5.1619,2,Jonathan Atkin:18|Richard Choe:25.3
2026-08-04,EXE,27.6,,1,Arun Jayaram:27.6
2026-08-04,EXPD,-9.9,1.8385,2,Jason Seidl:-8.6|Jordan Alliger:-11.2
2026-08-04,EXPE,10,,1,Gregory Miller:10
2026-08-04,FANG,24.4,,1,Stephen Richardson:24.4
2026-08-04,FICO,55.3,,1,Alexander Hess:55.3
2026-08-04,FIS,25.9,,1,David Koning:25.9
2026-08-04,FRT,6.7,,1,Simon Yarmak:6.7
2026-08-04,GD,23.6,,1,David E. Strauss:23.6
2026-08-04,GEV,35.8,,1,John Eade:35.8
2026-08-04,GILD,11.3,3.5,3,Carter Gould:7.8|Geoff Meacham:14.8|Tyler Van Buren:11.3
2026-08-04,GNRC,68.45,18.8798,2,John Eade:55.1|Jon Windham:81.8
2026-08-04,GWW,11.6,,1,Deane Dray:11.6
2026-08-04,HII,26.95,7.566,2,David E. Strauss:21.6|Seth Seifman:32.3
2026-08-04,HOOD,11,,1,Andrew Harte:11
2026-08-04,HSIC,7.5,15.9806,2,Elizabeth Anderson CFA:18.8|Vik Chopra:-3.8
2026-08-04,HSY,11.4,,1,Thomas Palmer:11.4
2026-08-04,IT,-0.3,1.5556,2,George Tong:0.8|Toni Kaplan:-1.4
2026-08-04,KMB,23.3,,1,Georgy Vashchenko:23.3
2026-08-04,KMI,23.1,0,2,Devin McDermott:23.1|Robert Kad:23.1
2026-08-04,LDOS,31.9,,1,Kenneth Herbert:31.9
2026-08-04,LH,-0.8,,1,David Westenberg:-0.8
2026-08-04,LRCX,14,,1,Harlan Sur:14
2026-08-04,LYB,9.875,6.25,4,Arun Viswanathan:13|Joshua Spector:0.5|Patrick Cunningham:13|Vincent Andrews:13
2026-08-04,MAA,7.4,,1,Nicholas Yulico:7.4
2026-08-04,MAR,17.1,5.8388,6,Benjamin Chaiken:11.7|Daniel Politzer:15.9|Duane Pfennigwerth:19.5|Michael Bellisario:17.4|Steven Pizzella:11.1|Trey Bowers:27
2026-08-04,MCD,22.2333,12.5644,3,Brian Mullan:13.3|Jon Tower:36.6|Logan Reich:16.8
2026-08-04,MLM,24.3,,1,Brian Brophy:24.3
2026-08-04,MOS,11.2,,1,Duffy Fischer:11.2
2026-08-04,MTD,10.15,2.7577,2,Casey Woodring:8.2|Kallum Titchmarsh:12.1
2026-08-04,NCLH,14.7,,1,Matthew Boss:14.7
2026-08-04,NTRS,-2,,1,Vivek Juneja:-2
2026-08-04,OKE,2.5,,1,Selman Akyol:2.5
2026-08-04,ON,49.07,28.057,10,Christopher Rolland:97|Craig Ellis:66.8|Kevin Cassidy:11.6|Mark Lipacis:79.9|Quinn Bolton:52.4|Suji Desilva:64.2|Thomas O'Malley:31.3|Timothy Arcuri:24.8|Tore Svanberg:18.2|Vijay Rakesh:44.5
2026-08-04,PFE,-3.2,4.2086,6,Asad Haider:-6.2|Carter Gould:-2.6|Chris Schott:1|Jason Gerberry:-2.6|Terence Flynn:1|Trung Huynh:-9.8
2026-08-04,PGR,8.2,3.5355,2,David Motemaden:5.7|Pablo Singzon:10.7
2026-08-04,PLD,17.9,,1,Michael Carroll:17.9
2026-08-04,PLTR,24.0875,7.8313,8,Brad Zelnick:19.6|Clarke Jeffries:37.5|Gregg Moskowitz:28.6|Joseph Bonner:13.6|Karl Keirstead:31.6|Martin Yang:19.6|Michael Latimore:19.6|Sanjit Singh:22.6
2026-08-04,PRU,9,,1,Joshua Shanker:9
2026-08-04,PWR,23,,1,John Staszak:23
2026-08-04,Q,38.4,,1,James Schneider:38.4
2026-08-04,QCOM,18.2,,1,Joseph Cardoso:18.2
2026-08-04,RDDT,17.3,,1,Doug Anmuth:17.3
2026-08-04,REGN,15.2,,1,Chris Schott:15.2
2026-08-04,RL,32.9,3.9598,2,Krisztina Katai:30.1|Michael Binetti:35.7
2026-08-04,RVTY,-7.5,,1,Luke Sergott:-7.5
2026-08-04,SBAC,18.9667,9.3673,6,Brandon Nispel:34.8|Eric Luebchow:13.2|Jonathan Atkin:15.9|Michael Elias:23.5|Michael Ng:7.8|Richard Choe:18.6
2026-08-04,SO,21.6,,1,Anthony Crowdell:21.6
2026-08-04,STT,-3.3,,1,Vivek Juneja:-3.3
2026-08-04,SW,39.6,15.3717,3,Anthony Pettinari:31.9|Detlef Winckelmann:57.3|Pallav Mittal:29.6
2026-08-04,SYK,27,,1,Robbie Marcus:27
2026-08-04,TKO,23.5125,5.545,8,Brent Navon CFA:18.2|Curry Baker:23.5|David Karnovsky:16.7|Eric Handler:20.9|Jeffrey Wlodarczak:31.4|Lance Vitanza:31.4|Ryan Gravett:25.1|Sean Diffley:20.9
2026-08-04,TPR,78.1,,1,Matthew Boss:78.1
2026-08-04,TSN,22.7,,1,Thomas Palmer:22.7
2026-08-04,UDR,16.7,,1,Anthony Paolone:16.7
2026-08-04,V,9.6,,1,Owen Lau:9.6
2026-08-04,VICI,16.8,,1,Brad Heffern:16.8
2026-08-04,VLO,-18.2,7.0711,2,Arun Jayaram:-13.2|Nitin Kumar CFA:-23.2
2026-08-04,VRTX,9.9286,13.9118,7,Andrew Fein:24.4|Carter Gould:15.4|Cory Kasimov:3.8|Mohit Bansal:6.7|Phil Nadeau:6.7|Salveen Richter:26.7|Whitney Ijem:-14.2
2026-08-04,VTR,-20,,1,Nicholas Joseph:-20
2026-08-04,VZ,0.8,,1,Michael Ng:0.8
2026-08-04,WAT,5.7333,3.5796,3,Michael Ryskin:1.6|Subbu Nambi:7.8|Unknown Analyst:7.8
2026-08-04,WEC,4.9,,1,Paul Fremont:4.9
2026-08-04,WELL,16.7,,1,Austin Wurschmidt:16.7
2026-08-04,WM,26.5,,1,Jon Windham:26.5
2026-08-04,WMB,18.7,6.7882,2,Praneeth Satish:23.5|Selman Akyol:13.9
2026-08-04,WTW,17.05,10.9602,2,Matthew Heimermann:9.3|Meyer Shields:24.8
2026-08-04,WY,31.5,,1,Anthony Pettinari:31.5
2026-08-04,WYNN,35.7,,1,Lizzie Dove:35.7
2026-08-04,XEL,21.9,,1,Anthony Crowdell:21.9
2026-08-04,XOM,-6.8333,7.2858,3,Arun Jayaram:0|Sergey Pigarev:-14.5|Werner Eisenmann:-6
2026-08-04,YUM,13.6,,1,John Ivankoe:13.6
2026-08-05,AAPL,-9.7,,1,Jim Hin Kwong Au:-9.7
2026-08-05,ADM,-7.15,2.4749,2,Andrew Strelzik:-5.4|Steven Haynes:-8.9
2026-08-05,AEP,15.1,,1,Ryan Levine:15.1
2026-08-05,AKAM,68.6,,1,Patrick Colville:68.6
2026-08-05,ALB,36.1,,1,John Roberts CFA:36.1
2026-08-05,ALGN,32.6,,1,Glen Santangelo:32.6
2026-08-05,ALL,-4.6,,1,Ryan Tunis:-4.6
2026-08-05,AMD,19.3462,15.6672,13,Cody Acree:32.7|Gil Luria:6.6|Harlan Sur:6.6|Jim Kelleher:21.1|John Vinh:40.5|Joseph Moore:-9.9|Kevin Cassidy:35.6|Mark Lipacis:12.2|Srini Pajjuri:4.6|Thomas O'Malley:28.8|Timothy Arcuri:41.4|Unknown Analyst:16.2|William Stein:15.1
2026-08-05,AME,16.5286,4.6006,7,Andrew Kaplowitz:7.9|Brett Linzey:17.8|Daniel DiCicco:16.6|Matt Summerville:17.8|Quinn Fredrickson:13.7|Scott Graham:19.9|Steve Barger:22
2026-08-05,AMGN,-0.65,21.3528,6,Brian Skorney:-39|Courtney Breen:-8.6|Gary Nachman:1.8|Jay Olson:19.3|Luca Issi:6|Michael Yee:16.6
2026-08-05,ANET,25.9444,9.4564,9,Amit Daryanani:25.3|Brandon Nispel:25.3|David Vogt:29.8|Joseph Cardoso:25.3|Matthew Niknam:17.2|Meta Marshall:10.2|Ryan Koontz:30.3|Samik Chatterjee:25.3|Tim Long:44.8
2026-08-05,APD,23.5,,1,Arun Viswanathan:23.5
2026-08-05,APO,24.6,10.3479,3,Bart Dziarski:13.2|Michael Brown:33.4|Michael Cyprys:27.2
2026-08-05,APTV,35.72,19.5974,5,Andrew Percoco:20.8|Edison Yu:23|Itay Michaeli:69.1|Joseph Spak:36.1|Luke Junk:29.6
2026-08-05,ARES,21.5,,1,Craig Siegenthaler:21.5
2026-08-05,AXON,53.3,,1,David Paige:53.3
2026-08-05,BALL,16.86,7.1783,5,Edlain Rodriguez:20.2|George Staphos:25.2|Hillary Cacanando:20.2|Jeffrey Zekauskas:8.5|Joshua Spector:10.2
2026-08-05,BBY,-6.4,,1,Jonathan Matuszewski:-6.4
2026-08-05,BG,14.4,,1,Steven Haynes:14.4
2026-08-05,BKNG,36.5313,11.0869,16,Benjamin Black CFA:32.2|Brad Erickson:26.5|Brian Nowak:32.2|Brian Pitz:43.7|Daniel Kurnos:43.7|Deepak Mathivanan:26.5|Jed Kelly:38|Ken Gawrelski:26.5|Kevin Kopelman:43.7|Lloyd Walmsley:38|Michael Bellisario:32.2|Naved Khan:57.5|Ross Sandler:20.7|Stephen Ju:57.5|Thomas Champion:23.6|Ygal Arounian:42
2026-08-05,BR,26.2,11.6632,3,Kyle Peterson:37.1|Peter Heckmann:27.6|Puneet Jain:13.9
2026-08-05,BXP,17.5,,1,Nicholas Yulico:17.5
2026-08-05,CAT,24.025,14.1143,8,Angel Castillo:11.8|Jamie Cook:49.7|Kyle Menges:34.4|Michael Feniger:20.8|Mircea Dobre:18.5|Sabahat Khan:9.6|Steven Fisher:13|Tami Zakaria:34.4
2026-08-05,CF,-13.6,,1,Duffy Fischer:-13.6
2026-08-05,CFG,14.9,,1,Jason Goldberg:14.9
2026-08-05,CINF,11.9,,1,Meyer Shields:11.9
2026-08-05,CME,-2,,1,Benjamin Budish:-2
2026-08-05,CMG,23.3667,1.6166,3,Andrew Charles:21.5|Dennis Geiger:24.3|Peter Saleh:24.3
2026-08-05,CMI,51.075,10.5456,4,Angel Castillo:36.7|Jamie Cook:60.6|Jerry Revich:57|Steven Fisher:50
2026-08-05,COF,34.4,0,2,Cody Shield:34.4|Erika Najarian:34.4
2026-08-05,COIN,18.1,26.5872,2,Andrew Harte:36.9|Craig Siegenthaler:-0.7
2026-08-05,CRL,6.8333,5.1189,3,Casey Woodring:11.4|Luke Sergott:7.8|Ryan Halsted:1.3
2026-08-05,CTSH,7.2333,0.9238,3,Dan Dolev:6.7|Jonathan Lee CFA:8.3|Sean Kennedy:6.7
2026-08-05,CVS,26.8,,1,Allen Lutz:26.8
2026-08-05,CVX,-4.2,,1,Jason Gabelman:-4.2
2026-08-05,DAL,45.2,,1,Catherine O'Brien:45.2
2026-08-05,DASH,26.3,,1,Taylor Manley:26.3
2026-08-05,DD,32.7,10.6066,2,Joshua Spector:40.2|Matthew DeYoe:25.2
2026-08-05,DIS,19.9,6.908,4,Doug Creutz:15.4|Joseph Bonner:25.8|Michael Morris:12.6|Unknown Analyst:25.8
2026-08-05,DOC,8.3667,4.9501,3,Nicholas Yulico:3.4|Richard Anderson:13.3|Ronald Kamdem:8.4
2026-08-05,DUK,14.8667,4.5981,6,Alex Kania:18.1|Andrew Weisel:22.3|Anthony Crowdell:13.9|James Thalacker:10.5|Nicholas Campanella:10.5|Shahriar Pourreza:13.9
2026-08-05,DVA,46,,1,Pito Chickering:46
2026-08-05,DVN,7.5,,1,Chris Baker:7.5
2026-08-05,EIX,11.6,,1,Paul Fremont:11.6
2026-08-05,EMR,17.36,5.4289,5,Alexander Virgo:24.8|Andrew Kaplowitz:19.6|Kenneth Newman:11.7|Michael Halloran:12.4|Unknown Analyst:18.3
2026-08-05,EOG,8.3667,10.992,3,Michael Scialla:14|Sergey Pigarev:-4.3|Stephen Richardson:15.4
2026-08-05,EXPD,-9.5857,18.957,7,Brandon Oglenski:-16.9|Brian Ossenbeck:3.8|Daniel Moore CFA:-1.3|J. Bruce Chan:-4.5|Lucas Servera:-9.1|Ravi Shanker:-48.1|Thomas Wadewitz:9
2026-08-05,FANG,8.8,0.7071,2,Gabriel Daoud:9.3|Pei Hwa Ho:8.3
2026-08-05,FIS,30.65,17.6573,6,Bryan Keane:18|Dan Dolev:57.3|James Faucette:20.6|Nik Cremo:12.7|Timothy Chiodo:28.5|Vasundhara Govil:46.8
2026-08-05,FITB,22.4,,1,Jason Goldberg:22.4
2026-08-05,FRT,13.7,,1,Nicholas Joseph:13.7
2026-08-05,GILD,15.2667,2.829,3,Joseph Stringer:18.3|Mohit Bansal:14.8|Tazeen Ahmad:12.7
2026-08-05,GPN,24.6,,1,Stephen Biggar:24.6
2026-08-05,GS,21,,1,Jason Goldberg:21
2026-08-05,GWW,7.4333,1.9502,3,Christopher Glynn:7.4|David Manthey:9.4|Unknown Analyst:5.5
2026-08-05,HCA,15.9,,1,David S Macdonald:15.9
2026-08-05,HIG,5.6,,1,Meyer Shields:5.6
2026-08-05,HOOD,24.4,,1,Craig Siegenthaler:24.4
2026-08-05,HSIC,13.1857,10.3343,7,Daniel Grosslight:26.8|Glen Santangelo:13.2|Jeff Johnson:23.4|Jonathan Block:7.5|Kevin Caliendo:6.4|Michael Petusky:17.7|Steven Valiquette:-2.7
2026-08-05,HST,16.9,,1,James Feldman:16.9
2026-08-05,HUM,-9.7,,1,Erin Wright:-9.7
2026-08-05,IDXX,41.7,15.4153,3,Andrea Alfonso:32.8|Daniel Grosslight:32.8|Erin Wright:59.5
2026-08-05,IEX,16,,1,John Eade:16
2026-08-05,IFF,20.2,0.8485,2,Abigail Eberts:19.6|Matthew DeYoe:20.8
2026-08-05,INVH,12.6,,1,Jade Rahmani:12.6
2026-08-05,IRM,32.8,,1,George Tong:32.8
2026-08-05,IT,1.3286,17.814,7,Curtis Nagle:-8.1|Faiza Alwy:16.9|Jason Haas CFA:-16.5|Jasper Bibb:14.1|Jeffrey Meuler:27.5|Manav Patnaik:-16.5|Wahid Amin:-8.1
2026-08-05,IVZ,17.7,,1,Craig Siegenthaler:17.7
2026-08-05,J,13.15,0.495,2,Adam Seiden:12.8|Jamie Cook:13.5
2026-08-05,JNJ,8.1,,1,Vamil Divan:8.1
2026-08-05,KEY,9.9,,1,Jason Goldberg:9.9
2026-08-05,KHC,-1.0667,6.2083,3,Leah Jordan:-2.4|Peter Galbo:-6.5|Scott Marks CFA:5.7
2026-08-05,KIM,19.6667,13.0852,3,Alexander Goldfarb:33.7|Greg McGinniss:7.8|Simon Yarmak:17.5
2026-08-05,KKR,41.5,,1,Craig Siegenthaler:41.5
2026-08-05,KMB,27.78,21.1881,5,Anna Lizzul:24.3|Javier Escalante:17.2|Nik Modi:65.1|Peter Grom:18.2|Stephen Powers:14.1
2026-08-05,LDOS,13.8333,9.1106,3,Gavin Parsons:7.1|Jonathan Siegmann CFA:10.2|Tobey Sommer:24.2
2026-08-05,LIN,18,,1,Sebastian Bray:18
2026-08-05,LLY,27.1,7.6177,3,Michael Yee:27.7|Mohit Bansal:19.2|Trung Huynh:34.4
2026-08-05,MA,11.2,,1,Matthew Coad:11.2
2026-08-05,MCD,26.7714,9.4308,14,Andrew Strelzik:32.7|Andy Barish:38.6|Brian Harbour:26.3|Christopher Carril:20.8|Danilo Gargiulo:16.8|David Palmer:26.7|Dennis Geiger:34.6|Eric Gonzalez:20.8|Georgy Vashchenko:20.8|Gregory Francfort:14.8|John Ivankoe:10.9|Lauren Silberman:36.6|Peter Saleh:38.6|Sara Senatore:35.8
2026-08-05,MCK,2.7,,1,Steven Valiquette:2.7
2026-08-05,MET,22.5,,1,Joshua Shanker:22.5
2026-08-05,MLM,25.5,,1,Adam Seiden:25.5
2026-08-05,MO,11.6,,1,Matthew Smith; CFA:11.6
2026-08-05,MOS,9.15,14.0714,2,Ben Isaacson:19.1|Edlain Rodriguez:-0.8
2026-08-05,MPC,-17.4667,11.0469,6,Jason Gabelman:-5.3|Joe Laetsch:-33.1|Neil Mehta:-5|Sergey Pigarev:-25|Stephen Richardson:-16.7|Vikram Bagri:-19.7
2026-08-05,MRK,-11.8,,1,Luisa Hector:-11.8
2026-08-05,MS,22.2,,1,Jason Goldberg:22.2
2026-08-05,MSFT,39.2,,1,Ivan Feinseth:39.2
2026-08-05,MTB,11.3,,1,Jason Goldberg:11.3
2026-08-05,NCLH,28.2,,1,Stephen Grambling:28.2
2026-08-05,NRG,82.1667,8.9857,3,Andrew Weisel:86|James Thalacker:88.6|Nicholas Amicucci:71.9
2026-08-05,OKE,8.7,,1,Sergey Pigarev:8.7
2026-08-05,ON,24.1,6.5054,2,Atif Malik:28.7|William Stein:19.5
2026-08-05,OXY,-2.4,,1,Neil Mehta:-2.4
2026-08-05,PEG,18.3333,10.5945,3,Alex Kania:29.9|James Thalacker:9.1|Ryan Levine:16
2026-08-05,PFE,4.6333,16.5518,3,Akash Tewari:22.7|Kerry Holford:-9.8|Mohit Bansal:1
2026-08-05,PGR,8.4,,1,Yaron Kinar:8.4
2026-08-05,PLD,20.1,,1,John Kim:20.1
2026-08-05,PLTR,49.5,4.2426,2,Mariana Perez Mora:52.5|Tyler Radke:46.5
2026-08-05,PNW,8.9,1.2124,3,Edward DeArias:8.2|James Thalacker:8.2|Shahriar Pourreza:10.3
2026-08-05,PODD,16.675,5.7881,4,Kendall Au:21.2|Larry Biegelsen:9.1|Robbie Marcus:15.2|Shagun Singh Chadha:21.2
2026-08-05,PRU,-22.8,,1,Alex Scott:-22.8
2026-08-05,PSKY,-3.3,36.404,4,Daniel Kurnos:50.9|Doug Creutz:-24.5|Jessica Reif Ehrlich:-15.1|John Hodulik:-24.5
2026-08-05,Q,40.45,8.4146,2,Bhavesh Lodaya:46.4|Melissa Weathers:34.5
2026-08-05,RCL,15.3,,1,Jamie Rollo:15.3
2026-08-05,REGN,17.3,,1,Eliana Merle:17.3
2026-08-05,ROK,19.35,4.8775,4,Alexander Virgo:13.2|Andrew Kaplowitz:25.1|Kenneth Newman:19.1|Quinn Fredrickson:20
2026-08-05,ROL,-36.7,,1,John Staszak:-36.7
2026-08-05,ROP,15.8,,1,John Eade:15.8
2026-08-05,RVTY,-7.2,7.4478,3,Daniel Arias:-11.5|Unknown Analyst:-11.5|Vijay Kumar:1.4
2026-08-05,SYY,8.1833,6.5067,6,Brian Harbour:5.8|Brian Mullan:0.9|Karen Holthouse:3.4|Kelly Bania:17.8|Lauren Silberman:7|Sara Senatore:14.2
2026-08-05,TDG,27.4,14.2838,4,Gavin Parsons:48.6|Jonathan Siegmann CFA:23.2|Kenneth Herbert:18.4|Scott Deuschle:19.4
2026-08-05,TMO,6.6,,1,Daniel Arias:6.6
2026-08-05,TROW,-11.6,,1,Craig Siegenthaler:-11.6
2026-08-05,TSCO,9.1,,1,Michael Baker:9.1
2026-08-05,UBER,46.24,27.5641,5,Brad Erickson:46.5|Eric Sheridan:53.5|George Gianarikas:0.5|Lloyd Walmsley:56.3|Taylor Manley:74.4
2026-08-05,VRTX,15.65,5.7276,2,Eliana Merle:19.7|Naz Rahman:11.6
2026-08-05,WAT,2.0833,5.7283,6,Daniel Arias:2.9|Evan Stampler:-2|Justin Bowers:-2|Luke Sergott:12.7|Unknown Analyst:-2|Vijay Kumar:2.9
2026-08-05,WDC,59.9,35.8937,3,C J Muse:101.3|James Schneider:37.5|Tristan Gerra:40.9
2026-08-05,WMB,18.0667,1.3503,3,Ameet Thakkar:18.1|Jean Ann Salisbury:19.4|Robert Catellier:16.7
2026-08-05,WYNN,52.9833,7.4325,6,Barry Jonas:42.5|Benjamin Chaiken:50.5|Brandt Montour:55.1|John Staszak:48.2|Steven Pizzella:58.5|Steven Wieczynski:63.1
2026-08-05,XOM,-6.6,,1,Alastair Syme:-6.6
2026-08-06,AIG,22.1,,1,Joshua Shanker:22.1
2026-08-06,AIZ,25.7,,1,Mark Hughes:25.7
2026-08-06,ALL,10.75,10.5359,2,David Motemaden:3.3|Harry Fong:18.2
2026-08-06,AMD,23,17.8191,2,Aaron Rakers:35.6|Amanda Tan:10.4
2026-08-06,AME,22.15,11.9501,2,Jamie Cook:30.6|Joseph C Giordano:13.7
2026-08-06,AMGN,-7.2,,1,Chris Schott:-7.2
2026-08-06,ANET,7.7,,1,Atif Malik:7.7
2026-08-06,APO,23.3,,1,William Katz:23.3
2026-08-06,APP,90.2857,27.0715,7,Alicia Reese:88.3|Benjamin Black CFA:79|Martin Yang:72.9|Matthew Cost:100.6|Michael Pachter:88.3|Nat Schindler:59|Stephen Ju:143.9
2026-08-06,APTV,42.7,,1,Rajat Gupta CFA:42.7
2026-08-06,ARES,23.8,,1,William Katz:23.8
2026-08-06,AXON,50.1167,18.5418,6,Andrew Spinola:25.2|James Fish:52.7|Jeremy Hamblin:73.2|Meta Marshall:33.5|Michael Latimore:66.9|Nilesh Bhaiya:49.2
2026-08-06,BA,44.9,,1,Ivan Feinseth:44.9
2026-08-06,BALL,25.2,,1,Anthony Pettinari:25.2
2026-08-06,BAX,9.2,,1,Robbie Marcus:9.2
2026-08-06,BDX,1.2,,1,Shagun Singh Chadha:1.2
2026-08-06,BKNG,42.6,,1,Doug Anmuth:42.6
2026-08-06,BLDR,32.5,,1,Ketan Mamtora:32.5
2026-08-06,BLK,15.8,,1,Manyi Lu:15.8
2026-08-06,BR,4.9,,1,James Faucette:4.9
2026-08-06,CAT,7.7,,1,Michael Shlisky:7.7
2026-08-06,CDW,7.125,4.3107,4,David Vogt:3.4|Erik Woodring:11.2|Joseph Cardoso:10.5|Unknown Analyst:3.4
2026-08-06,CEG,27.1,,1,Shahriar Pourreza:27.1
2026-08-06,CMI,36.5,,1,Adam Seiden:36.5
2026-08-06,COR,21.3,10.7387,3,Daniel Grosslight:15.1|Eric Coldwell:15.1|Kevin Caliendo:33.7
2026-08-06,COST,-13.7,,1,Bill Kirk:-13.7
2026-08-06,CPAY,11.9,6.0262,5,Christopher Zhang:1.7|David Koning:16.4|Rayna Kumar:11.2|Sanjay Sakhrani:15.1|Tien Tsin Huang:15.1
2026-08-06,CRL,6.7333,1.8475,3,Eric Coldwell:4.6|Justin Bowers:7.8|Kallum Titchmarsh:7.8
2026-08-06,CTAS,-13.2,,1,Leo Carrington:-13.2
2026-08-06,CVS,20.66,7.9135,5,Andrew Mok CFA:14.1|Ben Hendrix:19.4|David S Macdonald:24.7|Elizabeth Anderson CFA:32.1|Michael Ha:13
2026-08-06,DASH,28.9312,15.7643,16,Benjamin Black CFA:28.7|Bernie McTernan:31.2|Brad Erickson:33.7|Brian Nowak:36.2|Deepak Mathivanan:28.7|Jake Fuller:11.4|Jason Helfstein:16.4|John Blackledge:18.8|Justin Patterson:36.2|Mark Mahaney:48.6|Mark Zgutowicz:46.1|Ronald Josey:26.3|Ross Sandler:13.9|Stephen Ju:11.4|Thomas Champion:8.9|Youssef Squali:66.4
2026-08-06,DD,30.7,11.1723,2,Arun Viswanathan:38.6|Vincent Andrews:22.8
2026-08-06,DDOG,24.0375,23.2445,8,Adam Tindle:26.6|Brent Thill:17.5|Brian White:26.6|Fatima Boolani:37.9|Gabriela Borges:-28.6|Koji Ikeda:37.9|Matthew Hedberg:26.6|Thomas Blakey:47.8
2026-08-06,DIS,20.5875,9.7593,8,Bryan Kraft:26.7|David Karnovsky:28.6|Kannan Venkateshwar:7.9|Kutgun Maral:35.1|Laura Martin:17.3|Mike Hickey:7.9|Steven Cahall:23.9|Unknown Analyst:17.3
2026-08-06,DUK,16.4,,1,Sophie Karp:16.4
2026-08-06,DVN,24.45,7.0004,2,Arun Jayaram:19.5|Gabriel Daoud:29.4
2026-08-06,EBAY,12.9462,13.8543,13,Bernie McTernan:25.3|Brian Pitz:34.6|Colin Sebastian:16.9|Daniel Kurnos:24.4|Deepak Mathivanan:-1.6|Doug Anmuth:-0.7|Joseph Bonner:23.4|Ken Gawrelski:-14.6|Lloyd Walmsley:2.1|Mike McGovern:14.2|Ross Sandler:14.2|Thomas Champion:23.4|Youssef Squali:6.7
2026-08-06,EIX,33.9,,1,Nicholas Campanella:33.9
2026-08-06,EMR,14,2,4,Chigusa Katoku:11|Daniel DiCicco:15|Jim Kelleher:15|John Eade:15
2026-08-06,EOG,2.7,1.0149,3,Arun Jayaram:2.5|Gabriel Daoud:3.8|Pei Hwa Ho:1.8
2026-08-06,EVRG,7.8,1.6971,2,Edward DeArias:9|Shahriar Pourreza:6.6
2026-08-06,EXPE,21.5545,9.1387,11,Benjamin Black CFA:13.9|Brad Erickson:17.5|Daniel Kurnos:28.2|Deepak Mathivanan:10.4|Doug Anmuth:17.5|Eric Sheridan:31.8|Jed Kelly:30|Michael Bellisario:19.3|Naved Khan:38.9|Ross Sandler:13.9|Thomas Champion:15.7
2026-08-06,FANG,13.7,,1,Arun Jayaram:13.7
2026-08-06,FDX,15.4,,1,Zoe Zhang:15.4
2026-08-06,FE,19.2,,1,Marie Ferguson:19.2
2026-08-06,FISV,64.8,,1,James Friedman:64.8
2026-08-06,FOXA,-18.1,,1,Jessica Reif Ehrlich:-18.1
2026-08-06,GILD,13.05,2.4749,2,Chris Schott:11.3|Michael Okunewitch:14.8
2026-08-06,GPN,16.33,19.4864,10,Adam Frisch:-3.7|Andrew Bauch:-6|Bryan Keane:35.9|David Koning:35.9|Gustavo Gala:52.9|James Faucette:16.7|Jason Kupferberg:16.7|Nik Cremo:0.8|Vasundhara Govil:7.6|Will Nance:6.5
2026-08-06,GRMN,30.9,,1,Ivan Feinseth:30.9
2026-08-06,GS,16.6,,1,Manyi Lu:16.6
2026-08-06,GWW,-1.6,,1,Chris Dankert:-1.6
2026-08-06,HII,8.7,,1,Scott Deuschle:8.7
2026-08-06,HONA,41.7667,14.0905,3,Alexander Virgo:32.7|Gavin Parsons:34.6|Kenneth Herbert:58
2026-08-06,HSIC,15.4,,1,John Stansel:15.4
2026-08-06,HST,15.8,4.8083,2,Duane Pfennigwerth:12.4|Simon Yarmak:19.2
2026-08-06,HWM,39.4,,1,Gautam Khanna:39.4
2026-08-06,IEX,7,,1,Matt Summerville:7
2026-08-06,IFF,18.4,5.2031,6,Ben Klieve:25.6|Ghansham Panjabi:19.6|Kevin McCarthy:11.2|Kristen Owen:13.6|Lisa De Neve:19.6|Patrick Cunningham:20.8
2026-08-06,INCY,-4.5,,1,Derek Archila:-4.5
2026-08-06,INVH,27.1,,1,Nicholas Joseph:27.1
2026-08-06,IRM,23.5333,3.5218,3,Andrew Steinerman:27.6|Eric Luebchow:21.5|Shlomo Rosenbaum:21.5
2026-08-06,J,11.35,11.9501,2,Adam Bubes:19.8|Unknown Analyst:2.9
2026-08-06,JCI,19.9,,1,John Eade:19.9
2026-08-06,KDP,17.9,,1,Christopher Carey:17.9
2026-08-06,KHC,-0.4,7.6223,6,Matthew Smith; CFA:5.7|Michael Lavery:1.6|Peter Grom:9.8|Robert Moskow:-10.6|Thomas Palmer:-2.4|Zheng Feng Chee:-6.5
2026-08-06,KKR,16.7,,1,William Katz:16.7
2026-08-06,KVUE,6.9,,1,Lauren Lieberman:6.9
2026-08-06,LEN,0.5,,1,Jonathan Bettenhausen:0.5
2026-08-06,LLY,23.15,4.8857,4,Asad Haider:22.5|Carter Gould:26.4|Louise Chen:16.5|Terence Flynn:27.2
2026-08-06,MCHP,21.3,,1,Joshua Buchalter:21.3
2026-08-06,MCK,16.275,4.2082,4,Charles Rhyee:14.1|Elizabeth Anderson CFA:13.4|Eric Coldwell:15.1|Kevin Caliendo:22.5
2026-08-06,MET,-3.75,5.1619,2,Alex Scott:-0.1|Paul Newsome:-7.4
2026-08-06,MOS,11.15,11.243,2,Joel Jackson:19.1|Matthew DeYoe:3.2
2026-08-06,MPC,-18.65,0.3536,2,Arun Jayaram:-18.4|Theresa Chen:-18.9
2026-08-06,MRNA,-46.5,,1,Edward Tenthoff:-46.5
2026-08-06,MS,16.6,,1,Manyi Lu:16.6
2026-08-06,MSI,11.54,5.6203,5,Andrew Spinola:11.5|James Fish:13.7|Joseph Cardoso:16.9|Meta Marshall:2.1|Tim Long:13.5
2026-08-06,NI,18.3,,1,James Thalacker:18.3
2026-08-06,NRG,57.8,,1,Unknown Analyst:57.8
2026-08-06,NWSA,18.9,,1,Andrew McLeod:18.9
2026-08-06,O,16.6,3.2527,2,James Kammert:14.3|Simon Yarmak:18.9
2026-08-06,OKE,-8.9,,1,Theresa Chen:-8.9
2026-08-06,OXY,27.7,1.1314,2,Nitin Kumar CFA:26.9|Sam Margolin:28.5
2026-08-06,PFE,11.8,,1,Vamil Divan:11.8
2026-08-06,PH,27.8,,1,Daniel DiCicco:27.8
2026-08-06,PLD,23.8,,1,Unknown Analyst:23.8
2026-08-06,PNC,16.3,,1,Jason Goldberg:16.3
2026-08-06,PODD,28.51,11.9686,10,Bruce Jackson:40.2|Daniel Markowitz CFA:36.4|Jeff Johnson:32.6|Jonathan Block:36.4|Kieran Ryan:36.4|Lee Hambright:32.6|Mathew Blackman:9.1|Mike Kratky:9.9|Richard Newitter:15.9|William Plovanic:35.6
2026-08-06,PPG,11.8,,1,Unknown Analyst:11.8
2026-08-06,PSKY,-5.7,,1,Sean Diffley:-5.7
2026-08-06,PSX,-11.1,8.1627,3,Jason Gabelman:-1.7|Stephen Richardson:-15.2|Vikram Bagri:-16.4
2026-08-06,Q,49.5,,1,Arun Viswanathan:49.5
2026-08-06,RL,34.2,2.1213,2,Robert Drbul:35.7|Tom Nikic:32.7
2026-08-06,ROK,-0.6,,1,Chigusa Katoku:-0.6
2026-08-06,RVTY,-11.5,,1,Casey Woodring:-11.5
2026-08-06,SBAC,15.9,,1,Cameron McVeigh:15.9
2026-08-06,SCHW,11.9,,1,Manyi Lu:11.9
2026-08-06,SOLV,16.2667,8.8931,6,Brett Fishbin:16.6|Jason Bednar:20.1|Michael Piccolo:15.5|Nathan Treybeck:1.8|Rick Wise:14.4|Steven Valiquette:29.2
2026-08-06,TDG,22.8,,1,Kristine Liwag:22.8
2026-08-06,UBER,44.6,12.9181,8,Bernie McTernan:52.1|Deepak Mathivanan:25.6|James Lee:56.3|Ross Sandler:47.9|Shyam Patil:25.6|Stephen Ju:53.5|Tom White:39.5|Youssef Squali:56.3
2026-08-06,UPS,29.6,0,2,Kristina Ruggeri:29.6|Unknown Analyst:29.6
2026-08-06,VTRS,21.1,,1,Salveen Richter:21.1
2026-08-06,WAT,1.65,5.1619,2,Casey Woodring:-2|Kallum Titchmarsh:5.3
2026-08-06,WDC,45.27,22.1641,10,Amit Daryanani:28.6|Erik Woodring:51.2|Kevin Cassidy:78.9|Krish Sankar:20.8|Sajal Dogra:78.9|Thomas O'Malley:38.6|Timothy Arcuri:17.4|Unknown Analyst:45.4|Vijay Rakesh:31.9|Wamsi Mohan:61
2026-08-06,WMB,17.35,2.8991,2,Jason Gabelman:19.4|Spiro M. Dounis:15.3
2026-08-06,WYNN,53.9,,1,James Hardiman:53.9
2026-08-06,XYZ,27.8643,10.9999,14,Adam Frisch:21.2|Andrew Bauch:7.3|Andrew Schmitt:36.3|Bill Carcache:32.6|Bryan Bergin:32.6|Bryan Keane:45.2|David Koning:32.6|James Friedman:26.2|Matthew O'Neill:45.2|Mayank Tandon:26.2|Nik Cremo:26.2|Owen Lau:9.8|Rayna Kumar:22.5|Vasundhara Govil:26.2
2026-08-07,ABNB,11.5462,7.9309,13,Brad Erickson:14.6|Daniel Kurnos:5.8|Deepak Mathivanan:-6|Jed Kelly:11.6|Ken Gawrelski:9.3|Kevin Kopelman:8.7|Maria Ripps:17.5|Matthew Condon:11.6|Michael Graham:17.5|Naved Khan:23.4|Shyam Patil:17.5|Stephen Ju:1.1|Ygal Arounian:17.5
2026-08-07,AFL,-14.1,,1,Alex Scott:-14.1
2026-08-07,AIG,11.9333,4.0698,3,Alex Scott:7.5|David Motemaden:12.8|Rowland Mayor:15.5
2026-08-07,AIZ,15.1,,1,Thomas McJoynt Griffith:15.1
2026-08-07,AKAM,59.5111,21.4015,9,Jackson Ader:82.6|Jeff Van Rhee:77.9|John Difucci:77.9|Michael Elias:31.1|Param Singh:68.6|Peter Levine:63.9|Roger Boyd:33.9|Unknown Analyst:68.6|William Power:31.1
2026-08-07,ALB,47.7833,14.0555,6,Arun Viswanathan:33.6|Eric Boyes:53.2|Joel Jackson:70.2|Joshua Spector:48.9|Matthew DeYoe:31.9|Patrick Cunningham:48.9
2026-08-07,ALL,7.8,13.1522,2,Elyse Greenspan:-1.5|Mikhail Paramonov:17.1
2026-08-07,AMGN,2.8,,1,Vamil Divan:2.8
2026-08-07,APP,60.5,,1,Joseph Bonner:60.5
2026-08-07,BDX,-1.6,,1,Jason Bednar:-1.6
2026-08-07,BKNG,40.9,,1,John Staszak:40.9
2026-08-07,CEG,40.5,12.4724,3,Andrew Weisel:54.9|James Thalacker:33.1|Nicholas Amicucci:33.5
2026-08-07,CF,-8.5,8.9603,4,Joel Jackson:1.5|Joshua Spector:-7.6|Lucas Beaumont:-7.6|Matthew DeYoe:-20.3
2026-08-07,CHRW,40.7,,1,Unknown Analyst:40.7
2026-08-07,COP,14.65,32.4562,2,Leo Mariani:-8.3|Sam Margolin:37.6
2026-08-07,COR,7.6,,1,Erin Wright:7.6
2026-08-07,CPAY,11.5,,1,Michael Infante:11.5
2026-08-07,CPT,10.7,,1,Steve Sakwa:10.7
2026-08-07,CSX,10.3,,1,Ariel Rosa:10.3
2026-08-07,CTVA,13.2,,1,Vincent Andrews:13.2
2026-08-07,DAL,37.7,,1,John Godyn:37.7
2026-08-07,DASH,26.7667,17.0447,3,Brian Pitz:45.1|Ken Gawrelski:11.4|Shyam Patil:23.8
2026-08-07,DDOG,32.1,5.6278,13,Gil Luria:42.4|Ittai Kidron:35.6|Jack Andrews:35.6|Karl Keirstead:26.6|Keith Bachman:35.6|Kirk Materne:26.6|Mike Cikos:35.6|Miller Jump:35.6|Patrick Colville:28.8|Raimo Lenschow:31.1|Rob Owens:24.3|Saiyi He:23.9|Sanjit Singh:35.6
2026-08-07,DVA,21.2,,1,Ryan Langston:21.2
2026-08-07,ED,-3.5667,7.1009,3,Nicholas Campanella:-0.4|Shahriar Pourreza:1.4|Sophie Karp:-11.7
2026-08-07,EG,11.4,,1,Meyer Shields:11.4
2026-08-07,EMR,80.7,,1,Unknown Analyst:80.7
2026-08-07,EVRG,18.8,,1,Alex Kania:18.8
2026-08-07,EXPE,9.225,5.489,4,Brian Pitz:1.5|Ken Gawrelski:9.3|Kevin Kopelman:13.9|Shyam Patil:12.2
2026-08-07,F,0.2,,1,Dan Levy:0.2
2026-08-07,FAST,9.5,,1,David Manthey:9.5
2026-08-07,FIS,31.1,,1,Ramsey El Assal:31.1
2026-08-07,FISV,8.2333,10.5122,6,Andrew Bauch:-3.1|Bryan Bergin:6.6|James Faucette:14.4|Nik Cremo:0.8|Sanjay Sakhrani:26|Will Nance:4.7
2026-08-07,FOXA,0.1,9.9353,3,Doug Creutz:-1.4|Kannan Venkateshwar:-9|Kutgun Maral:10.7
2026-08-07,FSLR,9.1,,1,Julien Dumoulin Smith:9.1
2026-08-07,GEN,12.3667,21.3154,6,Matthew Hedberg:-0.9|Meta Marshall:5.8|Richard Poland:-7.5|Roger Boyd:19|Saket Kalia:5.8|Unknown Analyst:52
2026-08-07,HCA,17.1,0,2,David Toung:17.1|Unknown Analyst:17.1
2026-08-07,HONA,27.65,6.2933,2,Daniel DiCicco:32.1|David E. Strauss:23.2
2026-08-07,HWM,48.6,10.0536,5,Charles Minervino:48.1|David E. Strauss:37.2|Gavin Parsons:42|Kenneth Herbert:52.4|Peter Arment:63.3
2026-08-07,JBHT,14.3,,1,Ariel Rosa:14.3
2026-08-07,KDP,17.22,13.4189,5,Michael Lavery:21.1|Nik Modi:33.8|Peter Grom:24.2|Robert Moskow:5.1|Robert Ottenstein:1.9
2026-08-07,KVUE,6.85,7.9903,2,Nik Modi:12.5|Susan Anderson:1.2
2026-08-07,MCHP,49.6,11.4174,11,Blayne Curtis:34.8|Christopher Rolland:61.7|Craig Ellis:45.6|Joseph Moore:38.8|Kevin Cassidy:61.7|Mark Lipacis:57.7|Quinn Bolton:61.7|Thomas O'Malley:41.5|Timothy Arcuri:61.7|Tore Svanberg:45.6|Vivek Arya:34.8
2026-08-07,MNST,21.44,3.2906,5,Kaumil Gajrawala:24.4|Matthew Smith; CFA:21|Michael Lavery:16.4|Peter Galbo:24.4|Robert Ottenstein:21
2026-08-07,NI,8.7,,1,Nicholas Campanella:8.7
2026-08-07,NSC,17.4,,1,Ariel Rosa:17.4
2026-08-07,O,19.3,2.4042,2,Brad Heffern:17.6|Jeffrey Spector:21
2026-08-07,OXY,-10.5,,1,Leo Mariani:-10.5
2026-08-07,PFE,29,,1,Jill Wu:29
2026-08-07,PG,1.9,0,2,Chris Graja:1.9|Taylor Conrad:1.9
2026-08-07,PH,27,5.4461,7,Andrew Kaplowitz:29.7|Chigusa Katoku:20|Jeffrey Hammond:27.3|John Eade:26.3|Mircea Dobre:34.2|Stephen Tusa:20|Unknown Analyst:31.5
2026-08-07,PWR,24,,1,Sangita Jain:24
2026-08-07,QCOM,9.9,,1,Egor Tolmachev:9.9
2026-08-07,REG,13.9,,1,Marie Ferguson:13.9
2026-08-07,RF,-0.4,,1,Jason Goldberg:-0.4
2026-08-07,RL,36.12,10.4786,5,Adrienne Yih:36.5|Blake Anderson:32.7|Jay Sole:53.4|Kendall Toscano:32.7|Rick Patel:25.3
2026-08-07,RMD,2.75,6.4964,4,Adam Maeder:3.1|Craig Wong-Pan:11.8|David Rescott:-2.4|Nathan Treybeck:-1.5
2026-08-07,RSG,11.7364,5.8334,11,David Manthey:5.5|Devin Dodge:12.2|James Schumm:12.2|Konark Gupta:8.6|Michael Feniger:8.2|Noah Kaye:14.5|Sabahat Khan:22.1|Shlomo Rosenbaum:12.7|Tobey Sommer:21.2|Toni Kaplan:4.2|William Grippin:7.7
2026-08-07,RVTY,4.6,,1,Daniel Brennan:4.6
2026-08-07,SHW,25.3,,1,John McNulty:25.3
2026-08-07,SNDK,-2,,1,Jim Kelleher:-2
2026-08-07,SRE,23,5.9397,2,Alex Kania:27.2|James Thalacker:18.8
2026-08-07,STE,29.3,1.6971,2,Jason Bednar:30.5|Patrick Wood:28.1
2026-08-07,TAP,14.925,10.5702,4,Gerald Pascarelli:28.4|Michael Lavery:13|Peter Galbo:2.7|Peter Grom:15.6
2026-08-07,TDG,27.2,,1,David E. Strauss:27.2
2026-08-07,TRGP,5.05,14.6371,2,James Weston:15.4|Jason Gabelman:-5.3
2026-08-07,TSLA,5.4,,1,Joseph Spak:5.4
2026-08-07,TTD,-6.8091,24.4251,11,Alec Brondolo:-16.3|Brian Pitz:4.6|Deepak Mathivanan:-2.4|Jessica Reif Ehrlich:-23.3|Mark Zgutowicz:39.5|Michael Morris:-16.3|Michael Nathanson:-58.2|Nat Schindler:-16.3|Shyam Patil:-2.4|Stephen Ju:11.6|Vasily Karasyov:4.6
2026-08-07,UAL,55.7,,1,John Godyn:55.7
2026-08-07,UDR,25.3,,1,Steve Sakwa:25.3
2026-08-07,UNP,22.7,,1,Ariel Rosa:22.7
2026-08-07,VRT,48.2,,1,Austin Wang:48.2
2026-08-07,VTRS,39.3,,1,Ashwani Verma:39.3
2026-08-07,WAT,16.3,,1,Daniel Brennan:16.3
2026-08-07,WBD,1.65,12.6572,2,Doug Creutz:-7.3|Unknown Analyst:10.6
2026-08-07,WMB,19.4,,1,Elvira Scotto:19.4
2026-08-07,WY,72.3,,1,Ketan Mamtora:72.3
2026-08-07,XOM,1.2,,1,Jason Gabelman:1.2
2026-08-07,XYZ,24.95,7.1418,2,Ramsey El Assal:19.9|Stephen Biggar:30
2026-08-08,EME,34.1,,1,Manish Somaiya:34.1
2026-08-08,GNRC,78.1,0,2,Gareth Gacetta‏:78.1|Manish Somaiya:78.1
2026-08-09,COR,24.4,,1,Charles Rhyee:24.4
2026-08-09,DD,46.5,,1,John McNulty:46.5
2026-08-09,EOG,18.8,,1,Lloyd Byrne:18.8
2026-08-09,EVRG,18.8,,1,Ryan Levine:18.8
2026-08-09,FANG,0,,1,Lloyd Byrne:0
2026-08-09,FDX,25,,1,Scott Group:25
2026-08-09,HON,-13.5,,1,Sheila Kahyaoglu:-13.5
2026-08-09,HONA,10.6,,1,Sheila Kahyaoglu:10.6
2026-08-09,IRM,27.6,,1,Jonathan Atkin:27.6
2026-08-09,LDOS,12.5,,1,Sheila Kahyaoglu:12.5
2026-08-09,LIN,24.4,,1,Duffy Fischer:24.4
2026-08-09,PPL,23.2,,1,Steve Fleishman:23.2
2026-08-09,TDG,42.5,,1,Sheila Kahyaoglu:42.5
2026-08-09,TTWO,33.2,1.2728,2,Eric Sheridan:32.3|Peter Supino:34.1
2026-08-09,VRTX,-3,,1,Paul Matteis:-3
2026-08-09,VST,56.4,,1,Steve Fleishman:56.4
2026-08-10,ABBV,1.1,,1,Gavin Clark-Gartner:1.1
2026-08-10,ABNB,-0.5,12.8339,3,Brian Pitz:-3|Ronald Josey:13.4|Ross Sandler:-11.9
2026-08-10,AFL,10.15,13.5057,2,Paul Newsome:19.7|Yaron Kinar:0.6
2026-08-10,AIG,12.8333,1.3503,3,Elyse Greenspan:12.8|Paul Newsome:11.5|Yaron Kinar:14.2
2026-08-10,AKAM,23.15,11.243,2,Shyam Patil:31.1|Stephen Bersey:15.2
2026-08-10,ALB,49.35,17.4655,2,Ben Isaacson:61.7|Vincent Andrews:37
2026-08-10,ALGN,45.9,,1,Elizabeth Anderson CFA:45.9
2026-08-10,ALL,9.4,1.4142,2,Brian Meredith:8.4|Robert Cox CFA:10.4
2026-08-10,ALLE,4.3,,1,Christopher Snyder:4.3
2026-08-10,ANET,12.7,,1,Michael Ng:12.7
2026-08-10,APA,-11.7,1.5556,2,Chris Baker:-10.6|Gabriel Daoud:-12.8
2026-08-10,APO,24.1,,1,Stephen Biggar:24.1
2026-08-10,APP,43.5,,1,Eric Sheridan:43.5
2026-08-10,APTV,54.8,1.5556,2,Chris McNally:53.7|Mark Delaney:55.9
2026-08-10,ARE,-1.25,1.3435,2,Michael Carroll:-0.3|Nicholas Joseph:-2.2
2026-08-10,AXON,49.2,,1,Michael Ng:49.2
2026-08-10,BA,25.9,,1,Kristina Ruggeri:25.9
2026-08-10,BDX,5.7,,1,Robbie Marcus:5.7
2026-08-10,BEN,7,,1,Glenn Schorr:7
2026-08-10,BLDR,49.1,,1,Charles Perron-Piche:49.1
2026-08-10,BLK,16.7,,1,Glenn Schorr:16.7
2026-08-10,BRK.B,18.3,,1,Brian Meredith:18.3
2026-08-10,C,10.9,,1,Jason Goldberg:10.9
2026-08-10,CEG,13.95,0.2121,2,John Eade:14.1|Nicholas Campanella:13.8
2026-08-10,CF,-7.95,7.9903,2,Andrew Wong CFA:-13.6|Ben Isaacson:-2.3
2026-08-10,CNC,20.4,,1,John Staszak:20.4
2026-08-10,COP,0,5.5073,3,Arun Jayaram:-2.4|Neil Mehta:6.3|Sergey Pigarev:-3.9
2026-08-10,COR,21.3,,1,Lisa Gill:21.3
2026-08-10,CPAY,17.6,,1,Ramsey El Assal:17.6
2026-08-10,CRL,1.35,9.1217,2,Ann Hynes:-5.1|Charles Rhyee:7.8
2026-08-10,CVS,17.3,,1,Erin Wright:17.3
2026-08-10,DASH,19.3,14.7078,2,Doug Anmuth:29.7|Rohit Kulkarni:8.9
2026-08-10,DD,35.4,,1,Chigusa Katoku:35.4
2026-08-10,DDOG,37.9,0,2,Brad Reback:37.9|Samik Chatterjee:37.9
2026-08-10,DLR,18.3,,1,Vikram Malhotra:18.3
2026-08-10,DOC,18.2,,1,Michael Carroll:18.2
2026-08-10,DOV,13.7,,1,Christopher Snyder:13.7
2026-08-10,DPZ,13.3,,1,Alton Stump:13.3
2026-08-10,EQT,23.9,,1,Scott Gruber:23.9
2026-08-10,EXE,21.3,,1,Scott Gruber:21.3
2026-08-10,FANG,7.3,,1,Scott Gruber:7.3
2026-08-10,FERG,30.3,,1,Michael Dahl:30.3
2026-08-10,FSLR,55,,1,Maheep Mandloi:55
2026-08-10,HCA,-0.5,,1,Kevin Fischbeck:-0.5
2026-08-10,HD,33.4,,1,Robert Ohmes:33.4
2026-08-10,HONA,48.5,,1,Seth Seifman:48.5
2026-08-10,HUM,-4.1,,1,Lisa Gill:-4.1
2026-08-10,HWM,51.875,6.7163,4,Andre Madrid:48.1|Kristine Liwag:45.9|Seth Seifman:52.4|Sheila Kahyaoglu:61.1
2026-08-10,INVH,19.8,,1,James Feldman:19.8
2026-08-10,IR,19.3,,1,Christopher Snyder:19.3
2026-08-10,J,17.7,,1,Steven Fisher:17.7
2026-08-10,JKHY,24.1,,1,Brett Huff:24.1
2026-08-10,JPM,17.9,,1,Jason Goldberg:17.9
2026-08-10,KIM,12.1,0,2,Nicholas Joseph:12.1|Samir Khanal:12.1
2026-08-10,LH,14,,1,Ann Hynes:14
2026-08-10,MCHP,28,,1,Atif Malik:28
2026-08-10,MCK,15.8,3.3941,2,Daniel Grosslight:13.4|Lisa Gill:18.2
2026-08-10,MMM,14.6,,1,Christopher Snyder:14.6
2026-08-10,MNST,15.2,,1,Stephen Powers:15.2
2026-08-10,MOS,-0.75,11.243,2,Andrew Wong CFA:7.2|Lucas Beaumont:-8.7
2026-08-10,MU,17.9,,1,Atif Malik:17.9
2026-08-10,OTIS,8.5,,1,Christopher Snyder:8.5
2026-08-10,OXY,3.3,1.1314,2,Arun Jayaram:4.1|Gabriel Daoud:2.5
2026-08-10,PG,-1.6,,1,Unknown Analyst:-1.6
2026-08-10,PPL,15.9,6.2225,2,James Thalacker:11.5|Michael Lonegan:20.3
2026-08-10,PSX,-9.8,,1,Arun Jayaram:-9.8
2026-08-10,QCOM,-1.1,,1,Vivek Arya:-1.1
2026-08-10,RL,35.35,1.6263,2,Matthew Boss:36.5|Paul Lejuez:34.2
2026-08-10,ROL,29.6,,1,Manav Patnaik:29.6
2026-08-10,RSG,5.1,,1,Jerry Revich:5.1
2026-08-10,SRE,32,,1,Carly Davenport:32
2026-08-10,STLD,15.1,,1,Andrew Jones CFA:15.1
2026-08-10,SWK,7.6,,1,Christopher Snyder:7.6
2026-08-10,TAP,8.7667,1.5011,3,Andrea Faria Teixeira:7.9|Drew Levine:7.9|Seamus Cassidy:10.5
2026-08-10,TDY,37.5,,1,Sheila Kahyaoglu:37.5
2026-08-10,TRGP,4.4,,1,Ameet Thakkar:4.4
2026-08-10,TROW,11,,1,Glenn Schorr:11
2026-08-10,TSLA,-4.2,,1,Philippe Houchois:-4.2
2026-08-10,TTD,-14.575,20.0625,4,Matthew Cost:-9.3|Mohammed Khallouf:-30.3|Nicholas Jones CFA:-30.3|Tom White:11.6
2026-08-10,TTWO,33.4,6.9556,4,Alicia Reese:39.2|Colin Sebastian:25.3|Eric Handler:39.2|Unknown Analyst:29.9
2026-08-10,UBER,39.5,,1,Rohit Kulkarni:39.5
2026-08-10,UHS,-2.8,,1,Kevin Fischbeck:-2.8
2026-08-10,USB,19.4,,1,Jason Goldberg:19.4
2026-08-10,VICI,28.9,,1,Richard Anderson:28.9
2026-08-10,VRSK,29.4,,1,Curtis Nagle:29.4
2026-08-10,VRTX,30.4,,1,Tazeen Ahmad:30.4
2026-08-10,VST,78.25,31.8905,2,Andrew Weisel:100.8|James Thalacker:55.7
2026-08-10,VTRS,9,,1,Chris Schott:9
2026-08-10,WAT,15.1,,1,Joanne Wuensch:15.1
2026-08-10,WBD,3.4,,1,Sean Diffley:3.4
2026-08-10,WTW,14.4,,1,Paul Newsome:14.4
2026-08-11,ABBV,16.7,,1,Emily Field:16.7
2026-08-11,ABNB,5.15,17.4655,2,Lloyd Walmsley:17.5|Paul Chew:-7.2
2026-08-11,ACGL,12.9,14.0007,2,Meyer Shields:3|Pablo Singzon:22.8
2026-08-11,AFL,4.5,5.5154,2,Pablo Singzon:0.6|Ryan Krueger:8.4
2026-08-11,AIG,27.4,,1,Meyer Shields:27.4
2026-08-11,AKAM,73.2,,1,Rudy Kessinger:73.2
2026-08-11,ALB,91.5,,1,Pete Osterland:91.5
2026-08-11,ALL,19.1667,4.6264,3,Gregory Peters:24.2|Pablo Singzon:15.1|Yaron Kinar:18.2
2026-08-11,AMAT,47.9,,1,David Dai CFA:47.9
2026-08-11,AMCR,32.3,,1,Nathan Reilly:32.3
2026-08-11,AMZN,29.3,,1,Sachin Mittal:29.3
2026-08-11,APA,5.1,,1,Charles Minervino:5.1
2026-08-11,APP,55.9,37.4123,4,Omar Dessouky:23.5|Paul Chew:88.3|Serena Yi Qi Lim:88.3|Unknown Analyst:23.5
2026-08-11,BA,28.75,4.0305,2,John Eade:25.9|Noah Poponak:31.6
2026-08-11,BAX,17.6,,1,Travis Steed:17.6
2026-08-11,BDX,9.6,,1,Rick Wise:9.6
2026-08-11,BLK,28.7,,1,Alexander Blostein:28.7
2026-08-11,BMY,17.9,,1,Emily Field:17.9
2026-08-11,CAH,24.5,,1,Michael Cherny:24.5
2026-08-11,CEG,1.8,,1,Anthony Crowdell:1.8
2026-08-11,CF,1.5,,1,Benjamin Theurer:1.5
2026-08-11,COP,5.9,15.9806,2,Charles Minervino:17.2|Gabriel Daoud:-5.4
2026-08-11,COR,22.8,,1,Stephen Baxter:22.8
2026-08-11,CPAY,-4.5,,1,Dan Dolev:-4.5
2026-08-11,DDOG,7.1,,1,Peter Weed:7.1
2026-08-11,DIS,22,,1,Helena Wang:22
2026-08-11,DOC,8.4,,1,Nicholas Joseph:8.4
2026-08-11,DVA,20.9,3.5355,2,Andrew Mok CFA:23.4|David S Macdonald:18.4
2026-08-11,EBAY,11.4,,1,Stephen Ju:11.4
2026-08-11,ED,6.1,,1,Anthony Crowdell:6.1
2026-08-11,EVRG,4.1,,1,Anthony Crowdell:4.1
2026-08-11,F,21.7,,1,Elizabelle Pang:21.7
2026-08-11,FERG,29.55,8.2911,6,David Manthey:29.4|John Lovallo:15|Matthew Bouley:40.6|Sam Reid:32.6|Scott Schneeberger:29.4|Suhasini Varanasi:30.3
2026-08-11,FICO,72.5,,1,Manav Patnaik:72.5
2026-08-11,FIS,31.1,,1,Brett Huff:31.1
2026-08-11,FISV,10.5,,1,Brett Huff:10.5
2026-08-11,FSLR,52.1,,1,Ben Kallo:52.1
2026-08-11,GEHC,15.8,,1,Travis Steed:15.8
2026-08-11,GM,19.7,4.1012,2,Elizabelle Pang:22.6|Tom Narayan:16.8
2026-08-11,GWW,-7.4,,1,Guy Hardwick:-7.4
2026-08-11,HLT,12.7,,1,Christopher Stathoulopoulos:12.7
2026-08-11,HST,7.9,,1,Richard Anderson:7.9
2026-08-11,IDXX,40.7,,1,Glen Santangelo:40.7
2026-08-11,IEX,24.9,,1,Brett Linzey:24.9
2026-08-11,INTU,2,,1,Bryan Bergin:2
2026-08-11,ISRG,56.45,41.2243,2,Lee Hambright:85.6|Travis Steed:27.3
2026-08-11,JBL,35.2,,1,David Vogt:35.2
2026-08-11,KVUE,6.9,,1,Peter Grom:6.9
2026-08-11,LDOS,13.65,15.9099,2,John Godyn:24.9|Noah Poponak:2.4
2026-08-11,LITE,7.9,,1,Thomas O'Malley:7.9
2026-08-11,LLY,23.3,,1,Srikripa Devarakonda:23.3
2026-08-11,MAR,15,,1,Christopher Stathoulopoulos:15
2026-08-11,MCHP,21.3,,1,William Stein:21.3
2026-08-11,MCK,5.8,,1,Stephen Baxter:5.8
2026-08-11,MET,12.5667,2.3671,3,Pablo Singzon:11.2|Ryan Krueger:11.2|Yaron Kinar:15.3
2026-08-11,MNST,18.65,11.3844,2,John Staszak:26.7|Robert Moskow:10.6
2026-08-11,MO,-15.9,,1,Pallav Mittal:-15.9
2026-08-11,MOS,3.2,0,2,Benjamin Theurer:3.2|Vincent Andrews:3.2
2026-08-11,MPC,-23.2,,1,Nitin Kumar CFA:-23.2
2026-08-11,NEM,6.5,,1,Matt Murphy:6.5
2026-08-11,NOW,9.4,,1,David Hynes:9.4
2026-08-11,NRG,84.2,,1,Shahriar Pourreza:84.2
2026-08-11,OXY,13.9,,1,Charles Minervino:13.9
2026-08-11,PEG,18.8,,1,Carly Davenport:18.8
2026-08-11,PH,39.05,5.4447,2,Brett Linzey:35.2|Jamie Cook:42.9
2026-08-11,PLTR,28.6,,1,Paul Chew:28.6
2026-08-11,PRU,1.7667,6.3721,3,Paul Newsome:7.3|Ryan Krueger:3.2|Yaron Kinar:-5.2
2026-08-11,PSX,-15.2,,1,Nitin Kumar CFA:-15.2
2026-08-11,RL,38.6,,1,Dana Telsey:38.6
2026-08-11,RMD,7.7,,1,Anthony Petrone:7.7
2026-08-11,ROL,0.8,,1,Curtis Nagle:0.8
2026-08-11,RSG,14.9,,1,Unknown Analyst:14.9
2026-08-11,SBAC,24,,1,Maher Yaghi:24
2026-08-11,SOLV,8.6,,1,Travis Steed:8.6
2026-08-11,SPG,12.4667,18.9136,3,Floris van Dijkum:34.3|Ronald Kamdem:1.1|Simon Yarmak:2
2026-08-11,SYK,37.9,,1,Travis Steed:37.9
2026-08-11,TAP,18.2,,1,Eric Serotta:18.2
2026-08-11,TFC,3.2,,1,Matt O'Connor:3.2
2026-08-11,TGT,9.1,,1,Rupesh Parikh:9.1
2026-08-11,TSCO,15.1,0,2,Joe Feldman:15.1|Kate McShane:15.1
2026-08-11,TSLA,-9.7,,1,Elizabelle Pang:-9.7
2026-08-11,UAL,47.5,,1,David Vernon:47.5
2026-08-11,VRTX,16.775,6.0863,4,Akash Tewari:22.8|Jeffrey Walch:18|Louise Chen:8.3|William Pickering:18
2026-08-11,VST,38.8,,1,Carly Davenport:38.8
2026-08-11,VTR,18.9,,1,Juan C. Sanabria:18.9
2026-08-11,XYZ,13.6,,1,James Faucette:13.6
2026-08-12,ACN,5.5,,1,Jason Kupferberg:5.5
2026-08-12,ADSK,22.4,,1,Matthew Martino:22.4
2026-08-12,AIG,13.5,6.5054,2,Bob Huang:8.9|Michael Zaremski:18.1
2026-08-12,ALGN,38.6,,1,Vik Chopra:38.6
2026-08-12,ALL,-0.5,6.9296,2,Bob Huang:4.4|Matthew Heimermann:-5.4
2026-08-12,AMAT,53.3,,1,Mark Lipacis:53.3
2026-08-12,APA,-8.3,,1,Arun Jayaram:-8.3
2026-08-12,AXP,24.7,,1,Bill Carcache:24.7
2026-08-12,BDX,15.3,,1,Patrick Wood:15.3
2026-08-12,BIIB,-7.9,,1,Emily Field:-7.9
2026-08-12,BXP,8.2,,1,Peter Abramowitz:8.2
2026-08-12,CAH,15.325,4.7696,4,Daniel Grosslight:19.4|Elizabeth Anderson CFA:15.1|Erin Wright:8.7|Unknown Analyst:18.1
2026-08-12,CF,-13.6,,1,Jeffrey Zekauskas:-13.6
2026-08-12,COHR,37.5,,1,Blayne Curtis:37.5
2026-08-12,COP,8.85,3.6062,2,Josh Silverstein:11.4|Pei Hwa Ho:6.3
2026-08-12,COR,2.6,,1,Allen Lutz:2.6
2026-08-12,CPT,16.5,,1,Adam Kramer:16.5
2026-08-12,CTSH,11.7,,1,Jason Kupferberg:11.7
2026-08-12,CVS,24.7,,1,Lisa Gill:24.7
2026-08-12,DOC,13.3,,1,James Kammert:13.3
2026-08-12,DVN,27.4,,1,Gabriele Sorbara:27.4
2026-08-12,EOG,26.2,,1,Gabriele Sorbara:26.2
2026-08-12,EQT,11,,1,Gabriele Sorbara:11
2026-08-12,ESS,10.7,,1,Adam Kramer:10.7
2026-08-12,EXE,40.3,,1,Gabriele Sorbara:40.3
2026-08-12,EXPE,25,,1,Stephen Ju:25
2026-08-12,FANG,20.5,,1,Gabriele Sorbara:20.5
2026-08-12,FERG,28.1,,1,Anthony Pettinari:28.1
2026-08-12,GS,18.5,,1,Gerard Cassidy:18.5
2026-08-12,HWM,43.3,,1,John Godyn:43.3
2026-08-12,IFF,19.6,,1,David Begleiter:19.6
2026-08-12,INCY,-14.4,,1,Jeffrey Walch:-14.4
2026-08-12,INTC,24.85,22.6981,2,Timothy Arcuri:8.8|Vivek Arya:40.9
2026-08-12,INVH,19.8,,1,Adam Kramer:19.8
2026-08-12,IQV,5.1,,1,Elizabeth Anderson CFA:5.1
2026-08-12,ISRG,35.4,,1,Suraj Kalia:35.4
2026-08-12,KMI,16.7,,1,Praneeth Satish:16.7
2026-08-12,LITE,19.33,14.1479,10,Christopher Rolland:18.7|George Notter:29.4|Joseph Cardoso:38.1|Richard Shannon:24.1|Ruben Roy:18.7|Ryan Koontz:12.2|Saiyi He:32.7|Sean O'Loughlin:-11.5|Vijay Rakesh:23|Vivek Arya:7.9
2026-08-12,MA,24.7,,1,Harshita Rawat:24.7
2026-08-12,MAA,20.2,5.6569,2,Adam Kramer:24.2|Anthony Paolone:16.2
2026-08-12,MGM,7.8,,1,Stephen Grambling:7.8
2026-08-12,MNST,31.3,,1,Filippo Falorni:31.3
2026-08-12,NEM,17.5,,1,Tanya Jakusconek:17.5
2026-08-12,NOW,32,,1,Michael Turrin:32
2026-08-12,OKE,1.4,,1,Jean Ann Salisbury:1.4
2026-08-12,OXY,-5.6,,1,Pei Hwa Ho:-5.6
2026-08-12,PFG,-1,,1,Jack Matten:-1
2026-08-12,PODD,13.7,,1,Patrick Wood:13.7
2026-08-12,REGN,-4,,1,Mohit Bansal:-4
2026-08-12,RSG,5.5,,1,Jon Windham:5.5
2026-08-12,SMCI,-4.1571,11.7626,7,Katherine Murphy:-15.2|Mark Newman:4.7|Quinn Bolton:14.7|Ruplu Bhattacharya:-17.7|Tim Long:-2.7|Unknown Analyst:-0.2|Vijay Rakesh:-12.7
2026-08-12,TDY,24.2,,1,James Ricchiuti:24.2
2026-08-12,TECH,1.2,,1,Dan Leonard:1.2
2026-08-12,UDR,26.7,,1,Adam Kramer:26.7
2026-08-12,V,21.5,,1,Harshita Rawat:21.5
2026-08-12,VRTX,10.6,,1,Brian Abrahams:10.6
2026-08-12,WMB,16.7,,1,Bill Selesky:16.7
2026-08-12,WYNN,46,,1,Stephen Grambling:46
2026-08-12,XYL,49.6,,1,Nathan Jones:49.6
2026-08-13,ABBV,16.7,,1,Alexandria Hammond:16.7
2026-08-13,ABT,27.5,,1,Michael Polark:27.5
2026-08-13,ACGL,21.8,,1,Elyse Greenspan:21.8
2026-08-13,AIZ,17.2,,1,Brian Meredith:17.2
2026-08-13,AKAM,26.4,,1,Rishi Jaluria:26.4
2026-08-13,ALL,11.9,,1,Michael Zaremski:11.9
2026-08-13,AMAT,47.85,20.4631,4,Blayne Curtis:68.7|Joseph Quatrochi:62.1|Srini Pajjuri:31.4|Thomas O'Malley:29.2
2026-08-13,AMCR,20.5,3.3941,2,George Staphos:22.9|Hillary Cacanando:18.1
2026-08-13,AMD,25.9,,1,Stacy Rasgon:25.9
2026-08-13,AMGN,0.7,,1,Emily Field:0.7
2026-08-13,APP,77.5,,1,Matthew Swanson:77.5
2026-08-13,APTV,42.7,,1,Dan Levy:42.7
2026-08-13,ARE,1.7,,1,John Kim:1.7
2026-08-13,BAX,17.6,,1,Joanne Wuensch:17.6
2026-08-13,BDX,6.8,,1,Kendall Au:6.8
2026-08-13,BF.B,3,,1,Stephen Powers:3
2026-08-13,BG,22.5,,1,Andrew Strelzik:22.5
2026-08-13,BIIB,38.2,,1,Alexandria Hammond:38.2
2026-08-13,CAH,12.4333,6.4748,3,Charles Rhyee:19.4|George Hill:11.3|Steven Valiquette:6.6
2026-08-13,CF,-13.6,,1,Vincent Andrews:-13.6
2026-08-13,CMI,38.3,,1,Bill Selesky:38.3
2026-08-13,COHR,28.7636,17.6711,11,Christopher Rolland:39.2|Meta Marshall:22.8|Richard Shannon:57.2|Ruben Roy:37.5|Ryan Koontz:37.5|Saiyi He:42.5|Sean O'Loughlin:29.4|Thomas O'Malley:14.6|Tim Savageaux:-8.3|Unknown Analyst:13|Vivek Arya:31
2026-08-13,COIN,14.1,,1,Manyi Lu:14.1
2026-08-13,COR,8.8,0,2,Elizabeth Anderson CFA:8.8|Glen Santangelo:8.8
2026-08-13,CPT,2.9,,1,Michael Goldsmith:2.9
2026-08-13,CSCO,27.0556,11.1819,9,Aaron Rakers:33.8|Atif Malik:24|Brandon Nispel:20.4|David Vogt:23.1|James Fish:17.7|Jim Kelleher:33.8|Michael Genovese:47.2|Tal Liani:33.8|Tim Long:9.7
2026-08-13,DAL,37.7,,1,Jason Sum:37.7
2026-08-13,DDOG,33.4,,1,Kingsley Crane:33.4
2026-08-13,DLR,27.3,,1,Phani Kanumuri:27.3
2026-08-13,DVN,29.4,0,2,Hanwen Chang:29.4|Sam Margolin:29.4
2026-08-13,EBAY,20.6,,1,Ronald Josey:20.6
2026-08-13,EMR,25.5,,1,Andrew Obin:25.5
2026-08-13,EOG,31,0,2,Hanwen Chang:31|Sam Margolin:31
2026-08-13,EQIX,34.9,,1,Phani Kanumuri:34.9
2026-08-13,ESS,6.3,6.2225,2,Jana Galan:10.7|Michael Goldsmith:1.9
2026-08-13,EXPE,22.9,,1,Ronald Josey:22.9
2026-08-13,FANG,28.3,0,2,Hanwen Chang:28.3|Sam Margolin:28.3
2026-08-13,GEHC,17.3,,1,Joanne Wuensch:17.3
2026-08-13,GILD,0.9,,1,Emily Field:0.9
2026-08-13,GPN,3.1,,1,Timothy Chiodo:3.1
2026-08-13,GS,26.2,,1,Daniel Fannon:26.2
2026-08-13,HD,22.4,,1,Peter Keith:22.4
2026-08-13,HLT,18.9,0.4243,2,Robin M. Farley:18.6|Steven Pizzella:19.2
2026-08-13,HOOD,-0.05,9.4045,2,Benjamin Budish:-6.7|Manyi Lu:6.6
2026-08-13,HST,16.9,,1,Ari Klein:16.9
2026-08-13,INVH,27.1,,1,Jana Galan:27.1
2026-08-13,ISRG,35.4,,1,Joanne Wuensch:35.4
2026-08-13,J,22.7,,1,Sabahat Khan:22.7
2026-08-13,JNJ,12.2,,1,Joanne Wuensch:12.2
2026-08-13,KHC,-2.4,,1,David Palmer:-2.4
2026-08-13,LITE,29.4,,1,Papa Talla Sylla:29.4
2026-08-13,LLY,9.3,0,2,Harry Gillis:9.3|Kerry Holford:9.3
2026-08-13,LOW,39.2,,1,Peter Keith:39.2
2026-08-13,MLM,25.3,,1,Angel Castillo:25.3
2026-08-13,MNST,22.1,,1,Peter Grom:22.1
2026-08-13,NEM,-2.2,,1,Richard Garchitorena:-2.2
2026-08-13,NFLX,74.4,,1,Brian Pitz:74.4
2026-08-13,NRG,79.8,,1,Nicholas Campanella:79.8
2026-08-13,PAYX,3.6,,1,Samad Samana:3.6
2026-08-13,PFE,-9.8,,1,Emily Field:-9.8
2026-08-13,PKG,24.6,,1,Anojja Shah:24.6
2026-08-13,PODD,13.7,,1,Joanne Wuensch:13.7
2026-08-13,PTC,-12.1,,1,Unknown Analyst:-12.1
2026-08-13,SMCI,7.2,,1,Nehal Chokshi:7.2
2026-08-13,SNDK,39.3,31.3459,4,Amit Daryanani:71.4|James Schneider:34.7|Srini Pajjuri:-2|Wamsi Mohan:53.1
2026-08-13,SPG,25.5,4.8083,2,Juan C. Sanabria:22.1|Samir Khanal:28.9
2026-08-13,SYY,14.2,,1,Mark Carden:14.2
2026-08-13,TAP,56.7,,1,Unknown Analyst:56.7
2026-08-13,TDY,18.4,,1,Christine Yao:18.4
2026-08-13,TPR,42.6,,1,Brooke Roach:42.6
2026-08-13,TRMB,50.9,,1,Clarke Jeffries:50.9
2026-08-13,UAL,27.5,,1,Jason Sum:27.5
2026-08-13,UBER,50,4.9497,2,Sachin Mittal:53.5|Thomas Champion:46.5
2026-08-13,UDR,19.6,,1,Unknown Analyst:19.6
2026-08-13,VTR,0,,1,Ronald Kamdem:0
2026-08-13,WMB,20.8,0,2,Gabriel Daoud:20.8|Richard Sunderland:20.8
2026-08-13,WSM,12.7,,1,Joe Feldman:12.7
2026-08-13,XYL,29,,1,Joshua Spector:29
2026-08-14,AJG,24.8,,1,Kevin Heal:24.8
2026-08-14,AMAT,51.8778,17.9156,9,Atif Malik:55.5|Brian Chin:42.4|C J Muse:86.2|Charles Shi:62.1|Christian Schwab:28.2|Krish Sankar:53.3|Melissa Weathers:32.5|Steve Barger:64.3|Vivek Arya:42.4
2026-08-14,AMCR,13.45,13.3643,2,Gabrial Hajde:4|Unknown Analyst:22.9
2026-08-14,APO,21.7,,1,Benjamin Budish:21.7
2026-08-14,AXP,10.9,,1,Iris Gao:10.9
2026-08-14,BBY,-3.1,,1,Steven Zaccone:-3.1
2026-08-14,BDX,17,,1,Joanne Wuensch:17
2026-08-14,BMY,-13.55,33.3047,2,Geoff Meacham:10|Terence Flynn:-37.1
2026-08-14,CHD,22.1,,1,Anna Lizzul:22.1
2026-08-14,CSCO,7,,1,Abhishek Shukla:7
2026-08-14,DVN,5.5,0,2,Bill Selesky:5.5|Unknown Analyst:5.5
2026-08-14,DXCM,26.5,,1,Joanne Wuensch:26.5
2026-08-14,ESS,8.1,,1,Anthony Paolone:8.1
2026-08-14,FDX,36.2,,1,Christian Wetherbee:36.2
2026-08-14,FOXA,22.3333,1.7898,3,Bryan Kraft:21.3|David Karnovsky:24.4|Steven Cahall:21.3
2026-08-14,HD,0.4,,1,Unknown Analyst:0.4
2026-08-14,HON,26,,1,Chigusa Katoku:26
2026-08-14,ICE,15.6,,1,Benjamin Budish:15.6
2026-08-14,IDXX,32.75,1.3435,2,Jonathan Block:33.7|Michael Ryskin:31.8
2026-08-14,IVZ,20.8,,1,William Katz:20.8
2026-08-14,JBHT,23.9,,1,Christian Wetherbee:23.9
2026-08-14,JPM,9.5,,1,Mike Mayo:9.5
2026-08-14,LDOS,28,,1,David E. Strauss:28
2026-08-14,LMT,31.8,,1,John Godyn:31.8
2026-08-14,LOW,39.7,,1,Unknown Analyst:39.7
2026-08-14,LRCX,134.7,,1,Krish Sankar:134.7
2026-08-14,MA,9.8,,1,Iris Gao:9.8
2026-08-14,MAA,5.8,,1,Michael Goldsmith:5.8
2026-08-14,MDT,-6.6,,1,Matthew O'Brien:-6.6
2026-08-14,MGM,37.9,,1,John Staszak:37.9
2026-08-14,NEE,13,,1,James Thalacker:13
2026-08-14,NEM,34.1,,1,Anita Soni:34.1
2026-08-14,NOC,28.5,,1,John Godyn:28.5
2026-08-14,NSC,20.2,,1,Christian Wetherbee:20.2
2026-08-14,SHW,22.2,,1,Vincent Andrews:22.2
2026-08-14,SNDK,26.8,27.99,7,Aaron Rakers:-5.1|Blayne Curtis:7.1|C J Muse:77.5|Harlan Sur:37.8|Joseph Moore:7.1|Matt Bryson:22.4|Thomas O'Malley:40.8
2026-08-14,TECH,1.2,,1,Evan Stampler:1.2
2026-08-14,TPR,43.475,12.4098,4,Aneesha Sherman:56.1|Lorraine Hutchinson:26.6|Paul Lejuez:43.5|Robert Drbul:47.7
2026-08-14,TRMB,5.8,,1,Jerry Revich:5.8
2026-08-14,TSN,24.6,,1,Alexia Burland Howard:24.6
2026-08-14,UBER,64.6,,1,John Blackledge:64.6
2026-08-14,UDR,25.3,,1,Peter Abramowitz:25.3
2026-08-14,UNP,17.8,,1,Christian Wetherbee:17.8
2026-08-14,UPS,9.7,,1,Unknown Analyst:9.7
2026-08-14,V,10.7,,1,Iris Gao:10.7
2026-08-14,VTR,10,,1,Michael Carroll:10
2026-08-14,WAB,20.4,,1,Ben Mohr:20.4
2026-08-14,WBD,-1,,1,Laurent Yoon:-1
2026-08-14,YUM,27.8,,1,John Staszak:27.8
2026-08-16,AMZN,30.5,,1,Brian Nowak:30.5
2026-08-16,NEM,14.3,,1,Lawson Winder:14.3
2026-08-16,NOW,5.6,,1,Derrick Wood:5.6
2026-08-17,AAPL,20.4,,1,Timm Schulze-Melander:20.4
2026-08-17,ABBV,16.7,,1,Mohit Bansal:16.7
2026-08-17,ADI,45.2,,1,Matthew Prisco:45.2
2026-08-17,ADM,9.5,,1,Manav Gupta:9.5
2026-08-17,AEE,14.4,,1,Richard Sunderland:14.4
2026-08-17,AEP,12.7,,1,Richard Sunderland:12.7
2026-08-17,AIG,19.5,,1,Ryan Tunis:19.5
2026-08-17,AKAM,48,,1,Samik Chatterjee:48
2026-08-17,ALL,18.2,,1,Paul Newsome:18.2
2026-08-17,AMAT,43.85,10.2906,4,Jim Kelleher:31.4|Ling Lee Keng:55.5|Shane Brett CFA:40.6|Unknown Analyst:47.9
2026-08-17,AMCR,11.1,0,2,Jeffrey Zekauskas:11.1|Lee Power:11.1
2026-08-17,AMGN,-6.7,,1,Salim Syed:-6.7
2026-08-17,APP,35.8,,1,Mike Hickey:35.8
2026-08-17,ARE,11.5,,1,James Kammert:11.5
2026-08-17,ATO,9.7,,1,Richard Sunderland:9.7
2026-08-17,AXP,27.8,,1,Donald Fandetti:27.8
2026-08-17,AZO,58.3,,1,Unknown Analyst:58.3
2026-08-17,BDX,2.3,,1,Josh Jennings:2.3
2026-08-17,BR,7.3,,1,Alex Kramm:7.3
2026-08-17,BRK.B,5.8,,1,Manyi Lu:5.8
2026-08-17,BXP,31.4,,1,Jeffrey Spector:31.4
2026-08-17,CAH,10.8,,1,Lisa Gill:10.8
2026-08-17,CAT,41.1,,1,Jerry Revich:41.1
2026-08-17,CBRE,30.2,,1,Brendan Lynch:30.2
2026-08-17,CEG,10.3,10.9119,3,Pei Hwa Ho:22.9|Sunaina Ocalan‏:4|Unknown Analyst:4
2026-08-17,CNP,9.9,,1,Nicholas Amicucci:9.9
2026-08-17,COF,21.5,,1,Moshe Orenbuch:21.5
2026-08-17,COHR,52.3,,1,Joseph Cardoso:52.3
2026-08-17,CPT,15.05,6.1518,2,Anthony Paolone:10.7|Richard Hightower:19.4
2026-08-17,CSCO,33.8,0,2,Amit Daryanani:33.8|Joseph Cardoso:33.8
2026-08-17,CTVA,19.2,0,2,Joel Jackson:19.2|John McNulty:19.2
2026-08-17,D,5.65,4.4548,2,Nicholas Amicucci:8.8|Richard Sunderland:2.5
2026-08-17,DDOG,35.6,0,2,Gregg Moskowitz:35.6|William Power:35.6
2026-08-17,DUK,13,,1,Richard Sunderland:13
2026-08-17,ED,5.2,,1,Nicholas Amicucci:5.2
2026-08-17,EQIX,22.9,,1,Vikram Malhotra:22.9
2026-08-17,ESS,8.8,,1,Richard Hightower:8.8
2026-08-17,ETR,18.65,4.0305,2,Nicholas Amicucci:21.5|Richard Sunderland:15.8
2026-08-17,EXC,11.2,,1,Richard Sunderland:11.2
2026-08-17,EXE,22.3,13.435,2,Betty Jiang:12.8|Charles Meade:31.8
2026-08-17,FANG,7.8,,1,Betty Jiang:7.8
2026-08-17,FRT,9.35,2.4749,2,Michael Goldsmith:11.1|Richard Hightower:7.6
2026-08-17,FSLR,18.9,20.6475,2,Christine Cho CFA:33.5|Nicholas Amicucci:4.3
2026-08-17,GPN,7.6,,1,Damon Delmonte:7.6
2026-08-17,HBAN,24.6,,1,David George:24.6
2026-08-17,HLT,4.5,,1,Richard Clarke:4.5
2026-08-17,HON,26,,1,Stephen Volkmann:26
2026-08-17,INCY,7,,1,Allison Bratzel:7
2026-08-17,INVH,30.7,,1,Richard Hightower:30.7
2026-08-17,KIM,22.9,3.1113,2,Michael Goldsmith:25.1|Richard Hightower:20.7
2026-08-17,KO,13.3,,1,Peter Galbo:13.3
2026-08-17,MAA,17.8,,1,Richard Hightower:17.8
2026-08-17,MAR,20.1,,1,Richard Clarke:20.1
2026-08-17,MNST,15.2,,1,Nik Modi:15.2
2026-08-17,MSFT,26.1,,1,Samik Chatterjee:26.1
2026-08-17,MU,58.9,,1,Vivek Arya:58.9
2026-08-17,NEE,9.3,,1,Pei Hwa Ho:9.3
2026-08-17,NEM,6.5,,1,Josh Wolfson:6.5
2026-08-17,NI,24.4,1.6971,2,Nicholas Amicucci:25.6|Paul Fremont:23.2
2026-08-17,NRG,67.5,,1,Pei Hwa Ho:67.5
2026-08-17,OXY,15.5,,1,Betty Jiang:15.5
2026-08-17,PEG,16,,1,Richard Sunderland:16
2026-08-17,PFE,8.2,,1,Evan Seigerman:8.2
2026-08-17,PFG,4.2,,1,Wilma Burdis:4.2
2026-08-17,PGR,-8.1,,1,Ryan Tunis:-8.1
2026-08-17,PH,31.5,,1,Amit Mehrotra:31.5
2026-08-17,PNW,5.1,,1,Richard Sunderland:5.1
2026-08-17,PPL,23.2,,1,Nicholas Amicucci:23.2
2026-08-17,PRU,9.9,,1,Pablo Singzon:9.9
2026-08-17,PYPL,9.8,,1,Bill Carcache:9.8
2026-08-17,RDDT,29.9,,1,Josh Beck:29.9
2026-08-17,REG,18.6,6.6468,2,Michael Goldsmith:13.9|Richard Hightower:23.3
2026-08-17,REGN,3.9,2.1213,2,David Risinger:5.4|Evan Seigerman:2.4
2026-08-17,ROP,7.3,,1,Deane Dray:7.3
2026-08-17,SCHW,16.6,,1,Benjamin Budish:16.6
2026-08-17,SMCI,12.2,,1,Joseph Cardoso:12.2
2026-08-17,SO,11.3,,1,Richard Sunderland:11.3
2026-08-17,SOLV,-3.9,,1,Vik Chopra:-3.9
2026-08-17,SPG,8.5667,3.6529,3,Michael Goldsmith:8.4|Nicholas Joseph:12.3|Richard Hightower:5
2026-08-17,SRE,27.2,,1,Nicholas Amicucci:27.2
2026-08-17,STE,27.6,,1,Brett Fishbin:27.6
2026-08-17,SYF,17.75,0.9192,2,Mihir Bhatia:17.1|Moshe Orenbuch:18.4
2026-08-17,TPR,33.775,12.0854,4,Alexandra Straton:34.2|Dana Telsey:47.7|Ike Boruchow:35|Kahori Tamada:18.2
2026-08-17,TRGP,9.6,,1,Manav Gupta:9.6
2026-08-17,TRMB,31.8,,1,Tami Zakaria:31.8
2026-08-17,UDR,31,,1,Richard Hightower:31
2026-08-17,URI,37,,1,Jerry Revich:37
2026-08-17,VLTO,16.9,,1,John Eade:16.9
2026-08-17,VRTX,16.4,,1,Evan Seigerman:16.4
2026-08-17,VST,29.8667,13.6255,3,Pei Hwa Ho:45.6|Sunaina Ocalan‏:22|Unknown Analyst:22
2026-08-17,VTRS,33.3,,1,Glen Santangelo:33.3
2026-08-17,WBD,10.6,,1,Joseph Bonner:10.6
2026-08-17,WDAY,18.5,,1,Brad Zelnick:18.5
2026-08-17,WEC,8.2,,1,Richard Sunderland:8.2
2026-08-17,XEL,16.6,,1,Richard Sunderland:16.6
2026-08-17,XOM,4.8,,1,Manav Gupta:4.8
2026-08-18,ALGN,55.8,,1,Jason Bednar:55.8
2026-08-18,AMCR,20.5,,1,Michael Roxland:20.5
2026-08-18,AMGN,21.9,,1,Jasper Hellweg:21.9
2026-08-18,APA,-2.75,14.2128,2,Bill Selesky:7.3|Leo Mariani:-12.8
2026-08-18,APP,69.8,,1,James Heaney CFA:69.8
2026-08-18,AXP,9.95,3.0406,2,Terry Ma:12.1|Unknown Analyst:7.8
2026-08-18,CAH,17.2,,1,Glen Santangelo:17.2
2026-08-18,CBRE,35.2,,1,Julien Blouin:35.2
2026-08-18,CNC,20.4,,1,Andrew Mok CFA:20.4
2026-08-18,COF,15.2,,1,Terry Ma:15.2
2026-08-18,COP,11.4,,1,Bill Selesky:11.4
2026-08-18,CRWD,20.9,,1,Yi Fu Lee:20.9
2026-08-18,CVNA,20.75,7.1418,2,David Lantz:15.7|Marvin Fong:25.8
2026-08-18,CVS,20.4,,1,Steven Silver:20.4
2026-08-18,DASH,36.2,,1,Justin Post:36.2
2026-08-18,DLR,27.3,,1,Irvin Liu:27.3
2026-08-18,DOC,8.4,,1,Michael Mueller:8.4
2026-08-18,DTE,13.1,0,2,Marie Ferguson:13.1|Unknown Analyst:13.1
2026-08-18,DVN,9.5,,1,Neil Mehta:9.5
2026-08-18,EBAY,17.9,,1,Nathan Feather:17.9
2026-08-18,ECL,22,,1,Ashish Sabadra:22
2026-08-18,ESS,19.1,,1,Peter Abramowitz:19.1
2026-08-18,EXR,16.6,2.5456,2,Michael Goldsmith:18.4|Nicholas Yulico:14.8
2026-08-18,FERG,29.4,17.112,2,Arnaud Lehmann:41.5|Collin Verron:17.3
2026-08-18,FSLR,54.5,,1,David Arcaro:54.5
2026-08-18,FTV,24.3,,1,John Eade:24.3
2026-08-18,HBAN,24.6,,1,Jon Arfstrom:24.6
2026-08-18,HD,25.0857,7.3951,7,Chris Graja:29.6|Christopher Nardone:31.8|Kate McShane:22.1|Michael Baker:22.1|Steven Shemesh:10.8|Unknown Analyst:29.6|Zachary Fadem:29.6
2026-08-18,HON,44.8,,1,Deane Dray:44.8
2026-08-18,IT,14.7,,1,Jeffrey Silber:14.7
2026-08-18,JBHT,18.3,,1,Fadi Chamoun:18.3
2026-08-18,KEYS,30.1,4.8083,2,Mark Delaney:33.5|Tim Long:26.7
2026-08-18,LHX,9.6,,1,Scott Deuschle:9.6
2026-08-18,MCK,13.4,,1,Glen Santangelo:13.4
2026-08-18,MTB,9.2,,1,Ebrahim Poonawala:9.2
2026-08-18,MU,66.6,,1,Timothy Arcuri:66.6
2026-08-18,NCLH,24.85,14.3543,2,Benjamin Chaiken:14.7|Robin M. Farley:35
2026-08-18,O,21,,1,Michael Goldsmith:21
2026-08-18,PSA,9.9,,1,Michael Goldsmith:9.9
2026-08-18,SBUX,21.5,0,2,Andrew Charles:21.5|Joshua Buchalter:21.5
2026-08-18,SYF,22.4,,1,Terry Ma:22.4
2026-08-18,TPR,47.7,,1,Oliver Chen:47.7
2026-08-18,TRGP,12.85,8.556,2,John Mackay:6.8|Julien Dumoulin Smith:18.9
2026-08-18,ULTA,18.9,,1,Rupesh Parikh:18.9
2026-08-18,VMRK,9.9,,1,Steve Sakwa:9.9
2026-08-18,VRSK,30.5,,1,Ashish Sabadra:30.5
2026-08-19,ADI,24.6429,4.2339,7,Blayne Curtis:25.4|Christopher Rolland:25.4|James Schneider:26.7|Joshua Buchalter:21.4|Stacy Rasgon:22.8|Thomas O'Malley:18.8|Vivek Arya:32
2026-08-19,ADSK,60.5,,1,Jason Celino:60.5
2026-08-19,AFL,-2.45,11.6673,2,Tracy Benguigui:-10.7|Wesley Carmichael:5.8
2026-08-19,AIZ,13.3,,1,Bob Huang:13.3
2026-08-19,AJG,20.7,,1,Bob Huang:20.7
2026-08-19,AMGN,-4.1,,1,Terence Flynn:-4.1
2026-08-19,APP,0.3,,1,Alec Brondolo:0.3
2026-08-19,CAH,17.7,,1,Ryan Halsted:17.7
2026-08-19,CAT,9.9,,1,Adam Seiden:9.9
2026-08-19,CB,6.4,,1,Bob Huang:6.4
2026-08-19,CDNS,45.1,,1,Vivek Arya:45.1
2026-08-19,CEG,31.3,,1,Moses Sutton:31.3
2026-08-19,CFG,19.2,,1,Dave Rochester:19.2
2026-08-19,CME,-2,,1,Brian Bedell:-2
2026-08-19,CMS,20.6,,1,Jeremy Tonet:20.6
2026-08-19,CNP,17.6,,1,Jeremy Tonet:17.6
2026-08-19,COHR,63.7,,1,Michael Genovese:63.7
2026-08-19,CRH,66,,1,Julian Radlinger:66
2026-08-19,CTVA,1.3,,1,Joshua Spector:1.3
2026-08-19,D,24.3,,1,Shelby Tucker:24.3
2026-08-19,DGX,10.6,,1,Erin Wright:10.6
2026-08-19,DIS,35.1,,1,Michael Ng:35.1
2026-08-19,DLTR,14.2,,1,Corey Tarlowe:14.2
2026-08-19,DTE,17.7,,1,Jeremy Tonet:17.7
2026-08-19,DUK,14.7,,1,Jeremy Tonet:14.7
2026-08-19,EBAY,11.4,,1,Unknown Analyst:11.4
2026-08-19,EG,3.6,0,2,Andrew Kligerman:3.6|Unknown Analyst:3.6
2026-08-19,EL,13.6,13.428,3,Anna Glaessgen:3|Cristian Rios:9.1|Robert Ottenstein:28.7
2026-08-19,ETR,30.1,,1,Jeremy Tonet:30.1
2026-08-19,F,-21.3,,1,Colin Langan:-21.3
2026-08-19,FANG,7.3,,1,Neil Mehta:7.3
2026-08-19,FTV,7.9,,1,Brandon Knutson‏:7.9
2026-08-19,GEHC,23.6,,1,Ryan Zimmerman:23.6
2026-08-19,GM,-28.8,,1,Colin Langan:-28.8
2026-08-19,HBAN,36.4,,1,Mike Mayo:36.4
2026-08-19,HD,30.4,5.1561,8,David Bellinger:26.3|Greg Melich:29.6|Joe Feldman:32.8|Jonathan Matuszewski:28.9|Max Rakhlenko:32.8|Michael Lasser:36|Scot Ciccarelli:20.8|Seth Sigman:36
2026-08-19,HSIC,24.5,,1,David Larsen:24.5
2026-08-19,IBM,11,,1,Matthew Swanson:11
2026-08-19,INTU,32.2,,1,Brad Zelnick:32.2
2026-08-19,IR,19.3,,1,Brandon Knutson‏:19.3
2026-08-19,JKHY,22.25,10.5359,2,Nik Cremo:14.8|Rayna Kumar:29.7
2026-08-19,KEYS,24.2286,4.7668,7,Aaron Rakers:19.6|Andrew Spinola:29.9|Joseph Cardoso:25.5|Matthew Niknam:18.1|Mehdi Hosseini:29.9|Meta Marshall:25.5|Quinn Fredrickson:21.1
2026-08-19,LITE,40.2,,1,Michael Genovese:40.2
2026-08-19,LOW,27.0167,7.5096,6,Christopher Horvers:28|Christopher Nardone:28|Kate McShane:37.2|Max Rakhlenko:19.4|Seth Sigman:32.1|Steven Shemesh:17.4
2026-08-19,MCK,-4.1,,1,Ryan Halsted:-4.1
2026-08-19,MET,12.2,0,2,Elyse Greenspan:12.2|Wesley Carmichael:12.2
2026-08-19,MKC,26.7,,1,Peter Galbo:26.7
2026-08-19,MRK,24.4,,1,Terence Flynn:24.4
2026-08-19,MRNA,-27.1667,30.0869,6,Alec Stranahan:18.1|Andrew Tsai:-58.3|Geoff Meacham:-58.3|Luca Issi:-9.7|Salveen Richter:-16.6|Terence Flynn:-38.2
2026-08-19,MRSH,13.1,,1,Bob Huang:13.1
2026-08-19,MTB,18.8,,1,Dave Rochester:18.8
2026-08-19,NEE,22.7,,1,Unknown Analyst:22.7
2026-08-19,NOC,13.7,,1,Gautam Khanna:13.7
2026-08-19,NOW,13.2,,1,Tal Liani:13.2
2026-08-19,NRG,94.8,,1,Moses Sutton:94.8
2026-08-19,PG,15,,1,Nik Modi:15
2026-08-19,PGR,14.4333,24.7294,3,Joshua Shanker:42|Michael Zaremski:-5.8|Robert Cox CFA:7.1
2026-08-19,PPL,29.1,,1,Jeremy Tonet:29.1
2026-08-19,PRU,-7.7,,1,Wesley Carmichael:-7.7
2026-08-19,REG,17.9,,1,James Feldman:17.9
2026-08-19,RMD,5.4,,1,Jackson Philips:5.4
2026-08-19,SO,15.9,,1,Jeremy Tonet:15.9
2026-08-19,SYY,20.2,,1,John Ivankoe:20.2
2026-08-19,TGT,4.5833,12.5853,6,Christopher Nardone:-10.2|John Heinbockel:12.3|Michael Baker:18.7|Oliver Chen:2.7|Seth Sigman:-10.2|Steven Shemesh:14.2
2026-08-19,TJX,42.3,4.0632,3,Brooke Roach:41.2|Dana Telsey:46.8|Lorraine Hutchinson:38.9
2026-08-19,TRGP,18.2,,1,Robert Kad:18.2
2026-08-19,TRMB,38.7,,1,Guy Hardwick:38.7
2026-08-19,UHS,4.7,,1,Ben Hendrix:4.7
2026-08-19,UNP,21.7,,1,Unknown Analyst:21.7
2026-08-19,VMRK,19.8,,1,Simon Yarmak:19.8
2026-08-19,VST,60.4,16.2635,2,Moses Sutton:71.9|Shelby Tucker:48.9
2026-08-19,WEC,14.4,0.7071,2,Jeremy Tonet:14.9|Marie Ferguson:13.9
2026-08-19,WTW,10.9,,1,Bob Huang:10.9
2026-08-19,XEL,28.5,,1,Jeremy Tonet:28.5
2026-08-20,ABBV,17.8,,1,David Amsellem:17.8
2026-08-20,ABT,22.1,13.1522,2,Marie Thibault:31.4|Travis Steed:12.8
2026-08-20,ADI,20.8636,9.0612,11,Harlan Sur:32|Harsh Kumar:13.5|Jay Goldberg:12.2|Joseph Moore:20.9|Joseph Quatrochi:32|Quinn Bolton:18.8|Rick Schafer:18.8|Timothy Arcuri:29.4|Tore Svanberg:31.5|Unknown Analyst:13.5|William Stein:6.9
2026-08-20,AEP,21.6,,1,Carly Davenport:21.6
2026-08-20,ALB,44.7,,1,Tina Ting Hu:44.7
2026-08-20,AMD,6.6,0,2,Harsh Kumar:6.6|Unknown Analyst:6.6
2026-08-20,AMT,14.15,4.0305,2,Brendan Lynch:11.3|Vikram Malhotra:17
2026-08-20,AMZN,30.5,,1,Scott Devitt:30.5
2026-08-20,APA,-1.6,6.7,3,Devin McDermott:-8.3|Scott Gruber:-1.6|Scott Hanold:5.1
2026-08-20,AVGO,25.7,,1,Unknown Analyst:25.7
2026-08-20,BMY,25.7,,1,Michael Yee:25.7
2026-08-20,CCI,11.1,,1,Brendan Lynch:11.1
2026-08-20,CIEN,57.3,,1,Tal Liani:57.3
2026-08-20,CNC,0.9,,1,John Stansel:0.9
2026-08-20,COF,17.6,,1,Mark DeVries:17.6
2026-08-20,COP,10.3,0.5657,2,Devin McDermott:9.9|Scott Hanold:10.7
2026-08-20,CVNA,22.9,,1,Brad Erickson:22.9
2026-08-20,CVX,1.8,,1,Devin McDermott:1.8
2026-08-20,DASH,8.9,,1,Ygal Arounian:8.9
2026-08-20,DLR,19.8,,1,Madison Rezaei:19.8
2026-08-20,DTE,24.5,,1,Shahriar Pourreza:24.5
2026-08-20,DVN,20.45,7.0004,2,Devin McDermott:25.4|Scott Hanold:15.5
2026-08-20,EBAY,27.1,,1,Ygal Arounian:27.1
2026-08-20,EL,8.9222,9.664,9,Anna Andreeva:18.4|Christopher Carey:7.1|Dara Mohsenian:5|Filippo Falorni:18.4|Nik Modi:23.6|Oliver Chen:3|Peter Grom:9.1|Susan Anderson:-7.3|Sydney Wagner:3
2026-08-20,EOG,12.65,8.6974,2,Devin McDermott:6.5|Scott Hanold:18.8
2026-08-20,EQIX,22.4,,1,Madison Rezaei:22.4
2026-08-20,EQT,20.2,5.2326,2,Devin McDermott:23.9|Scott Hanold:16.5
2026-08-20,ETN,17.5,,1,Luke Junk:17.5
2026-08-20,EXE,36,,1,Devin McDermott:36
2026-08-20,EXPE,48.5,,1,Ygal Arounian:48.5
2026-08-20,FANG,8.6333,7.4002,3,Devin McDermott:5.4|Leo Mariani:3.4|Scott Hanold:17.1
2026-08-20,FISV,2.8,,1,Matthew Coad:2.8
2026-08-20,FTNT,18.5,,1,Fatima Boolani:18.5
2026-08-20,GEV,35.6,0,2,Unknown Analyst:35.6|Varun Govindaraj:35.6
2026-08-20,GILD,14.8,,1,Terence Flynn:14.8
2026-08-20,GOOGL,13.7,,1,Mark Shmulik:13.7
2026-08-20,HAL,11.6,,1,Joe Laetsch:11.6
2026-08-20,HUBB,19.5,,1,Luke Junk:19.5
2026-08-20,JKHY,17.0667,10.0947,3,Jason Kupferberg:21.6|Timothy Chiodo:5.5|Vasundhara Govil:24.1
2026-08-20,KEYS,18.1,,1,Atif Malik:18.1
2026-08-20,LOW,30.1375,7.6394,8,David Bellinger:27|Greg Melich:16.9|Joe Feldman:32.1|Jonathan Matuszewski:32.1|Michael Lasser:39.7|Scot Ciccarelli:29.1|Steven Forbes:39.7|Zachary Fadem:24.5
2026-08-20,MAR,18,,1,Robin M. Farley:18
2026-08-20,MAS,15.3,,1,Matthew Bouley:15.3
2026-08-20,MCHP,28,0,2,Harsh Kumar:28|Unknown Analyst:28
2026-08-20,MDLZ,18.5,,1,Alexia Burland Howard:18.5
2026-08-20,META,23.5,,1,Mark Shmulik:23.5
2026-08-20,MRK,16.9667,5.2918,3,Asad Haider:11.2|Evan Seigerman:18.1|Michael Yee:21.6
2026-08-20,MRNA,-32.25,51.5481,2,Courtney Breen:-68.7|Michael Yee:4.2
2026-08-20,MRVL,5.9,,1,Matt Murphy:5.9
2026-08-20,MU,33.3,0,2,Harsh Kumar:33.3|Unknown Analyst:33.3
2026-08-20,NDSN,14.5,,1,Jeffrey Hammond:14.5
2026-08-20,NVDA,55.8,,1,Unknown Analyst:55.8
2026-08-20,OTIS,56.3,,1,Kristina Ruggeri:56.3
2026-08-20,OXY,12.3,,1,Devin McDermott:12.3
2026-08-20,PFE,4.6,,1,Courtney Breen:4.6
2026-08-20,PGR,8.225,10.5976,4,Alex Scott:13|Elyse Greenspan:-7.6|Harry Fong:12.6|Meyer Shields:14.9
2026-08-20,PYPL,11.7,,1,Iris Gao:11.7
2026-08-20,REGN,-1.5,,1,Louise Chen:-1.5
2026-08-20,ROST,21.95,10.1116,2,Adrienne Yih:29.1|Lorraine Hutchinson:14.8
2026-08-20,SBAC,12.1,,1,Brendan Lynch:12.1
2026-08-20,SLB,-1.9,,1,Joe Laetsch:-1.9
2026-08-20,SNA,10.5,,1,Gary Prestopino:10.5
2026-08-20,SO,18.2,,1,Carly Davenport:18.2
2026-08-20,SOLV,15.5,,1,Patrick Wood:15.5
2026-08-20,SPG,8.4,,1,Greg McGinniss:8.4
2026-08-20,TGT,7.1333,10.3924,15,Bill Kirk:-8.9|Charles Grom:28.3|Christopher Horvers:0.8|Corey Tarlowe:18.7|David Bellinger:-3.7|Edward Kelly:18.7|Greg Melich:9.1|Kelly Bania:2.7|Krisztina Katai:-3.7|Michael Lasser:18.7|Paul Lejuez:2.7|Peter Benedict:9.1|Peter Keith:-1.8|Scot Ciccarelli:7.2|Simeon Gutman:9.1
2026-08-20,TJX,36.3667,17.1029,6,Aneesha Sherman:38.9|Charles Grom:23|Ike Boruchow:11.1|Jay Sole:57.1|Michael Binetti:37.3|Robert Drbul:50.8
2026-08-20,VLTO,21.1,,1,Nathan Jones:21.1
2026-08-20,VMRK,11.4,,1,Michael Goldsmith:11.4
2026-08-20,VRTX,13.5,,1,Michael Yee:13.5
2026-08-20,WM,27,,1,Unknown Analyst:27
2026-08-20,WMT,15.75,9.0353,4,Charles Grom:2.7|David Bellinger:21.3|Oliver Chen:16.7|Steven Shemesh:22.3
2026-08-20,WTW,44.2,,1,Andrew Kligerman:44.2
2026-08-20,XOM,6.6,,1,Devin McDermott:6.6
2026-08-21,ABT,32.4,,1,Matthew Taylor:32.4
2026-08-21,ADSK,53,,1,Joseph Vruwink:53
2026-08-21,AEE,8.7,,1,David Arcaro:8.7
2026-08-21,AEP,9.5,,1,David Arcaro:9.5
2026-08-21,ALL,-6.2,6.6468,2,Alex Scott:-10.9|Meyer Shields:-1.5
2026-08-21,ALLE,10.9,,1,Tomohiko Sano:10.9
2026-08-21,AMD,25.9,,1,Suji Desilva:25.9
2026-08-21,AMP,14.4,,1,Wilma Burdis:14.4
2026-08-21,ANET,20.2,,1,James Fish:20.2
2026-08-21,AOS,4.5,,1,Tomohiko Sano:4.5
2026-08-21,ATO,16.4,,1,David Arcaro:16.4
2026-08-21,CEG,27.8,,1,David Arcaro:27.8
2026-08-21,CL,17.5,,1,Peter Galbo:17.5
2026-08-21,CMS,17.6,,1,David Arcaro:17.6
2026-08-21,CNP,-0.3,,1,David Arcaro:-0.3
2026-08-21,COIN,88.3,,1,Gautam Chhugani:88.3
2026-08-21,CRWD,-0.4,,1,Blair Abernethy:-0.4
2026-08-21,D,5.7,,1,David Arcaro:5.7
2026-08-21,DAL,37.7,,1,Sheila Kahyaoglu:37.7
2026-08-21,DE,-0.1556,12.4045,9,Adam Seiden:-0.1|Angel Castillo:8|Jerry Revich:11|Joel Jackson:-26|Kristen Owen:1.4|Michael Feniger:-1.3|Sabahat Khan:11.3|Steven Fisher:7.7|Tami Zakaria:-13.4
2026-08-21,DECK,60,,1,Blake Anderson:60
2026-08-21,DOC,5.9,,1,Michael Goldsmith:5.9
2026-08-21,DTE,11.6,,1,David Arcaro:11.6
2026-08-21,DUK,11.4,,1,David Arcaro:11.4
2026-08-21,ED,-5.1,,1,David Arcaro:-5.1
2026-08-21,EFX,39.1,,1,Simon Clinch:39.1
2026-08-21,EIX,16.1,,1,David Arcaro:16.1
2026-08-21,ETR,-0.3,,1,David Arcaro:-0.3
2026-08-21,EXC,22.8,,1,David Arcaro:22.8
2026-08-21,FE,12.7,,1,David Arcaro:12.7
2026-08-21,FERG,32.6,,1,Annelies Vermeulen:32.6
2026-08-21,GEN,5.8,,1,Joseph Bonner:5.8
2026-08-21,HD,29.6,,1,Simeon Gutman:29.6
2026-08-21,HONA,29.5,,1,Kristine Liwag:29.5
2026-08-21,HSY,18.9,,1,Nik Modi:18.9
2026-08-21,INCY,25.1,,1,John Newman:25.1
2026-08-21,INTU,71,,1,Andy Yu CFA:71
2026-08-21,ISRG,27.3,,1,Adam Maeder:27.3
2026-08-21,JKHY,8,3.5355,2,James Faucette:5.5|Will Nance:10.5
2026-08-21,KMB,22.3,,1,Taylor Conrad:22.3
2026-08-21,LLY,20.5,,1,Jason Gerberry:20.5
2026-08-21,MDLZ,5.7,,1,Michael Lavery:5.7
2026-08-21,MRNA,-46.5,,1,Jessica Fye:-46.5
2026-08-21,NDSN,14.65,4.3134,2,Christopher Glynn:17.7|Michael Halloran:11.6
2026-08-21,NEE,38.5,,1,David Arcaro:38.5
2026-08-21,NFLX,9.8,,1,Doug Anmuth:9.8
2026-08-21,NI,25.6,,1,Shahriar Pourreza:25.6
2026-08-21,NRG,42.8,,1,David Arcaro:42.8
2026-08-21,PCG,59.4,,1,David Arcaro:59.4
2026-08-21,PEG,24.3,1.9799,2,David Arcaro:25.7|Shahriar Pourreza:22.9
2026-08-21,PEP,29.1,,1,Michael Lavery:29.1
2026-08-21,PNR,66.1,,1,Bryan Blair:66.1
2026-08-21,PNW,-2.2,,1,David Arcaro:-2.2
2026-08-21,PPL,23.2,,1,David Arcaro:23.2
2026-08-21,RDDT,33.1,,1,Brian Nowak:33.1
2026-08-21,ROK,14.4,,1,Chris Dankert:14.4
2026-08-21,ROL,29.6,,1,Tomohiko Sano:29.6
2026-08-21,ROST,15.9091,9.9507,11,Alexandra Straton:1.4|Aneesha Sherman:4|Corey Tarlowe:23.5|Dana Telsey:21.3|Ike Boruchow:7.5|Jay Sole:3.6|Krisztina Katai:27.4|Mark Altschwager:17|Matthew Boss:17.9|Michael Binetti:25.7|Paul Lejuez:25.7
2026-08-21,SMCI,27.2,,1,Sajal Dogra:27.2
2026-08-21,SO,2.1,,1,David Arcaro:2.1
2026-08-21,SRE,24.8,,1,David Arcaro:24.8
2026-08-21,SWKS,-20.8,,1,Unknown Analyst:-20.8
2026-08-21,TER,10.6,,1,Quinn Fredrickson:10.6
2026-08-21,TGT,16.8,,1,Joe Feldman:16.8
2026-08-21,TJX,22.2,,1,Paul Lejuez:22.2
2026-08-21,TMUS,20.7,,1,Laurent Yoon:20.7
2026-08-21,TROW,16.7,,1,Unknown Analyst:16.7
2026-08-21,TTWO,39.2,,1,James Heaney CFA:39.2
2026-08-21,UPS,14.7,,1,Fadi Chamoun:14.7
2026-08-21,VST,53,,1,David Arcaro:53
2026-08-21,VTR,3.3,,1,Michael Goldsmith:3.3
2026-08-21,WELL,15,,1,Michael Goldsmith:15
2026-08-21,WMT,17.3846,6.7747,13,Bill Kirk:28.8|Bobby Griffin:21.3|Christopher Horvers:16.7|Edward Kelly:12|Greg Melich:16.7|Joe Feldman:21.3|John Heinbockel:21.3|Krisztina Katai:5.5|Michael Lasser:21.3|Paul Lejuez:23.2|Peter Benedict:12|Peter Keith:19.5|Scot Ciccarelli:6.4
2026-08-21,XEL,17.9,,1,David Arcaro:17.9
2026-08-22,DIS,17.3,,1,Sean Diffley:17.3
2026-08-23,EOG,2.5,,1,Neil Mehta:2.5
2026-08-23,INTU,55.5,,1,Brent Thill:55.5
2026-08-23,LOW,31.1,,1,Simeon Gutman:31.1
2026-08-23,MRVL,16.5,,1,Cody Acree:16.5
2026-08-23,TDG,33.7,,1,Michael Goldie:33.7
2026-08-24,ABNB,22.5,7.0711,2,Mark Mahaney:17.5|Richard Clarke:27.5
2026-08-24,ACN,3.3,,1,Bryan Keane:3.3
2026-08-24,ADI,78.2,,1,Tristan Gerra:78.2
2026-08-24,ADP,8.1,,1,Andy Yu CFA:8.1
2026-08-24,AMAT,29.2,,1,Vijay Rakesh:29.2
2026-08-24,AME,1.3,,1,Christine Yao:1.3
2026-08-24,ARE,4.6,4.1012,2,Farrell Granath:7.5|Wes Golladay:1.7
2026-08-24,BA,34.95,9.4045,2,Douglas Harned:41.6|Ronald Epstein:28.3
2026-08-24,BKNG,55.2,,1,Mark Mahaney:55.2
2026-08-24,BKR,28.7,,1,Keith Mackey:28.7
2026-08-24,CMG,10.5,0,2,David Tarantino CFA:10.5|Unknown Analyst:10.5
2026-08-24,CMI,30.75,13.5057,2,Stephen Volkmann:21.2|Unknown Analyst:40.3
2026-08-24,CSCO,22.65,3.182,2,Matthew Niknam:24.9|Meta Marshall:20.4
2026-08-24,CSGP,-4.8,18.5262,2,Jason Haas CFA:-17.9|Jeffrey Silber:8.3
2026-08-24,CSX,-1.9,,1,Alex Irving:-1.9
2026-08-24,DAL,27,6.2225,2,Savanthi Syth:22.6|Thomas Fitzgerald CFA:31.4
2026-08-24,DE,9.2333,11.7458,3,Jamie Cook:19|Kyle Menges:-3.8|Michael Shlisky:12.5
2026-08-24,DECK,4.6,,1,Ike Boruchow:4.6
2026-08-24,DOC,23.2,,1,Farrell Granath:23.2
2026-08-24,DPZ,19.2667,12.0666,3,Brian Bittner:33.2|Chris O`Cull:12.3|Unknown Analyst:12.3
2026-08-24,DRI,19.1,0,2,Chris O`Cull:19.1|Unknown Analyst:19.1
2026-08-24,ED,5.2,,1,Jeremy Tonet:5.2
2026-08-24,EL,5,11.8934,4,Andrea Faria Teixeira:15.3|Bonnie Herzog:15.3|Fulvio Cazzol:-5.3|Unknown Analyst:-5.3
2026-08-24,EMR,1.8,,1,Chris Dankert:1.8
2026-08-24,EOG,-6.4,,1,Leo Mariani:-6.4
2026-08-24,ES,6.5,,1,Jeremy Tonet:6.5
2026-08-24,EXC,8.9,,1,Jeremy Tonet:8.9
2026-08-24,EXPE,53.1,,1,Mark Mahaney:53.1
2026-08-24,EXR,16.2,,1,Samir Khanal:16.2
2026-08-24,FE,12.7,,1,Jeremy Tonet:12.7
2026-08-24,FIX,24.2,,1,Kurt Yinger:24.2
2026-08-24,GOOGL,18.2,,1,Brian Nowak:18.2
2026-08-24,GWW,9.4,0,2,Christine Yao:9.4|Christopher Snyder:9.4
2026-08-24,HCA,-0.5,,1,Benjamin Rossi:-0.5
2026-08-24,HD,29.6,,1,Steven Zaccone:29.6
2026-08-24,HWM,42.9,,1,Douglas Harned:42.9
2026-08-24,LITE,7.9,,1,Meta Marshall:7.9
2026-08-24,LOW,32.1,,1,Steven Zaccone:32.1
2026-08-24,LRCX,36.65,20.1525,2,Atif Malik:50.9|Vijay Rakesh:22.4
2026-08-24,LUV,29.95,10.8187,2,Savanthi Syth:37.6|Thomas Fitzgerald CFA:22.3
2026-08-24,MCD,12.9,0,2,Chris O`Cull:12.9|Unknown Analyst:12.9
2026-08-24,MET,14.3,,1,Bob Huang:14.3
2026-08-24,MNST,14.1,,1,Andrea Faria Teixeira:14.1
2026-08-24,MO,18.9,,1,Lisa Lewandowski:18.9
2026-08-24,MRK,18.1,,1,Jasper Hellweg:18.1
2026-08-24,MRNA,-13.2,,1,Eliana Merle:-13.2
2026-08-24,MU,33.3,,1,Vijay Rakesh:33.3
2026-08-24,NDSN,19.2,,1,Matt Summerville:19.2
2026-08-24,NKE,22.3,,1,Richard Chamberlain:22.3
2026-08-24,NUE,12.2,3.2527,2,Timna Tanners:9.9|Unknown Analyst:14.5
2026-08-24,OKE,11.8,,1,Manav Gupta:11.8
2026-08-24,ORCL,106.3,,1,Andy Yu CFA:106.3
2026-08-24,PANW,21,,1,Yi Fu Lee:21
2026-08-24,PEG,11.9,,1,Jeremy Tonet:11.9
2026-08-24,PFE,8.2,,1,Louise Chen:8.2
2026-08-24,PFG,-3.6,,1,Bob Huang:-3.6
2026-08-24,PHM,33.6,,1,Trevor Allinson:33.6
2026-08-24,PKG,15.2,,1,Terry Tillman:15.2
2026-08-24,PLTR,19.6,,1,William Power:19.6
2026-08-24,PRU,-11.9,,1,Bob Huang:-11.9
2026-08-24,PSA,16,,1,Ronald Kamdem:16
2026-08-24,PSX,-5.6,,1,Neil Mehta:-5.6
2026-08-24,QCOM,-3.8,,1,Atif Malik:-3.8
2026-08-24,SBAC,7.8,,1,Ari Klein:7.8
2026-08-24,SBUX,25.6,0,2,Chris O`Cull:25.6|Unknown Analyst:25.6
2026-08-24,SNDK,14.8,,1,Vijay Rakesh:14.8
2026-08-24,STLD,10.5,5.9397,2,Timna Tanners:6.3|Unknown Analyst:14.7
2026-08-24,SW,31.9,,1,Michael Roxland:31.9
2026-08-24,TGT,3.3,,1,Kate McShane:3.3
2026-08-24,TJX,35.7,,1,Matthew Boss:35.7
2026-08-24,TRGP,20.9,,1,Jeremy Tonet:20.9
2026-08-24,UAL,74.8,,1,Thomas Fitzgerald CFA:74.8
2026-08-24,USB,8.2,,1,Gerard Cassidy:8.2
2026-08-24,VICI,24.8,,1,Caitlin Burrows:24.8
2026-08-24,VMRK,15.4667,5.7934,3,Anthony Paolone:11.4|Jana Galan:22.1|John Kim:12.9
2026-08-24,VST,13.9,,1,Anthony Crowdell:13.9
2026-08-24,VZ,-1.2,,1,Kutgun Maral:-1.2
2026-08-24,WAT,16.3,,1,Dan Leonard:16.3
2026-08-24,WDAY,-1.7,17.112,2,Andy Yu CFA:10.4|Kirk Materne:-13.8
2026-08-24,XYL,40.2,,1,Stephen Volkmann:40.2
2026-08-24,YUM,26.35,5.7,4,Chris O`Cull:23.5|David Palmer:34.9|David Tarantino CFA:23.5|Unknown Analyst:23.5
2026-08-25,ACN,16.9,,1,Darrin Peller:16.9
2026-08-25,ALB,19.1,,1,Jeffrey Zekauskas:19.1
2026-08-25,AMD,24.2,,1,Simon Leopold:24.2
2026-08-25,ARE,5.6,,1,Julien Blouin:5.6
2026-08-25,BIIB,19.7,,1,Brian Abrahams:19.7
2026-08-25,BKNG,8.1,,1,Richard Clarke:8.1
2026-08-25,BXP,21.35,18.5969,2,Anthony Paolone:34.5|Michael Goldsmith:8.2
2026-08-25,CMS,19.1,,1,Marie Ferguson:19.1
2026-08-25,COF,32,,1,Darrin Peller:32
2026-08-25,CPAY,29.8,,1,Darrin Peller:29.8
2026-08-25,CPRT,-16.5,,1,John Babcock:-16.5
2026-08-25,CRH,54.7,0,2,Garik Shmois:54.7|Unknown Analyst:54.7
2026-08-25,CTVA,14.4,,1,Matthew DeYoe:14.4
2026-08-25,DG,20.4,,1,Rupesh Parikh:20.4
2026-08-25,EL,18.4,,1,Olivia Tong:18.4
2026-08-25,EXE,19.2,,1,Neil Mehta:19.2
2026-08-25,EXPE,42.4,,1,Jake Fuller:42.4
2026-08-25,EXR,18.8,8.7681,2,Brendan Lynch:25|Ronald Kamdem:12.6
2026-08-25,FIS,33.7333,11.4479,3,Bryan Bergin:39|Darrin Peller:41.6|Jason Kupferberg:20.6
2026-08-25,FISV,16.3,,1,Timothy Chiodo:16.3
2026-08-25,FOXA,28.9,,1,Michael Morris:28.9
2026-08-25,FSLR,31.6,,1,Unknown Analyst:31.6
2026-08-25,GEHC,33,,1,Larry Biegelsen:33
2026-08-25,GPN,24.6,24.0416,2,Darrin Peller:41.6|Matthew Coad:7.6
2026-08-25,HST,-1.1,,1,Stephen Grambling:-1.1
2026-08-25,INTU,26.9,,1,Raimo Lenschow:26.9
2026-08-25,INVH,23.5,,1,Anthony Paolone:23.5
2026-08-25,JKHY,33.4,,1,Darrin Peller:33.4
2026-08-25,JNJ,10.5,6.0811,2,Asad Haider:6.2|Louise Chen:14.8
2026-08-25,KIM,12.1,,1,Michael Mueller:12.1
2026-08-25,LLY,38.9,,1,Nico Chen:38.9
2026-08-25,MA,30,,1,Darrin Peller:30
2026-08-25,MAS,16.8,0,2,Garik Shmois:16.8|Unknown Analyst:16.8
2026-08-25,MCD,22.8,,1,John Staszak:22.8
2026-08-25,MCK,10.8,,1,Erin Wright:10.8
2026-08-25,MLM,22.6,0,2,Garik Shmois:22.6|Unknown Analyst:22.6
2026-08-25,MO,11.6,,1,Bonnie Herzog:11.6
2026-08-25,MRK,14.65,14.7785,2,Alexandria Hammond:25.1|Trung Huynh:4.2
2026-08-25,MRSH,14.7,,1,Michael Zaremski:14.7
2026-08-25,MRVL,19.65,10.5359,2,Christopher Rolland:12.2|Sajal Dogra:27.1
2026-08-25,NFLX,22.7,,1,Peter Supino:22.7
2026-08-25,NKE,22.3,,1,Peter McGoldrick:22.3
2026-08-25,PM,15.1,,1,Bonnie Herzog:15.1
2026-08-25,PPL,29.1,,1,Julien Dumoulin Smith:29.1
2026-08-25,SBAC,42.3,,1,Ric Prentiss:42.3
2026-08-25,SHW,23.7,0,2,Garik Shmois:23.7|Unknown Analyst:23.7
2026-08-25,SOLV,8.6,,1,Ryan Zimmerman:8.6
2026-08-25,SYF,18.4,,1,Darrin Peller:18.4
2026-08-25,TTWO,39.2,,1,Andrew Marok:39.2
2026-08-25,ULTA,27.1,,1,Krisztina Katai:27.1
2026-08-25,V,24.2,,1,Darrin Peller:24.2
2026-08-25,VMC,30.6,0,2,Garik Shmois:30.6|Unknown Analyst:30.6
2026-08-25,VMRK,12.15,3.182,2,Adam Kramer:14.4|James Feldman:9.9
2026-08-25,WMB,41.4,,1,Robert Kad:41.4
2026-08-25,XYZ,45.2,,1,Darrin Peller:45.2
2026-08-26,A,25.9,,1,Dan Leonard:25.9
2026-08-26,ABT,15.7,,1,Adam Maeder:15.7
2026-08-26,ACN,-5.9,,1,Bryan Bergin:-5.9
2026-08-26,APP,46.6,,1,Bernie McTernan:46.6
2026-08-26,ARE,9.5,,1,Anthony Paolone:9.5
2026-08-26,AXON,43.5,,1,Tim Long:43.5
2026-08-26,CDW,4,,1,Amit Daryanani:4
2026-08-26,CF,-0.1,,1,Vitaly Kononov:-0.1
2026-08-26,CI,23.2,,1,Jessica Tassan:23.2
2026-08-26,COF,24.8,,1,Donald Fandetti:24.8
2026-08-26,CRM,9.4,,1,Gabriela Borges:9.4
2026-08-26,CRWD,16.1,6.7882,2,Gabriela Borges:11.3|Jonathan Ruykhaver:20.9
2026-08-26,CSX,14.4,,1,Ken Hoexter:14.4
2026-08-26,CTAS,2.2,,1,Ashish Sabadra:2.2
2026-08-26,CVS,17.8,2.2627,2,Charles Rhyee:16.2|Jessica Tassan:19.4
2026-08-26,DASH,33.7,,1,Taylor Conrad:33.7
2026-08-26,ECL,8.6,,1,Manav Patnaik:8.6
2026-08-26,EOG,3.8,,1,Phillips Johnston:3.8
2026-08-26,FDS,17.1,,1,Ashish Sabadra:17.1
2026-08-26,FSLR,43,,1,Corinne Blanchard:43
2026-08-26,GDDY,-22.5,,1,Alec Brondolo:-22.5
2026-08-26,GPN,7.6,,1,Bryan Bergin:7.6
2026-08-26,HPQ,-38,,1,Katherine Murphy:-38
2026-08-26,INTU,9.1429,14.0393,14,Adam Wood:-2|Alex Markgraff:24.4|Billy Fitzsimmons:-9.8|Brad Reback:-6.7|Daniel Jester:28.1|Gabriela Borges:-5.5|James Friedman:29.1|Jared Levine:7.6|Kirk Materne:24.4|Michael Turrin:-6.7|Samik Chatterjee:2.9|Scott Schneeberger:18.2|Tal Liani:12|Taylor McGinnis:12
2026-08-26,LHX,28.3,,1,Sheila Kahyaoglu:28.3
2026-08-26,MAA,12.2,,1,Richard Anderson:12.2
2026-08-26,META,11.5,15.4954,4,Brian Pitz:-10.5|Eric Sheridan:11.9|Ronald Josey:23.5|Thomas Champion:21.1
2026-08-26,MSI,18,,1,Amit Daryanani:18
2026-08-26,NI,15.9,,1,Gabe Moreen:15.9
2026-08-26,NKE,14.1,,1,Joseph Civello:14.1
2026-08-26,NVDA,43.5333,17.1628,3,C J Muse:60.3|Joshua Buchalter:26|Vijay Rakesh:44.3
2026-08-26,ORLY,25.8,,1,Simeon Gutman:25.8
2026-08-26,RCL,36.5,,1,Richard Clarke:36.5
2026-08-26,ROL,23.8,,1,Joshua Chan:23.8
2026-08-26,SJM,24.65,1.2021,2,Robert Dickerson:23.8|Scott Marks CFA:25.5
2026-08-26,SNPS,47.2,5.374,2,Gary Mobley:43.4|James Schneider:51
2026-08-26,SYY,8.2,,1,John Heinbockel:8.2
2026-08-26,T,7.4,,1,Kutgun Maral:7.4
2026-08-26,TRGP,16.5,,1,Elvira Scotto:16.5
2026-08-26,UNP,20.6,,1,Ken Hoexter:20.6
2026-08-26,VEEV,7.3667,33.6937,3,David Larsen:29.6|Gabriela Borges:-31.4|Rishi Jaluria:23.9
2026-08-26,VMRK,16,,1,Alexander Goldfarb:16
2026-08-26,WSM,19.1,5.9397,2,Kate McShane:23.3|Steven Shemesh:14.9
2026-08-26,XYZ,19.9,,1,Harshita Rawat:19.9
2026-08-27,A,20.125,8.584,8,Casey Woodring:29.3|Daniel Brennan:22.5|David Westenberg:2.1|Evie Koslosky:19.1|Luke Sergott:19.1|Michael Ryskin:22.5|Patrick B Donnelly:29.3|Vijay Kumar:17.1
2026-08-27,ADSK,41.2,,1,Saket Kalia:41.2
2026-08-27,AEP,12.7,,1,James Thalacker:12.7
2026-08-27,ALL,-6.2,,1,Kevin Heal:-6.2
2026-08-27,AMZN,38.3,,1,Mark Mahaney:38.3
2026-08-27,ANET,20.2,,1,Tal Liani:20.2
2026-08-27,ARES,23.1,,1,Chris Kotowski:23.1
2026-08-27,AVGO,47.8,,1,Rick Schafer:47.8
2026-08-27,BBY,-3.65,11.6673,2,Christopher Nardone:-11.9|Steven Forbes:4.6
2026-08-27,BKNG,43.7,,1,Jake Fuller:43.7
2026-08-27,BX,33.1,,1,Chris Kotowski:33.1
2026-08-27,BXP,36,,1,Alexander Goldfarb:36
2026-08-27,CRM,5.2684,16.7196,19,Adam Wood:-5.1|Allan Verkhovski:21.1|Billy Fitzsimmons:13|Brad Zelnick:11|Brent Thill:21.1|Brian Peterson:25.1|Brian Schwartz:11|Brian White:7.4|David Hynes:9|Gil Luria:-19.3|John Difucci:9|Keith Bachman:5|Mark Moerdler:-21.3|Michael Turrin:-7.2|Nehal Chokshi:2.1|Raimo Lenschow:11.4|Richard Baldry:31.2|Robert Oliver:11|Tal Liani:-35.4
2026-08-27,CRWD,18.8,44.0304,7,Brian Essex:13.7|Catharine Trebnick:20.9|Eric Heath:18.5|Joseph Bonner:105.6|Keith Bachman:13.7|Peter Levine:1.6|Peter Weed:-42.4
2026-08-27,CTVA,22.8,,1,Arun Viswanathan:22.8
2026-08-27,DG,20.1667,17.8976,3,Kate McShane:13.2|Paul Lejuez:6.8|Robert Ohmes:40.5
2026-08-27,DLTR,3.65,26.9408,2,John Heinbockel:22.7|Robert Ohmes:-15.4
2026-08-27,DPZ,22,,1,John Ivankoe:22
2026-08-27,DRI,12.9,0,2,Christopher Carril:12.9|Eric Gonzalez:12.9
2026-08-27,DTE,7.9,,1,James Thalacker:7.9
2026-08-27,EL,23.6,,1,Ashley Wallace:23.6
2026-08-27,EOG,1.8,,1,Scott Gruber:1.8
2026-08-27,EXR,23.5,,1,Juan C. Sanabria:23.5
2026-08-27,FTNT,12.1,,1,Adam Borg:12.1
2026-08-27,GILD,21.1,,1,Evan Seigerman:21.1
2026-08-27,GNRC,49.7,,1,Praneeth Satish:49.7
2026-08-27,HPQ,-21.6889,15.0821,9,Aaron Rakers:-43.6|Amit Daryanani:-9.8|Asiya Merchant:-29.5|David Vogt:-21.1|Erik Woodring:-46.4|Jim Kelleher:-4.2|Joseph Cardoso:-15.4|Krish Sankar:-15.4|Mark Newman:-9.8
2026-08-27,HST,7.9,,1,Richard Hightower:7.9
2026-08-27,INTU,29.4,,1,Steve Enders:29.4
2026-08-27,J,7.9,,1,Andrew Wittmann:7.9
2026-08-27,KKR,64.2,,1,Chris Kotowski:64.2
2026-08-27,META,21.5667,13.6181,3,Barton Crockett:36.7|Stephen Ju:10.3|Youssef Squali:17.7
2026-08-27,MNST,8.3,,1,Andrew Strelzik:8.3
2026-08-27,MRNA,25,,1,Jasper Hellweg:25
2026-08-27,MRSH,14.2,,1,Meyer Shields:14.2
2026-08-27,MRVL,22.15,21.5477,6,Blayne Curtis:37.7|C J Muse:27.1|Harsh Kumar:5.9|James Schneider:-6.8|Srini Pajjuri:52.5|Thomas O'Malley:16.5
2026-08-27,NKE,22.3,,1,Anna Andreeva:22.3
2026-08-27,NVDA,51.3714,22.9702,14,Aaron Rakers:44.3|Blayne Curtis:37.4|Christopher Rolland:26|Cody Acree:53.5|Gil Luria:37.4|Harsh Kumar:55.8|John Vinh:51.2|Joseph Moore:37.4|Mark Lipacis:113|Rick Schafer:44.3|Srini Pajjuri:51.2|Stacy Rasgon:83.2|Thomas O'Malley:26|William Stein:58.5
2026-08-27,PGR,7.5,,1,Brian Meredith:7.5
2026-08-27,PSA,18,,1,Juan C. Sanabria:18
2026-08-27,RF,12.8,,1,Matt O'Connor:12.8
2026-08-27,SBUX,13.4,,1,John Ivankoe:13.4
2026-08-27,SJM,18.1444,8.3881,9,Alexia Burland Howard:29.6|Christopher Carey:18.9|David Palmer:23.8|Matthew Smith; CFA:9|Nik Modi:23.8|Peter Galbo:19.7|Peter Grom:23|Robert Moskow:12.3|Stephen Powers:3.2
2026-08-27,SNPS,44.2222,9.8803,9,Blair Abernethy:44.7|Charles Shi:46|Clarke Jeffries:38.4|Joseph Vruwink:40.9|Kelsey Chia:53.5|Nay Soe Naing:59.3|Ruben Roy:51|Siti Panigrahi:38.4|Vivek Arya:25.8
2026-08-27,SPG,24.7,20.3647,2,Alexander Goldfarb:39.1|Haendel St. Juste:10.3
2026-08-27,SW,34.2,,1,Ioannis Masvoulas:34.2
2026-08-27,SYK,29.9,,1,Ryan Zimmerman:29.9
2026-08-27,TTWO,39.2,,1,Alec Brondolo:39.2
2026-08-27,UPS,31.6,,1,Ariel Rosa:31.6
2026-08-27,VEEV,12.3714,9.6236,14,Billy Fitzsimmons:22|Brian Peterson:25.8|Charles Rhyee:7.9|Craig Hettenbach:4.8|David Grossman:14.3|David Hynes:-0.9|Joseph Vruwink:14.3|Kenneth Wong:23.9|Kirk Materne:-4.7|Ryan MacDonald:18.1|Saket Kalia:20|Sean Dodge:2.9|Steven Valiquette:6.7|Tamjid Chowdhury:18.1
2026-08-27,VMRK,6.8,,1,Nicholas Yulico:6.8
2026-08-27,WAT,17.5,,1,David Westenberg:17.5
2026-08-27,WDAY,21.15,11.3844,2,Derrick Wood:13.1|Rishi Jaluria:29.2
2026-08-27,WEC,11.1,,1,Sophie Karp:11.1
2026-08-27,WM,21.8,,1,Konark Gupta:21.8
2026-08-27,WSM,10.61,11.3498,10,Bradley Thomas:19.3|Christopher Nardone:16.3|Jonathan Matuszewski:21.6|Max Rakhlenko:23.8|Michael Lasser:9.2|Oliver Wintermantel:8.3|Seth Sigman:-16|Simeon Gutman:6.1|Steven Zaccone:11.4|Zachary Fadem:6.1
2026-08-27,XYZ,24.95,1.7678,2,Andrew Harte:26.2|Timothy Chiodo:23.7
2026-08-28,A,22.5,,1,Evan Stampler:22.5
2026-08-28,ADSK,45.5385,9.0859,13,Adam Borg:34.2|Blair Abernethy:55.4|Brent Thill:41.2|Clark Wright:53|Clarke Jeffries:59.1|Daniel Jester:33.2|Elizabeth Porter:48.3|Kenneth Wong:41.2|Matthew Hedberg:43.6|Michael Turrin:55.4|Tamjid Chowdhury:33.2|Taylor McGinnis:53|Tomer Zilberman:41.2
2026-08-28,AIZ,13.3,,1,Charlie Lederer:13.3
2026-08-28,AVGO,50.6,,1,Cody Acree:50.6
2026-08-28,BBY,-3.5125,9.4431,8,Joe Feldman:4.6|Kate McShane:-21.8|Michael Lasser:-0.9|Peter Keith:-6.4|Scot Ciccarelli:10.1|Seth Sigman:-6.4|Simeon Gutman:-0.9|Zachary Fadem:-6.4
2026-08-28,BR,34.7,,1,Daniel Perlin:34.7
2026-08-28,CCL,26.2,,1,Richard Clarke:26.2
2026-08-28,CDNS,49.3,,1,Ruben Roy:49.3
2026-08-28,COIN,21,,1,Ramsey El Assal:21
2026-08-28,CPAY,7.3,,1,Daniel Perlin:7.3
2026-08-28,CRM,7.6,19.0919,2,Joseph Bonner:21.1|Tyler Radke:-5.9
2026-08-28,CRWD,28.2,,1,Shyam Patil:28.2
2026-08-28,DG,9.9714,12.7804,7,Edward Kelly:0.3|Joe Feldman:0.3|Kelly Bania:8.4|Michael Lasser:34.9|Peter Keith:-1.3|Scot Ciccarelli:10.8|Simeon Gutman:16.4
2026-08-28,DLTR,21.3889,16.8362,9,Bobby Griffin:22.7|Edward Kelly:31.2|Joe Feldman:26.9|Kate McShane:10.9|Kelly Bania:-17.1|Matthew Boss:43.9|Michael Lasser:26.9|Scot Ciccarelli:24.4|Simeon Gutman:22.7
2026-08-28,EL,11.2,,1,Dana Telsey:11.2
2026-08-28,EMR,-11.3,,1,Christopher Snyder:-11.3
2026-08-28,EQIX,20.5,,1,Cameron McVeigh:20.5
2026-08-28,ETN,22.2,,1,Christopher Snyder:22.2
2026-08-28,FIS,39,,1,Daniel Perlin:39
2026-08-28,FISV,26,,1,Daniel Perlin:26
2026-08-28,FSLR,25.8,,1,Ameet Thakkar:25.8
2026-08-28,GILD,23.2,,1,Louise Chen:23.2
2026-08-28,GPN,20.1,,1,Daniel Perlin:20.1
2026-08-28,HPQ,-35.2,,1,Tim Long:-35.2
2026-08-28,HRL,14.25,3.4648,2,Peter Galbo:16.7|Pooran Sharma:11.8
2026-08-28,JKHY,10.5,,1,Daniel Perlin:10.5
2026-08-28,MDLZ,5.7,,1,Nik Modi:5.7
2026-08-28,MLM,21.6,,1,Anthony Codling:21.6
2026-08-28,MRVL,31.5167,18.6172,12,Aaron Rakers:31.3|Atif Malik:16.5|Christian Schwab:27.1|Craig Ellis:33.4|John Vinh:69.4|Joseph Moore:4.2|Quinn Bolton:27.1|Rick Schafer:37.7|Sean O'Loughlin:3.8|Suji Desilva:48.2|Timothy Arcuri:31.3|Tore Svanberg:48.2
2026-08-28,MSI,18,,1,Matthew Niknam:18
2026-08-28,NCLH,21.5,,1,Richard Clarke:21.5
2026-08-28,NTRS,-3.8,,1,Ben Gerlinger:-3.8
2026-08-28,NVDA,40.85,4.879,2,Atif Malik:44.3|Timothy Arcuri:37.4
2026-08-28,PAYX,12.3,,1,Ashish Sabadra:12.3
2026-08-28,PEP,6.4,,1,Robert Moskow:6.4
2026-08-28,PYPL,17.9,21.4774,3,Daniel Perlin:30.3|Dominick Gabriele:-6.9|Sanjay Sakhrani:30.3
2026-08-28,SHW,29.9,,1,Duffy Fischer:29.9
2026-08-28,SO,19.3,,1,James Thalacker:19.3
2026-08-28,TTWO,37.0667,6.6461,6,Brian Pitz:32.3|Bryan Smilek:43.9|Clark Lampen:45.3|Doug Creutz:31.8|Drew Crum:39.2|Matthew Cost:29.9
2026-08-28,ULTA,12.2111,16.6385,9,Anna Andreeva:9.7|Anna Glaessgen:-8.6|Christopher Horvers:15.4|Ike Boruchow:-17.7|Lorraine Hutchinson:18.9|Michael Lasser:29.9|Oliver Chen:9.7|Susan Anderson:33.7|Sydney Wagner:18.9
2026-08-28,VEEV,7.25,4.5962,2,Karl Keirstead:10.5|Tyler Radke:4
2026-08-28,WDAY,16.3286,14.2324,21,Adam Wood:-3.1|Almas Almaganbetov:7.7|Billy Fitzsimmons:2.3|Brad Reback:-13.8|Brent Thill:18.5|Brian Schwartz:18.5|Brian White:17.4|Connor Murphy:17.9|Daniel Jester:23.9|David Hynes:21.2|Jason Celino:15.8|John Difucci:48.1|Karl Keirstead:18.5|Lucky Schreiner:2.3|Matthew VanVliet:10.4|Michael Turrin:21.2|Raimo Lenschow:20.6|Scott Berg:23.9|Siti Panigrahi:13.1|Tal Liani:10.4|Unknown Analyst:48.1
2026-08-28,XYZ,19.9,,1,Daniel Perlin:19.9
2026-08-30,A,22.5,,1,Daniel Arias:22.5
2026-08-30,AMZN,46,,1,Eric Sheridan:46
2026-08-30,AON,27.9,,1,Brian Meredith:27.9
2026-08-30,APH,21.5,,1,Unknown Analyst:21.5
2026-08-30,BDX,12.5,,1,Travis Steed:12.5
2026-08-30,CRM,7,,1,Gregg Moskowitz:7
2026-08-30,CRWD,20.9,,1,Gregg Moskowitz:20.9
2026-08-30,DTE,14.6,,1,Anthony Crowdell:14.6
2026-08-30,EL,25.6,,1,Unknown Analyst:25.6
2026-08-30,IRM,34.6,,1,Tobey Sommer:34.6
2026-08-30,NVDA,44.3,,1,Ruben Roy:44.3
2026-08-30,RDDT,36.3,,1,Eric Sheridan:36.3
2026-08-30,TEL,34,,1,Mark Delaney:34
2026-08-30,WY,36,,1,Matt McKellar:36
2026-08-31,AAPL,11.4,,1,Mark Newman:11.4
2026-08-31,ABNB,23.4,10.2191,3,Benjamin Black CFA:11.6|Scott Devitt:29.3|Tom White:29.3
2026-08-31,ABT,32.4,,1,Josh Jennings:32.4
2026-08-31,ADP,8.1,,1,Kevin Mcveigh:8.1
2026-08-31,ADSK,29.9,,1,Tyler Radke:29.9
2026-08-31,AKAM,54.5,,1,Sanjit Singh:54.5
2026-08-31,AMT,20.3,,1,Madison Rezaei:20.3
2026-08-31,AMZN,27.7,,1,Ike Boruchow:27.7
2026-08-31,ANET,10.2,,1,Gianmarco Conti:10.2
2026-08-31,AON,31.45,17.7484,2,David Motemaden:44|Michael Zaremski:18.9
2026-08-31,APP,0.3,,1,James Callahan CFA:0.3
2026-08-31,AZO,21.7,,1,Max Rakhlenko:21.7
2026-08-31,BALL,29.35,1.2021,2,Arun Viswanathan:28.5|Michael Roxland:30.2
2026-08-31,BKNG,37.7,4.5255,2,Justin Post:34.5|Scott Devitt:40.9
2026-08-31,BRO,-9.4,,1,Bob Huang:-9.4
2026-08-31,BX,19.8,,1,William Katz:19.8
2026-08-31,CCI,27,,1,Madison Rezaei:27
2026-08-31,CHTR,2.9,,1,Laurent Yoon:2.9
2026-08-31,CMCSA,11.1,,1,Laurent Yoon:11.1
2026-08-31,COHR,31,0,2,Melissa Weathers:31|Unknown Analyst:31
2026-08-31,CRM,15.0333,14.8598,3,Derrick Wood:21.1|Paul Chew:-1.9|Saiyi He:25.9
2026-08-31,CSCO,20.4,,1,Gianmarco Conti:20.4
2026-08-31,CVS,26.8,,1,Brian Tanquilut:26.8
2026-08-31,CVX,-2.4,,1,Bob Brackett:-2.4
2026-08-31,DASH,33.7,,1,Scott Devitt:33.7
2026-08-31,DE,13.2,7.3539,2,Mircea Dobre:18.4|Timothy Thein:8
2026-08-31,DECK,63.7,,1,Peter McGoldrick:63.7
2026-08-31,DG,8.4,0,2,Greg Melich:8.4|Michael Montani:8.4
2026-08-31,DLTR,2.4,,1,Peter Keith:2.4
2026-08-31,DOC,18.2,,1,Richard Hightower:18.2
2026-08-31,DOV,44.9,,1,Andrew Obin:44.9
2026-08-31,DVN,33.4,,1,Scott Gruber:33.4
2026-08-31,EIX,17.85,10.1116,2,Anthony Crowdell:25|Shahriar Pourreza:10.7
2026-08-31,ETR,26.3,,1,Paul Zimbardo CFA:26.3
2026-08-31,EXPE,27.85,0.495,2,Justin Post:27.5|Scott Devitt:28.2
2026-08-31,FIX,41.9,,1,Brent Thielman:41.9
2026-08-31,GILD,18.3,,1,Salim Syed:18.3
2026-08-31,GL,31.4,0,2,Andrew Kligerman:31.4|Menno Hulshof:31.4
2026-08-31,IBM,-3.4,,1,James Friedman:-3.4
2026-08-31,ICE,20.1,,1,Daniel Fannon:20.1
2026-08-31,INCY,7,,1,Evan Seigerman:7
2026-08-31,INTU,33.7,,1,Siti Panigrahi:33.7
2026-08-31,KKR,39,9.051,2,Bart Dziarski:32.6|Michael Cyprys:45.4
2026-08-31,LITE,24.05,7.566,2,Amit Daryanani:18.7|Gianmarco Conti:29.4
2026-08-31,LLY,24.8,0.9899,2,Courtney Breen:24.1|Evan Seigerman:25.5
2026-08-31,MRK,7.7,,1,Louise Chen:7.7
2026-08-31,MRSH,13.1,,1,Matthew Heimermann:13.1
2026-08-31,NEM,4.9,,1,Steven Green:4.9
2026-08-31,NKE,25,23.0517,2,Adrienne Yih:41.3|Matthew Boss:8.7
2026-08-31,NVDA,37.4,,1,Yik Ban Chong:37.4
2026-08-31,PANW,27.75,3.182,2,Patrick Colville:30|Peter Levine:25.5
2026-08-31,PCG,73.9,,1,Shahriar Pourreza:73.9
2026-08-31,PYPL,0.55,2.6163,2,Matthew Coad:-1.3|Owen Lau:2.4
2026-08-31,RDDT,14.1,,1,Mark Shmulik:14.1
2026-08-31,RMD,22.3,,1,Brett Fishbin:22.3
2026-08-31,ROST,25.7,,1,Simeon Siegel:25.7
2026-08-31,SBAC,18.1,,1,Madison Rezaei:18.1
2026-08-31,SLB,15.9667,9.2953,3,Guillaume Delaby:26.7|Neil Mehta:10.6|Phillip Jungwirth:10.6
2026-08-31,SRE,0.8,,1,Anthony Crowdell:0.8
2026-08-31,T,-4.1,,1,Laurent Yoon:-4.1
2026-08-31,TFC,5.2,,1,Gerard Cassidy:5.2
2026-08-31,TJX,20.6,,1,Simeon Siegel:20.6
2026-08-31,TMUS,20.7,,1,Douglas Harned:20.7
2026-08-31,TROW,3.5,,1,William Katz:3.5
2026-08-31,TTWO,70.8,,1,Omar Dessouky:70.8
2026-08-31,UBER,39.5,,1,Scott Devitt:39.5
2026-08-31,UHS,65.9,,1,A.J. Rice:65.9
2026-08-31,ULTA,6.1,,1,Steven Zaccone:6.1
2026-08-31,UPS,9.7,,1,Christian Wetherbee:9.7
2026-08-31,VTR,13.3,,1,Richard Hightower:13.3
2026-08-31,VZ,-7.1,,1,Laurent Yoon:-7.1
2026-08-31,WDAY,-11.7,,1,Gabriela Borges:-11.7
2026-08-31,WELL,9.9,,1,Richard Hightower:9.9
2026-08-31,WMT,26.3333,15.9124,3,Ivan Feinseth:44.7|Kelly Bania:17.6|Simeon Gutman:16.7
2026-08-31,XEL,17.9,,1,Marie Ferguson:17.9
2026-09-01,A,19.1,,1,Kallum Titchmarsh:19.1
2026-09-01,AAPL,-4.4,20.2233,2,Asiya Merchant:9.9|Gil Luria:-18.7
2026-09-01,ADSK,61.95,7.2832,2,Nay Soe Naing:56.8|Unknown Analyst:67.1
2026-09-01,AIG,19.5,,1,Kevin Heal:19.5
2026-09-01,AKAM,17.1,,1,James Fish:17.1
2026-09-01,AMAT,49.5,3.8184,2,James Schneider:46.8|Timothy Arcuri:52.2
2026-09-01,AMZN,36.3,,1,Ronald Josey:36.3
2026-09-01,AON,31.0143,9.4061,7,Andrew Kligerman:37.4|Elyse Greenspan:26.5|Harry Fong:25.5|Meyer Shields:37.8|Paul Newsome:15.3|Ryan Tunis:43.1|Yaron Kinar:31.5
2026-09-01,APP,57.4,,1,Robert Coolbrith:57.4
2026-09-01,AWK,1.7,,1,Ross Fowler:1.7
2026-09-01,BBY,4.6,,1,Christopher Horvers:4.6
2026-09-01,BXP,26.7,,1,Blaine Heck:26.7
2026-09-01,CBRE,35.2,,1,Anthony Paolone:35.2
2026-09-01,CMG,46.4,,1,Sara Senatore:46.4
2026-09-01,COF,21.5,,1,Mihir Bhatia:21.5
2026-09-01,COST,21.6,,1,David Bellinger:21.6
2026-09-01,CRM,21.1,,1,Matthew VanVliet:21.1
2026-09-01,CRWD,35.45,13.6472,2,Fatima Boolani:25.8|Junaid Siddiqui:45.1
2026-09-01,DELL,3.4,4.1012,2,Katherine Murphy:0.5|Tim Long:6.3
2026-09-01,DG,41.3,,1,Matthew Boss:41.3
2026-09-01,DOC,8.4,,1,John Kilichowski:8.4
2026-09-01,DRI,16.7,,1,Lauren Silberman:16.7
2026-09-01,EIX,4.1667,11.4583,3,Aidan Kelly:8.9|Gregg Orrill:12.5|Ross Fowler:-8.9
2026-09-01,EQIX,21.4,,1,Michael Rollins:21.4
2026-09-01,ESS,8.8,,1,James Feldman:8.8
2026-09-01,EXR,14.1,,1,Eric Luebchow:14.1
2026-09-01,FISV,2.8,,1,Ramsey El Assal:2.8
2026-09-01,FRT,17.2,,1,James Feldman:17.2
2026-09-01,GIS,19.9,,1,Peter Galbo:19.9
2026-09-01,HON,23.5,,1,Brandon Knutson‏:23.5
2026-09-01,HRL,11.8,,1,Thomas Palmer:11.8
2026-09-01,IBKR,23.7,,1,James Yaro:23.7
2026-09-01,INCY,23.5,,1,Mitchell Kapoor:23.5
2026-09-01,JKHY,22.9,,1,Peter Heckmann:22.9
2026-09-01,KDP,21.1,0,2,Dara Mohsenian:21.1|Peter Galbo:21.1
2026-09-01,KIM,12.1,,1,James Feldman:12.1
2026-09-01,KKR,16.7,,1,Christopher Allen:16.7
2026-09-01,KLAC,10.7,,1,Timothy Arcuri:10.7
2026-09-01,LEN,25.6,,1,Susan Maklari:25.6
2026-09-01,LLY,36.25,10.1116,2,Akash Tewari:29.1|Geoff Meacham:43.4
2026-09-01,LRCX,42.5,,1,Timothy Arcuri:42.5
2026-09-01,LULU,16.2,,1,Randal Konik:16.2
2026-09-01,MDT,23.65,9.3984,4,Kendall Au:29.7|Michael Matson:25.3|Ryan Zimmerman:9.9|Shagun Singh Chadha:29.7
2026-09-01,MKC,16.9,,1,Robert Moskow:16.9
2026-09-01,MPC,1,,1,Sam Margolin:1
2026-09-01,MRVL,29.2,,1,Harlan Sur:29.2
2026-09-01,MTD,17.1,,1,Dan Leonard:17.1
2026-09-01,MU,53.8,,1,Unknown Analyst:53.8
2026-09-01,NI,25.6,,1,Eli Jossen:25.6
2026-09-01,NVDA,26,,1,Raimo Lenschow:26
2026-09-01,O,7.6,,1,John Kilichowski:7.6
2026-09-01,OKE,4,8.061,2,Brandon Bingham:-1.7|Jeremy Tonet:9.7
2026-09-01,PANW,27,,1,Shrenik Kothari:27
2026-09-01,PCG,30.4,,1,Aidan Kelly:30.4
2026-09-01,PLD,22.3,,1,Blaine Heck:22.3
2026-09-01,PSA,4.9,,1,Eric Luebchow:4.9
2026-09-01,PSX,29.1,,1,Sam Margolin:29.1
2026-09-01,PYPL,-5.1,,1,Dan Dolev:-5.1
2026-09-01,RJF,0.3,11.4551,2,David Smith -CFA:8.4|William Katz:-7.8
2026-09-01,RVTY,8.6,,1,Dan Leonard:8.6
2026-09-01,SJM,23,,1,Thomas Palmer:23
2026-09-01,SLB,17.7,0,2,Lloyd Byrne:17.7|Stephen Richardson:17.7
2026-09-01,SNPS,51,,1,Harlan Sur:51
2026-09-01,SPGI,26,2.5456,2,Ashish Sabadra:24.2|Toni Kaplan:27.8
2026-09-01,SRE,16.4,,1,Julien Dumoulin Smith:16.4
2026-09-01,TJX,15.1,,1,Corey Tarlowe:15.1
2026-09-01,UDR,22.4,,1,James Feldman:22.4
2026-09-01,UPS,14.7,,1,Ken Hoexter:14.7
2026-09-01,VEEV,13.9,,1,Alexei Gogolev:13.9
2026-09-01,VICI,4.7,,1,John Kilichowski:4.7
2026-09-01,VLO,-0.4,,1,Sam Margolin:-0.4
2026-09-01,VMRK,14.4,,1,Richard Hightower:14.4
2026-09-01,VRSN,16.5,,1,Ygal Arounian:16.5
2026-09-01,VRTX,29,,1,Terence Flynn:29
2026-09-01,VST,42.9,,1,Shahriar Pourreza:42.9
2026-09-01,VTR,15.6,,1,John Kilichowski:15.6
2026-09-01,WDAY,21.2,,1,Samik Chatterjee:21.2
2026-09-01,WELL,12.9,,1,John Kilichowski:12.9
2026-09-01,WSM,12.7,2.2,3,Chris Graja:10.5|Christopher Horvers:12.7|Cristina Fernandez:14.9
2026-09-01,XYZ,35.1,,1,Will Nance:35.1
2026-09-02,A,5.5,,1,Tycho Peterson:5.5
2026-09-02,AAPL,9.9,,1,Amit Daryanani:9.9
2026-09-02,ABNB,14.6,,1,Justin Post:14.6
2026-09-02,AMAT,53.3,,1,Stacy Rasgon:53.3
2026-09-02,APA,14.7667,5.1384,3,John Freeman:20.7|Noah Hungness:11.8|Sam Margolin:11.8
2026-09-02,APO,19.4,,1,Ken Worthington:19.4
2026-09-02,AVGO,55.375,12.6181,4,Blayne Curtis:51.9|Colin Sebastian:74|James Schneider:49.2|Vijay Rakesh:46.4
2026-09-02,AXON,40.85,22.1324,2,John Staszak:25.2|Joshua Reilly:56.5
2026-09-02,BA,40.2,,1,Sheila Kahyaoglu:40.2
2026-09-02,BF.B,10.6,,1,Andrea Pistacchi:10.6
2026-09-02,COP,-0.3,,1,Unknown Analyst:-0.3
2026-09-02,COST,32.6,,1,Christopher Nardone:32.6
2026-09-02,CPAY,31.3,0,2,Lance Jessurun:31.3|Unknown Analyst:31.3
2026-09-02,CRM,33.2333,24.5612,3,Kirk Materne:17.1|Scott Berg:61.5|Terry Tillman:21.1
2026-09-02,CRWD,13.7,,1,Saket Kalia:13.7
2026-09-02,DE,20.3,,1,David Raso:20.3
2026-09-02,DELL,3.8667,12.5128,12,Aaron Rakers:-3.9|Ben Reitzes:29.6|David Vogt:-11.9|James Fish:-1.6|Joseph Cardoso:11.9|Krish Sankar:-11.9|Mark Newman:14.6|Matthew Niknam:-11|Simon Leopold:8.8|Steven Fox:10.2|Vijay Rakesh:5.8|Wamsi Mohan:5.8
2026-09-02,DPZ,23.6,,1,Dennis Geiger:23.6
2026-09-02,DVN,29.4,,1,Unknown Analyst:29.4
2026-09-02,EXE,38.1,,1,Scott Hanold:38.1
2026-09-02,EXR,10.4,,1,Ravi Vaidya:10.4
2026-09-02,FDX,20.2,,1,Jordan Alliger:20.2
2026-09-02,FSLR,43.5,,1,Praneeth Satish:43.5
2026-09-02,GEV,41,,1,David Arcaro:41
2026-09-02,HOOD,23.4667,4.6188,3,Lance Jessurun:20.8|Patrick Moley:28.8|Unknown Analyst:20.8
2026-09-02,HPE,24,4.5255,2,Katherine Murphy:20.8|Tim Long:27.2
2026-09-02,HUBB,24.9,,1,Christopher Snyder:24.9
2026-09-02,HWM,49.4,,1,Scott Deuschle:49.4
2026-09-02,IBKR,17.1,6.8695,3,Benjamin Budish:24.8|Christopher Allen:14.9|Michael Brown:11.6
2026-09-02,JCI,23.3,,1,Christopher Snyder:23.3
2026-09-02,KLAC,38.4,,1,David Dai CFA:38.4
2026-09-02,KR,0.9,4.8083,2,Paul Lejuez:-2.5|Seth Sigman:4.3
2026-09-02,LLY,25.5,,1,Chris Schott:25.5
2026-09-02,LRCX,29.1,,1,Stacy Rasgon:29.1
2026-09-02,LULU,16.2,,1,Michael Binetti:16.2
2026-09-02,MCK,19.1,,1,Allen Lutz:19.1
2026-09-02,MDT,12.4667,9.1152,6,Anthony Petrone:26.4|David Rescott:9.9|Josh Jennings:20.9|Matthew Taylor:4.4|Richard Newitter:8.8|Rick Wise:4.4
2026-09-02,MLM,33.3,,1,Adrian Huerta:33.3
2026-09-02,MSFT,31.15,14.2128,2,Michael Turrin:41.2|Tal Liani:21.1
2026-09-02,MTD,-7.2,,1,Natalya Davies:-7.2
2026-09-02,NCLH,1.2,,1,Lizzie Dove:1.2
2026-09-02,NTAP,5.2333,4.7522,3,Katherine Murphy:5.4|Krish Sankar:0.4|Tim Long:9.9
2026-09-02,NVDA,53.45,9.6874,2,Harlan Sur:46.6|Vivek Arya:60.3
2026-09-02,OKE,8.4,1.01,4,Christopher Souther:7.6|Gabriel Daoud:7.6|Julien Dumoulin Smith:8.7|Praneeth Satish:9.7
2026-09-02,ORLY,28.2,,1,Max Rakhlenko:28.2
2026-09-02,OXY,18.8,,1,Unknown Analyst:18.8
2026-09-02,PANW,21.7231,13.5591,26,Adam Borg:25.5|Brad Zelnick:30|Brian Essex:16.1|Catharine Trebnick:25.5|Gabriela Borges:17.9|Gray Powell:22.2|Gregg Moskowitz:25.5|Imtiaz Koujalgi:-9.3|Ittai Kidron:36.1|Jonathan Ruykhaver:28.5|Joseph Gallo:36.1|Junaid Siddiqui:31.6|Keith Bachman:25.5|Matthew Hedberg:43.7|Meta Marshall:19.2|Mike Cikos:28.5|Nehal Chokshi:8.9|Peter Weed:-23.5|Rob Owens:24|Roger Boyd:17.9|Rudy Kessinger:27|Saket Kalia:13.4|Shaul Eyal:21|Shyam Patil:25.5|Tal Liani:27|Todd Weller CFA:21
2026-09-02,PCG,66.7,,1,Carly Davenport:66.7
2026-09-02,PEP,11.5,,1,Peter Galbo:11.5
2026-09-02,PH,13.1,,1,Nathan Jones:13.1
2026-09-02,PLTR,19.6,,1,Param Singh:19.6
2026-09-02,PSA,11.65,5.7276,2,Nicholas Yulico:15.7|Ravi Vaidya:7.6
2026-09-02,ROK,27.2,,1,Christopher Snyder:27.2
2026-09-02,SLB,14.15,7.566,2,David Anderson:19.5|Keith Mackey:8.8
2026-09-02,SPGI,33.05,1.2021,2,Curtis Nagle:33.9|David Motemaden:32.2
2026-09-02,SRE,22.4,,1,Aidan Kelly:22.4
2026-09-02,STZ,18.4,,1,Peter Galbo:18.4
2026-09-02,TDG,41.6,,1,Ronald Epstein:41.6
2026-09-02,TJX,41.2,,1,Alexandra Straton:41.2
2026-09-02,TPR,95.8,,1,Jay Sole:95.8
2026-09-02,TRGP,11.6,,1,Praneeth Satish:11.6
2026-09-02,TT,27.7,,1,Christopher Snyder:27.7
2026-09-02,UBER,24.2,,1,Ken Gawrelski:24.2
2026-09-02,V,15.3,,1,James Friedman:15.3
2026-09-02,VICI,8.7,,1,Haendel St. Juste:8.7
2026-09-02,VMC,26.6,,1,Adrian Huerta:26.6
2026-09-02,VRTX,13.5,,1,Geoff Meacham:13.5
2026-09-02,VTR,5.6,,1,Nicholas Yulico:5.6
2026-09-02,WELL,6.5,0,2,Nicholas Yulico:6.5|Ronald Kamdem:6.5
2026-09-02,WYNN,46,,1,Peter Supino:46
2026-09-02,XYZ,3.5,0,2,Lance Jessurun:3.5|Unknown Analyst:3.5
2026-09-03,ABBV,16.7,,1,Evan Seigerman:16.7
2026-09-03,ABNB,-0.1,,1,Thomas Champion:-0.1
2026-09-03,ACN,-29.3,,1,James Faucette:-29.3
2026-09-03,AMZN,31.6,,1,Ken Gawrelski:31.6
2026-09-03,AON,25.1333,11.9918,3,Andrew Andersen:27.9|Bob Huang:35.5|Joshua Shanker:12
2026-09-03,AVGO,45.3294,15.9465,17,Aaron Rakers:50.6|Arthur Lai CFA:35.4|C J Muse:65.8|Christopher Rolland:35.4|Harlan Sur:60.2|Harsh Kumar:58.8|John Vinh:58.8|Joseph Moore:39.5|Joshua Buchalter:31.2|Mark Lipacis:59.7|Sajal Dogra:65.8|Simon Leopold:31.2|Srini Pajjuri:10.5|Stacy Rasgon:58.8|Thomas O'Malley:38.1|Vivek Arya:27.1|William Stein:43.7
2026-09-03,BAC,19.6,,1,David Chiaverini:19.6
2026-09-03,BF.B,-1.8,8.4786,4,Drew Levine:-4.7|Eric Serotta:-12.3|Lauren Lieberman:6.8|Nik Modi:3
2026-09-03,BIIB,12.8,,1,David Amsellem:12.8
2026-09-03,CARR,35.7,,1,Varun Govindaraj:35.7
2026-09-03,CAT,22.4,,1,Chad Dillard:22.4
2026-09-03,CHRW,-1.2,,1,David Vernon:-1.2
2026-09-03,CIEN,35.7,22.8654,7,Amit Daryanani:7.3|Meta Marshall:21.6|Michael Genovese:50.2|Ryan Koontz:48.8|Sean O'Loughlin:14.4|Simon Leopold:71.7|Tim Long:35.9
2026-09-03,CME,1.2667,6.0871,3,Alex Kramm:-5.6|Christopher Allen:3.4|William Katz:6
2026-09-03,CMI,25.7,,1,Chad Dillard:25.7
2026-09-03,CMS,17.6,,1,Shahriar Pourreza:17.6
2026-09-03,COST,22.5857,10.366,7,Edward Kelly:10.5|Greg Melich:21.6|Joe Feldman:25.4|Michael Baker:10.5|Michael Lasser:40.9|Robert Drbul:24.3|Unknown Analyst:24.9
2026-09-03,CPRT,33.6,,1,Jash Patwa:33.6
2026-09-03,CRWD,17.5,5.8208,13,Adam Borg:16.1|Adam Tindle:20.9|Gray Powell:18.5|Ittai Kidron:20.9|Joseph Gallo:16.1|Kingsley Crane:1.6|Matthew Hedberg:25.8|Meta Marshall:15.1|Michael Turrin:13.7|Mike Cikos:20.9|Rob Owens:16.1|Roger Boyd:20.9|Shaul Eyal:20.9
2026-09-03,CSX,-1.9,,1,Chad Dillard:-1.9
2026-09-03,CVNA,30.1,,1,Daniela Haigian:30.1
2026-09-03,CVS,24.7,,1,Kevin Caliendo:24.7
2026-09-03,CVX,10.2333,3.073,3,John Royall:13.5|Phillip Jungwirth:9.8|Sam Margolin:7.4
2026-09-03,DE,-9,,1,Chad Dillard:-9
2026-09-03,DELL,-1.25,9.9702,2,Asiya Merchant:5.8|Gianmarco Conti:-8.3
2026-09-03,DG,36.5,,1,Chris Graja:36.5
2026-09-03,EFX,17.8,,1,George Tong:17.8
2026-09-03,EIX,12.5,,1,Richard Sunderland:12.5
2026-09-03,EMR,22.2,,1,Unknown Analyst:22.2
2026-09-03,EQT,46.1,,1,Sam Margolin:46.1
2026-09-03,ETN,25.5,,1,Chad Dillard:25.5
2026-09-03,ETR,16.8,,1,Sophie Karp:16.8
2026-09-03,EXE,28.7,,1,Sergey Pigarev:28.7
2026-09-03,FAST,-10.75,5.7276,2,Chris Dankert:-6.7|Connor Cerniglia:-14.8
2026-09-03,FCX,5.5,,1,Vitaly Kononov:5.5
2026-09-03,FDX,27.2,,1,Alex Irving:27.2
2026-09-03,FDXF,45.7,,1,Ken Hoexter:45.7
2026-09-03,FERG,39.3,9.4752,2,Connor Cerniglia:46|Philip Ng:32.6
2026-09-03,FISV,29.9,30.1227,2,Dan Dolev:51.2|Jason Kupferberg:8.6
2026-09-03,FLEX,33,,1,Mark Delaney:33
2026-09-03,GOOGL,21.1,,1,Scott Devitt:21.1
2026-09-03,GPN,24.6,,1,Dan Dolev:24.6
2026-09-03,GWW,-2.3,,1,Connor Cerniglia:-2.3
2026-09-03,HAS,-1.7,,1,Anthony Bonadio:-1.7
2026-09-03,HON,30.5,,1,Varun Govindaraj:30.5
2026-09-03,HPE,10.6727,17.1721,11,Aaron Rakers:-13|Amit Daryanani:4.7|David Vogt:-5|Erik Woodring:11.1|Gianmarco Conti:9.5|James Fish:-8.2|Jim Kelleher:12.7|Joseph Cardoso:12.7|Matthew Niknam:12.7|Simon Leopold:38.5|Wamsi Mohan:41.7
2026-09-03,HPQ,-40.8,,1,Wamsi Mohan:-40.8
2026-09-03,HUBB,26.8,,1,Unknown Analyst:26.8
2026-09-03,INTC,-10.6,,1,Vijay Rakesh:-10.6
2026-09-03,J,14.9,,1,Chad Dillard:14.9
2026-09-03,JBHT,21.6,,1,David Vernon:21.6
2026-09-03,JCI,30.1,,1,Unknown Analyst:30.1
2026-09-03,JNJ,20.5,,1,Michael Yee:20.5
2026-09-03,KDP,24.2,,1,Cristian Rios:24.2
2026-09-03,LII,2.4,,1,Christopher Snyder:2.4
2026-09-03,LULU,-4,,1,Brooke Roach:-4
2026-09-03,MDT,9.1667,10.3968,3,Patrick Wood:20.9|Pito Chickering:1.1|Robbie Marcus:5.5
2026-09-03,MMM,-12.1,,1,Varun Govindaraj:-12.1
2026-09-03,MPC,16.7,,1,John Royall:16.7
2026-09-03,MRNA,-43.7,,1,Simon Baker CFA:-43.7
2026-09-03,MSFT,14.925,7.3631,4,Adam Wood:21.1|Billy Fitzsimmons:11|Kirk Materne:6.5|Tyler Radke:21.1
2026-09-03,NSC,23.6,,1,David Vernon:23.6
2026-09-03,NTAP,-5.7111,7.0453,9,Aaron Rakers:-4.7|Amit Daryanani:5.4|David Vogt:-14.2|Erik Woodring:-13.2|Joseph Cardoso:-2.1|Matt Bryson:-14.7|Mehdi Hosseini:-2.1|Nehal Chokshi:-6.2|Wamsi Mohan:0.4
2026-09-03,NVDA,78.7,,1,Kevin Cassidy:78.7
2026-09-03,ODFL,26.55,17.7484,2,Christian Wetherbee:39.1|Ken Hoexter:14
2026-09-03,OKE,11.8,,1,Spiro M. Dounis:11.8
2026-09-03,ON,24.8,,1,Joseph Quatrochi:24.8
2026-09-03,OTIS,30.2,,1,Varun Govindaraj:30.2
2026-09-03,PANW,28.4333,13.6031,3,Fatima Boolani:24|Michael Turrin:43.7|Saiyi He:17.6
2026-09-03,PAYX,14,,1,Brett Huff:14
2026-09-03,PCAR,20.6,,1,Chad Dillard:20.6
2026-09-03,PCG,30.425,21.3661,4,Anthony Crowdell:1.4|Gregg Orrill:37.7|James Thalacker:52.2|Nicholas Campanella:30.4
2026-09-03,PFG,0.7,,1,Ryan Krueger:0.7
2026-09-03,PG,3.3,,1,Robert Moskow:3.3
2026-09-03,PH,28.2,,1,Unknown Analyst:28.2
2026-09-03,PSX,1.7,,1,John Royall:1.7
2026-09-03,PWR,15,,1,Hanxu Wang:15
2026-09-03,ROK,6.7,18.809,2,Joseph C Giordano:-6.6|Varun Govindaraj:20
2026-09-03,SRE,15.2,,1,Richard Sunderland:15.2
2026-09-03,T,7.4,,1,Michael Rollins:7.4
2026-09-03,TMO,22.7,,1,Michael Luo CFA:22.7
2026-09-03,TMUS,26.1,,1,Sean Diffley:26.1
2026-09-03,TRMB,47.4,,1,Chad Dillard:47.4
2026-09-03,TSLA,-1.5,,1,Mark Delaney:-1.5
2026-09-03,TSN,26.5,,1,Leah Jordan:26.5
2026-09-03,TT,29.9,,1,Varun Govindaraj:29.9
2026-09-03,TTD,32.5,,1,Laura Martin:32.5
2026-09-03,UBER,45.38,14.8626,5,Brian Pitz:66|Jake Fuller:39.5|John Colantuoni:53.5|Justin Post:40.9|Ygal Arounian:27
2026-09-03,UHS,14.4,,1,Benjamin Rossi:14.4
2026-09-03,UNP,21.7,,1,Alex Irving:21.7
2026-09-03,UPS,30.6,,1,Alex Irving:30.6
2026-09-03,URI,33.1,,1,Chad Dillard:33.1
2026-09-03,VLO,11.4,,1,John Royall:11.4
2026-09-03,VRT,20.6,35.7796,2,Amit Daryanani:45.9|Stephen Volkmann:-4.7
2026-09-03,VTR,15.6,,1,Michael Mueller:15.6
2026-09-03,VZ,8.7,,1,Michael Rollins:8.7
2026-09-03,WELL,10.3,,1,Michael Mueller:10.3
2026-09-03,WMB,24.9,,1,Jeremy Tonet:24.9
2026-09-03,WY,26.9,,1,Hong Zhang:26.9
2026-09-03,XOM,11.5,,1,John Royall:11.5
2026-09-04,ABBV,5,5.5154,2,Geoff Meacham:1.1|William Katz:8.9
2026-09-04,AKAM,14.2,,1,Fatima Boolani:14.2
2026-09-04,AMGN,15.3,,1,Mohit Bansal:15.3
2026-09-04,APH,23.05,7.1418,2,Joseph Spak:18|William Stein:28.1
2026-09-04,AVGO,22.9333,23.5628,3,Atif Malik:42.3|Gil Luria:-3.3|Timothy Arcuri:29.8
2026-09-04,BSX,30.3,,1,Josh Jennings:30.3
2026-09-04,CCL,36.3,,1,Jamie Rollo:36.3
2026-09-04,CIEN,43.82,38.5677,5,Atif Malik:88.2|Dave Kang:-0.7|David Vogt:12.7|Ruben Roy:75.9|Tim Savageaux:43
2026-09-04,COR,2.6,,1,Ryan Halsted:2.6
2026-09-04,COST,23.5,4.1012,2,Krisztina Katai:20.6|Zhihan Ma:26.4
2026-09-04,CRWD,16.1,9.4745,4,Imtiaz Koujalgi:6.4|Patrick Colville:28.2|Rudy Kessinger:18.5|Tal Liani:11.3
2026-09-04,CSGP,11.6,,1,Ashish Sabadra:11.6
2026-09-04,DG,28.4,,1,Zhihan Ma:28.4
2026-09-04,DLTR,10,,1,Zhihan Ma:10
2026-09-04,EFX,14.8,,1,Ashish Sabadra:14.8
2026-09-04,EXE,29.7,,1,Unknown Analyst:29.7
2026-09-04,FLEX,24.4,,1,Tim Long:24.4
2026-09-04,HOOD,19.9,,1,Brian Bedell:19.9
2026-09-04,ICE,23.9,,1,Alex Kramm:23.9
2026-09-04,IT,10.3,,1,Ashish Sabadra:10.3
2026-09-04,KR,7.7,,1,Michael Lasser:7.7
2026-09-04,LIN,23.3,,1,David Begleiter:23.3
2026-09-04,LULU,2.9727,31.0704,11,Anna Andreeva:-19.2|Dana Telsey:11.1|Ike Boruchow:-4|Jay Sole:7.1|Joseph Civello:-17.1|Krisztina Katai:-1|Laurent Vasilescu:-55.5|Lorraine Hutchinson:23.3|Mark Altschwager:16.2|Peter McGoldrick:1|Zachary Warring:70.8
2026-09-04,MCO,28.4,,1,Ashish Sabadra:28.4
2026-09-04,MNST,26.7,,1,Dara Mohsenian:26.7
2026-09-04,MRK,18.1,,1,Mohit Bansal:18.1
2026-09-04,MSFT,6.9,,1,Brad Reback:6.9
2026-09-04,NCLH,35,,1,Trey Bowers:35
2026-09-04,NFLX,29.2,,1,Jason Bazinet:29.2
2026-09-04,NVDA,37.4,,1,Quinn Bolton:37.4
2026-09-04,O,9.2,,1,Richard Hightower:9.2
2026-09-04,ODFL,46.3,,1,J. Bruce Chan:46.3
2026-09-04,PCAR,1.8,,1,Angel Castillo:1.8
2026-09-04,PCG,1.4,,1,Ross Fowler:1.4
2026-09-04,PH,9.2,,1,Christine Yao:9.2
2026-09-04,PHM,25.1,,1,Unknown Analyst:25.1
2026-09-04,PYPL,13.6,,1,Timothy Chiodo:13.6
2026-09-04,RVTY,32.7,0,2,Paul Knight:32.7|Unknown Analyst:32.7
2026-09-04,TGT,-1.2,,1,Zhihan Ma:-1.2
2026-09-04,TSLA,-26.125,62.0711,4,Colin Langan:-64.4|Gordon Johnson:-93.2|Rajat Gupta CFA:21.8|Tom Narayan:31.3
2026-09-04,TSN,14.2,12.0208,2,Andrew Strelzik:22.7|Peter Galbo:5.7
2026-09-04,TTD,-2.35,19.7283,2,James Heaney CFA:-16.3|Youssef Squali:11.6
2026-09-04,VICI,24.8,,1,Richard Hightower:24.8
2026-09-04,VMC,31.8,,1,Brian Brophy:31.8
2026-09-04,VRT,36.2,,1,Christopher Snyder:36.2
2026-09-04,WMT,32.5,,1,Zhihan Ma:32.5
2026-09-05,AMGN,6,,1,Carter Gould:6
2026-09-05,CMG,7.7,,1,Brian Harbour:7.7
2026-09-05,DELL,23.4,,1,Mehdi Hosseini:23.4
2026-09-05,HPE,-0.1,,1,Mehdi Hosseini:-0.1
2026-09-05,TER,44.8,,1,Mehdi Hosseini:44.8
2026-09-07,APA,-3.9,,1,Neil Mehta:-3.9
2026-09-07,AVGO,29.8,,1,Amanda Tan:29.8
2026-09-07,CRH,58.1,,1,Harry Goad:58.1
2026-09-07,FERG,12.3,,1,Unknown Analyst:12.3
2026-09-07,GILD,11.3,,1,Courtney Breen:11.3
2026-09-07,HCA,1.9,,1,Ben Hendrix:1.9
2026-09-07,ISRG,27,,1,Ryan Zimmerman:27
2026-09-07,JBL,17.9,,1,Mark Delaney:17.9
2026-09-07,LDOS,4.8,,1,Gautam Khanna:4.8
2026-09-07,MCO,24.9,,1,George Tong:24.9
2026-09-07,MRK,-27,,1,Courtney Breen:-27
2026-09-07,ORCL,112.9,,1,Siti Panigrahi:112.9
2026-09-07,PANW,4.6,,1,Paul Chew:4.6
2026-09-08,AAPL,0.85,13.2229,2,Craig Moffett:-8.5|Nicolas Cote Colisson:10.2
2026-09-08,ABBV,9.7,,1,Jason Gerberry:9.7
2026-09-08,ABNB,17.5,0,2,Colin Sebastian:17.5|Josh Beck:17.5
2026-09-08,ABT,9.9,,1,Larry Biegelsen:9.9
2026-09-08,AIZ,16.5,,1,Paul Newsome:16.5
2026-09-08,AMD,11.4,,1,Atif Malik:11.4
2026-09-08,AME,5.4,,1,Jeffrey Sprague:5.4
2026-09-08,AMGN,12.7,16.0607,5,David Amsellem:21.1|Evan Seigerman:19.3|Salveen Richter:19.3|Tazeen Ahmad:-16|Yaron Werber:19.8
2026-09-08,APD,11.35,2.192,2,Alexandra Yates:12.9|David Begleiter:9.8
2026-09-08,APH,19.2,,1,Guy Hardwick:19.2
2026-09-08,APP,22.2,,1,Clark Lampen:22.2
2026-09-08,BA,26.7,8.3289,3,David E. Strauss:18.8|Gavin Parsons:35.4|Kenneth Herbert:25.9
2026-09-08,BAC,16.45,13.5057,2,Manan Gosalia:6.9|Richard Ramsden:26
2026-09-08,BBY,4.6,,1,Michael Baker:4.6
2026-09-08,BDX,18.1,,1,Matthew Taylor:18.1
2026-09-08,BNY,-7.2,,1,Manan Gosalia:-7.2
2026-09-08,BSX,25.6,,1,Travis Steed:25.6
2026-09-08,BXP,22.1,,1,Brendan Lynch:22.1
2026-09-08,C,22.1,5.6569,2,Manan Gosalia:18.1|Richard Ramsden:26.1
2026-09-08,CASY,47.9,,1,Irene Nattel:47.9
2026-09-08,CDW,-2.5,0,2,Asiya Merchant:-2.5|Guy Hardwick:-2.5
2026-09-08,CFG,27.7,,1,Ryan Kenny:27.7
2026-09-08,CHRW,40.7,,1,Christian Wetherbee:40.7
2026-09-08,CIEN,73.1,,1,Joseph Cardoso:73.1
2026-09-08,CL,19.8,,1,Nik Modi:19.8
2026-09-08,CMS,14.7,,1,James Thalacker:14.7
2026-09-08,COIN,25,,1,James Yaro:25
2026-09-08,COST,20.95,10.1116,2,Georgy Vashchenko:13.8|Kate McShane:28.1
2026-09-08,CPT,9.7,4.1012,2,Haendel St. Juste:12.6|James Feldman:6.8
2026-09-08,DASH,46.1,,1,Unknown Analyst:46.1
2026-09-08,DECK,29.2,,1,Aneesha Sherman:29.2
2026-09-08,DG,21.2,,1,Seth Sigman:21.2
2026-09-08,DGX,4.2,,1,Kevin Caliendo:4.2
2026-09-08,DLR,4.5,,1,Brendan Lynch:4.5
2026-09-08,DLTR,35.4,,1,Seth Sigman:35.4
2026-09-08,ECHO,61,,1,John Hodulik:61
2026-09-08,EFX,35.2,13.8593,2,Andrew Grobler:45|Jason Haas CFA:25.4
2026-09-08,EQIX,9.4,,1,Brendan Lynch:9.4
2026-09-08,ESS,8.1,,1,Haendel St. Juste:8.1
2026-09-08,ETN,21.1,,1,Amit Mehrotra:21.1
2026-09-08,ETR,12,,1,Marie Ferguson:12
2026-09-08,FAST,11.5,,1,Andrew Obin:11.5
2026-09-08,FDS,-3.7,,1,Manav Patnaik:-3.7
2026-09-08,FDX,28.2,,1,Brian Ossenbeck:28.2
2026-09-08,FDXF,24.7,,1,Brian Ossenbeck:24.7
2026-09-08,FICO,47.1,,1,Jason Haas CFA:47.1
2026-09-08,FITB,17,,1,Manan Gosalia:17
2026-09-08,FRT,12.8,,1,Michael Mueller:12.8
2026-09-08,FSLR,24.4,,1,Dimple Gosai:24.4
2026-09-08,GE,25.1,,1,Ronald Epstein:25.1
2026-09-08,GLW,32.2,,1,Asiya Merchant:32.2
2026-09-08,GOOGL,27,,1,Justin Post:27
2026-09-08,HBAN,12.7,,1,Manan Gosalia:12.7
2026-09-08,HOOD,33.275,7.2261,4,Daniel Fannon:24.4|Gautam Chhugani:42.1|Michael Cyprys:33.3|Ramsey El Assal:33.3
2026-09-08,HPE,22.4,,1,Asiya Merchant:22.4
2026-09-08,IEX,11.5,,1,Jeffrey Sprague:11.5
2026-09-08,INTC,16.6,,1,Gus Richard:16.6
2026-09-08,IRM,25,,1,Brendan Lynch:25
2026-09-08,J,18.4,,1,Sangita Jain:18.4
2026-09-08,JPM,11.5667,13.2791,3,David Chiaverini:3.9|Manan Gosalia:3.9|Richard Ramsden:26.9
2026-09-08,KEY,14.5,,1,Manan Gosalia:14.5
2026-09-08,KLAC,27.3,,1,Unknown Analyst:27.3
2026-09-08,LLY,25.5,,1,Emily Field:25.5
2026-09-08,LMT,28.6,,1,Gavin Parsons:28.6
2026-09-08,LRCX,40.8,0,2,Tammy Qiu:40.8|Unknown Analyst:40.8
2026-09-08,LULU,6.1,14.2836,2,Adrienne Yih:-4|Aneesha Sherman:16.2
2026-09-08,MAA,13.8,2.7713,3,Alexander Goldfarb:12.2|Haendel St. Juste:12.2|James Feldman:17
2026-09-08,MDT,20.9,,1,Travis Steed:20.9
2026-09-08,MPC,13.7,,1,Manav Gupta:13.7
2026-09-08,MRK,18.1,,1,Vamil Divan:18.1
2026-09-08,MS,20.3,,1,Richard Ramsden:20.3
2026-09-08,MSFT,33.2,,1,Mark Moerdler:33.2
2026-09-08,MTB,26.8,,1,Ryan Kenny:26.8
2026-09-08,MU,33.3,,1,Mark Li:33.3
2026-09-08,NKE,84.8,,1,Aneesha Sherman:84.8
2026-09-08,NOW,28.3,,1,Allan Verkhovski:28.3
2026-09-08,NTAP,-4.7,,1,Asiya Merchant:-4.7
2026-09-08,NTRS,-8.6,,1,Manan Gosalia:-8.6
2026-09-08,ORCL,116.3,,1,Mark Moerdler:116.3
2026-09-08,PFG,0.7,,1,Tim Switzer:0.7
2026-09-08,PM,10.4,,1,Lisa Lewandowski:10.4
2026-09-08,PNC,14.45,0.9192,2,Manan Gosalia:13.8|Richard Ramsden:15.1
2026-09-08,PSX,15.6,,1,Manav Gupta:15.6
2026-09-08,PWR,12.4,0,2,Dimple Gosai:12.4|Unknown Analyst:12.4
2026-09-08,QCOM,-5.2,5.7983,2,Srini Pajjuri:-1.1|Stacy Rasgon:-9.3
2026-09-08,RF,19.5,,1,Ryan Kenny:19.5
2026-09-08,RSG,1.9,,1,Connor Cerniglia:1.9
2026-09-08,RTX,17.4,,1,Douglas Harned:17.4
2026-09-08,SMCI,-2.7,,1,Asiya Merchant:-2.7
2026-09-08,SNDK,56.15,38.9616,2,Asiya Merchant:28.6|Mark Newman:83.7
2026-09-08,SNPS,25.8,,1,Lee Simpson:25.8
2026-09-08,SPGI,34.6,,1,Manav Patnaik:34.6
2026-09-08,STT,0.8,,1,Manan Gosalia:0.8
2026-09-08,TFC,7.1,,1,Manan Gosalia:7.1
2026-09-08,TMO,19.7,0,2,Doug Schenkel:19.7|Unknown Analyst:19.7
2026-09-08,TSLA,1.2,,1,Dan Levy:1.2
2026-09-08,TTD,-7.0333,14.5156,3,Mark Mahaney:-2.4|Matthew Swanson:4.6|Ronald Josey:-23.3
2026-09-08,UDR,13.85,4.0305,2,Alexander Goldfarb:16.7|Haendel St. Juste:11
2026-09-08,UHS,-5.1,,1,Stephen Baxter:-5.1
2026-09-08,ULTA,23.1,,1,Kate McShane:23.1
2026-09-08,USB,9.8,4.5255,2,Manan Gosalia:6.6|Richard Ramsden:13
2026-09-08,VLO,15.3,,1,Manav Gupta:15.3
2026-09-08,VMRK,11.4,,1,Haendel St. Juste:11.4
2026-09-08,VRSK,27.7,,1,Manav Patnaik:27.7
2026-09-08,VTRS,21.1,,1,Jasper Hellweg:21.1
2026-09-08,WDAY,18.2,14.1421,2,Mark Moerdler:28.2|Steve Enders:8.2
2026-09-08,WFC,17.95,7.0004,2,Manan Gosalia:13|Richard Ramsden:22.9
2026-09-08,WM,26.5,,1,Connor Cerniglia:26.5
2026-09-08,WMT,23.2,,1,Kate McShane:23.2
2026-09-09,A,17.4,7.2125,2,Eve Burstein:22.5|Unknown Analyst:12.3
2026-09-09,AAPL,-0.8,17.166,3,Atif Malik:9.9|Edison Lee:-20.6|Michael Ng:8.3
2026-09-09,ABBV,8.9,,1,Trung Huynh:8.9
2026-09-09,ADP,7,,1,Bryan Keane:7
2026-09-09,AEP,20.8,,1,Shelby Tucker:20.8
2026-09-09,AMD,16.2,,1,Unknown Analyst:16.2
2026-09-09,AMGN,13.0667,6.0136,3,Geoff Meacham:7.3|Louise Chen:19.3|Morten Herholdt:12.6
2026-09-09,APA,38.6,,1,Unknown Analyst:38.6
2026-09-09,APH,7.2,,1,Joseph C Giordano:7.2
2026-09-09,APTV,64.7,,1,Unknown Analyst:64.7
2026-09-09,AVGO,27.1,,1,Unknown Analyst:27.1
2026-09-09,BEN,15.9,4.2426,2,Alex Bond:12.9|William Katz:18.9
2026-09-09,BG,22.5,,1,Benjamin Theurer:22.5
2026-09-09,BKNG,35.7,,1,Ronald Josey:35.7
2026-09-09,BMY,-3.6,3.6373,3,Evan Seigerman:-5.7|Louise Chen:-5.7|Trung Huynh:0.6
2026-09-09,BSX,30.3,,1,Marie Thibault:30.3
2026-09-09,BXP,5.1,,1,Michael Lewis:5.1
2026-09-09,CAH,18.1,,1,Stephen Baxter:18.1
2026-09-09,CASY,21.9,,1,Bonnie Herzog:21.9
2026-09-09,CCL,62.6,,1,James Hardiman:62.6
2026-09-09,CHRW,21.1,,1,Ariel Rosa:21.1
2026-09-09,CI,19.5,22.9103,2,Elizabeth Anderson CFA:3.3|Lance Wilkes:35.7
2026-09-09,CIEN,57.3,,1,Jim Kelleher:57.3
2026-09-09,CNC,18.9,,1,Lance Wilkes:18.9
2026-09-09,COO,13.2,,1,Larry Biegelsen:13.2
2026-09-09,CPT,28.1,,1,Jeffrey Spector:28.1
2026-09-09,CRH,20.8,,1,Timna Tanners:20.8
2026-09-09,CRM,3.95,4.3134,2,Rishi Jaluria:0.9|Samik Chatterjee:7
2026-09-09,CVS,20.95,12.6572,2,Lance Wilkes:12|Stephen Baxter:29.9
2026-09-09,CVX,-2.8,,1,Betty Jiang:-2.8
2026-09-09,DASH,36.2,,1,Nat Schindler:36.2
2026-09-09,DECK,-13.9,,1,Unknown Analyst:-13.9
2026-09-09,DELL,14.6,,1,Amit Daryanani:14.6
2026-09-09,DHR,24.9,,1,Lu Li:24.9
2026-09-09,DOW,-0.1,,1,Matthew DeYoe:-0.1
2026-09-09,DVN,21.4,,1,Unknown Analyst:21.4
2026-09-09,DXCM,8.4,,1,Larry Biegelsen:8.4
2026-09-09,ELV,16.5,,1,Lance Wilkes:16.5
2026-09-09,EOG,7.2,,1,Unknown Analyst:7.2
2026-09-09,EXE,48.7,8.9095,2,John Freeman:55|Unknown Analyst:42.4
2026-09-09,F,0.2,,1,Andrew Percoco:0.2
2026-09-09,FANG,26.4,,1,Unknown Analyst:26.4
2026-09-09,FCX,-33.9,,1,Bob Brackett:-33.9
2026-09-09,FSLR,-11.5,,1,Aristotelis Moutopoulos:-11.5
2026-09-09,GD,14.6,,1,Gavin Parsons:14.6
2026-09-09,GILD,-14.4,,1,Brian Abrahams:-14.4
2026-09-09,GIS,0.4,,1,Andrew Lazar:0.4
2026-09-09,HAL,47.9,,1,David Anderson:47.9
2026-09-09,HCA,-0.2,,1,Lance Wilkes:-0.2
2026-09-09,HD,11.4,,1,Zhihan Ma:11.4
2026-09-09,HOOD,37.7,18.809,2,Dan Dolev:24.4|Unknown Analyst:51
2026-09-09,HUM,3.7,,1,Lance Wilkes:3.7
2026-09-09,IBM,-5.5,,1,Mark Newman:-5.5
2026-09-09,IEX,20.4,,1,Bryan Blair:20.4
2026-09-09,INTC,6.9,,1,Unknown Analyst:6.9
2026-09-09,IVZ,20.8,,1,Alex Bond:20.8
2026-09-09,JNJ,8.1,,1,Trung Huynh:8.1
2026-09-09,JPM,17.9,,1,Ebrahim Poonawala:17.9
2026-09-09,KMB,6,,1,Robert Moskow:6
2026-09-09,KMI,16.7,,1,Jeremy Tonet:16.7
2026-09-09,KR,16.3,,1,Krisztina Katai:16.3
2026-09-09,LIN,17.1,,1,John McNulty:17.1
2026-09-09,LOW,29.1,,1,Zhihan Ma:29.1
2026-09-09,LULU,-16.65,17.8898,2,Matthew Boss:-4|Unknown Analyst:-29.3
2026-09-09,MA,22.3,,1,Daniel Perlin:22.3
2026-09-09,MAA,26.6,,1,Jana Galan:26.6
2026-09-09,MDT,14.3,,1,Larry Biegelsen:14.3
2026-09-09,META,23.25,7.3641,4,Brian Nowak:19.6|John Blackledge:15.7|Justin Post:25|Mark Mahaney:32.7
2026-09-09,MLM,19.4,,1,Timna Tanners:19.4
2026-09-09,MRVL,14.4,,1,Unknown Analyst:14.4
2026-09-09,MSFT,29.1,,1,Rishi Jaluria:29.1
2026-09-09,MTD,12.9,,1,Unknown Analyst:12.9
2026-09-09,NCLH,48.4,,1,James Hardiman:48.4
2026-09-09,NEM,13.6,0,2,Bob Brackett:13.6|Unknown Analyst:13.6
2026-09-09,NKE,-18.5,,1,Unknown Analyst:-18.5
2026-09-09,NOC,35.7,,1,Gavin Parsons:35.7
2026-09-09,NOW,87.1,,1,Peter Weed:87.1
2026-09-09,NRG,62.2,,1,Gabriele Sorbara:62.2
2026-09-09,NUE,18.7,,1,Bill Peterson:18.7
2026-09-09,NVDA,37.4,,1,Unknown Analyst:37.4
2026-09-09,ODFL,24,,1,Ariel Rosa:24
2026-09-09,PAYX,4.1,11.5966,2,David Grossman:12.3|Jason Kupferberg:-4.1
2026-09-09,PM,17.8,,1,Pallav Mittal:17.8
2026-09-09,PSX,-16.8,,1,Theresa Chen:-16.8
2026-09-09,QCOM,20.2,22.9331,4,Sajal Dogra:29.1|Thomas O'Malley:-1.1|Unknown Analyst:4.4|Unknown Analyst:48.4
2026-09-09,RCL,39.2,,1,James Hardiman:39.2
2026-09-09,RVTY,4.55,11.3844,2,Eve Burstein:-3.5|Unknown Analyst:12.6
2026-09-09,SJM,19.7,,1,Andrew Lazar:19.7
2026-09-09,SLB,28.4,,1,Josh Silverstein:28.4
2026-09-09,STLD,13.8,,1,Bill Peterson:13.8
2026-09-09,STX,56.6,,1,Asiya Merchant:56.6
2026-09-09,STZ,7.8,,1,Lauren Lieberman:7.8
2026-09-09,SYK,20.65,7.9903,2,Larry Biegelsen:26.3|Vik Chopra:15
2026-09-09,TMO,-5.7,,1,Eve Burstein:-5.7
2026-09-09,TTWO,34.6,,1,James Callahan CFA:34.6
2026-09-09,UBER,39.5,,1,Nat Schindler:39.5
2026-09-09,ULTA,6.1,,1,Unknown Analyst:6.1
2026-09-09,UNH,36.95,2.6163,2,Lance Wilkes:35.1|Stephen Baxter:38.8
2026-09-09,V,25.8,,1,Daniel Perlin:25.8
2026-09-09,VEEV,25.8,,1,Stan Berenshteyn:25.8
2026-09-09,VMC,0.5,,1,Timna Tanners:0.5
2026-09-09,VMRK,5.3,,1,Unknown Analyst:5.3
2026-09-09,VRT,43.2,,1,Varun Govindaraj:43.2
2026-09-09,VTRS,21.1,,1,Daniel Clark:21.1
2026-09-09,WAT,15.1,6.9296,2,Eve Burstein:10.2|Lu Li:20
2026-09-09,WDC,65.5,,1,Asiya Merchant:65.5
2026-09-09,WMT,23.2,,1,Michael Baker:23.2
2026-09-09,WST,19.9,,1,Unknown Analyst:19.9
2026-09-09,WTW,15.6,,1,Michael Zaremski:15.6
2026-09-10,AAPL,1.2889,14.5829,9,Barton Crockett:-8.8|Brian White:0.8|David Vogt:-10.9|Erik Woodring:8.3|Krish Sankar:20.4|Samik Chatterjee:2.3|Tim Long:-26.3|Tom Forte:14.4|Wamsi Mohan:11.4
2026-09-10,ABBV,14.75,10.9602,2,Luisa Hector:7|Rajesh Kumar:22.5
2026-09-10,ABNB,-5.4,,1,Patrick Scholes:-5.4
2026-09-10,ABT,22.6,,1,Joanne Wuensch:22.6
2026-09-10,ADBE,3.05,5.5861,2,Keith Bachman:7|Tyler Radke:-0.9
2026-09-10,ADM,3.8,,1,Benjamin Theurer:3.8
2026-09-10,AMD,16.2,,1,David O'Connor:16.2
2026-09-10,APA,14,34.7897,2,Betty Jiang:-10.6|Tim O'Toole:38.6
2026-09-10,APTV,71.3,,1,Tom Narayan:71.3
2026-09-10,AVGO,27.1,,1,David O'Connor:27.1
2026-09-10,AXON,72.1,,1,Andrew Sherman:72.1
2026-09-10,AZO,21.7,,1,Zachary Fadem:21.7
2026-09-10,BIIB,-19.4,,1,Morten Herholdt:-19.4
2026-09-10,BKR,23.6,4.1641,4,Charles Minervino:27|David Anderson:21.9|Josh Silverstein:18.5|Phillip Jungwirth:27
2026-09-10,BMY,2.1,,1,Rajesh Kumar:2.1
2026-09-10,BSX,32.6,,1,Joanne Wuensch:32.6
2026-09-10,CASY,28.45,12.3595,10,Bobby Griffin:21.9|Bradley Thomas:26.7|Corey Tarlowe:38.1|Edward Kelly:21.9|Kelly Bania:31.6|Krisztina Katai:51.6|Lisa Lewandowski:42.2|Mark Carden:17|Pooran Sharma:21.9|Thomas Palmer:11.6
2026-09-10,CAT,19.7,0,2,Sergey Glinyanov:19.7|Unknown Analyst:19.7
2026-09-10,CHD,-8.7,,1,Lauren Lieberman:-8.7
2026-09-10,CL,0.2,,1,Lauren Lieberman:0.2
2026-09-10,CLX,-8.3,5.6569,2,Bonnie Herzog:-12.3|Lauren Lieberman:-4.3
2026-09-10,COIN,42.6,,1,Michael Cyprys:42.6
2026-09-10,COO,21.025,10.277,8,David Saxon:35.4|Jason Bednar:9.4|Jeff Johnson:13.2|Jonathan Block:29.8|Patrick Wood:22.4|Robbie Marcus:7.6|Travis Steed:20.6|Young Li:29.8
2026-09-10,COP,7.8,,1,Unknown Analyst:7.8
2026-09-10,CSX,10.3,,1,Christian Wetherbee:10.3
2026-09-10,CTAS,-0.7,,1,Connor Cerniglia:-0.7
2026-09-10,DAL,27.65,5.3033,2,Atul Maheswari:23.9|Christian Wetherbee:31.4
2026-09-10,DASH,33.7,,1,Nikhil Devnani:33.7
2026-09-10,DDOG,24.3,,1,Steven Wahrhaftig:24.3
2026-09-10,DE,-5.3,,1,Unknown Analyst:-5.3
2026-09-10,DECK,63.7,,1,Adrienne Yih:63.7
2026-09-10,DELL,12.8,,1,David Paige:12.8
2026-09-10,DLR,16.7,,1,Tom Catherwood:16.7
2026-09-10,DPZ,2.7,,1,Andrew Charles:2.7
2026-09-10,DVN,18.45,4.1719,2,Betty Jiang:15.5|Tim O'Toole:21.4
2026-09-10,EBAY,6.7,,1,Nikhil Devnani:6.7
2026-09-10,EL,-0.1,,1,Lauren Lieberman:-0.1
2026-09-10,EOG,3.5,5.2326,2,Betty Jiang:-0.2|Tim O'Toole:7.2
2026-09-10,EQIX,19.5,,1,Tom Catherwood:19.5
2026-09-10,EQT,22.1,0,2,Robert Hodges:22.1|Unknown Analyst:22.1
2026-09-10,EW,30.4,0,2,Joanne Wuensch:30.4|Marie Thibault:30.4
2026-09-10,EXE,42.4,,1,Tim O'Toole:42.4
2026-09-10,EXPD,7.5,,1,Ken Hoexter:7.5
2026-09-10,FANG,26.4,,1,Tim O'Toole:26.4
2026-09-10,FCX,2.7,,1,Nick Cash:2.7
2026-09-10,FDS,15.5,,1,Toni Kaplan:15.5
2026-09-10,FDX,15.1,,1,Ariel Rosa:15.1
2026-09-10,FDXF,3.7,,1,David Vernon:3.7
2026-09-10,FTNT,-0.7,,1,Steven Wahrhaftig:-0.7
2026-09-10,GILD,21.8,,1,Morten Herholdt:21.8
2026-09-10,GIS,-2.4,,1,Scott Marks CFA:-2.4
2026-09-10,GLW,20.2,,1,Martin Yang:20.2
2026-09-10,GOOG,19.2,,1,Jason Helfstein:19.2
2026-09-10,GPC,27.2,,1,Chris Dankert:27.2
2026-09-10,GPN,25.7,,1,James Friedman:25.7
2026-09-10,HLT,3.2,,1,Patrick Scholes:3.2
2026-09-10,HOOD,27.9,,1,James Yaro:27.9
2026-09-10,HRL,45.8,,1,Benjamin Theurer:45.8
2026-09-10,HSIC,24.5,,1,Allen Lutz:24.5
2026-09-10,HST,12.4,12.7279,2,Patrick Scholes:21.4|Robin M. Farley:3.4
2026-09-10,HSY,15.4,,1,Andrew Lazar:15.4
2026-09-10,HUM,-0.7,,1,Andrew Mok CFA:-0.7
2026-09-10,INTC,6.9,,1,David O'Connor:6.9
2026-09-10,INTU,19.7,,1,Rishi Jaluria:19.7
2026-09-10,IT,9.1,,1,Joshua Chan:9.1
2026-09-10,JNJ,20.5,,1,Morten Herholdt:20.5
2026-09-10,KHC,5.7,,1,Andrew Lazar:5.7
2026-09-10,KIM,16.4,,1,Caitlin Burrows:16.4
2026-09-10,KMB,12.1,7.2125,2,Christopher Carey:7|Lauren Lieberman:17.2
2026-09-10,KMI,19.075,13.5675,4,John Mackay:13.4|Manav Gupta:39.3|Selman Akyol:13.4|Theresa Chen:10.2
2026-09-10,KO,5.3,,1,Lauren Lieberman:5.3
2026-09-10,LLY,-15.7,,1,Rajesh Kumar:-15.7
2026-09-10,LULU,1.05,24.2538,2,Alexandra Straton:-16.1|Paul Lejuez:18.2
2026-09-10,LUV,26.15,1.7678,2,Atul Maheswari:24.9|Christian Wetherbee:27.4
2026-09-10,MAR,7.6,,1,Patrick Scholes:7.6
2026-09-10,MDLZ,12.1,,1,Andrew Lazar:12.1
2026-09-10,MDT,20.9,,1,Joanne Wuensch:20.9
2026-09-10,META,26.5,,1,Doug Anmuth:26.5
2026-09-10,MKC,7.2,,1,Andrew Lazar:7.2
2026-09-10,MPC,3.6,,1,Jean Ann Salisbury:3.6
2026-09-10,MRK,15.5667,3.807,3,Daina Graybosch:11.9|Jason Gerberry:15.3|Rajesh Kumar:19.5
2026-09-10,MRNA,-30.5,,1,Harry Gillis:-30.5
2026-09-10,MRVL,14.4,,1,David O'Connor:14.4
2026-09-10,NKE,-15.8,,1,Alexandra Straton:-15.8
2026-09-10,NTAP,12.9,,1,Jim Kelleher:12.9
2026-09-10,NVDA,37.4,0,2,David O'Connor:37.4|James Schneider:37.4
2026-09-10,O,12.6,,1,Ronald Kamdem:12.6
2026-09-10,ODFL,11.2,,1,David Vernon:11.2
2026-09-10,OKE,5.5667,12.2055,3,John Mackay:-7.9|Robert Kad:15.9|Tim O'Toole:8.7
2026-09-10,ORCL,98.3,18.4957,3,Michael Turrin:86.3|Thomas Blakey:89|Tyler Radke:119.6
2026-09-10,OXY,10.6,0,2,Robert Hodges:10.6|Unknown Analyst:10.6
2026-09-10,PANW,21,,1,Steven Wahrhaftig:21
2026-09-10,PAYX,29.5,,1,Bryan Keane:29.5
2026-09-10,PCAR,22.2,,1,Nicholas Housden:22.2
2026-09-10,PFE,8.2,,1,Rajesh Kumar:8.2
2026-09-10,PFG,3.3,,1,Michael Ward CFA:3.3
2026-09-10,PGR,-3.5,,1,Bob Huang:-3.5
2026-09-10,PSA,18.4,,1,Brendan Lynch:18.4
2026-09-10,PSX,2.1,,1,Jean Ann Salisbury:2.1
2026-09-10,QCOM,4.4,,1,David O'Connor:4.4
2026-09-10,REGN,6,16.5463,2,Brian Abrahams:-5.7|Rajesh Kumar:17.7
2026-09-10,RMD,10,,1,Laura Sutcliffe:10
2026-09-10,SNPS,19.5,,1,Joseph Quatrochi:19.5
2026-09-10,SYF,15.8,,1,Donald Fandetti:15.8
2026-09-10,SYK,30.6,,1,Joanne Wuensch:30.6
2026-09-10,SYY,20.2,,1,Edward Kelly:20.2
2026-09-10,TAP,5.3,,1,Lauren Lieberman:5.3
2026-09-10,TJX,49.2,,1,Adrienne Yih:49.2
2026-09-10,TPR,56.1,,1,Adrienne Yih:56.1
2026-09-10,TRGP,7.7,9.6597,3,Brandon Bingham:8.2|Theresa Chen:-2.2|Tim O'Toole:17.1
2026-09-10,TSCO,6,,1,Seth Sigman:6
2026-09-10,TSN,24.6,,1,Michael Lavery:24.6
2026-09-10,UAL,37.45,18.0312,2,Atul Maheswari:24.7|Christian Wetherbee:50.2
2026-09-10,UBER,32.6,,1,Nikhil Devnani:32.6
2026-09-10,UNH,16.3,,1,Andrew Mok CFA:16.3
2026-09-10,URI,18.3,,1,Tami Zakaria:18.3
2026-09-10,VLO,-8.05,13.0815,2,Jean Ann Salisbury:1.2|Theresa Chen:-17.3
2026-09-10,VLTO,15.8,,1,Deane Dray:15.8
2026-09-10,WMB,16.7,0,2,Brandon Bingham:16.7|Tim O'Toole:16.7
2026-09-10,WMT,26.95,5.3033,2,Robert Drbul:30.7|Seth Sigman:23.2
2026-09-10,XOM,6.6,,1,Betty Jiang:6.6
2026-09-10,XYZ,32.6,,1,Unknown Analyst:32.6
2026-09-10,YUM,24.2,,1,Zachary Fadem:24.2
2026-09-11,A,5.5,,1,Blayne Curtis:5.5
2026-09-11,ABBV,8.9,,1,Louise Chen:8.9
2026-09-11,ADBE,3.8188,13.7569,16,Adam Wood:-4.8|Billy Fitzsimmons:-0.9|Brent Thill:9|Derrick Wood:-2.9|Gil Luria:15|J. Parker Lane:-10.8|Jackson Ader:-22.7|Karl Keirstead:1.1|Kirk Materne:-0.9|Matthew Swanson:24.9|Michael Turrin:7|Robert Oliver:-0.9|Saiyi He:18.9|Saket Kalia:17|Samik Chatterjee:24.9|Tal Liani:-12.8
2026-09-11,AEP,20,,1,Shahriar Pourreza:20
2026-09-11,ALB,79.5,,1,Laurence Alexander:79.5
2026-09-11,AMD,23,,1,Ruben Roy:23
2026-09-11,APP,85.2,,1,Jason Bazinet:85.2
2026-09-11,ATO,10.3,,1,Eli Jossen:10.3
2026-09-11,AWK,17.7,,1,Gregg Orrill:17.7
2026-09-11,BG,26.6,,1,Manav Gupta:26.6
2026-09-11,BKR,18.5,,1,Joe Laetsch:18.5
2026-09-11,BLDR,4.4,,1,Sam Reid:4.4
2026-09-11,BSX,39.6,,1,Matthew Taylor:39.6
2026-09-11,CASY,25.9,,1,Michael Montani:25.9
2026-09-11,CDNS,29.6,,1,Shebly Seyrafi:29.6
2026-09-11,CF,-13.6,,1,Unknown Analyst:-13.6
2026-09-11,CHRW,47.9,,1,Ken Hoexter:47.9
2026-09-11,CLX,12.4,1.7349,3,Anna Lizzul:13.9|Filippo Falorni:10.5|Javier Escalante:12.8
2026-09-11,CNC,20.4,,1,Kevin Fischbeck:20.4
2026-09-11,CNP,25.3,,1,Shahriar Pourreza:25.3
2026-09-11,COIN,19.8,,1,Peter Christiansen:19.8
2026-09-11,COO,25.2,19.6576,2,Anthony Petrone:39.1|Joanne Wuensch:11.3
2026-09-11,COP,9.2,,1,Betty Jiang:9.2
2026-09-11,CPRT,39.1333,15.7469,3,Bret Jordan:56.9|Craig Kennison:26.9|Gary Prestopino:33.6
2026-09-11,CRH,57,,1,Angel Castillo:57
2026-09-11,CRL,15,,1,Elizabeth Anderson CFA:15
2026-09-11,CRM,3.95,9.9702,2,J. Parker Lane:11|Karl Keirstead:-3.1
2026-09-11,CRWD,20.9,,1,Steven Wahrhaftig:20.9
2026-09-11,CTAS,14.1,,1,Curtis Nagle:14.1
2026-09-11,DAL,18.9,,1,Brandon Oglenski:18.9
2026-09-11,DECK,98.1,,1,Jay Sole:98.1
2026-09-11,DHI,5.2,,1,Sam Reid:5.2
2026-09-11,DRI,12.4333,6.8923,3,Dennis Geiger:14.3|Jim Salera:4.8|Jon Tower:18.2
2026-09-11,EL,20.5,,1,Stephen Powers:20.5
2026-09-11,ELV,11.85,3.8891,2,Andrew Mok CFA:9.1|Kevin Fischbeck:14.6
2026-09-11,EQIX,22.4,,1,Irvin Liu:22.4
2026-09-11,EQT,25.8,,1,Betty Jiang:25.8
2026-09-11,EW,24.5,,1,Matthew Taylor:24.5
2026-09-11,FDS,15.1,,1,Faiza Alwy:15.1
2026-09-11,FICO,11.6,,1,Kevin Mcveigh:11.6
2026-09-11,FIS,10.1,,1,Bill Carcache:10.1
2026-09-11,GPN,14.4,,1,Bill Carcache:14.4
2026-09-11,HAS,16.9,,1,James Hardiman:16.9
2026-09-11,HOOD,46.6,,1,Devin Ryan:46.6
2026-09-11,HPQ,-7,,1,David Paige:-7
2026-09-11,IFF,14.8,,1,Lauren Lieberman:14.8
2026-09-11,IP,33.9,,1,George Staphos:33.9
2026-09-11,IVZ,14.6,,1,Glenn Schorr:14.6
2026-09-11,JKHY,6.1,,1,Bill Carcache:6.1
2026-09-11,JNJ,1.7,,1,Nico Chen:1.7
2026-09-11,KDP,21.1,,1,Lauren Lieberman:21.1
2026-09-11,KMB,20.2,,1,Michael Lavery:20.2
2026-09-11,KR,24.46,15.46,5,Joe Feldman:33.4|Robert Ohmes:45.3|Scott Marks CFA:23.1|Simeon Gutman:14.5|Thomas Palmer:6
2026-09-11,LEN,0.5,,1,Sam Reid:0.5
2026-09-11,LH,12.325,6.9591,4,David S Macdonald:12.3|Elizabeth Anderson CFA:9.1|Kevin Caliendo:22|Luke Sergott:5.9
2026-09-11,LIN,18.55,3.182,2,James Hooper:20.8|Unknown Analyst:16.3
2026-09-11,LUV,47.8,,1,Brandon Oglenski:47.8
2026-09-11,LVS,30.7,,1,Robin M. Farley:30.7
2026-09-11,LYV,23.4,,1,Stephen Laszczyk:23.4
2026-09-11,MAS,19.7,,1,Sam Reid:19.7
2026-09-11,MCD,11.7,,1,Andrew Charles:11.7
2026-09-11,MCO,22.3,,1,Owen Lau:22.3
2026-09-11,META,0.3,,1,Ygal Arounian:0.3
2026-09-11,MGM,15.3,,1,Robin M. Farley:15.3
2026-09-11,MLM,41.2,,1,Philip Ng:41.2
2026-09-11,MMM,10.9,,1,Andrew Kaplowitz:10.9
2026-09-11,MRK,25.1,,1,Nico Chen:25.1
2026-09-11,MRNA,-20.1,34.3654,2,Cory Kasimov:-44.4|Nico Chen:4.2
2026-09-11,MSCI,10.9,,1,Owen Lau:10.9
2026-09-11,MU,12.8,,1,James Schneider:12.8
2026-09-11,NOW,17,,1,Mike Cikos:17
2026-09-11,OKE,-3.7,,1,Jason Gabelman:-3.7
2026-09-11,ORCL,55.0063,24.0635,16,Billy Fitzsimmons:49.7|Brad Reback:33.1|Brent Thill:93|Brian Schwartz:83|Derrick Wood:59.7|Gil Luria:49.7|Jackson Ader:99.6|Karl Keirstead:66.4|Keith Bachman:29.8|Kirk Materne:63|Patrick Colville:43.1|Raimo Lenschow:67.7|Rishi Jaluria:9.8|Samik Chatterjee:33.1|Sanjit Singh:39.7|Tal Liani:59.7
2026-09-11,OXY,13.9,,1,Stephen Richardson:13.9
2026-09-11,PAYX,4.45,4.879,2,Jared Levine:1|Kevin Mcveigh:7.9
2026-09-11,PG,7.7,4.3841,2,Lauren Lieberman:4.6|Robert Ottenstein:10.8
2026-09-11,PHM,22.6,,1,Sam Reid:22.6
2026-09-11,PKG,10.9,,1,George Staphos:10.9
2026-09-11,PLTR,42,10.6066,2,Gil Luria:49.5|John McPeake:34.5
2026-09-11,PPG,26.1,,1,Unknown Analyst:26.1
2026-09-11,SPGI,26.7,1.5556,2,Jason Haas CFA:27.8|Owen Lau:25.6
2026-09-11,SRE,41.6,,1,Shahriar Pourreza:41.6
2026-09-11,STZ,11.1,,1,Stephen Powers:11.1
2026-09-11,SWK,12.1,7.9196,2,Sam Reid:6.5|Unknown Analyst:17.7
2026-09-11,TEL,3.8,,1,Colin Langan:3.8
2026-09-11,TKO,15.6,,1,Stephen Laszczyk:15.6
2026-09-11,TRGP,10.2,,1,Gabe Moreen:10.2
2026-09-11,TSLA,9.5,,1,Andrew Percoco:9.5
2026-09-11,TSN,41.6,,1,Benjamin Theurer:41.6
2026-09-11,UAL,45.7,,1,Brandon Oglenski:45.7
2026-09-11,ULTA,21.0333,8.6581,3,Adrienne Yih:18|Dana Telsey:30.8|Michael Baker:14.3
2026-09-11,VRTX,8.6,,1,Jessica Fye:8.6
2026-09-11,WMT,12,,1,Corey Tarlowe:12
2026-09-11,WYNN,57.4,0,2,Robin M. Farley:57.4|Unknown Analyst:57.4