date,symbol,yahoo_average_projected,yahoo_std_projected,yahoo_analyst_projections_count,yahoo_projections
2026-01-02,COF,18.7,,1,Keefe; Bruyette & Woods:18.7
2026-01-02,SYF,17.1,,1,Keefe; Bruyette & Woods:17.1
2026-01-03,COF,18.7,,1,Keefe; Bruyette & Woods:18.7
2026-01-03,SYF,17.1,,1,Keefe; Bruyette & Woods:17.1
2026-01-03,ULTA,15.5,,1,Argus Research:15.5
2026-01-05,CARR,32,,1,UBS:32
2026-01-05,COF,18.7,,1,Keefe; Bruyette & Woods:18.7
2026-01-05,EL,19.3,,1,Raymond James:19.3
2026-01-05,LII,6.2,,1,UBS:6.2
2026-01-05,ROP,39.6,,1,Jefferies:39.6
2026-01-05,SWK,29.4,,1,UBS:29.4
2026-01-05,SYF,17.1,,1,Keefe; Bruyette & Woods:17.1
2026-01-05,TT,31.5,,1,UBS:31.5
2026-01-05,ULTA,15.5,,1,Argus Research:15.5
2026-01-06,AME,9.3,,1,Mizuho:9.3
2026-01-06,CARR,30.3,2.4042,2,UBS:32|Mizuho:28.6
2026-01-06,CMCSA,58,,1,Benchmark:58
2026-01-06,COF,18.7,,1,Keefe; Bruyette & Woods:18.7
2026-01-06,COP,-2.2,,1,Bernstein:-2.2
2026-01-06,DOV,26.6,,1,UBS:26.6
2026-01-06,DVN,15.1,,1,Bernstein:15.1
2026-01-06,EL,19.3,,1,Raymond James:19.3
2026-01-06,EMR,17.9,,1,UBS:17.9
2026-01-06,EQT,38.4,,1,Bernstein:38.4
2026-01-06,FTV,-4.6,,1,Mizuho:-4.6
2026-01-06,HBAN,11.9,,1,Barclays:11.9
2026-01-06,HUBB,7.9,,1,Mizuho:7.9
2026-01-06,KEY,13.6,,1,Barclays:13.6
2026-01-06,LII,6.2,,1,UBS:6.2
2026-01-06,MCHP,-2.2,,1,Morgan Stanley:-2.2
2026-01-06,ROP,39.6,,1,Jefferies:39.6
2026-01-06,SWK,29.4,,1,UBS:29.4
2026-01-06,SYF,17.1,,1,Keefe; Bruyette & Woods:17.1
2026-01-06,TFC,11.1,,1,Barclays:11.1
2026-01-06,TT,31.5,,1,UBS:31.5
2026-01-06,ULTA,15.5,,1,Argus Research:15.5
2026-01-07,ACGL,6.5,,1,Evercore ISI Group:6.5
2026-01-07,AME,9.3,,1,Mizuho:9.3
2026-01-07,BMY,17.7,,1,UBS:17.7
2026-01-07,CARR,30.3,2.4042,2,UBS:32|Mizuho:28.6
2026-01-07,CLX,-6.7,,1,Goldman Sachs:-6.7
2026-01-07,CMCSA,58,,1,Benchmark:58
2026-01-07,COF,18.7,,1,Keefe; Bruyette & Woods:18.7
2026-01-07,COP,-2.2,,1,Bernstein:-2.2
2026-01-07,DOV,26.6,,1,UBS:26.6
2026-01-07,DVN,15.1,,1,Bernstein:15.1
2026-01-07,EL,19.3,,1,Raymond James:19.3
2026-01-07,EMR,17.9,,1,UBS:17.9
2026-01-07,EQT,38.4,,1,Bernstein:38.4
2026-01-07,FTV,-4.6,,1,Mizuho:-4.6
2026-01-07,HBAN,11.9,,1,Barclays:11.9
2026-01-07,HUBB,7.9,,1,Mizuho:7.9
2026-01-07,KEY,13.6,,1,Barclays:13.6
2026-01-07,LII,6.2,,1,UBS:6.2
2026-01-07,MCD,16.3,,1,Oppenheimer:16.3
2026-01-07,MCHP,3.65,8.2731,2,Morgan Stanley:-2.2|Stifel:9.5
2026-01-07,MU,17.4,,1,Piper Sandler:17.4
2026-01-07,ROP,39.6,,1,Jefferies:39.6
2026-01-07,SWK,29.4,,1,UBS:29.4
2026-01-07,SYF,17.1,,1,Keefe; Bruyette & Woods:17.1
2026-01-07,TFC,11.1,,1,Barclays:11.1
2026-01-07,TT,31.5,,1,UBS:31.5
2026-01-07,UBER,27.6,,1,Wolfe Research:27.6
2026-01-07,ULTA,15.5,,1,Argus Research:15.5
2026-01-07,YUM,18.6,,1,Barclays:18.6
2026-01-08,ACGL,2.1,6.2225,2,Evercore ISI Group:6.5|Goldman Sachs:-2.3
2026-01-08,AMCR,19.8,,1,Baird:19.8
2026-01-08,AME,9.3,,1,Mizuho:9.3
2026-01-08,BDX,35.9,,1,Stifel:35.9
2026-01-08,BMY,17.7,,1,UBS:17.7
2026-01-08,CARR,30.3,2.4042,2,UBS:32|Mizuho:28.6
2026-01-08,CLX,-6.7,,1,Goldman Sachs:-6.7
2026-01-08,CMCSA,58,,1,Benchmark:58
2026-01-08,CMG,29.3,,1,Truist Securities:29.3
2026-01-08,COF,18.7,,1,Keefe; Bruyette & Woods:18.7
2026-01-08,COP,-2.2,,1,Bernstein:-2.2
2026-01-08,DOV,26.6,,1,UBS:26.6
2026-01-08,DPZ,20.6,,1,Stifel:20.6
2026-01-08,DVN,15.1,,1,Bernstein:15.1
2026-01-08,EL,19.3,,1,Raymond James:19.3
2026-01-08,EMR,17.9,,1,UBS:17.9
2026-01-08,EQT,38.4,,1,Bernstein:38.4
2026-01-08,FTV,-4.6,,1,Mizuho:-4.6
2026-01-08,HBAN,11.9,,1,Barclays:11.9
2026-01-08,HUBB,7.9,,1,Mizuho:7.9
2026-01-08,KEY,13.6,,1,Barclays:13.6
2026-01-08,LII,6.2,,1,UBS:6.2
2026-01-08,LOW,16.3,,1,Barclays:16.3
2026-01-08,MCD,16.3,,1,Oppenheimer:16.3
2026-01-08,MCHP,3.65,8.2731,2,Morgan Stanley:-2.2|Stifel:9.5
2026-01-08,MDLZ,30.4,,1,Mizuho:30.4
2026-01-08,MTB,7.8,,1,B of A Securities:7.8
2026-01-08,MU,17.4,,1,Piper Sandler:17.4
2026-01-08,REGN,6.7,,1,B of A Securities:6.7
2026-01-08,ROP,39.6,,1,Jefferies:39.6
2026-01-08,SWK,29.4,,1,UBS:29.4
2026-01-08,SYF,17.1,,1,Keefe; Bruyette & Woods:17.1
2026-01-08,TFC,11.1,,1,Barclays:11.1
2026-01-08,TSCO,1.2,,1,Gordon Haskett:1.2
2026-01-08,TT,31.5,,1,UBS:31.5
2026-01-08,UBER,27.6,,1,Wolfe Research:27.6
2026-01-08,ULTA,15.5,,1,Argus Research:15.5
2026-01-08,VLO,8.6,,1,JP Morgan:8.6
2026-01-08,WMT,12.3,,1,Barclays:12.3
2026-01-08,YUM,18.6,,1,Barclays:18.6
2026-01-09,ACGL,2.1,6.2225,2,Evercore ISI Group:6.5|Goldman Sachs:-2.3
2026-01-09,AMCR,19.8,,1,Baird:19.8
2026-01-09,AME,9.3,,1,Mizuho:9.3
2026-01-09,AOS,5.7,,1,Jefferies:5.7
2026-01-09,APTV,18.5,,1,Piper Sandler:18.5
2026-01-09,BDX,35.9,,1,Stifel:35.9
2026-01-09,BMY,17.7,,1,UBS:17.7
2026-01-09,CARR,30.3,2.4042,2,UBS:32|Mizuho:28.6
2026-01-09,CLX,-6.7,,1,Goldman Sachs:-6.7
2026-01-09,CMCSA,58,,1,Benchmark:58
2026-01-09,CMG,29.3,,1,Truist Securities:29.3
2026-01-09,COP,-2.2,,1,Bernstein:-2.2
2026-01-09,DOV,26.6,,1,UBS:26.6
2026-01-09,DPZ,20.6,,1,Stifel:20.6
2026-01-09,DVN,15.1,,1,Bernstein:15.1
2026-01-09,EL,19.3,,1,Raymond James:19.3
2026-01-09,EMR,17.9,,1,UBS:17.9
2026-01-09,EQT,38.4,,1,Bernstein:38.4
2026-01-09,FTV,-4.6,,1,Mizuho:-4.6
2026-01-09,HBAN,11.9,,1,Barclays:11.9
2026-01-09,HUBB,7.9,,1,Mizuho:7.9
2026-01-09,JNJ,1,,1,Bernstein:1
2026-01-09,KEY,13.6,,1,Barclays:13.6
2026-01-09,LII,6.2,,1,UBS:6.2
2026-01-09,LMT,15,,1,Truist Securities:15
2026-01-09,LOW,16.3,,1,Barclays:16.3
2026-01-09,MCD,16.3,,1,Oppenheimer:16.3
2026-01-09,MCHP,3.65,8.2731,2,Morgan Stanley:-2.2|Stifel:9.5
2026-01-09,MDLZ,30.4,,1,Mizuho:30.4
2026-01-09,MTB,7.8,,1,B of A Securities:7.8
2026-01-09,MU,17.4,,1,Piper Sandler:17.4
2026-01-09,NOC,5.5,,1,Truist Securities:5.5
2026-01-09,PGR,24.6,,1,Barclays:24.6
2026-01-09,PLD,1.3,,1,Baird:1.3
2026-01-09,REG,5.9,,1,Mizuho:5.9
2026-01-09,REGN,6.7,,1,B of A Securities:6.7
2026-01-09,ROP,39.6,,1,Jefferies:39.6
2026-01-09,SWK,29.4,,1,UBS:29.4
2026-01-09,TFC,11.1,,1,Barclays:11.1
2026-01-09,TSCO,1.2,,1,Gordon Haskett:1.2
2026-01-09,TT,31.5,,1,UBS:31.5
2026-01-09,UBER,27.6,,1,Wolfe Research:27.6
2026-01-09,ULTA,15.5,,1,Argus Research:15.5
2026-01-09,VLO,8.6,,1,JP Morgan:8.6
2026-01-09,WAB,9.7,,1,Wolfe Research:9.7
2026-01-09,WMT,12.3,,1,Barclays:12.3
2026-01-09,YUM,18.6,,1,Barclays:18.6
2026-01-10,ACGL,2.1,6.2225,2,Evercore ISI Group:6.5|Goldman Sachs:-2.3
2026-01-10,AMCR,19.8,,1,Baird:19.8
2026-01-10,AME,9.3,,1,Mizuho:9.3
2026-01-10,AOS,5.7,,1,Jefferies:5.7
2026-01-10,APTV,18.5,,1,Piper Sandler:18.5
2026-01-10,BDX,35.9,,1,Stifel:35.9
2026-01-10,BMY,17.7,,1,UBS:17.7
2026-01-10,CARR,30.3,2.4042,2,UBS:32|Mizuho:28.6
2026-01-10,CLX,-6.7,,1,Goldman Sachs:-6.7
2026-01-10,CMCSA,58,,1,Benchmark:58
2026-01-10,CMG,29.3,,1,Truist Securities:29.3
2026-01-10,COP,-2.2,,1,Bernstein:-2.2
2026-01-10,DOV,26.6,,1,UBS:26.6
2026-01-10,DPZ,20.6,,1,Stifel:20.6
2026-01-10,DVN,15.1,,1,Bernstein:15.1
2026-01-10,EL,19.3,,1,Raymond James:19.3
2026-01-10,EMR,17.9,,1,UBS:17.9
2026-01-10,EQT,38.4,,1,Bernstein:38.4
2026-01-10,ESS,9.7,,1,BMO Capital:9.7
2026-01-10,FTV,-4.6,,1,Mizuho:-4.6
2026-01-10,GNRC,31.5,,1,Baird:31.5
2026-01-10,HBAN,11.9,,1,Barclays:11.9
2026-01-10,HUBB,7.9,,1,Mizuho:7.9
2026-01-10,JNJ,1,,1,Bernstein:1
2026-01-10,KEY,13.6,,1,Barclays:13.6
2026-01-10,LII,6.2,,1,UBS:6.2
2026-01-10,LMT,15,,1,Truist Securities:15
2026-01-10,LOW,16.3,,1,Barclays:16.3
2026-01-10,MAA,14,,1,BMO Capital:14
2026-01-10,MCD,16.3,,1,Oppenheimer:16.3
2026-01-10,MCHP,3.65,8.2731,2,Morgan Stanley:-2.2|Stifel:9.5
2026-01-10,MDLZ,30.4,,1,Mizuho:30.4
2026-01-10,MTB,7.8,,1,B of A Securities:7.8
2026-01-10,MU,17.4,,1,Piper Sandler:17.4
2026-01-10,NOC,5.5,,1,Truist Securities:5.5
2026-01-10,PGR,24.6,,1,Barclays:24.6
2026-01-10,PLD,1.3,,1,Baird:1.3
2026-01-10,REG,5.9,,1,Mizuho:5.9
2026-01-10,REGN,6.7,,1,B of A Securities:6.7
2026-01-10,ROP,39.6,,1,Jefferies:39.6
2026-01-10,SWK,29.4,,1,UBS:29.4
2026-01-10,TFC,11.1,,1,Barclays:11.1
2026-01-10,TSCO,1.2,,1,Gordon Haskett:1.2
2026-01-10,TT,31.5,,1,UBS:31.5
2026-01-10,UBER,27.6,,1,Wolfe Research:27.6
2026-01-10,VLO,8.6,,1,JP Morgan:8.6
2026-01-10,WAB,9.7,,1,Wolfe Research:9.7
2026-01-10,WMT,12.3,,1,Barclays:12.3
2026-01-10,YUM,18.6,,1,Barclays:18.6
2026-01-12,ACGL,2.1,6.2225,2,Evercore ISI Group:6.5|Goldman Sachs:-2.3
2026-01-12,AEP,5.5,,1,B of A Securities:5.5
2026-01-12,AMCR,19.8,,1,Baird:19.8
2026-01-12,AME,9.3,,1,Mizuho:9.3
2026-01-12,AOS,5.7,,1,Jefferies:5.7
2026-01-12,APTV,18.5,,1,Piper Sandler:18.5
2026-01-12,BDX,35.9,,1,Stifel:35.9
2026-01-12,BMY,17.7,,1,UBS:17.7
2026-01-12,CARR,28.6,,1,Mizuho:28.6
2026-01-12,CCL,41.1,,1,B of A Securities:41.1
2026-01-12,CLX,-6.7,,1,Goldman Sachs:-6.7
2026-01-12,CMCSA,58,,1,Benchmark:58
2026-01-12,CMG,29.3,,1,Truist Securities:29.3
2026-01-12,COP,-2.2,,1,Bernstein:-2.2
2026-01-12,DLR,13.9,,1,Mizuho:13.9
2026-01-12,DOV,26.6,,1,UBS:26.6
2026-01-12,DPZ,20.6,,1,Stifel:20.6
2026-01-12,DVN,15.1,,1,Bernstein:15.1
2026-01-12,EFX,17.3,,1,Oppenheimer:17.3
2026-01-12,EMR,17.9,,1,UBS:17.9
2026-01-12,EQT,38.4,,1,Bernstein:38.4
2026-01-12,ESS,9.7,,1,BMO Capital:9.7
2026-01-12,FTV,-4.6,,1,Mizuho:-4.6
2026-01-12,GNRC,31.5,,1,Baird:31.5
2026-01-12,HBAN,11.9,,1,Barclays:11.9
2026-01-12,HUBB,7.9,,1,Mizuho:7.9
2026-01-12,JNJ,1,,1,Bernstein:1
2026-01-12,KEY,13.6,,1,Barclays:13.6
2026-01-12,LMT,15,,1,Truist Securities:15
2026-01-12,LOW,16.3,,1,Barclays:16.3
2026-01-12,MAA,14,,1,BMO Capital:14
2026-01-12,MCD,16.3,,1,Oppenheimer:16.3
2026-01-12,MCHP,11.1333,14.2205,3,Morgan Stanley:-2.2|Stifel:9.5|B. Riley Securities:26.1
2026-01-12,MDLZ,30.4,,1,Mizuho:30.4
2026-01-12,MTB,7.8,,1,B of A Securities:7.8
2026-01-12,MU,17.4,,1,Piper Sandler:17.4
2026-01-12,NOC,5.5,,1,Truist Securities:5.5
2026-01-12,PGR,24.6,,1,Barclays:24.6
2026-01-12,PLD,1.3,,1,Baird:1.3
2026-01-12,REG,5.9,,1,Mizuho:5.9
2026-01-12,REGN,6.7,,1,B of A Securities:6.7
2026-01-12,TFC,11.1,,1,Barclays:11.1
2026-01-12,TSCO,1.2,,1,Gordon Haskett:1.2
2026-01-12,UBER,27.6,,1,Wolfe Research:27.6
2026-01-12,VLO,8.6,,1,JP Morgan:8.6
2026-01-12,VST,32.4,,1,B of A Securities:32.4
2026-01-12,WAB,9.7,,1,Wolfe Research:9.7
2026-01-12,WMT,12.3,,1,Barclays:12.3
2026-01-12,YUM,18.6,,1,Barclays:18.6
2026-01-13,ACGL,2.1,6.2225,2,Evercore ISI Group:6.5|Goldman Sachs:-2.3
2026-01-13,AEP,5.5,,1,B of A Securities:5.5
2026-01-13,AMCR,19.8,,1,Baird:19.8
2026-01-13,AOS,5.7,,1,Jefferies:5.7
2026-01-13,APTV,18.5,,1,Piper Sandler:18.5
2026-01-13,BDX,35.9,,1,Stifel:35.9
2026-01-13,BMY,17.7,,1,UBS:17.7
2026-01-13,CCL,41.1,,1,B of A Securities:41.1
2026-01-13,CLX,-6.7,,1,Goldman Sachs:-6.7
2026-01-13,CMG,29.3,,1,Truist Securities:29.3
2026-01-13,DLR,13.9,,1,Mizuho:13.9
2026-01-13,DPZ,20.6,,1,Stifel:20.6
2026-01-13,EFX,17.3,,1,Oppenheimer:17.3
2026-01-13,ESS,9.7,,1,BMO Capital:9.7
2026-01-13,GNRC,31.5,,1,Baird:31.5
2026-01-13,JNJ,1,,1,Bernstein:1
2026-01-13,LMT,15,,1,Truist Securities:15
2026-01-13,LOW,17.65,1.9092,2,Barclays:16.3|Gordon Haskett:19
2026-01-13,MAA,14,,1,BMO Capital:14
2026-01-13,MCD,16.3,,1,Oppenheimer:16.3
2026-01-13,MCHP,17.8,11.738,2,Stifel:9.5|B. Riley Securities:26.1
2026-01-13,MDLZ,30.4,,1,Mizuho:30.4
2026-01-13,MTB,7.8,,1,B of A Securities:7.8
2026-01-13,MU,17.4,,1,Piper Sandler:17.4
2026-01-13,NDAQ,20.6,,1,UBS:20.6
2026-01-13,NOC,5.5,,1,Truist Securities:5.5
2026-01-13,PGR,24.6,,1,Barclays:24.6
2026-01-13,PLD,1.3,,1,Baird:1.3
2026-01-13,PSX,9,,1,JP Morgan:9
2026-01-13,REG,5.9,,1,Mizuho:5.9
2026-01-13,REGN,6.7,,1,B of A Securities:6.7
2026-01-13,TSCO,1.2,,1,Gordon Haskett:1.2
2026-01-13,TT,38.6,,1,Morgan Stanley:38.6
2026-01-13,TTWO,12.5,,1,Morgan Stanley:12.5
2026-01-13,UBER,27.6,,1,Wolfe Research:27.6
2026-01-13,VLO,8.6,,1,JP Morgan:8.6
2026-01-13,VST,36.3,5.5154,2,B of A Securities:32.4|BMO Capital:40.2
2026-01-13,WAB,9.7,,1,Wolfe Research:9.7
2026-01-13,WMT,12.3,,1,Barclays:12.3
2026-01-13,YUM,18.6,,1,Barclays:18.6
2026-01-14,ACGL,-2.3,,1,Goldman Sachs:-2.3
2026-01-14,AEP,5.5,,1,B of A Securities:5.5
2026-01-14,AMCR,19.8,,1,Baird:19.8
2026-01-14,AOS,5.7,,1,Jefferies:5.7
2026-01-14,APTV,18.5,,1,Piper Sandler:18.5
2026-01-14,BDX,35.9,,1,Stifel:35.9
2026-01-14,BLK,12.9,,1,TD Cowen:12.9
2026-01-14,CCL,41.1,,1,B of A Securities:41.1
2026-01-14,CMG,29.3,,1,Truist Securities:29.3
2026-01-14,CVX,15.2,,1,Jefferies:15.2
2026-01-14,DLR,13.9,,1,Mizuho:13.9
2026-01-14,DPZ,20.6,,1,Stifel:20.6
2026-01-14,EFX,17.3,,1,Oppenheimer:17.3
2026-01-14,ESS,9.7,,1,BMO Capital:9.7
2026-01-14,GNRC,31.5,,1,Baird:31.5
2026-01-14,GOOGL,10.4,,1,B of A Securities:10.4
2026-01-14,JNJ,1,,1,Bernstein:1
2026-01-14,KMB,-8.7,,1,Citigroup:-8.7
2026-01-14,LMT,15,,1,Truist Securities:15
2026-01-14,LOW,17.65,1.9092,2,Barclays:16.3|Gordon Haskett:19
2026-01-14,LYV,6.6,,1,Jefferies:6.6
2026-01-14,MAA,14,,1,BMO Capital:14
2026-01-14,MCHP,26.1,,1,B. Riley Securities:26.1
2026-01-14,MDLZ,30.4,,1,Mizuho:30.4
2026-01-14,MTB,7.8,,1,B of A Securities:7.8
2026-01-14,NDAQ,20.6,,1,UBS:20.6
2026-01-14,NOC,5.5,,1,Truist Securities:5.5
2026-01-14,PGR,24.6,,1,Barclays:24.6
2026-01-14,PLD,1.3,,1,Baird:1.3
2026-01-14,PSX,9,,1,JP Morgan:9
2026-01-14,REG,5.9,,1,Mizuho:5.9
2026-01-14,REGN,6.7,,1,B of A Securities:6.7
2026-01-14,TSCO,1.2,,1,Gordon Haskett:1.2
2026-01-14,TT,38.6,,1,Morgan Stanley:38.6
2026-01-14,TTWO,12.5,,1,Morgan Stanley:12.5
2026-01-14,VLO,8.6,,1,JP Morgan:8.6
2026-01-14,VST,36.3,5.5154,2,B of A Securities:32.4|BMO Capital:40.2
2026-01-14,WAB,9.7,,1,Wolfe Research:9.7
2026-01-14,WMT,12.3,,1,Barclays:12.3
2026-01-15,AEP,5.5,,1,B of A Securities:5.5
2026-01-15,AOS,5.7,,1,Jefferies:5.7
2026-01-15,APTV,18.5,,1,Piper Sandler:18.5
2026-01-15,BLK,12.9,,1,TD Cowen:12.9
2026-01-15,CCL,41.1,,1,B of A Securities:41.1
2026-01-15,CVX,15.2,,1,Jefferies:15.2
2026-01-15,DECK,27.8,,1,Citigroup:27.8
2026-01-15,DLR,13.9,,1,Mizuho:13.9
2026-01-15,EFX,17.3,,1,Oppenheimer:17.3
2026-01-15,ESS,9.7,,1,BMO Capital:9.7
2026-01-15,GDDY,33.7,,1,Morgan Stanley:33.7
2026-01-15,GNRC,31.5,,1,Baird:31.5
2026-01-15,GOOGL,10.4,,1,B of A Securities:10.4
2026-01-15,JNJ,1,,1,Bernstein:1
2026-01-15,KMB,-8.7,,1,Citigroup:-8.7
2026-01-15,LMT,15,,1,Truist Securities:15
2026-01-15,LOW,13.3,8.061,2,Gordon Haskett:19|Morgan Stanley:7.6
2026-01-15,LYV,6.6,,1,Jefferies:6.6
2026-01-15,MAA,14,,1,BMO Capital:14
2026-01-15,MAR,7,,1,Citigroup:7
2026-01-15,MCHP,26.1,,1,B. Riley Securities:26.1
2026-01-15,NDAQ,20.6,,1,UBS:20.6
2026-01-15,NOC,5.5,,1,Truist Securities:5.5
2026-01-15,PGR,24.6,,1,Barclays:24.6
2026-01-15,PLD,1.3,,1,Baird:1.3
2026-01-15,PSX,9,,1,JP Morgan:9
2026-01-15,REG,5.9,,1,Mizuho:5.9
2026-01-15,TPR,3.3,,1,Jefferies:3.3
2026-01-15,TT,38.6,,1,Morgan Stanley:38.6
2026-01-15,TTWO,12.5,,1,Morgan Stanley:12.5
2026-01-15,VST,36.3,5.5154,2,B of A Securities:32.4|BMO Capital:40.2
2026-01-15,WAB,9.7,,1,Wolfe Research:9.7
2026-01-16,AEP,5.5,,1,B of A Securities:5.5
2026-01-16,BA,20.3,,1,Bernstein:20.3
2026-01-16,BLK,12.9,,1,TD Cowen:12.9
2026-01-16,CCL,41.1,,1,B of A Securities:41.1
2026-01-16,CRL,18.6,,1,Citigroup:18.6
2026-01-16,CVX,15.2,,1,Jefferies:15.2
2026-01-16,DECK,27.8,,1,Citigroup:27.8
2026-01-16,DLR,13.9,,1,Mizuho:13.9
2026-01-16,EFX,17.3,,1,Oppenheimer:17.3
2026-01-16,ESS,9.7,,1,BMO Capital:9.7
2026-01-16,ETN,16.5,,1,HSBC:16.5
2026-01-16,GDDY,33.7,,1,Morgan Stanley:33.7
2026-01-16,GNRC,31.5,,1,Baird:31.5
2026-01-16,GOOGL,10.4,,1,B of A Securities:10.4
2026-01-16,KMB,-8.7,,1,Citigroup:-8.7
2026-01-16,LII,3.1,,1,JP Morgan:3.1
2026-01-16,LOW,13.3,8.061,2,Gordon Haskett:19|Morgan Stanley:7.6
2026-01-16,LYV,6.6,,1,Jefferies:6.6
2026-01-16,MAA,14,,1,BMO Capital:14
2026-01-16,MAR,7,,1,Citigroup:7
2026-01-16,MCHP,19.4,9.4752,2,B. Riley Securities:26.1|Piper Sandler:12.7
2026-01-16,MTB,20,,1,Jefferies:20
2026-01-16,NDAQ,20.6,,1,UBS:20.6
2026-01-16,OTIS,28.9,,1,JP Morgan:28.9
2026-01-16,PNR,16.3,,1,JP Morgan:16.3
2026-01-16,PSX,9,,1,JP Morgan:9
2026-01-16,SNDK,5.7,,1,Benchmark:5.7
2026-01-16,TPR,3.3,,1,Jefferies:3.3
2026-01-16,TT,38.6,,1,Morgan Stanley:38.6
2026-01-16,TTWO,12.5,,1,Morgan Stanley:12.5
2026-01-16,VST,36.3,5.5154,2,B of A Securities:32.4|BMO Capital:40.2
2026-01-16,WFC,13.5,,1,Argus Research:13.5
2026-01-17,AEP,5.5,,1,B of A Securities:5.5
2026-01-17,BA,20.3,,1,Bernstein:20.3
2026-01-17,BLK,12.9,,1,TD Cowen:12.9
2026-01-17,CCL,41.1,,1,B of A Securities:41.1
2026-01-17,CHTR,23.3,,1,Bernstein:23.3
2026-01-17,CMCSA,13.3,,1,Bernstein:13.3
2026-01-17,CRL,18.6,,1,Citigroup:18.6
2026-01-17,CVX,15.2,,1,Jefferies:15.2
2026-01-17,DECK,27.8,,1,Citigroup:27.8
2026-01-17,DLR,13.9,,1,Mizuho:13.9
2026-01-17,EFX,17.3,,1,Oppenheimer:17.3
2026-01-17,ETN,16.5,,1,HSBC:16.5
2026-01-17,GDDY,33.7,,1,Morgan Stanley:33.7
2026-01-17,GOOGL,10.4,,1,B of A Securities:10.4
2026-01-17,KHC,0.7,,1,Morgan Stanley:0.7
2026-01-17,KMB,-8.7,,1,Citigroup:-8.7
2026-01-17,LII,3.1,,1,JP Morgan:3.1
2026-01-17,LOW,13.3,8.061,2,Gordon Haskett:19|Morgan Stanley:7.6
2026-01-17,LYV,6.6,,1,Jefferies:6.6
2026-01-17,MAR,7,,1,Citigroup:7
2026-01-17,MCHP,19.4,9.4752,2,B. Riley Securities:26.1|Piper Sandler:12.7
2026-01-17,MTB,20,,1,Jefferies:20
2026-01-17,NDAQ,20.6,,1,UBS:20.6
2026-01-17,OTIS,28.9,,1,JP Morgan:28.9
2026-01-17,PNR,16.3,,1,JP Morgan:16.3
2026-01-17,PSX,9,,1,JP Morgan:9
2026-01-17,SNDK,5.7,,1,Benchmark:5.7
2026-01-17,T,26.8,,1,Bernstein:26.8
2026-01-17,TPR,3.3,,1,Jefferies:3.3
2026-01-17,TT,38.6,,1,Morgan Stanley:38.6
2026-01-17,TTWO,12.5,,1,Morgan Stanley:12.5
2026-01-17,VST,36.3,5.5154,2,B of A Securities:32.4|BMO Capital:40.2
2026-01-17,WFC,13.5,,1,Argus Research:13.5
2026-01-20,AWK,-5.1,,1,Wells Fargo:-5.1
2026-01-20,BA,20.3,,1,Bernstein:20.3
2026-01-20,BLK,12.9,,1,TD Cowen:12.9
2026-01-20,CHTR,23.3,,1,Bernstein:23.3
2026-01-20,CMCSA,13.3,,1,Bernstein:13.3
2026-01-20,CMS,3.7,,1,Wells Fargo:3.7
2026-01-20,CNP,18.1,,1,Wells Fargo:18.1
2026-01-20,CRL,18.6,,1,Citigroup:18.6
2026-01-20,CVX,15.2,,1,Jefferies:15.2
2026-01-20,DECK,27.8,,1,Citigroup:27.8
2026-01-20,DTE,12.6,,1,Wells Fargo:12.6
2026-01-20,ETN,16.5,,1,HSBC:16.5
2026-01-20,EW,31.4,,1,Stifel:31.4
2026-01-20,FE,12.8,,1,Wells Fargo:12.8
2026-01-20,GDDY,33.7,,1,Morgan Stanley:33.7
2026-01-20,GOOGL,10.4,,1,B of A Securities:10.4
2026-01-20,GS,8.8,,1,RBC Capital:8.8
2026-01-20,HII,0.3,,1,Goldman Sachs:0.3
2026-01-20,KHC,0.7,,1,Morgan Stanley:0.7
2026-01-20,KMB,-8.7,,1,Citigroup:-8.7
2026-01-20,LII,3.1,,1,JP Morgan:3.1
2026-01-20,LOW,7.6,,1,Morgan Stanley:7.6
2026-01-20,LYV,6.6,,1,Jefferies:6.6
2026-01-20,MAR,7,,1,Citigroup:7
2026-01-20,MCHP,12.7,,1,Piper Sandler:12.7
2026-01-20,MTB,20,,1,Jefferies:20
2026-01-20,OTIS,28.9,,1,JP Morgan:28.9
2026-01-20,PNR,16.3,,1,JP Morgan:16.3
2026-01-20,PPL,12.1,,1,Wells Fargo:12.1
2026-01-20,SBAC,33.9,,1,UBS:33.9
2026-01-20,SNDK,5.7,,1,Benchmark:5.7
2026-01-20,T,26.8,,1,Bernstein:26.8
2026-01-20,TPR,3.3,,1,Jefferies:3.3
2026-01-20,WEC,8,,1,Wells Fargo:8
2026-01-20,WFC,13.5,,1,Argus Research:13.5
2026-01-21,ALB,17.8,,1,Oppenheimer:17.8
2026-01-21,AWK,-5.1,,1,Wells Fargo:-5.1
2026-01-21,BA,20.3,,1,Bernstein:20.3
2026-01-21,CHTR,23.3,,1,Bernstein:23.3
2026-01-21,CMCSA,13.3,,1,Bernstein:13.3
2026-01-21,CMS,3.7,,1,Wells Fargo:3.7
2026-01-21,CNP,18.1,,1,Wells Fargo:18.1
2026-01-21,CRL,18.6,,1,Citigroup:18.6
2026-01-21,CVX,5.4,,1,JP Morgan:5.4
2026-01-21,DECK,27.8,,1,Citigroup:27.8
2026-01-21,DTE,12.6,,1,Wells Fargo:12.6
2026-01-21,EIX,-2.9,,1,Wells Fargo:-2.9
2026-01-21,ETN,16.5,,1,HSBC:16.5
2026-01-21,EW,31.4,,1,Stifel:31.4
2026-01-21,FE,12.8,,1,Wells Fargo:12.8
2026-01-21,GDDY,33.7,,1,Morgan Stanley:33.7
2026-01-21,GS,8.8,,1,RBC Capital:8.8
2026-01-21,HII,0.3,,1,Goldman Sachs:0.3
2026-01-21,KHC,2.1,1.9799,2,Morgan Stanley:0.7|Jefferies:3.5
2026-01-21,LII,3.1,,1,JP Morgan:3.1
2026-01-21,LNT,4.8,,1,Wells Fargo:4.8
2026-01-21,LOW,7.6,,1,Morgan Stanley:7.6
2026-01-21,MAR,7,,1,Citigroup:7
2026-01-21,MCHP,12.7,,1,Piper Sandler:12.7
2026-01-21,MMM,15.2,,1,Deutsche Bank:15.2
2026-01-21,MTB,20,,1,Jefferies:20
2026-01-21,OTIS,28.9,,1,JP Morgan:28.9
2026-01-21,PM,7.5,,1,Jefferies:7.5
2026-01-21,PNR,16.3,,1,JP Morgan:16.3
2026-01-21,PPL,12.1,,1,Wells Fargo:12.1
2026-01-21,RSG,14.5,,1,Scotiabank:14.5
2026-01-21,SBAC,33.9,,1,UBS:33.9
2026-01-21,SNDK,5.7,,1,Benchmark:5.7
2026-01-21,T,26.8,,1,Bernstein:26.8
2026-01-21,TPR,3.3,,1,Jefferies:3.3
2026-01-21,WEC,8,,1,Wells Fargo:8
2026-01-21,WFC,13.5,,1,Argus Research:13.5
2026-01-22,ALB,17.8,,1,Oppenheimer:17.8
2026-01-22,AWK,-5.1,,1,Wells Fargo:-5.1
2026-01-22,BA,20.3,,1,Bernstein:20.3
2026-01-22,CFG,21.2,,1,B of A Securities:21.2
2026-01-22,CHTR,23.3,,1,Bernstein:23.3
2026-01-22,CMCSA,13.3,,1,Bernstein:13.3
2026-01-22,CMS,3.7,,1,Wells Fargo:3.7
2026-01-22,CNP,18.1,,1,Wells Fargo:18.1
2026-01-22,CRL,18.6,,1,Citigroup:18.6
2026-01-22,CVX,5.4,,1,JP Morgan:5.4
2026-01-22,DHI,-1.8,,1,B of A Securities:-1.8
2026-01-22,DTE,12.6,,1,Wells Fargo:12.6
2026-01-22,EIX,-2.9,,1,Wells Fargo:-2.9
2026-01-22,ETN,16.5,,1,HSBC:16.5
2026-01-22,EW,31.4,,1,Stifel:31.4
2026-01-22,FE,12.8,,1,Wells Fargo:12.8
2026-01-22,GS,8.8,,1,RBC Capital:8.8
2026-01-22,HAL,19.9,,1,Goldman Sachs:19.9
2026-01-22,HII,0.3,,1,Goldman Sachs:0.3
2026-01-22,KHC,2.1,1.9799,2,Morgan Stanley:0.7|Jefferies:3.5
2026-01-22,LII,3.1,,1,JP Morgan:3.1
2026-01-22,LNT,4.8,,1,Wells Fargo:4.8
2026-01-22,LRCX,10.4,,1,Deutsche Bank:10.4
2026-01-22,MCHP,5.7,9.8995,2,Piper Sandler:12.7|B of A Securities:-1.3
2026-01-22,MMM,10.3,6.9296,2,Deutsche Bank:15.2|Morgan Stanley:5.4
2026-01-22,MTB,20,,1,Jefferies:20
2026-01-22,OTIS,28.9,,1,JP Morgan:28.9
2026-01-22,PM,7.5,,1,Jefferies:7.5
2026-01-22,PNR,16.3,,1,JP Morgan:16.3
2026-01-22,PPL,12.1,,1,Wells Fargo:12.1
2026-01-22,RSG,14.5,,1,Scotiabank:14.5
2026-01-22,SBAC,33.9,,1,UBS:33.9
2026-01-22,SBUX,18.2,,1,B of A Securities:18.2
2026-01-22,SNDK,5.7,,1,Benchmark:5.7
2026-01-22,T,26.8,,1,Bernstein:26.8
2026-01-22,TFC,5.9,,1,Piper Sandler:5.9
2026-01-22,TSCO,-1,,1,Stephens & Co.:-1
2026-01-22,ULTA,15.7,,1,Raymond James:15.7
2026-01-22,WEC,8,,1,Wells Fargo:8
2026-01-22,WFC,13.5,,1,Argus Research:13.5
2026-01-23,ABT,15.5,,1,Bernstein:15.5
2026-01-23,ALB,17.8,,1,Oppenheimer:17.8
2026-01-23,AWK,-5.1,,1,Wells Fargo:-5.1
2026-01-23,CFG,21.2,,1,B of A Securities:21.2
2026-01-23,CHTR,23.3,,1,Bernstein:23.3
2026-01-23,CMCSA,13.3,,1,Bernstein:13.3
2026-01-23,CMS,3.7,,1,Wells Fargo:3.7
2026-01-23,CNP,18.1,,1,Wells Fargo:18.1
2026-01-23,COHR,18.5,,1,Susquehanna:18.5
2026-01-23,COR,25.2,,1,Jefferies:25.2
2026-01-23,CVX,5.4,,1,JP Morgan:5.4
2026-01-23,DHI,-1.8,,1,B of A Securities:-1.8
2026-01-23,DTE,12.6,,1,Wells Fargo:12.6
2026-01-23,ED,8.3,,1,UBS:8.3
2026-01-23,EIX,-2.9,,1,Wells Fargo:-2.9
2026-01-23,EW,31.4,,1,Stifel:31.4
2026-01-23,FE,12.8,,1,Wells Fargo:12.8
2026-01-23,GOOG,20.2,,1,Raymond James:20.2
2026-01-23,GS,8.8,,1,RBC Capital:8.8
2026-01-23,HAL,19.9,,1,Goldman Sachs:19.9
2026-01-23,HII,0.3,,1,Goldman Sachs:0.3
2026-01-23,KHC,2.1,1.9799,2,Morgan Stanley:0.7|Jefferies:3.5
2026-01-23,LNT,4.8,,1,Wells Fargo:4.8
2026-01-23,LRCX,10.4,,1,Deutsche Bank:10.4
2026-01-23,MCHP,-1.3,,1,B of A Securities:-1.3
2026-01-23,META,41.1,,1,Jefferies:41.1
2026-01-23,MMM,10.3,6.9296,2,Deutsche Bank:15.2|Morgan Stanley:5.4
2026-01-23,OKE,29.8,,1,UBS:29.8
2026-01-23,PM,7.5,,1,Jefferies:7.5
2026-01-23,PPL,12.1,,1,Wells Fargo:12.1
2026-01-23,RCL,34.2,,1,Mizuho:34.2
2026-01-23,RSG,14.5,,1,Scotiabank:14.5
2026-01-23,SBAC,33.9,,1,UBS:33.9
2026-01-23,SBUX,18.2,,1,B of A Securities:18.2
2026-01-23,SWKS,9.6,,1,Susquehanna:9.6
2026-01-23,T,26.8,,1,Bernstein:26.8
2026-01-23,TFC,5.9,,1,Piper Sandler:5.9
2026-01-23,TSCO,-1,,1,Stephens & Co.:-1
2026-01-23,ULTA,15.7,,1,Raymond James:15.7
2026-01-23,WEC,8,,1,Wells Fargo:8
2026-01-24,ABT,15.5,,1,Bernstein:15.5
2026-01-24,ALB,17.8,,1,Oppenheimer:17.8
2026-01-24,AWK,-5.1,,1,Wells Fargo:-5.1
2026-01-24,CFG,16.95,6.0104,2,B of A Securities:21.2|Argus Research:12.7
2026-01-24,CMS,3.7,,1,Wells Fargo:3.7
2026-01-24,CNP,18.1,,1,Wells Fargo:18.1
2026-01-24,COHR,18.5,,1,Susquehanna:18.5
2026-01-24,COR,25.2,,1,Jefferies:25.2
2026-01-24,CVX,5.4,,1,JP Morgan:5.4
2026-01-24,DHI,8.45,14.4957,2,B of A Securities:-1.8|Argus Research:18.7
2026-01-24,DRI,12.9,,1,Mizuho:12.9
2026-01-24,DTE,12.6,,1,Wells Fargo:12.6
2026-01-24,ED,8.3,,1,UBS:8.3
2026-01-24,EIX,-2.9,,1,Wells Fargo:-2.9
2026-01-24,EW,31.4,,1,Stifel:31.4
2026-01-24,FE,12.8,,1,Wells Fargo:12.8
2026-01-24,GOOG,20.2,,1,Raymond James:20.2
2026-01-24,GS,8.8,,1,RBC Capital:8.8
2026-01-24,HAL,19.9,,1,Goldman Sachs:19.9
2026-01-24,HII,0.3,,1,Goldman Sachs:0.3
2026-01-24,INTC,-4,,1,Evercore ISI Group:-4
2026-01-24,KHC,3.5,,1,Jefferies:3.5
2026-01-24,LNT,4.8,,1,Wells Fargo:4.8
2026-01-24,LRCX,10.4,,1,Deutsche Bank:10.4
2026-01-24,MCHP,-1.3,,1,B of A Securities:-1.3
2026-01-24,META,41.1,,1,Jefferies:41.1
2026-01-24,MKC,6.5,,1,Stifel:6.5
2026-01-24,MMM,10.3,6.9296,2,Deutsche Bank:15.2|Morgan Stanley:5.4
2026-01-24,OKE,29.8,,1,UBS:29.8
2026-01-24,PM,7.5,,1,Jefferies:7.5
2026-01-24,PPL,12.1,,1,Wells Fargo:12.1
2026-01-24,RCL,34.2,,1,Mizuho:34.2
2026-01-24,RSG,16.3,2.5456,2,Scotiabank:14.5|Oppenheimer:18.1
2026-01-24,SBAC,33.9,,1,UBS:33.9
2026-01-24,SBUX,18.2,,1,B of A Securities:18.2
2026-01-24,SWKS,9.6,,1,Susquehanna:9.6
2026-01-24,TFC,10.95,7.1418,2,Piper Sandler:5.9|Argus Research:16
2026-01-24,TSCO,-1,,1,Stephens & Co.:-1
2026-01-24,ULTA,15.7,,1,Raymond James:15.7
2026-01-24,VRTX,13.9,,1,Evercore ISI Group:13.9
2026-01-24,WEC,8,,1,Wells Fargo:8
2026-01-26,ABT,15.5,,1,Bernstein:15.5
2026-01-26,ALB,17.8,,1,Oppenheimer:17.8
2026-01-26,AWK,-5.1,,1,Wells Fargo:-5.1
2026-01-26,CFG,16.95,6.0104,2,B of A Securities:21.2|Argus Research:12.7
2026-01-26,CMS,3.7,,1,Wells Fargo:3.7
2026-01-26,CNP,18.1,,1,Wells Fargo:18.1
2026-01-26,COHR,18.5,,1,Susquehanna:18.5
2026-01-26,COR,25.2,,1,Jefferies:25.2
2026-01-26,CVX,5.4,,1,JP Morgan:5.4
2026-01-26,DHI,8.45,14.4957,2,B of A Securities:-1.8|Argus Research:18.7
2026-01-26,DRI,12.9,,1,Mizuho:12.9
2026-01-26,DTE,12.6,,1,Wells Fargo:12.6
2026-01-26,ED,8.3,,1,UBS:8.3
2026-01-26,EIX,-2.9,,1,Wells Fargo:-2.9
2026-01-26,EW,31.4,,1,Stifel:31.4
2026-01-26,FE,12.8,,1,Wells Fargo:12.8
2026-01-26,GILD,14.1,,1,UBS:14.1
2026-01-26,GOOG,20.2,,1,Raymond James:20.2
2026-01-26,GS,8.8,,1,RBC Capital:8.8
2026-01-26,HAL,19.9,,1,Goldman Sachs:19.9
2026-01-26,HII,0.3,,1,Goldman Sachs:0.3
2026-01-26,INTC,-4,,1,Evercore ISI Group:-4
2026-01-26,KHC,3.5,,1,Jefferies:3.5
2026-01-26,LNT,4.8,,1,Wells Fargo:4.8
2026-01-26,LRCX,10.4,,1,Deutsche Bank:10.4
2026-01-26,MCHP,-1.3,,1,B of A Securities:-1.3
2026-01-26,META,41.1,,1,Jefferies:41.1
2026-01-26,MKC,6.5,,1,Stifel:6.5
2026-01-26,MMM,10.3,6.9296,2,Deutsche Bank:15.2|Morgan Stanley:5.4
2026-01-26,OKE,29.8,,1,UBS:29.8
2026-01-26,PM,7.5,,1,Jefferies:7.5
2026-01-26,PPL,12.1,,1,Wells Fargo:12.1
2026-01-26,RCL,34.2,,1,Mizuho:34.2
2026-01-26,RSG,16.3,2.5456,2,Scotiabank:14.5|Oppenheimer:18.1
2026-01-26,SBAC,33.9,,1,UBS:33.9
2026-01-26,SBUX,18.2,,1,B of A Securities:18.2
2026-01-26,SWKS,9.6,,1,Susquehanna:9.6
2026-01-26,TFC,10.95,7.1418,2,Piper Sandler:5.9|Argus Research:16
2026-01-26,TSCO,-1,,1,Stephens & Co.:-1
2026-01-26,ULTA,15.7,,1,Raymond James:15.7
2026-01-26,VRTX,13.9,,1,Evercore ISI Group:13.9
2026-01-26,WEC,8,,1,Wells Fargo:8
2026-01-27,ABT,15.5,,1,Bernstein:15.5
2026-01-27,ALB,17.8,,1,Oppenheimer:17.8
2026-01-27,CFG,16.95,6.0104,2,B of A Securities:21.2|Argus Research:12.7
2026-01-27,COHR,18.5,,1,Susquehanna:18.5
2026-01-27,COR,25.2,,1,Jefferies:25.2
2026-01-27,CVX,5.4,,1,JP Morgan:5.4
2026-01-27,DHI,8.45,14.4957,2,B of A Securities:-1.8|Argus Research:18.7
2026-01-27,DRI,12.9,,1,Mizuho:12.9
2026-01-27,ED,8.3,,1,UBS:8.3
2026-01-27,EIX,-2.9,,1,Wells Fargo:-2.9
2026-01-27,FIX,5,,1,Stifel:5
2026-01-27,GILD,14.1,,1,UBS:14.1
2026-01-27,GOOG,20.2,,1,Raymond James:20.2
2026-01-27,HAL,19.9,,1,Goldman Sachs:19.9
2026-01-27,INTC,-4,,1,Evercore ISI Group:-4
2026-01-27,KHC,3.5,,1,Jefferies:3.5
2026-01-27,LNT,4.8,,1,Wells Fargo:4.8
2026-01-27,LRCX,10.4,,1,Deutsche Bank:10.4
2026-01-27,MCHP,-1.3,,1,B of A Securities:-1.3
2026-01-27,META,41.1,,1,Jefferies:41.1
2026-01-27,MKC,6.5,,1,Stifel:6.5
2026-01-27,MMM,10.3,6.9296,2,Deutsche Bank:15.2|Morgan Stanley:5.4
2026-01-27,NRG,21.2,,1,Jefferies:21.2
2026-01-27,OKE,29.8,,1,UBS:29.8
2026-01-27,PM,7.5,,1,Jefferies:7.5
2026-01-27,PWR,9,,1,Stifel:9
2026-01-27,RCL,34.2,,1,Mizuho:34.2
2026-01-27,RSG,16.3,2.5456,2,Scotiabank:14.5|Oppenheimer:18.1
2026-01-27,SBUX,18.2,,1,B of A Securities:18.2
2026-01-27,SLB,9.4,,1,B of A Securities:9.4
2026-01-27,SWKS,4.9,6.6468,2,Susquehanna:9.6|B. Riley Securities:0.2
2026-01-27,TFC,10.95,7.1418,2,Piper Sandler:5.9|Argus Research:16
2026-01-27,TSCO,-1,,1,Stephens & Co.:-1
2026-01-27,UBER,28.1,,1,Stifel:28.1
2026-01-27,ULTA,15.7,,1,Raymond James:15.7
2026-01-27,VRTX,13.9,,1,Evercore ISI Group:13.9
2026-01-27,WRB,1.6,,1,Jefferies:1.6
2026-01-28,ABT,15.5,,1,Bernstein:15.5
2026-01-28,ALB,17.8,,1,Jefferies:17.8
2026-01-28,BRO,14.5,,1,Jefferies:14.5
2026-01-28,CFG,16.95,6.0104,2,B of A Securities:21.2|Argus Research:12.7
2026-01-28,COHR,18.5,,1,Susquehanna:18.5
2026-01-28,COR,25.2,,1,Jefferies:25.2
2026-01-28,DHI,8.45,14.4957,2,B of A Securities:-1.8|Argus Research:18.7
2026-01-28,DRI,12.9,,1,Mizuho:12.9
2026-01-28,ED,8.3,,1,UBS:8.3
2026-01-28,EXPE,21.8,,1,Goldman Sachs:21.8
2026-01-28,FFIV,7.2,,1,Goldman Sachs:7.2
2026-01-28,FIX,5,,1,Stifel:5
2026-01-28,GILD,14.1,,1,UBS:14.1
2026-01-28,GOOG,20.2,,1,Raymond James:20.2
2026-01-28,HAL,19.9,,1,Goldman Sachs:19.9
2026-01-28,HCA,18.1,,1,Jefferies:18.1
2026-01-28,INTC,-4,,1,Evercore ISI Group:-4
2026-01-28,LRCX,10.4,,1,Deutsche Bank:10.4
2026-01-28,MCHP,-1.3,,1,B of A Securities:-1.3
2026-01-28,META,41.1,,1,Jefferies:41.1
2026-01-28,MKC,6.5,,1,Stifel:6.5
2026-01-28,MMM,5.4,,1,Morgan Stanley:5.4
2026-01-28,NEE,3.75,1.6263,2,Argus Research:4.9|Mizuho:2.6
2026-01-28,NOC,11.2,,1,RBC Capital:11.2
2026-01-28,NRG,21.2,,1,Jefferies:21.2
2026-01-28,OKE,29.8,,1,UBS:29.8
2026-01-28,PTC,21.1,,1,Oppenheimer:21.1
2026-01-28,PWR,9,,1,Stifel:9
2026-01-28,RCL,34.2,,1,Mizuho:34.2
2026-01-28,RSG,18.1,,1,Oppenheimer:18.1
2026-01-28,RTX,6.8,,1,JP Morgan:6.8
2026-01-28,SBUX,18.2,,1,B of A Securities:18.2
2026-01-28,SLB,9.4,,1,B of A Securities:9.4
2026-01-28,STX,-2.6,,1,Goldman Sachs:-2.6
2026-01-28,SWKS,4.9,6.6468,2,Susquehanna:9.6|B. Riley Securities:0.2
2026-01-28,TFC,10.95,7.1418,2,Piper Sandler:5.9|Argus Research:16
2026-01-28,TSCO,-1,,1,Stephens & Co.:-1
2026-01-28,UBER,28.1,,1,Stifel:28.1
2026-01-28,ULTA,15.7,,1,Raymond James:15.7
2026-01-28,UPS,11.6,13.1522,2,Jefferies:20.9|Wells Fargo:2.3
2026-01-28,VRTX,13.9,,1,Evercore ISI Group:13.9
2026-01-28,WRB,1.6,,1,Jefferies:1.6
2026-01-29,ABT,15.5,,1,Bernstein:15.5
2026-01-29,ADP,10.3,,1,JP Morgan:10.3
2026-01-29,ALB,17.8,,1,Jefferies:17.8
2026-01-29,BA,17.7,,1,UBS:17.7
2026-01-29,BRO,14.5,,1,Jefferies:14.5
2026-01-29,CFG,12.7,,1,Argus Research:12.7
2026-01-29,COHR,18.5,,1,Susquehanna:18.5
2026-01-29,COR,25.2,,1,Jefferies:25.2
2026-01-29,DHI,18.7,,1,Argus Research:18.7
2026-01-29,DRI,12.9,,1,Mizuho:12.9
2026-01-29,ED,8.3,,1,UBS:8.3
2026-01-29,EXPE,21.8,,1,Goldman Sachs:21.8
2026-01-29,FFIV,7.2,,1,Goldman Sachs:7.2
2026-01-29,FIX,5,,1,Stifel:5
2026-01-29,GEV,29,,1,Goldman Sachs:29
2026-01-29,GILD,14.1,,1,UBS:14.1
2026-01-29,GM,21.8,,1,Piper Sandler:21.8
2026-01-29,GOOG,20.2,,1,Raymond James:20.2
2026-01-29,HCA,15.75,3.3234,2,Jefferies:18.1|Deutsche Bank:13.4
2026-01-29,INTC,-4,,1,Evercore ISI Group:-4
2026-01-29,LRCX,6.7,,1,Goldman Sachs:6.7
2026-01-29,META,18,32.6683,2,Jefferies:41.1|Scotiabank:-5.1
2026-01-29,MKC,6.5,,1,Stifel:6.5
2026-01-29,MLM,5,,1,Loop Capital:5
2026-01-29,NEE,3.75,1.6263,2,Argus Research:4.9|Mizuho:2.6
2026-01-29,NOC,9.5,2.4042,2,RBC Capital:11.2|B of A Securities:7.8
2026-01-29,NRG,21.2,,1,Jefferies:21.2
2026-01-29,OKE,29.8,,1,UBS:29.8
2026-01-29,PPG,11.1333,3.2929,3,Goldman Sachs:14.9|Jefferies:8.8|JP Morgan:9.7
2026-01-29,PTC,21.1,,1,Oppenheimer:21.1
2026-01-29,PWR,9,,1,Stifel:9
2026-01-29,RCL,34.2,,1,Mizuho:34.2
2026-01-29,ROP,23.12,20.2881,5,Citigroup:26.5|Goldman Sachs:23.7|Mizuho:2.6|Stifel:8.2|Truist Securities:54.6
2026-01-29,RSG,18.1,,1,Oppenheimer:18.1
2026-01-29,RTX,6.8,,1,JP Morgan:6.8
2026-01-29,SLB,9.4,,1,B of A Securities:9.4
2026-01-29,STX,-2.6,,1,Goldman Sachs:-2.6
2026-01-29,SWKS,4.9,6.6468,2,Susquehanna:9.6|B. Riley Securities:0.2
2026-01-29,SYY,9.8333,5.1733,3,Jefferies:13.4|JP Morgan:3.9|Truist Securities:12.2
2026-01-29,TFC,16,,1,Argus Research:16
2026-01-29,TXN,-5.3,,1,Deutsche Bank:-5.3
2026-01-29,UBER,28.1,,1,Stifel:28.1
2026-01-29,UPS,12.325,12.0732,4,Jefferies:20.9|Wells Fargo:2.3|Deutsche Bank:1.6|Truist Securities:24.5
2026-01-29,VRTX,13.9,,1,Evercore ISI Group:13.9
2026-01-29,WRB,1.6,,1,Jefferies:1.6
2026-01-30,ADP,10.3,,1,JP Morgan:10.3
2026-01-30,AES,14.6,,1,JP Morgan:14.6
2026-01-30,ALB,17.8,,1,Jefferies:17.8
2026-01-30,ARE,4.9,,1,Jefferies:4.9
2026-01-30,BA,17.7,,1,UBS:17.7
2026-01-30,BRO,14.5,,1,Jefferies:14.5
2026-01-30,CFG,12.7,,1,Argus Research:12.7
2026-01-30,DECK,-19.9,,1,Goldman Sachs:-19.9
2026-01-30,DHI,18.7,,1,Argus Research:18.7
2026-01-30,DHR,23.1,3.2527,2,Jefferies:20.8|JP Morgan:25.4
2026-01-30,DRI,12.9,,1,Mizuho:12.9
2026-01-30,EXPE,21.8,,1,Goldman Sachs:21.8
2026-01-30,FFIV,7.2,,1,Goldman Sachs:7.2
2026-01-30,FIX,5,,1,Stifel:5
2026-01-30,GEV,29,,1,Goldman Sachs:29
2026-01-30,GILD,14.1,,1,UBS:14.1
2026-01-30,GM,21.8,,1,Piper Sandler:21.8
2026-01-30,HCA,15.75,3.3234,2,Jefferies:18.1|Deutsche Bank:13.4
2026-01-30,INTC,-4,,1,Evercore ISI Group:-4
2026-01-30,LHX,4,,1,RBC Capital:4
2026-01-30,LRCX,6.7,,1,Goldman Sachs:6.7
2026-01-30,LVS,47.5,,1,Deutsche Bank:47.5
2026-01-30,META,-2.4,3.8184,2,Scotiabank:-5.1|BMO Capital:0.3
2026-01-30,MKC,6.5,,1,Stifel:6.5
2026-01-30,MLM,5,,1,Loop Capital:5
2026-01-30,MSFT,36.6,,1,Keybanc:36.6
2026-01-30,NDAQ,10.2,,1,RBC Capital:10.2
2026-01-30,NEE,3.75,1.6263,2,Argus Research:4.9|Mizuho:2.6
2026-01-30,NOC,9.5,2.4042,2,RBC Capital:11.2|B of A Securities:7.8
2026-01-30,NRG,21.2,,1,Jefferies:21.2
2026-01-30,PH,11.6,5.9397,2,Barclays:7.4|Jefferies:15.8
2026-01-30,PHM,17.7,,1,Oppenheimer:17.7
2026-01-30,PPG,11.1333,3.2929,3,Goldman Sachs:14.9|Jefferies:8.8|JP Morgan:9.7
2026-01-30,PTC,21.1,,1,Oppenheimer:21.1
2026-01-30,PWR,9,,1,Stifel:9
2026-01-30,ROP,23.12,20.2881,5,Citigroup:26.5|Goldman Sachs:23.7|Mizuho:2.6|Stifel:8.2|Truist Securities:54.6
2026-01-30,RSG,18.1,,1,Oppenheimer:18.1
2026-01-30,RTX,6.8,,1,JP Morgan:6.8
2026-01-30,SBUX,18.1,9.8995,2,Barclays:25.1|Piper Sandler:11.1
2026-01-30,SLB,9.4,,1,B of A Securities:9.4
2026-01-30,STX,4.85,10.5359,2,Goldman Sachs:-2.6|Baird:12.3
2026-01-30,SWKS,0.2,,1,B. Riley Securities:0.2
2026-01-30,SYY,9.8333,5.1733,3,Jefferies:13.4|JP Morgan:3.9|Truist Securities:12.2
2026-01-30,TFC,16,,1,Argus Research:16
2026-01-30,TMO,17.6,0.2828,2,Citigroup:17.8|TD Cowen:17.4
2026-01-30,TPR,15.9,,1,Goldman Sachs:15.9
2026-01-30,TT,-5.2,,1,Wells Fargo:-5.2
2026-01-30,TXN,-5.3,,1,Deutsche Bank:-5.3
2026-01-30,UBER,28.1,,1,Stifel:28.1
2026-01-30,UPS,12.325,12.0732,4,Jefferies:20.9|Wells Fargo:2.3|Deutsche Bank:1.6|Truist Securities:24.5
2026-01-30,V,23.7,,1,Morgan Stanley:23.7
2026-01-30,VRTX,13.9,,1,Evercore ISI Group:13.9
2026-01-30,WRB,1.6,,1,Jefferies:1.6
2026-01-31,ADP,10.3,,1,JP Morgan:10.3
2026-01-31,AES,14.6,,1,JP Morgan:14.6
2026-01-31,ALB,17.8,,1,Jefferies:17.8
2026-01-31,ARE,4.9,,1,Jefferies:4.9
2026-01-31,BA,17.7,,1,UBS:17.7
2026-01-31,BRO,14.5,,1,Jefferies:14.5
2026-01-31,DECK,-19.9,,1,Goldman Sachs:-19.9
2026-01-31,DHR,23.1,3.2527,2,Jefferies:20.8|JP Morgan:25.4
2026-01-31,DOV,19.8,,1,JP Morgan:19.8
2026-01-31,EXPE,21.8,,1,Goldman Sachs:21.8
2026-01-31,FFIV,7.2,,1,Goldman Sachs:7.2
2026-01-31,FIX,5,,1,Stifel:5
2026-01-31,GEV,29,,1,Goldman Sachs:29
2026-01-31,GILD,14.1,,1,UBS:14.1
2026-01-31,GM,21.8,,1,Piper Sandler:21.8
2026-01-31,HCA,15.75,3.3234,2,Jefferies:18.1|Deutsche Bank:13.4
2026-01-31,LHX,4,,1,RBC Capital:4
2026-01-31,LRCX,6.7,,1,Goldman Sachs:6.7
2026-01-31,LVS,47.5,,1,Deutsche Bank:47.5
2026-01-31,MA,21.1,,1,JP Morgan:21.1
2026-01-31,META,-2.4,3.8184,2,Scotiabank:-5.1|BMO Capital:0.3
2026-01-31,MLM,5,,1,Loop Capital:5
2026-01-31,MO,13.3,,1,Stifel:13.3
2026-01-31,MSFT,36.6,,1,Keybanc:36.6
2026-01-31,NDAQ,6.6,5.0912,2,RBC Capital:10.2|JP Morgan:3
2026-01-31,NEE,3.75,1.6263,2,Argus Research:4.9|Mizuho:2.6
2026-01-31,NOC,9.5,2.4042,2,RBC Capital:11.2|B of A Securities:7.8
2026-01-31,NRG,21.2,,1,Jefferies:21.2
2026-01-31,PH,11.6,5.9397,2,Barclays:7.4|Jefferies:15.8
2026-01-31,PHM,17.7,,1,Oppenheimer:17.7
2026-01-31,PPG,11.1333,3.2929,3,Goldman Sachs:14.9|Jefferies:8.8|JP Morgan:9.7
2026-01-31,PTC,21.1,,1,Oppenheimer:21.1
2026-01-31,PWR,9,,1,Stifel:9
2026-01-31,ROP,23.12,20.2881,5,Citigroup:26.5|Goldman Sachs:23.7|Mizuho:2.6|Stifel:8.2|Truist Securities:54.6
2026-01-31,RTX,6.8,,1,JP Morgan:6.8
2026-01-31,SBUX,18.1,9.8995,2,Barclays:25.1|Piper Sandler:11.1
2026-01-31,SLB,9.4,,1,B of A Securities:9.4
2026-01-31,STX,4.85,10.5359,2,Goldman Sachs:-2.6|Baird:12.3
2026-01-31,SWKS,0.2,,1,B. Riley Securities:0.2
2026-01-31,SYY,9.8333,5.1733,3,Jefferies:13.4|JP Morgan:3.9|Truist Securities:12.2
2026-01-31,TMO,17.6,0.2828,2,Citigroup:17.8|TD Cowen:17.4
2026-01-31,TPR,15.9,,1,Goldman Sachs:15.9
2026-01-31,TSCO,14.8,,1,JP Morgan:14.8
2026-01-31,TT,-5.2,,1,Wells Fargo:-5.2
2026-01-31,TXN,-5.3,,1,Deutsche Bank:-5.3
2026-01-31,UBER,28.1,,1,Stifel:28.1
2026-01-31,UPS,12.325,12.0732,4,Jefferies:20.9|Wells Fargo:2.3|Deutsche Bank:1.6|Truist Securities:24.5
2026-01-31,V,23.7,,1,Morgan Stanley:23.7
2026-01-31,WRB,1.6,,1,Jefferies:1.6
2026-02-02,ADP,10.3,,1,JP Morgan:10.3
2026-02-02,AES,14.6,,1,JP Morgan:14.6
2026-02-02,ALB,17.8,,1,Jefferies:17.8
2026-02-02,ARE,4.9,,1,Jefferies:4.9
2026-02-02,BA,17.7,,1,UBS:17.7
2026-02-02,BRO,14.5,,1,Jefferies:14.5
2026-02-02,CHD,7.9,,1,Morgan Stanley:7.9
2026-02-02,DECK,-19.9,,1,Goldman Sachs:-19.9
2026-02-02,DHR,23.1,3.2527,2,Jefferies:20.8|JP Morgan:25.4
2026-02-02,DOV,19.8,,1,JP Morgan:19.8
2026-02-02,EXPE,21.8,,1,Goldman Sachs:21.8
2026-02-02,FFIV,7.2,,1,Goldman Sachs:7.2
2026-02-02,FIX,5,,1,Stifel:5
2026-02-02,GEV,29,,1,Goldman Sachs:29
2026-02-02,GM,21.8,,1,Piper Sandler:21.8
2026-02-02,HCA,15.75,3.3234,2,Jefferies:18.1|Deutsche Bank:13.4
2026-02-02,LHX,9.7,8.061,2,RBC Capital:4|Morgan Stanley:15.4
2026-02-02,LMT,-16.6,,1,Goldman Sachs:-16.6
2026-02-02,LRCX,6.7,,1,Goldman Sachs:6.7
2026-02-02,LVS,47.5,,1,Deutsche Bank:47.5
2026-02-02,MA,21.1,,1,JP Morgan:21.1
2026-02-02,META,2.4,8.7413,3,Scotiabank:-5.1|BMO Capital:0.3|Argus Research:12
2026-02-02,MLM,5,,1,Loop Capital:5
2026-02-02,MO,13.3,,1,Stifel:13.3
2026-02-02,MSFT,36.6,,1,Keybanc:36.6
2026-02-02,NDAQ,6.6,5.0912,2,RBC Capital:10.2|JP Morgan:3
2026-02-02,NEE,3.75,1.6263,2,Argus Research:4.9|Mizuho:2.6
2026-02-02,NOC,9.5,2.4042,2,RBC Capital:11.2|B of A Securities:7.8
2026-02-02,NRG,21.2,,1,Jefferies:21.2
2026-02-02,PH,11.6,5.9397,2,Barclays:7.4|Jefferies:15.8
2026-02-02,PHM,17.7,,1,Oppenheimer:17.7
2026-02-02,PPG,11.1333,3.2929,3,Goldman Sachs:14.9|Jefferies:8.8|JP Morgan:9.7
2026-02-02,PTC,21.1,,1,Oppenheimer:21.1
2026-02-02,PWR,9,,1,Stifel:9
2026-02-02,REGN,18,,1,Oppenheimer:18
2026-02-02,ROP,23.12,20.2881,5,Citigroup:26.5|Goldman Sachs:23.7|Mizuho:2.6|Stifel:8.2|Truist Securities:54.6
2026-02-02,RTX,6.8,,1,JP Morgan:6.8
2026-02-02,SBUX,18.1,9.8995,2,Barclays:25.1|Piper Sandler:11.1
2026-02-02,SLB,9.4,,1,B of A Securities:9.4
2026-02-02,STX,4.85,10.5359,2,Goldman Sachs:-2.6|Baird:12.3
2026-02-02,SWKS,0.2,,1,B. Riley Securities:0.2
2026-02-02,SYY,9.8333,5.1733,3,Jefferies:13.4|JP Morgan:3.9|Truist Securities:12.2
2026-02-02,TMO,17.6,0.2828,2,Citigroup:17.8|TD Cowen:17.4
2026-02-02,TPR,15.9,,1,Goldman Sachs:15.9
2026-02-02,TSCO,14.8,,1,JP Morgan:14.8
2026-02-02,TT,-5.2,,1,Wells Fargo:-5.2
2026-02-02,TXN,-5.3,,1,Deutsche Bank:-5.3
2026-02-02,UBER,28.1,,1,Stifel:28.1
2026-02-02,UPS,12.325,12.0732,4,Jefferies:20.9|Wells Fargo:2.3|Deutsche Bank:1.6|Truist Securities:24.5
2026-02-02,V,23.7,,1,Morgan Stanley:23.7
2026-02-02,WRB,1.6,,1,Jefferies:1.6
2026-02-03,ADP,10.3,,1,JP Morgan:10.3
2026-02-03,AES,14.6,,1,JP Morgan:14.6
2026-02-03,ALB,17.8,,1,Jefferies:17.8
2026-02-03,ARE,4.9,,1,Jefferies:4.9
2026-02-03,BA,21.25,5.0205,2,UBS:17.7|Jefferies:24.8
2026-02-03,BKR,18.9,,1,Jefferies:18.9
2026-02-03,BRO,14.5,,1,Jefferies:14.5
2026-02-03,CHD,13.2,7.4953,2,Morgan Stanley:7.9|Jefferies:18.5
2026-02-03,DECK,-19.9,,1,Goldman Sachs:-19.9
2026-02-03,DHR,23.1,3.2527,2,Jefferies:20.8|JP Morgan:25.4
2026-02-03,DOV,19.8,,1,JP Morgan:19.8
2026-02-03,EXPE,21.8,,1,Goldman Sachs:21.8
2026-02-03,FFIV,7.2,,1,Goldman Sachs:7.2
2026-02-03,GEV,29,,1,Goldman Sachs:29
2026-02-03,GM,21.8,,1,Piper Sandler:21.8
2026-02-03,HCA,15.75,3.3234,2,Jefferies:18.1|Deutsche Bank:13.4
2026-02-03,HIG,3.5,,1,Morgan Stanley:3.5
2026-02-03,HSY,5.5,,1,Jefferies:5.5
2026-02-03,LHX,9.7,8.061,2,RBC Capital:4|Morgan Stanley:15.4
2026-02-03,LMT,-16.6,,1,Goldman Sachs:-16.6
2026-02-03,LRCX,6.7,,1,Goldman Sachs:6.7
2026-02-03,LVS,47.5,,1,Deutsche Bank:47.5
2026-02-03,MA,21.1,,1,JP Morgan:21.1
2026-02-03,META,2.4,8.7413,3,Scotiabank:-5.1|BMO Capital:0.3|Argus Research:12
2026-02-03,MLM,5,,1,Loop Capital:5
2026-02-03,MO,13.3,,1,Stifel:13.3
2026-02-03,MSFT,36.6,,1,Keybanc:36.6
2026-02-03,NDAQ,6.6,5.0912,2,RBC Capital:10.2|JP Morgan:3
2026-02-03,NEE,3.75,1.6263,2,Argus Research:4.9|Mizuho:2.6
2026-02-03,NOC,9.5,2.4042,2,RBC Capital:11.2|B of A Securities:7.8
2026-02-03,PH,11.6,5.9397,2,Barclays:7.4|Jefferies:15.8
2026-02-03,PHM,10.8,9.7581,2,Oppenheimer:17.7|JP Morgan:3.9
2026-02-03,PPG,11.1333,3.2929,3,Goldman Sachs:14.9|Jefferies:8.8|JP Morgan:9.7
2026-02-03,PTC,13,11.4551,2,Oppenheimer:21.1|JP Morgan:4.9
2026-02-03,REGN,18,,1,Oppenheimer:18
2026-02-03,ROP,23.12,20.2881,5,Citigroup:26.5|Goldman Sachs:23.7|Mizuho:2.6|Stifel:8.2|Truist Securities:54.6
2026-02-03,RTX,6.8,,1,JP Morgan:6.8
2026-02-03,SBUX,18.1,9.8995,2,Barclays:25.1|Piper Sandler:11.1
2026-02-03,SLB,20.5,,1,Jefferies:20.5
2026-02-03,STX,4.85,10.5359,2,Goldman Sachs:-2.6|Baird:12.3
2026-02-03,SYY,9.8333,5.1733,3,Jefferies:13.4|JP Morgan:3.9|Truist Securities:12.2
2026-02-03,TMO,17.6,0.2828,2,Citigroup:17.8|TD Cowen:17.4
2026-02-03,TPR,15.9,,1,Goldman Sachs:15.9
2026-02-03,TSCO,14.8,,1,JP Morgan:14.8
2026-02-03,TT,-5.2,,1,Wells Fargo:-5.2
2026-02-03,TXN,-5.3,,1,Deutsche Bank:-5.3
2026-02-03,UPS,12.325,12.0732,4,Jefferies:20.9|Wells Fargo:2.3|Deutsche Bank:1.6|Truist Securities:24.5
2026-02-03,V,23.7,,1,Morgan Stanley:23.7
2026-02-04,ADP,10.3,,1,JP Morgan:10.3
2026-02-04,AES,14.6,,1,JP Morgan:14.6
2026-02-04,APTV,33.3,,1,Oppenheimer:33.3
2026-02-04,ARE,4.9,,1,Jefferies:4.9
2026-02-04,BA,21.25,5.0205,2,UBS:17.7|Jefferies:24.8
2026-02-04,BKR,18.9,,1,Jefferies:18.9
2026-02-04,BR,20.7,,1,JP Morgan:20.7
2026-02-04,CHD,13.2,7.4953,2,Morgan Stanley:7.9|Jefferies:18.5
2026-02-04,CHTR,9,,1,Deutsche Bank:9
2026-02-04,DECK,-19.9,,1,Goldman Sachs:-19.9
2026-02-04,DHR,23.1,3.2527,2,Jefferies:20.8|JP Morgan:25.4
2026-02-04,DIS,26.7,,1,Jefferies:26.7
2026-02-04,DOV,19.8,,1,JP Morgan:19.8
2026-02-04,GEV,29,,1,Goldman Sachs:29
2026-02-04,GM,21.8,,1,Piper Sandler:21.8
2026-02-04,HCA,13.4,,1,Deutsche Bank:13.4
2026-02-04,HIG,3.2,0.4243,2,Morgan Stanley:3.5|Citigroup:2.9
2026-02-04,HSY,5.5,,1,Jefferies:5.5
2026-02-04,HUBB,5.3,,1,JP Morgan:5.3
2026-02-04,LHX,9.7,8.061,2,RBC Capital:4|Morgan Stanley:15.4
2026-02-04,LMT,-16.6,,1,Goldman Sachs:-16.6
2026-02-04,LRCX,6.7,,1,Goldman Sachs:6.7
2026-02-04,LVS,47.5,,1,Deutsche Bank:47.5
2026-02-04,MA,21.1,,1,JP Morgan:21.1
2026-02-04,MDLZ,6.7,,1,Piper Sandler:6.7
2026-02-04,META,2.4,8.7413,3,Scotiabank:-5.1|BMO Capital:0.3|Argus Research:12
2026-02-04,MLM,5,,1,Loop Capital:5
2026-02-04,MO,13.3,,1,Stifel:13.3
2026-02-04,MSFT,36.6,,1,Keybanc:36.6
2026-02-04,NDAQ,6.6,5.0912,2,RBC Capital:10.2|JP Morgan:3
2026-02-04,NOC,7.8,,1,B of A Securities:7.8
2026-02-04,PGR,30,,1,Citigroup:30
2026-02-04,PH,11.6,5.9397,2,Barclays:7.4|Jefferies:15.8
2026-02-04,PHM,10.8,9.7581,2,Oppenheimer:17.7|JP Morgan:3.9
2026-02-04,PPG,11.1333,3.2929,3,Goldman Sachs:14.9|Jefferies:8.8|JP Morgan:9.7
2026-02-04,PTC,4.9,,1,JP Morgan:4.9
2026-02-04,PYPL,-18.3,,1,Morgan Stanley:-18.3
2026-02-04,REGN,18,,1,Oppenheimer:18
2026-02-04,ROP,23.12,20.2881,5,Citigroup:26.5|Goldman Sachs:23.7|Mizuho:2.6|Stifel:8.2|Truist Securities:54.6
2026-02-04,RVTY,7.1,,1,Wells Fargo:7.1
2026-02-04,SBUX,18.1,9.8995,2,Barclays:25.1|Piper Sandler:11.1
2026-02-04,SLB,20.5,,1,Jefferies:20.5
2026-02-04,STX,12.3,,1,Baird:12.3
2026-02-04,SYY,9.8333,5.1733,3,Jefferies:13.4|JP Morgan:3.9|Truist Securities:12.2
2026-02-04,TMO,17.6,0.2828,2,Citigroup:17.8|TD Cowen:17.4
2026-02-04,TPR,15.9,,1,Goldman Sachs:15.9
2026-02-04,TSCO,14.8,,1,JP Morgan:14.8
2026-02-04,TT,-5.2,,1,Wells Fargo:-5.2
2026-02-04,TXN,-5.3,,1,Deutsche Bank:-5.3
2026-02-04,UPS,13.05,16.1927,2,Deutsche Bank:1.6|Truist Securities:24.5
2026-02-04,V,23.7,,1,Morgan Stanley:23.7
2026-02-04,WDC,-12.4,,1,Goldman Sachs:-12.4
2026-02-05,AES,8.9,8.061,2,JP Morgan:14.6|Jefferies:3.2
2026-02-05,ALGN,19.3,,1,Stifel:19.3
2026-02-05,APTV,33.3,,1,Oppenheimer:33.3
2026-02-05,ARE,4.9,,1,Jefferies:4.9
2026-02-05,BA,24.8,,1,Jefferies:24.8
2026-02-05,BALL,7.2,,1,Mizuho:7.2
2026-02-05,BKR,18.9,,1,Jefferies:18.9
2026-02-05,BR,20.7,,1,JP Morgan:20.7
2026-02-05,BSX,29.3,,1,JP Morgan:29.3
2026-02-05,CCI,18.3,13.2045,3,Jefferies:5.3|Scotiabank:17.9|UBS:31.7
2026-02-05,CHD,13.2,7.4953,2,Morgan Stanley:7.9|Jefferies:18.5
2026-02-05,CHTR,9,,1,Deutsche Bank:9
2026-02-05,CME,1.7,,1,RBC Capital:1.7
2026-02-05,CMG,10.3,4.3301,3,Keybanc:5.3|Stifel:12.8|Wells Fargo:12.8
2026-02-05,DECK,-19.9,,1,Goldman Sachs:-19.9
2026-02-05,DHR,23.1,3.2527,2,Jefferies:20.8|JP Morgan:25.4
2026-02-05,DIS,26.7,,1,Jefferies:26.7
2026-02-05,DOC,13.2,,1,Evercore ISI Group:13.2
2026-02-05,DOV,19.8,,1,JP Morgan:19.8
2026-02-05,EFX,27.15,1.9092,2,JP Morgan:25.8|Stifel:28.5
2026-02-05,FOXA,17.4,0,2,Citigroup:17.4|UBS:17.4
2026-02-05,GOOGL,26.5,,1,JP Morgan:26.5
2026-02-05,HIG,3.2,0.4243,2,Morgan Stanley:3.5|Citigroup:2.9
2026-02-05,HSY,5.5,,1,Jefferies:5.5
2026-02-05,HUBB,5.3,,1,JP Morgan:5.3
2026-02-05,LHX,14.85,8.0455,4,RBC Capital:4|Morgan Stanley:15.4|Citigroup:23.4|JP Morgan:16.6
2026-02-05,LITE,23.35,3.8891,2,B. Riley Securities:20.6|Susquehanna:26.1
2026-02-05,LMT,-16.6,,1,Goldman Sachs:-16.6
2026-02-05,LVS,47.5,,1,Deutsche Bank:47.5
2026-02-05,MA,21.1,,1,JP Morgan:21.1
2026-02-05,MDLZ,9.9,4.5255,2,Piper Sandler:6.7|Stifel:13.1
2026-02-05,META,6.15,8.2731,2,BMO Capital:0.3|Argus Research:12
2026-02-05,MO,13.3,,1,Stifel:13.3
2026-02-05,MSFT,36.6,,1,Keybanc:36.6
2026-02-05,NDAQ,6.6,5.0912,2,RBC Capital:10.2|JP Morgan:3
2026-02-05,PGR,30,,1,Citigroup:30
2026-02-05,PH,11.6,5.9397,2,Barclays:7.4|Jefferies:15.8
2026-02-05,PHM,10.8,9.7581,2,Oppenheimer:17.7|JP Morgan:3.9
2026-02-05,PTC,16.15,15.9099,2,JP Morgan:4.9|RBC Capital:27.4
2026-02-05,PYPL,-18.3,,1,Morgan Stanley:-18.3
2026-02-05,REGN,18,,1,Oppenheimer:18
2026-02-05,RVTY,7.1,,1,Wells Fargo:7.1
2026-02-05,SBUX,18.1,9.8995,2,Barclays:25.1|Piper Sandler:11.1
2026-02-05,SLB,20.5,,1,Jefferies:20.5
2026-02-05,STX,12.3,,1,Baird:12.3
2026-02-05,TECH,-4.5,,1,Stifel:-4.5
2026-02-05,TMO,17.6,0.2828,2,Citigroup:17.8|TD Cowen:17.4
2026-02-05,TPR,15.9,,1,Goldman Sachs:15.9
2026-02-05,TSCO,14.8,,1,JP Morgan:14.8
2026-02-05,TT,-5.2,,1,Wells Fargo:-5.2
2026-02-05,UBER,43.3,,1,RBC Capital:43.3
2026-02-05,V,23.7,,1,Morgan Stanley:23.7
2026-02-05,WDC,-12.4,,1,Goldman Sachs:-12.4
2026-02-06,AES,3.2,,1,Jefferies:3.2
2026-02-06,ALGN,15.85,4.879,2,Stifel:19.3|Wells Fargo:12.4
2026-02-06,APTV,33.3,,1,Oppenheimer:33.3
2026-02-06,AVY,15.7,,1,BMO Capital:15.7
2026-02-06,BA,24.8,,1,Jefferies:24.8
2026-02-06,BALL,7.2,,1,Mizuho:7.2
2026-02-06,BKR,18.9,,1,Jefferies:18.9
2026-02-06,BR,20.7,,1,JP Morgan:20.7
2026-02-06,BSX,29.3,,1,JP Morgan:29.3
2026-02-06,CCI,18.3,13.2045,3,Jefferies:5.3|Scotiabank:17.9|UBS:31.7
2026-02-06,CHD,13.2,7.4953,2,Morgan Stanley:7.9|Jefferies:18.5
2026-02-06,CHTR,9,,1,Deutsche Bank:9
2026-02-06,CME,1.7,,1,RBC Capital:1.7
2026-02-06,CMG,10.3,4.3301,3,Keybanc:5.3|Stifel:12.8|Wells Fargo:12.8
2026-02-06,DIS,26.7,,1,Jefferies:26.7
2026-02-06,DLR,13.4,,1,Citigroup:13.4
2026-02-06,DOC,13.2,,1,Evercore ISI Group:13.2
2026-02-06,DOV,19.8,,1,JP Morgan:19.8
2026-02-06,EFX,27.15,1.9092,2,JP Morgan:25.8|Stifel:28.5
2026-02-06,EMR,11.3,,1,Deutsche Bank:11.3
2026-02-06,FOXA,17.1333,0.4619,3,Citigroup:17.4|UBS:17.4|Morgan Stanley:16.6
2026-02-06,GEHC,3.1,,1,Morgan Stanley:3.1
2026-02-06,GOOGL,26.5,,1,JP Morgan:26.5
2026-02-06,HCA,8.9,,1,Argus Research:8.9
2026-02-06,HIG,3.2,0.4243,2,Morgan Stanley:3.5|Citigroup:2.9
2026-02-06,HSY,5.5,,1,Jefferies:5.5
2026-02-06,HUBB,5.3,,1,JP Morgan:5.3
2026-02-06,IQV,26.5333,15.561,3,Citigroup:9.2|Jefferies:39.3|UBS:31.1
2026-02-06,JCI,16.1,,1,JP Morgan:16.1
2026-02-06,JKHY,3.6,,1,Morgan Stanley:3.6
2026-02-06,LHX,18.4667,4.3143,3,Morgan Stanley:15.4|Citigroup:23.4|JP Morgan:16.6
2026-02-06,LITE,23.35,3.8891,2,B. Riley Securities:20.6|Susquehanna:26.1
2026-02-06,LMT,-16.6,,1,Goldman Sachs:-16.6
2026-02-06,MA,21.1,,1,JP Morgan:21.1
2026-02-06,MAA,4.6,,1,RBC Capital:4.6
2026-02-06,MCK,-7.3,,1,Mizuho:-7.3
2026-02-06,MDLZ,9.9,4.5255,2,Piper Sandler:6.7|Stifel:13.1
2026-02-06,META,12,,1,Argus Research:12
2026-02-06,MO,13.3,,1,Stifel:13.3
2026-02-06,NDAQ,3,,1,JP Morgan:3
2026-02-06,ORLY,17.25,1.4849,2,RBC Capital:18.3|Truist Securities:16.2
2026-02-06,PGR,30,,1,Citigroup:30
2026-02-06,PHM,3.9,,1,JP Morgan:3.9
2026-02-06,PSA,3.8,,1,Wells Fargo:3.8
2026-02-06,PTC,16.15,15.9099,2,JP Morgan:4.9|RBC Capital:27.4
2026-02-06,PYPL,-18.3,,1,Morgan Stanley:-18.3
2026-02-06,REGN,18,,1,Oppenheimer:18
2026-02-06,RL,19.9,,1,Jefferies:19.9
2026-02-06,RVTY,7.1,,1,Wells Fargo:7.1
2026-02-06,SLB,20.5,,1,Jefferies:20.5
2026-02-06,TECH,-4.5,,1,Stifel:-4.5
2026-02-06,TSCO,14.8,,1,JP Morgan:14.8
2026-02-06,UBER,41.8,6.3024,4,RBC Capital:43.3|Citigroup:45.7|Mizuho:45.7|Morgan Stanley:32.5
2026-02-06,WDC,-12.4,,1,Goldman Sachs:-12.4
2026-02-07,AES,3.2,,1,Jefferies:3.2
2026-02-07,ALGN,15.85,4.879,2,Stifel:19.3|Wells Fargo:12.4
2026-02-07,APTV,33.3,,1,Oppenheimer:33.3
2026-02-07,AVY,15.7,,1,BMO Capital:15.7
2026-02-07,BA,22.95,2.6163,2,Jefferies:24.8|Freedom Broker:21.1
2026-02-07,BALL,7.2,,1,Mizuho:7.2
2026-02-07,BKR,18.9,,1,Jefferies:18.9
2026-02-07,BR,20.7,,1,JP Morgan:20.7
2026-02-07,BSX,29.3,,1,JP Morgan:29.3
2026-02-07,CCI,18.3,13.2045,3,Jefferies:5.3|Scotiabank:17.9|UBS:31.7
2026-02-07,CHD,13.2,7.4953,2,Morgan Stanley:7.9|Jefferies:18.5
2026-02-07,CHTR,9,,1,Deutsche Bank:9
2026-02-07,CME,1.7,,1,RBC Capital:1.7
2026-02-07,CMG,10.3,4.3301,3,Keybanc:5.3|Stifel:12.8|Wells Fargo:12.8
2026-02-07,DIS,26.7,,1,Jefferies:26.7
2026-02-07,DLR,13.4,,1,Citigroup:13.4
2026-02-07,DOC,13.2,,1,Evercore ISI Group:13.2
2026-02-07,EFX,27.15,1.9092,2,JP Morgan:25.8|Stifel:28.5
2026-02-07,EMR,11.3,,1,Deutsche Bank:11.3
2026-02-07,FOXA,17.1333,0.4619,3,Citigroup:17.4|UBS:17.4|Morgan Stanley:16.6
2026-02-07,GEHC,3.1,,1,Morgan Stanley:3.1
2026-02-07,GOOGL,26.5,,1,JP Morgan:26.5
2026-02-07,GWW,-2.5,,1,JP Morgan:-2.5
2026-02-07,HCA,8.9,,1,Argus Research:8.9
2026-02-07,HIG,3.2,0.4243,2,Morgan Stanley:3.5|Citigroup:2.9
2026-02-07,HSY,5.5,,1,Jefferies:5.5
2026-02-07,HUBB,5.3,,1,JP Morgan:5.3
2026-02-07,IQV,26.5333,15.561,3,Citigroup:9.2|Jefferies:39.3|UBS:31.1
2026-02-07,JCI,16.1,,1,JP Morgan:16.1
2026-02-07,JKHY,3.6,,1,Morgan Stanley:3.6
2026-02-07,LHX,18.4667,4.3143,3,Morgan Stanley:15.4|Citigroup:23.4|JP Morgan:16.6
2026-02-07,LITE,23.35,3.8891,2,B. Riley Securities:20.6|Susquehanna:26.1
2026-02-07,LMT,-16.6,,1,Goldman Sachs:-16.6
2026-02-07,MAA,4.6,,1,RBC Capital:4.6
2026-02-07,MCHP,21,,1,Mizuho:21
2026-02-07,MCK,-7.3,,1,Mizuho:-7.3
2026-02-07,MDLZ,9.9,4.5255,2,Piper Sandler:6.7|Stifel:13.1
2026-02-07,META,12,,1,Argus Research:12
2026-02-07,ORLY,17.2333,1.0504,3,RBC Capital:18.3|Truist Securities:16.2|JP Morgan:17.2
2026-02-07,PGR,30,,1,Citigroup:30
2026-02-07,PHM,3.9,,1,JP Morgan:3.9
2026-02-07,PSA,3.8,,1,Wells Fargo:3.8
2026-02-07,PTC,16.15,15.9099,2,JP Morgan:4.9|RBC Capital:27.4
2026-02-07,PYPL,-18.3,,1,Morgan Stanley:-18.3
2026-02-07,RCL,29.1,,1,Tigress Financial:29.1
2026-02-07,RDDT,57.9,,1,Guggenheim:57.9
2026-02-07,REGN,18,,1,Oppenheimer:18
2026-02-07,RL,19.9,,1,Jefferies:19.9
2026-02-07,ROK,-1.7,,1,Mizuho:-1.7
2026-02-07,RVTY,7.1,,1,Wells Fargo:7.1
2026-02-07,SLB,20.5,,1,Jefferies:20.5
2026-02-07,TECH,-4.5,,1,Stifel:-4.5
2026-02-07,UBER,41.8,6.3024,4,RBC Capital:43.3|Citigroup:45.7|Mizuho:45.7|Morgan Stanley:32.5
2026-02-07,WDC,-12.4,,1,Goldman Sachs:-12.4
2026-02-07,WEC,7,,1,Mizuho:7
2026-02-09,AES,3.2,,1,Jefferies:3.2
2026-02-09,ALGN,15.85,4.879,2,Stifel:19.3|Wells Fargo:12.4
2026-02-09,APTV,33.3,,1,Oppenheimer:33.3
2026-02-09,AVY,15.7,,1,BMO Capital:15.7
2026-02-09,BA,22.95,2.6163,2,Jefferies:24.8|Freedom Broker:21.1
2026-02-09,BALL,7.2,,1,Mizuho:7.2
2026-02-09,BKR,18.9,,1,Jefferies:18.9
2026-02-09,BR,20.7,,1,JP Morgan:20.7
2026-02-09,BSX,29.3,,1,JP Morgan:29.3
2026-02-09,CB,16.4,,1,Citigroup:16.4
2026-02-09,CCI,18.3,13.2045,3,Jefferies:5.3|Scotiabank:17.9|UBS:31.7
2026-02-09,CHD,18.5,,1,Jefferies:18.5
2026-02-09,CHTR,9,,1,Deutsche Bank:9
2026-02-09,CME,1.7,,1,RBC Capital:1.7
2026-02-09,CMG,10.3,4.3301,3,Keybanc:5.3|Stifel:12.8|Wells Fargo:12.8
2026-02-09,DIS,26.7,,1,Jefferies:26.7
2026-02-09,DLR,13.4,,1,Citigroup:13.4
2026-02-09,DOC,13.2,,1,Evercore ISI Group:13.2
2026-02-09,EFX,27.15,1.9092,2,JP Morgan:25.8|Stifel:28.5
2026-02-09,EMR,11.3,,1,Deutsche Bank:11.3
2026-02-09,FOXA,17.1333,0.4619,3,Citigroup:17.4|UBS:17.4|Morgan Stanley:16.6
2026-02-09,GEHC,3.1,,1,Morgan Stanley:3.1
2026-02-09,GOOGL,26.5,,1,JP Morgan:26.5
2026-02-09,GWW,-2.5,,1,JP Morgan:-2.5
2026-02-09,HCA,8.9,,1,Argus Research:8.9
2026-02-09,HIG,3.2,0.4243,2,Morgan Stanley:3.5|Citigroup:2.9
2026-02-09,HSY,5.5,,1,Jefferies:5.5
2026-02-09,HUBB,5.3,,1,JP Morgan:5.3
2026-02-09,IDXX,15.8,,1,Piper Sandler:15.8
2026-02-09,IQV,26.5333,15.561,3,Citigroup:9.2|Jefferies:39.3|UBS:31.1
2026-02-09,JCI,16.1,,1,JP Morgan:16.1
2026-02-09,JKHY,3.6,,1,Morgan Stanley:3.6
2026-02-09,LHX,20,4.8083,2,Citigroup:23.4|JP Morgan:16.6
2026-02-09,LITE,23.35,3.8891,2,B. Riley Securities:20.6|Susquehanna:26.1
2026-02-09,MAA,4.6,,1,RBC Capital:4.6
2026-02-09,MCHP,21,,1,Mizuho:21
2026-02-09,MCK,-7.3,,1,Mizuho:-7.3
2026-02-09,MCO,17.7,,1,Goldman Sachs:17.7
2026-02-09,MDLZ,8.8333,3.695,3,Piper Sandler:6.7|Stifel:13.1|DA Davidson:6.7
2026-02-09,MPWR,11,,1,Citigroup:11
2026-02-09,ORLY,17.2333,1.0504,3,RBC Capital:18.3|Truist Securities:16.2|JP Morgan:17.2
2026-02-09,PGR,30,,1,Citigroup:30
2026-02-09,PHM,3.9,,1,JP Morgan:3.9
2026-02-09,PSA,3.8,,1,Wells Fargo:3.8
2026-02-09,PTC,16.15,15.9099,2,JP Morgan:4.9|RBC Capital:27.4
2026-02-09,PYPL,-18.3,,1,Morgan Stanley:-18.3
2026-02-09,RCL,29.1,,1,Tigress Financial:29.1
2026-02-09,RDDT,57.9,,1,Guggenheim:57.9
2026-02-09,RL,19.9,,1,Jefferies:19.9
2026-02-09,ROK,-1.7,,1,Mizuho:-1.7
2026-02-09,RVTY,7.1,,1,Wells Fargo:7.1
2026-02-09,SLB,20.5,,1,Jefferies:20.5
2026-02-09,TECH,-4.5,,1,Stifel:-4.5
2026-02-09,UBER,41.8,6.3024,4,RBC Capital:43.3|Citigroup:45.7|Mizuho:45.7|Morgan Stanley:32.5
2026-02-09,WDC,-12.4,,1,Goldman Sachs:-12.4
2026-02-09,WEC,7,,1,Mizuho:7
2026-02-10,AES,3.2,,1,Jefferies:3.2
2026-02-10,ALGN,15.85,4.879,2,Stifel:19.3|Wells Fargo:12.4
2026-02-10,APTV,33.3,,1,Oppenheimer:33.3
2026-02-10,AVY,15.7,,1,BMO Capital:15.7
2026-02-10,BA,21.1,,1,Freedom Broker:21.1
2026-02-10,BALL,7.2,,1,Mizuho:7.2
2026-02-10,BR,20.7,,1,JP Morgan:20.7
2026-02-10,BSX,29.3,,1,JP Morgan:29.3
2026-02-10,CB,16.05,0.495,2,Citigroup:16.4|Raymond James:15.7
2026-02-10,CCI,18.3,13.2045,3,Jefferies:5.3|Scotiabank:17.9|UBS:31.7
2026-02-10,CHTR,9,,1,Deutsche Bank:9
2026-02-10,CME,1.7,,1,RBC Capital:1.7
2026-02-10,CMG,10.3,4.3301,3,Keybanc:5.3|Stifel:12.8|Wells Fargo:12.8
2026-02-10,DGX,10.4,,1,Citigroup:10.4
2026-02-10,DIS,26.7,,1,Jefferies:26.7
2026-02-10,DLR,13.4,,1,Citigroup:13.4
2026-02-10,DOC,13.2,,1,Evercore ISI Group:13.2
2026-02-10,EFX,27.15,1.9092,2,JP Morgan:25.8|Stifel:28.5
2026-02-10,EMR,4.05,10.253,2,Deutsche Bank:11.3|Stephens & Co.:-3.2
2026-02-10,FOXA,17.1333,0.4619,3,Citigroup:17.4|UBS:17.4|Morgan Stanley:16.6
2026-02-10,FTV,3.6,,1,Barclays:3.6
2026-02-10,GEHC,3.1,,1,Morgan Stanley:3.1
2026-02-10,GOOGL,26.5,,1,JP Morgan:26.5
2026-02-10,GWW,-2.5,,1,JP Morgan:-2.5
2026-02-10,HCA,8.9,,1,Argus Research:8.9
2026-02-10,HIG,2.9,,1,Citigroup:2.9
2026-02-10,HUBB,5.3,,1,JP Morgan:5.3
2026-02-10,IDXX,15.8,,1,Piper Sandler:15.8
2026-02-10,IQV,26.5333,15.561,3,Citigroup:9.2|Jefferies:39.3|UBS:31.1
2026-02-10,JCI,16.1,,1,JP Morgan:16.1
2026-02-10,JKHY,3.6,,1,Morgan Stanley:3.6
2026-02-10,LHX,20,4.8083,2,Citigroup:23.4|JP Morgan:16.6
2026-02-10,LITE,23.35,3.8891,2,B. Riley Securities:20.6|Susquehanna:26.1
2026-02-10,MAA,4.6,,1,RBC Capital:4.6
2026-02-10,MCHP,21,,1,Mizuho:21
2026-02-10,MCK,-7.3,,1,Mizuho:-7.3
2026-02-10,MCO,17.7,,1,Goldman Sachs:17.7
2026-02-10,MDLZ,8.8333,3.695,3,Piper Sandler:6.7|Stifel:13.1|DA Davidson:6.7
2026-02-10,MPWR,11,,1,Citigroup:11
2026-02-10,ON,15.8,,1,Piper Sandler:15.8
2026-02-10,ORLY,17.2333,1.0504,3,RBC Capital:18.3|Truist Securities:16.2|JP Morgan:17.2
2026-02-10,PGR,30,,1,Citigroup:30
2026-02-10,PSA,3.8,,1,Wells Fargo:3.8
2026-02-10,PTC,27.4,,1,RBC Capital:27.4
2026-02-10,PYPL,-18.3,,1,Morgan Stanley:-18.3
2026-02-10,RCL,29.1,,1,Tigress Financial:29.1
2026-02-10,RDDT,57.9,,1,Guggenheim:57.9
2026-02-10,RL,19.9,,1,Jefferies:19.9
2026-02-10,ROK,-1.7,,1,Mizuho:-1.7
2026-02-10,RVTY,7.1,,1,Wells Fargo:7.1
2026-02-10,TECH,-4.5,,1,Stifel:-4.5
2026-02-10,UBER,41.8,6.3024,4,RBC Capital:43.3|Citigroup:45.7|Mizuho:45.7|Morgan Stanley:32.5
2026-02-10,VST,26.6,,1,Jefferies:26.6
2026-02-10,WDC,1.85,20.1525,2,Goldman Sachs:-12.4|Wedbush:16.1
2026-02-10,WEC,7,,1,Mizuho:7
2026-02-10,WMT,6.3,,1,Mizuho:6.3
2026-02-11,AES,3.2,,1,Jefferies:3.2
2026-02-11,ALGN,15.85,4.879,2,Stifel:19.3|Wells Fargo:12.4
2026-02-11,AVY,15.7,,1,BMO Capital:15.7
2026-02-11,BA,21.1,,1,Freedom Broker:21.1
2026-02-11,BALL,7.2,,1,Mizuho:7.2
2026-02-11,BSX,29.3,,1,JP Morgan:29.3
2026-02-11,CAT,8.7,,1,B of A Securities:8.7
2026-02-11,CB,16.05,0.495,2,Citigroup:16.4|Raymond James:15.7
2026-02-11,CCI,18.3,13.2045,3,Jefferies:5.3|Scotiabank:17.9|UBS:31.7
2026-02-11,CME,1.7,,1,RBC Capital:1.7
2026-02-11,CMG,10.3,4.3301,3,Keybanc:5.3|Stifel:12.8|Wells Fargo:12.8
2026-02-11,COST,7.9,,1,Evercore ISI Group:7.9
2026-02-11,DD,10.3,,1,Wells Fargo:10.3
2026-02-11,DGX,10.4,,1,Citigroup:10.4
2026-02-11,DLR,13.4,,1,Citigroup:13.4
2026-02-11,DOC,13.2,,1,Evercore ISI Group:13.2
2026-02-11,ECL,12.4,,1,Stifel:12.4
2026-02-11,EFX,27.15,1.9092,2,JP Morgan:25.8|Stifel:28.5
2026-02-11,EMR,4.05,10.253,2,Deutsche Bank:11.3|Stephens & Co.:-3.2
2026-02-11,EW,20.8,,1,Goldman Sachs:20.8
2026-02-11,FOXA,17.1333,0.4619,3,Citigroup:17.4|UBS:17.4|Morgan Stanley:16.6
2026-02-11,FTV,3.6,,1,Barclays:3.6
2026-02-11,GEHC,3.1,,1,Morgan Stanley:3.1
2026-02-11,GM,11.8,,1,Benchmark:11.8
2026-02-11,GOOGL,26.5,,1,JP Morgan:26.5
2026-02-11,GWW,-2.5,,1,JP Morgan:-2.5
2026-02-11,HAS,9.8,,1,Goldman Sachs:9.8
2026-02-11,HCA,8.9,,1,Argus Research:8.9
2026-02-11,IDXX,15.8,,1,Piper Sandler:15.8
2026-02-11,IQV,26.5333,15.561,3,Citigroup:9.2|Jefferies:39.3|UBS:31.1
2026-02-11,JCI,16.1,,1,JP Morgan:16.1
2026-02-11,JKHY,3.6,,1,Morgan Stanley:3.6
2026-02-11,LHX,20,4.8083,2,Citigroup:23.4|JP Morgan:16.6
2026-02-11,LITE,23.35,3.8891,2,B. Riley Securities:20.6|Susquehanna:26.1
2026-02-11,MAA,4.6,,1,RBC Capital:4.6
2026-02-11,MAR,13.35,3.3234,2,Goldman Sachs:11|Jefferies:15.7
2026-02-11,MCHP,21,,1,Mizuho:21
2026-02-11,MCK,-7.3,,1,Mizuho:-7.3
2026-02-11,MCO,17.7,,1,Goldman Sachs:17.7
2026-02-11,MDLZ,9.9,4.5255,2,Stifel:13.1|DA Davidson:6.7
2026-02-11,MPWR,11,,1,Citigroup:11
2026-02-11,ON,15.8,,1,Piper Sandler:15.8
2026-02-11,ORLY,17.2333,1.0504,3,RBC Capital:18.3|Truist Securities:16.2|JP Morgan:17.2
2026-02-11,PSA,3.8,,1,Wells Fargo:3.8
2026-02-11,PTC,27.4,,1,RBC Capital:27.4
2026-02-11,RCL,29.1,,1,Tigress Financial:29.1
2026-02-11,RDDT,57.9,,1,Guggenheim:57.9
2026-02-11,RL,19.9,,1,Jefferies:19.9
2026-02-11,ROK,-1.7,,1,Mizuho:-1.7
2026-02-11,SPGI,29.4,,1,Goldman Sachs:29.4
2026-02-11,TECH,-4.5,,1,Stifel:-4.5
2026-02-11,UBER,41.8,6.3024,4,RBC Capital:43.3|Citigroup:45.7|Mizuho:45.7|Morgan Stanley:32.5
2026-02-11,VST,26.6,,1,Jefferies:26.6
2026-02-11,WDC,16.1,,1,Wedbush:16.1
2026-02-11,WEC,7,,1,Mizuho:7
2026-02-11,WMT,6.3,,1,Mizuho:6.3
2026-02-12,ALGN,12.4,,1,Wells Fargo:12.4
2026-02-12,APP,73.3,,1,Jefferies:73.3
2026-02-12,AVY,15.7,,1,BMO Capital:15.7
2026-02-12,BA,21.1,,1,Freedom Broker:21.1
2026-02-12,CAT,8.7,,1,B of A Securities:8.7
2026-02-12,CB,16.05,0.495,2,Citigroup:16.4|Raymond James:15.7
2026-02-12,COST,7.9,,1,Evercore ISI Group:7.9
2026-02-12,DD,11.9,3.214,3,Wells Fargo:10.3|BMO Capital:15.6|Keybanc:9.8
2026-02-12,DGX,7.15,4.5962,2,Citigroup:10.4|Jefferies:3.9
2026-02-12,DLR,13.4,,1,Citigroup:13.4
2026-02-12,ECL,12.4,,1,Stifel:12.4
2026-02-12,EMR,4.05,10.253,2,Deutsche Bank:11.3|Stephens & Co.:-3.2
2026-02-12,EQIX,9.8,,1,BMO Capital:9.8
2026-02-12,EW,23.45,3.7477,2,Goldman Sachs:20.8|Wells Fargo:26.1
2026-02-12,FIS,34.2,,1,JP Morgan:34.2
2026-02-12,FOXA,16.6,,1,Morgan Stanley:16.6
2026-02-12,FTV,3.6,,1,Barclays:3.6
2026-02-12,GEHC,3.1,,1,Morgan Stanley:3.1
2026-02-12,GILD,7.5,,1,Wells Fargo:7.5
2026-02-12,GM,11.8,,1,Benchmark:11.8
2026-02-12,GOOG,11.4,,1,UBS:11.4
2026-02-12,GPN,24.4,,1,JP Morgan:24.4
2026-02-12,GWW,-2.5,,1,JP Morgan:-2.5
2026-02-12,HAS,9.8,,1,Goldman Sachs:9.8
2026-02-12,HCA,8.9,,1,Argus Research:8.9
2026-02-12,HII,0,,1,B of A Securities:0
2026-02-12,HUM,36.1,,1,Jefferies:36.1
2026-02-12,IDXX,15.8,,1,Piper Sandler:15.8
2026-02-12,INCY,2.2,,1,Wells Fargo:2.2
2026-02-12,IQV,26.5333,15.561,3,Citigroup:9.2|Jefferies:39.3|UBS:31.1
2026-02-12,JCI,16.1,,1,JP Morgan:16.1
2026-02-12,JKHY,3.6,,1,Morgan Stanley:3.6
2026-02-12,MAA,9.15,6.4347,2,RBC Capital:4.6|Keybanc:13.7
2026-02-12,MAR,13.35,3.3234,2,Goldman Sachs:11|Jefferies:15.7
2026-02-12,MCD,6.1,10.748,2,Jefferies:13.7|Piper Sandler:-1.5
2026-02-12,MCHP,21,,1,Mizuho:21
2026-02-12,MCK,-7.3,,1,Mizuho:-7.3
2026-02-12,MCO,17.7,,1,Goldman Sachs:17.7
2026-02-12,MDLZ,6.7,,1,DA Davidson:6.7
2026-02-12,MLM,15,,1,Jefferies:15
2026-02-12,MPWR,11,,1,Citigroup:11
2026-02-12,ON,15.8,,1,Piper Sandler:15.8
2026-02-12,ORLY,17.2333,1.0504,3,RBC Capital:18.3|Truist Securities:16.2|JP Morgan:17.2
2026-02-12,PSA,3.8,,1,Wells Fargo:3.8
2026-02-12,RCL,29.1,,1,Tigress Financial:29.1
2026-02-12,RDDT,57.9,,1,Guggenheim:57.9
2026-02-12,RL,19.9,,1,Jefferies:19.9
2026-02-12,ROK,-1.7,,1,Mizuho:-1.7
2026-02-12,SPGI,49.4,28.2843,2,Goldman Sachs:29.4|Evercore ISI Group:69.4
2026-02-12,UBER,41.3,7.621,3,Citigroup:45.7|Mizuho:45.7|Morgan Stanley:32.5
2026-02-12,VST,26.6,,1,Jefferies:26.6
2026-02-12,WDC,16.1,,1,Wedbush:16.1
2026-02-12,WEC,7,,1,Mizuho:7
2026-02-12,WMT,6.3,,1,Mizuho:6.3
2026-02-13,ABNB,26.5,,1,TD Cowen:26.5
2026-02-13,AEE,3.5,,1,Wells Fargo:3.5
2026-02-13,AKAM,19.6,,1,DA Davidson:19.6
2026-02-13,ANET,28.9,,1,Goldman Sachs:28.9
2026-02-13,APP,73.3,,1,Jefferies:73.3
2026-02-13,BA,21.1,,1,Freedom Broker:21.1
2026-02-13,CAT,8.7,,1,B of A Securities:8.7
2026-02-13,CB,16.05,0.495,2,Citigroup:16.4|Raymond James:15.7
2026-02-13,COST,7.9,,1,Evercore ISI Group:7.9
2026-02-13,DD,11.9,3.214,3,Wells Fargo:10.3|BMO Capital:15.6|Keybanc:9.8
2026-02-13,DGX,7.15,4.5962,2,Citigroup:10.4|Jefferies:3.9
2026-02-13,ECL,12.4,,1,Stifel:12.4
2026-02-13,EMR,-3.2,,1,Stephens & Co.:-3.2
2026-02-13,EQIX,7.15,3.7477,2,BMO Capital:9.8|Jefferies:4.5
2026-02-13,EW,23.45,3.7477,2,Goldman Sachs:20.8|Wells Fargo:26.1
2026-02-13,FDX,28.5,,1,TD Cowen:28.5
2026-02-13,FIS,34.2,,1,JP Morgan:34.2
2026-02-13,FRT,4.9,,1,Stifel:4.9
2026-02-13,FTV,3.6,,1,Barclays:3.6
2026-02-13,GILD,7.5,,1,Wells Fargo:7.5
2026-02-13,GM,11.8,,1,Benchmark:11.8
2026-02-13,GOOG,11.4,,1,UBS:11.4
2026-02-13,GPN,24.4,,1,JP Morgan:24.4
2026-02-13,GWW,-2.5,,1,JP Morgan:-2.5
2026-02-13,HAS,9.8,,1,Goldman Sachs:9.8
2026-02-13,HII,0,,1,B of A Securities:0
2026-02-13,HUM,36.1,,1,Jefferies:36.1
2026-02-13,IDXX,15.8,,1,Piper Sandler:15.8
2026-02-13,INCY,2.2,,1,Wells Fargo:2.2
2026-02-13,MAA,13.7,,1,Keybanc:13.7
2026-02-13,MAR,13.35,3.3234,2,Goldman Sachs:11|Jefferies:15.7
2026-02-13,MCD,7.8333,8.1715,3,Jefferies:13.7|Piper Sandler:-1.5|Truist Securities:11.3
2026-02-13,MCHP,21,,1,Mizuho:21
2026-02-13,MCO,17.7,,1,Goldman Sachs:17.7
2026-02-13,MDLZ,9.9,4.5255,2,DA Davidson:6.7|Wells Fargo:13.1
2026-02-13,MLM,15,,1,Jefferies:15
2026-02-13,MPWR,11,,1,Citigroup:11
2026-02-13,ON,15.8,,1,Piper Sandler:15.8
2026-02-13,ORLY,17.2,,1,JP Morgan:17.2
2026-02-13,RCL,29.1,,1,Tigress Financial:29.1
2026-02-13,RDDT,57.9,,1,Guggenheim:57.9
2026-02-13,ROK,-1.7,,1,Mizuho:-1.7
2026-02-13,SPGI,49.4,28.2843,2,Goldman Sachs:29.4|Evercore ISI Group:69.4
2026-02-13,TEL,26,,1,Oppenheimer:26
2026-02-13,TYL,34.65,27.9307,2,Oppenheimer:54.4|Wells Fargo:14.9
2026-02-13,VRT,21.7,,1,Mizuho:21.7
2026-02-13,VRTX,8.55,13.7886,2,Scotiabank:18.3|Stifel:-1.2
2026-02-13,VST,26.6,,1,Jefferies:26.6
2026-02-13,WDC,16.1,,1,Wedbush:16.1
2026-02-13,WEC,7,,1,Mizuho:7
2026-02-13,WMT,6.3,,1,Mizuho:6.3
2026-02-13,YUM,15.8,,1,Evercore ISI Group:15.8
2026-02-14,ABNB,26.5,,1,TD Cowen:26.5
2026-02-14,AEE,3.5,,1,Wells Fargo:3.5
2026-02-14,AKAM,19.6,,1,DA Davidson:19.6
2026-02-14,ANET,28.9,,1,Goldman Sachs:28.9
2026-02-14,APP,73.3,,1,Jefferies:73.3
2026-02-14,CAT,8.7,,1,B of A Securities:8.7
2026-02-14,CB,16.05,0.495,2,Citigroup:16.4|Raymond James:15.7
2026-02-14,COST,7.9,,1,Evercore ISI Group:7.9
2026-02-14,DD,11.9,3.214,3,Wells Fargo:10.3|BMO Capital:15.6|Keybanc:9.8
2026-02-14,DGX,7.15,4.5962,2,Citigroup:10.4|Jefferies:3.9
2026-02-14,ECL,12.4,,1,Stifel:12.4
2026-02-14,EMR,-3.2,,1,Stephens & Co.:-3.2
2026-02-14,EQIX,7.15,3.7477,2,BMO Capital:9.8|Jefferies:4.5
2026-02-14,EW,23.45,3.7477,2,Goldman Sachs:20.8|Wells Fargo:26.1
2026-02-14,EXC,7.4,,1,Mizuho:7.4
2026-02-14,FDX,28.5,,1,TD Cowen:28.5
2026-02-14,FIS,34.2,,1,JP Morgan:34.2
2026-02-14,FRT,4.9,,1,Stifel:4.9
2026-02-14,FTV,3.6,,1,Barclays:3.6
2026-02-14,GILD,7.5,,1,Wells Fargo:7.5
2026-02-14,GM,11.8,,1,Benchmark:11.8
2026-02-14,GOOG,11.4,,1,UBS:11.4
2026-02-14,GPN,24.4,,1,JP Morgan:24.4
2026-02-14,HAS,9.8,,1,Goldman Sachs:9.8
2026-02-14,HII,0,,1,B of A Securities:0
2026-02-14,HUM,36.1,,1,Jefferies:36.1
2026-02-14,IDXX,15.8,,1,Piper Sandler:15.8
2026-02-14,IFF,21.2,,1,Wells Fargo:21.2
2026-02-14,INCY,2.2,,1,Wells Fargo:2.2
2026-02-14,MAA,13.7,,1,Keybanc:13.7
2026-02-14,MAR,13.35,3.3234,2,Goldman Sachs:11|Jefferies:15.7
2026-02-14,MCD,7.8333,8.1715,3,Jefferies:13.7|Piper Sandler:-1.5|Truist Securities:11.3
2026-02-14,MCO,17.7,,1,Goldman Sachs:17.7
2026-02-14,MDLZ,9.9,4.5255,2,DA Davidson:6.7|Wells Fargo:13.1
2026-02-14,MLM,15,,1,Jefferies:15
2026-02-14,MPWR,11,,1,Citigroup:11
2026-02-14,ON,15.8,,1,Piper Sandler:15.8
2026-02-14,SPGI,49.4,28.2843,2,Goldman Sachs:29.4|Evercore ISI Group:69.4
2026-02-14,TEL,26,,1,Oppenheimer:26
2026-02-14,TYL,35.5,19.8048,3,Oppenheimer:54.4|Wells Fargo:14.9|Needham:37.2
2026-02-14,VRT,21.7,,1,Mizuho:21.7
2026-02-14,VRTX,8.55,13.7886,2,Scotiabank:18.3|Stifel:-1.2
2026-02-14,VST,26.6,,1,Jefferies:26.6
2026-02-14,WDC,16.1,,1,Wedbush:16.1
2026-02-14,WMT,7.8,2.1213,2,Mizuho:6.3|Keybanc:9.3
2026-02-14,YUM,15.8,,1,Evercore ISI Group:15.8
2026-02-17,ABNB,26.5,,1,TD Cowen:26.5
2026-02-17,AEE,3.5,,1,Wells Fargo:3.5
2026-02-17,AKAM,19.6,,1,DA Davidson:19.6
2026-02-17,ANET,28.9,,1,Goldman Sachs:28.9
2026-02-17,APP,73.3,,1,Jefferies:73.3
2026-02-17,CAT,8.7,,1,B of A Securities:8.7
2026-02-17,CI,18.9,,1,Truist Securities:18.9
2026-02-17,COST,7.9,,1,Evercore ISI Group:7.9
2026-02-17,DD,11.9,3.214,3,Wells Fargo:10.3|BMO Capital:15.6|Keybanc:9.8
2026-02-17,DGX,3.9,,1,Jefferies:3.9
2026-02-17,ECL,12.4,,1,Stifel:12.4
2026-02-17,EQIX,7.15,3.7477,2,BMO Capital:9.8|Jefferies:4.5
2026-02-17,EW,23.45,3.7477,2,Goldman Sachs:20.8|Wells Fargo:26.1
2026-02-17,EXC,7.4,,1,Mizuho:7.4
2026-02-17,FDX,28.5,,1,TD Cowen:28.5
2026-02-17,FIS,34.2,,1,JP Morgan:34.2
2026-02-17,FRT,4.9,,1,Stifel:4.9
2026-02-17,GILD,7.5,,1,Wells Fargo:7.5
2026-02-17,GM,11.8,,1,Benchmark:11.8
2026-02-17,GOOG,11.4,,1,UBS:11.4
2026-02-17,GPN,24.4,,1,JP Morgan:24.4
2026-02-17,HAS,9.8,,1,Goldman Sachs:9.8
2026-02-17,HII,0,,1,B of A Securities:0
2026-02-17,HUM,10.9,35.6382,2,Jefferies:36.1|Goldman Sachs:-14.3
2026-02-17,IFF,21.2,,1,Wells Fargo:21.2
2026-02-17,INCY,2.2,,1,Wells Fargo:2.2
2026-02-17,MAA,13.7,,1,Keybanc:13.7
2026-02-17,MAR,13.35,3.3234,2,Goldman Sachs:11|Jefferies:15.7
2026-02-17,MCD,7.8333,8.1715,3,Jefferies:13.7|Piper Sandler:-1.5|Truist Securities:11.3
2026-02-17,MDLZ,13.1,,1,Wells Fargo:13.1
2026-02-17,MLM,15,,1,Jefferies:15
2026-02-17,SPGI,49.4,28.2843,2,Goldman Sachs:29.4|Evercore ISI Group:69.4
2026-02-17,TEL,26,,1,Oppenheimer:26
2026-02-17,TYL,35.5,19.8048,3,Oppenheimer:54.4|Wells Fargo:14.9|Needham:37.2
2026-02-17,VRT,21.7,,1,Mizuho:21.7
2026-02-17,VRTX,8.55,13.7886,2,Scotiabank:18.3|Stifel:-1.2
2026-02-17,WMT,9.3,,1,Keybanc:9.3
2026-02-17,YUM,15.8,,1,Evercore ISI Group:15.8
2026-02-18,ABNB,26.5,,1,TD Cowen:26.5
2026-02-18,AEE,3.5,,1,Wells Fargo:3.5
2026-02-18,AKAM,19.6,,1,DA Davidson:19.6
2026-02-18,ANET,28.9,,1,Goldman Sachs:28.9
2026-02-18,APP,73.3,,1,Jefferies:73.3
2026-02-18,CI,18.9,,1,Truist Securities:18.9
2026-02-18,DD,12.8,2.9052,3,BMO Capital:15.6|Keybanc:9.8|Deutsche Bank:13
2026-02-18,DGX,3.9,,1,Jefferies:3.9
2026-02-18,DTE,16.2,,1,Citigroup:16.2
2026-02-18,EQIX,7.15,3.7477,2,BMO Capital:9.8|Jefferies:4.5
2026-02-18,EW,26.1,,1,Wells Fargo:26.1
2026-02-18,EXC,7.4,,1,Mizuho:7.4
2026-02-18,FDX,28.5,,1,TD Cowen:28.5
2026-02-18,FIS,34.2,,1,JP Morgan:34.2
2026-02-18,FRT,4.9,,1,Stifel:4.9
2026-02-18,GILD,7.5,,1,Wells Fargo:7.5
2026-02-18,GIS,8.3,,1,Bernstein:8.3
2026-02-18,GOOG,11.4,,1,UBS:11.4
2026-02-18,GPN,24.4,,1,JP Morgan:24.4
2026-02-18,HII,0,,1,B of A Securities:0
2026-02-18,HUM,10.9,35.6382,2,Jefferies:36.1|Goldman Sachs:-14.3
2026-02-18,IFF,16.25,7.0004,2,Wells Fargo:21.2|Mizuho:11.3
2026-02-18,INCY,2.2,,1,Wells Fargo:2.2
2026-02-18,JKHY,23.3,,1,Wells Fargo:23.3
2026-02-18,KVUE,-2.9,,1,Canaccord Genuity:-2.9
2026-02-18,MAA,13.7,,1,Keybanc:13.7
2026-02-18,MCD,7.8333,8.1715,3,Jefferies:13.7|Piper Sandler:-1.5|Truist Securities:11.3
2026-02-18,MDLZ,17.5,6.2225,2,Wells Fargo:13.1|Bernstein:21.9
2026-02-18,MDT,4.2,,1,JP Morgan:4.2
2026-02-18,MLM,15,,1,Jefferies:15
2026-02-18,RSG,7.85,7.4246,2,BMO Capital:13.1|Morgan Stanley:2.6
2026-02-18,SPGI,69.4,,1,Evercore ISI Group:69.4
2026-02-18,TEL,26,,1,Oppenheimer:26
2026-02-18,TYL,35.5,19.8048,3,Oppenheimer:54.4|Wells Fargo:14.9|Needham:37.2
2026-02-18,UDR,7.7,,1,Piper Sandler:7.7
2026-02-18,VRT,21.7,,1,Mizuho:21.7
2026-02-18,VRTX,8.55,13.7886,2,Scotiabank:18.3|Stifel:-1.2
2026-02-18,WDAY,34.2,,1,Deutsche Bank:34.2
2026-02-18,WMT,9.3,,1,Keybanc:9.3
2026-02-18,YUM,15.8,,1,Evercore ISI Group:15.8
2026-02-19,ABNB,26.5,,1,TD Cowen:26.5
2026-02-19,AEE,3.5,,1,Wells Fargo:3.5
2026-02-19,AKAM,19.6,,1,DA Davidson:19.6
2026-02-19,ANET,28.9,,1,Goldman Sachs:28.9
2026-02-19,BLDR,10.4,,1,Baird:10.4
2026-02-19,CI,18.9,,1,Truist Securities:18.9
2026-02-19,DASH,27,,1,Oppenheimer:27
2026-02-19,DD,13,,1,Deutsche Bank:13
2026-02-19,DTE,16.2,,1,Citigroup:16.2
2026-02-19,EQIX,4.5,,1,Jefferies:4.5
2026-02-19,EXC,7.4,,1,Mizuho:7.4
2026-02-19,FDX,28.5,,1,TD Cowen:28.5
2026-02-19,FE,13.4,,1,Scotiabank:13.4
2026-02-19,FRT,4.9,,1,Stifel:4.9
2026-02-19,GIS,8.3,,1,Bernstein:8.3
2026-02-19,HUM,-14.3,,1,Goldman Sachs:-14.3
2026-02-19,IFF,16.25,7.0004,2,Wells Fargo:21.2|Mizuho:11.3
2026-02-19,IQV,44.9,,1,Truist Securities:44.9
2026-02-19,JKHY,23.3,,1,Wells Fargo:23.3
2026-02-19,KVUE,-2.9,,1,Canaccord Genuity:-2.9
2026-02-19,LDOS,14.2,,1,Baird:14.2
2026-02-19,MCD,11.3,,1,Truist Securities:11.3
2026-02-19,MCO,13.6,7.7782,2,Stifel:19.1|UBS:8.1
2026-02-19,MDLZ,17.5,6.2225,2,Wells Fargo:13.1|Bernstein:21.9
2026-02-19,MDT,4.2,,1,JP Morgan:4.2
2026-02-19,PPG,0.8,,1,Evercore ISI Group:0.8
2026-02-19,RSG,7.85,7.4246,2,BMO Capital:13.1|Morgan Stanley:2.6
2026-02-19,TEL,26,,1,Oppenheimer:26
2026-02-19,TYL,35.5,19.8048,3,Oppenheimer:54.4|Wells Fargo:14.9|Needham:37.2
2026-02-19,UDR,7.7,,1,Piper Sandler:7.7
2026-02-19,VMC,20.7,,1,Truist Securities:20.7
2026-02-19,VRSK,11.5,,1,Goldman Sachs:11.5
2026-02-19,VRT,21.7,,1,Mizuho:21.7
2026-02-19,VRTX,8.55,13.7886,2,Scotiabank:18.3|Stifel:-1.2
2026-02-19,WDAY,34.2,,1,Deutsche Bank:34.2
2026-02-19,WMT,9.3,,1,Keybanc:9.3
2026-02-19,YUM,15.8,,1,Evercore ISI Group:15.8
2026-02-20,ADI,15.8,0,2,Benchmark:15.8|Susquehanna:15.8
2026-02-20,AEE,15.3,,1,UBS:15.3
2026-02-20,BLDR,10.4,,1,Baird:10.4
2026-02-20,BX,12.8,,1,UBS:12.8
2026-02-20,CI,18.9,,1,Truist Securities:18.9
2026-02-20,CVNA,57.3,,1,Stephens & Co.:57.3
2026-02-20,DASH,41.55,20.5768,2,Oppenheimer:27|B of A Securities:56.1
2026-02-20,DD,13,,1,Deutsche Bank:13
2026-02-20,DTE,16.2,,1,Citigroup:16.2
2026-02-20,ED,2.6,,1,Scotiabank:2.6
2026-02-20,EVRG,2.9,,1,Wells Fargo:2.9
2026-02-20,EXC,7.45,0.0707,2,Mizuho:7.4|UBS:7.5
2026-02-20,FE,13.4,,1,Scotiabank:13.4
2026-02-20,GIS,8.3,,1,Bernstein:8.3
2026-02-20,HUM,-14.3,,1,Goldman Sachs:-14.3
2026-02-20,IFF,16.25,7.0004,2,Wells Fargo:21.2|Mizuho:11.3
2026-02-20,IQV,44.9,,1,Truist Securities:44.9
2026-02-20,JKHY,23.3,,1,Wells Fargo:23.3
2026-02-20,KVUE,-2.9,,1,Canaccord Genuity:-2.9
2026-02-20,LDOS,14.2,,1,Baird:14.2
2026-02-20,MCO,21.2333,14.3197,3,Stifel:19.1|UBS:8.1|Evercore ISI Group:36.5
2026-02-20,MDLZ,21.9,,1,Bernstein:21.9
2026-02-20,MDT,4.2,,1,JP Morgan:4.2
2026-02-20,PFE,-6.4,,1,Barclays:-6.4
2026-02-20,PPG,0.8,,1,Evercore ISI Group:0.8
2026-02-20,PWR,4.9667,3.8592,3,B. Riley Securities:1.9|Baird:9.3|DA Davidson:3.7
2026-02-20,RSG,7.85,7.4246,2,BMO Capital:13.1|Morgan Stanley:2.6
2026-02-20,SO,6.7,,1,Scotiabank:6.7
2026-02-20,SYY,11.1,,1,Wells Fargo:11.1
2026-02-20,TAP,2.5,,1,Evercore ISI Group:2.5
2026-02-20,TYL,37.2,,1,Needham:37.2
2026-02-20,UDR,7.7,,1,Piper Sandler:7.7
2026-02-20,VMC,20.7,,1,Truist Securities:20.7
2026-02-20,VRSK,11.5,,1,Goldman Sachs:11.5
2026-02-20,WDAY,34.2,,1,Deutsche Bank:34.2
2026-02-20,WMT,9.3,,1,Keybanc:9.3
2026-02-21,ADI,15.8,0,2,Benchmark:15.8|Susquehanna:15.8
2026-02-21,AEE,15.3,,1,UBS:15.3
2026-02-21,BKNG,24.6,,1,Susquehanna:24.6
2026-02-21,BLDR,10.4,,1,Baird:10.4
2026-02-21,BMY,23.7,,1,Barclays:23.7
2026-02-21,BX,12.8,,1,UBS:12.8
2026-02-21,CI,18.9,,1,Truist Securities:18.9
2026-02-21,CVNA,57.3,,1,Stephens & Co.:57.3
2026-02-21,DASH,41.55,20.5768,2,Oppenheimer:27|B of A Securities:56.1
2026-02-21,DD,13,,1,Deutsche Bank:13
2026-02-21,DTE,16.2,,1,Citigroup:16.2
2026-02-21,ED,2.6,,1,Scotiabank:2.6
2026-02-21,EVRG,2.9,,1,Wells Fargo:2.9
2026-02-21,EXC,7.5,,1,UBS:7.5
2026-02-21,FE,13.4,,1,Scotiabank:13.4
2026-02-21,GIS,8.3,,1,Bernstein:8.3
2026-02-21,HUM,-14.3,,1,Goldman Sachs:-14.3
2026-02-21,IFF,11.3,,1,Mizuho:11.3
2026-02-21,INVH,31.8,,1,Keybanc:31.8
2026-02-21,IQV,44.9,,1,Truist Securities:44.9
2026-02-21,JKHY,23.3,,1,Wells Fargo:23.3
2026-02-21,KVUE,-2.9,,1,Canaccord Genuity:-2.9
2026-02-21,LDOS,14.2,,1,Baird:14.2
2026-02-21,LYV,22.8,,1,Evercore ISI Group:22.8
2026-02-21,MCO,21.2333,14.3197,3,Stifel:19.1|UBS:8.1|Evercore ISI Group:36.5
2026-02-21,MDLZ,21.9,,1,Bernstein:21.9
2026-02-21,MDT,4.2,,1,JP Morgan:4.2
2026-02-21,PFE,-6.4,,1,Barclays:-6.4
2026-02-21,PPG,0.8,,1,Evercore ISI Group:0.8
2026-02-21,PWR,4.9667,3.8592,3,B. Riley Securities:1.9|Baird:9.3|DA Davidson:3.7
2026-02-21,RSG,7.85,7.4246,2,BMO Capital:13.1|Morgan Stanley:2.6
2026-02-21,SO,4.6667,4.5081,3,Scotiabank:6.7|Mizuho:7.8|Wells Fargo:-0.5
2026-02-21,SYY,11.1,,1,Wells Fargo:11.1
2026-02-21,TAP,2.5,,1,Evercore ISI Group:2.5
2026-02-21,UDR,7.7,,1,Piper Sandler:7.7
2026-02-21,VMC,20.7,,1,Truist Securities:20.7
2026-02-21,VRSK,11.5,,1,Goldman Sachs:11.5
2026-02-21,WDAY,34.2,,1,Deutsche Bank:34.2
2026-02-21,WMT,6.5,,1,HSBC:6.5
2026-02-23,ADI,15.8,0,2,Benchmark:15.8|Susquehanna:15.8
2026-02-23,ADSK,27.4,,1,Stifel:27.4
2026-02-23,AEE,15.3,,1,UBS:15.3
2026-02-23,BKNG,24.6,,1,Susquehanna:24.6
2026-02-23,BLDR,10.4,,1,Baird:10.4
2026-02-23,BMY,23.7,,1,Barclays:23.7
2026-02-23,BX,12.8,,1,UBS:12.8
2026-02-23,CI,18.9,,1,Truist Securities:18.9
2026-02-23,CVNA,57.3,,1,Stephens & Co.:57.3
2026-02-23,DASH,41.55,20.5768,2,Oppenheimer:27|B of A Securities:56.1
2026-02-23,DD,13,,1,Deutsche Bank:13
2026-02-23,DTE,16.2,,1,Citigroup:16.2
2026-02-23,ED,2.6,,1,Scotiabank:2.6
2026-02-23,EVRG,2.9,,1,Wells Fargo:2.9
2026-02-23,EXC,7.5,,1,UBS:7.5
2026-02-23,FE,13.4,,1,Scotiabank:13.4
2026-02-23,GDDY,12.3,,1,Jefferies:12.3
2026-02-23,GIS,8.3,,1,Bernstein:8.3
2026-02-23,HUM,-14.3,,1,Goldman Sachs:-14.3
2026-02-23,IFF,11.3,,1,Mizuho:11.3
2026-02-23,INVH,31.8,,1,Keybanc:31.8
2026-02-23,IQV,44.9,,1,Truist Securities:44.9
2026-02-23,JKHY,23.3,,1,Wells Fargo:23.3
2026-02-23,KVUE,-2.9,,1,Canaccord Genuity:-2.9
2026-02-23,LDOS,14.2,,1,Baird:14.2
2026-02-23,LYV,22.8,,1,Evercore ISI Group:22.8
2026-02-23,MCO,21.2333,14.3197,3,Stifel:19.1|UBS:8.1|Evercore ISI Group:36.5
2026-02-23,MDLZ,21.9,,1,Bernstein:21.9
2026-02-23,MDT,4.2,,1,JP Morgan:4.2
2026-02-23,OMC,7.4,,1,Barclays:7.4
2026-02-23,PFE,-6.4,,1,Barclays:-6.4
2026-02-23,PPG,0.8,,1,Evercore ISI Group:0.8
2026-02-23,PPL,7.6,5.7983,2,Citigroup:3.5|UBS:11.7
2026-02-23,PWR,4.9667,3.8592,3,B. Riley Securities:1.9|Baird:9.3|DA Davidson:3.7
2026-02-23,RSG,7.85,7.4246,2,BMO Capital:13.1|Morgan Stanley:2.6
2026-02-23,SO,4.6667,4.5081,3,Scotiabank:6.7|Mizuho:7.8|Wells Fargo:-0.5
2026-02-23,SYY,11.1,,1,Wells Fargo:11.1
2026-02-23,TAP,2.5,,1,Evercore ISI Group:2.5
2026-02-23,TDY,15.6,,1,Jefferies:15.6
2026-02-23,UDR,7.7,,1,Piper Sandler:7.7
2026-02-23,VMC,20.7,,1,Truist Securities:20.7
2026-02-23,VRSK,11.5,,1,Goldman Sachs:11.5
2026-02-23,WDAY,34.2,,1,Deutsche Bank:34.2
2026-02-23,WMT,7.9,1.9799,2,HSBC:6.5|Evercore ISI Group:9.3
2026-02-24,ADI,15.8,0,2,Benchmark:15.8|Susquehanna:15.8
2026-02-24,ADSK,27.4,,1,Stifel:27.4
2026-02-24,AEE,15.3,,1,UBS:15.3
2026-02-24,BKNG,24.6,,1,Susquehanna:24.6
2026-02-24,BLDR,10.4,,1,Baird:10.4
2026-02-24,BMY,23.7,,1,Barclays:23.7
2026-02-24,BX,12.8,,1,UBS:12.8
2026-02-24,CVNA,57.3,,1,Stephens & Co.:57.3
2026-02-24,DASH,41.55,20.5768,2,Oppenheimer:27|B of A Securities:56.1
2026-02-24,DD,13,,1,Deutsche Bank:13
2026-02-24,DE,13.5,,1,Morgan Stanley:13.5
2026-02-24,DTE,16.2,,1,Citigroup:16.2
2026-02-24,ED,2.6,,1,Scotiabank:2.6
2026-02-24,EVRG,2.9,,1,Wells Fargo:2.9
2026-02-24,EXC,7.5,,1,UBS:7.5
2026-02-24,FE,13.4,,1,Scotiabank:13.4
2026-02-24,GDDY,12.3,,1,Jefferies:12.3
2026-02-24,GIS,8.3,,1,Bernstein:8.3
2026-02-24,HSIC,19,,1,Baird:19
2026-02-24,IFF,11.3,,1,Mizuho:11.3
2026-02-24,INVH,31.8,,1,Keybanc:31.8
2026-02-24,IQV,44.9,,1,Truist Securities:44.9
2026-02-24,JKHY,23.3,,1,Wells Fargo:23.3
2026-02-24,KVUE,-2.9,,1,Canaccord Genuity:-2.9
2026-02-24,LDOS,14.2,,1,Baird:14.2
2026-02-24,LYV,22.8,,1,Evercore ISI Group:22.8
2026-02-24,MCO,21.2333,14.3197,3,Stifel:19.1|UBS:8.1|Evercore ISI Group:36.5
2026-02-24,MDLZ,21.9,,1,Bernstein:21.9
2026-02-24,MDT,4.2,,1,JP Morgan:4.2
2026-02-24,OMC,7.4,,1,Barclays:7.4
2026-02-24,PFE,-6.4,,1,Barclays:-6.4
2026-02-24,PH,2.5,,1,Morgan Stanley:2.5
2026-02-24,PPG,0.8,,1,Evercore ISI Group:0.8
2026-02-24,PPL,7.6,5.7983,2,Citigroup:3.5|UBS:11.7
2026-02-24,PWR,4.9667,3.8592,3,B. Riley Securities:1.9|Baird:9.3|DA Davidson:3.7
2026-02-24,RSG,7.85,7.4246,2,BMO Capital:13.1|Morgan Stanley:2.6
2026-02-24,SO,4.6667,4.5081,3,Scotiabank:6.7|Mizuho:7.8|Wells Fargo:-0.5
2026-02-24,SYY,11.1,,1,Wells Fargo:11.1
2026-02-24,TAP,2.5,,1,Evercore ISI Group:2.5
2026-02-24,TDY,15.6,,1,Jefferies:15.6
2026-02-24,TRGP,13.6,,1,Citigroup:13.6
2026-02-24,UDR,7.7,,1,Piper Sandler:7.7
2026-02-24,VMC,20.7,,1,Truist Securities:20.7
2026-02-24,VRSK,11.5,,1,Goldman Sachs:11.5
2026-02-24,WDAY,56.3,31.2541,2,Deutsche Bank:34.2|JP Morgan:78.4
2026-02-24,WMT,7.9,1.9799,2,HSBC:6.5|Evercore ISI Group:9.3
2026-02-25,ADI,15.8,0,2,Benchmark:15.8|Susquehanna:15.8
2026-02-25,ADSK,27.4,,1,Stifel:27.4
2026-02-25,AEE,15.3,,1,UBS:15.3
2026-02-25,AMT,29.4,,1,UBS:29.4
2026-02-25,BKNG,24.6,,1,Susquehanna:24.6
2026-02-25,BLDR,10.4,,1,Baird:10.4
2026-02-25,BMY,23.7,,1,Barclays:23.7
2026-02-25,BX,12.8,,1,UBS:12.8
2026-02-25,CRL,3,,1,UBS:3
2026-02-25,CVNA,57.3,,1,Stephens & Co.:57.3
2026-02-25,DASH,41.55,20.5768,2,Oppenheimer:27|B of A Securities:56.1
2026-02-25,DE,13.5,,1,Morgan Stanley:13.5
2026-02-25,ED,2.6,,1,Scotiabank:2.6
2026-02-25,EVRG,2.9,,1,Wells Fargo:2.9
2026-02-25,EXC,7.5,,1,UBS:7.5
2026-02-25,FE,13.4,,1,Scotiabank:13.4
2026-02-25,FSLR,19.5,,1,RBC Capital:19.5
2026-02-25,GDDY,21.2,12.5865,2,Jefferies:12.3|RBC Capital:30.1
2026-02-25,HSIC,15.2,5.374,2,Baird:19|JP Morgan:11.4
2026-02-25,INVH,26.5,7.4953,2,Keybanc:31.8|Citigroup:21.2
2026-02-25,IQV,44.9,,1,Truist Securities:44.9
2026-02-25,LDOS,14.2,,1,Baird:14.2
2026-02-25,LYV,22.8,,1,Evercore ISI Group:22.8
2026-02-25,MCO,21.2333,14.3197,3,Stifel:19.1|UBS:8.1|Evercore ISI Group:36.5
2026-02-25,OMC,7.4,,1,Barclays:7.4
2026-02-25,PFE,-6.4,,1,Barclays:-6.4
2026-02-25,PH,2.5,,1,Morgan Stanley:2.5
2026-02-25,PPG,0.8,,1,Evercore ISI Group:0.8
2026-02-25,PPL,7.6,5.7983,2,Citigroup:3.5|UBS:11.7
2026-02-25,PWR,4.9667,3.8592,3,B. Riley Securities:1.9|Baird:9.3|DA Davidson:3.7
2026-02-25,SO,4.6667,4.5081,3,Scotiabank:6.7|Mizuho:7.8|Wells Fargo:-0.5
2026-02-25,SYY,11.1,,1,Wells Fargo:11.1
2026-02-25,TAP,2.5,,1,Evercore ISI Group:2.5
2026-02-25,TDY,15.6,,1,Jefferies:15.6
2026-02-25,TRGP,13.6,,1,Citigroup:13.6
2026-02-25,VMC,20.7,,1,Truist Securities:20.7
2026-02-25,VRSK,11.5,,1,Goldman Sachs:11.5
2026-02-25,WDAY,77,1.9799,2,JP Morgan:78.4|Mizuho:75.6
2026-02-25,WMT,7.9,1.9799,2,HSBC:6.5|Evercore ISI Group:9.3
2026-02-26,A,35.4,,1,UBS:35.4
2026-02-26,ADI,15.8,0,2,Benchmark:15.8|Susquehanna:15.8
2026-02-26,ADSK,27.4,,1,Stifel:27.4
2026-02-26,AEE,15.3,,1,UBS:15.3
2026-02-26,AMT,29.4,,1,UBS:29.4
2026-02-26,BKNG,24.6,,1,Susquehanna:24.6
2026-02-26,BMY,23.7,,1,Barclays:23.7
2026-02-26,BX,12.8,,1,UBS:12.8
2026-02-26,CRL,3,,1,UBS:3
2026-02-26,CVNA,57.3,,1,Stephens & Co.:57.3
2026-02-26,DASH,56.1,,1,B of A Securities:56.1
2026-02-26,DE,13.5,,1,Morgan Stanley:13.5
2026-02-26,ED,2.6,,1,Scotiabank:2.6
2026-02-26,EVRG,2.9,,1,Wells Fargo:2.9
2026-02-26,EXC,7.5,,1,UBS:7.5
2026-02-26,FIS,11.4,,1,Susquehanna:11.4
2026-02-26,FSLR,19.5,,1,RBC Capital:19.5
2026-02-26,GDDY,29.3667,16.7121,3,Jefferies:12.3|RBC Capital:30.1|Barclays:45.7
2026-02-26,HSIC,13.975,6.0698,4,Baird:19|JP Morgan:11.4|Barrington Research:18.9|Wells Fargo:6.6
2026-02-26,IBM,-1.5,,1,UBS:-1.5
2026-02-26,INVH,26.5,7.4953,2,Keybanc:31.8|Citigroup:21.2
2026-02-26,KR,0.1,,1,Wells Fargo:0.1
2026-02-26,LYV,22.8,,1,Evercore ISI Group:22.8
2026-02-26,MCO,36.5,,1,Evercore ISI Group:36.5
2026-02-26,OMC,7.4,,1,Barclays:7.4
2026-02-26,PFE,-6.4,,1,Barclays:-6.4
2026-02-26,PH,2.5,,1,Morgan Stanley:2.5
2026-02-26,PNW,3,8.4853,2,Citigroup:9|Wells Fargo:-3
2026-02-26,PPL,7.6,5.7983,2,Citigroup:3.5|UBS:11.7
2026-02-26,PWR,4.9667,3.8592,3,B. Riley Securities:1.9|Baird:9.3|DA Davidson:3.7
2026-02-26,SO,4.6667,4.5081,3,Scotiabank:6.7|Mizuho:7.8|Wells Fargo:-0.5
2026-02-26,SYY,11.1,,1,Wells Fargo:11.1
2026-02-26,TAP,-4.9,10.4652,2,Evercore ISI Group:2.5|B of A Securities:-12.3
2026-02-26,TDY,15.6,,1,Jefferies:15.6
2026-02-26,TRGP,13.6,,1,Citigroup:13.6
2026-02-26,TTD,101.45,83.7922,2,BMO Capital:160.7|Morgan Stanley:42.2
2026-02-26,WDAY,67.875,35.8543,4,JP Morgan:78.4|Mizuho:75.6|Evercore ISI Group:16.8|Guggenheim:100.7
2026-02-26,WMT,7.9,1.9799,2,HSBC:6.5|Evercore ISI Group:9.3
2026-02-27,A,35.4,,1,UBS:35.4
2026-02-27,ADSK,27.4,,1,Stifel:27.4
2026-02-27,AMT,29.4,,1,UBS:29.4
2026-02-27,BKNG,24.6,,1,Susquehanna:24.6
2026-02-27,BMY,23.7,,1,Barclays:23.7
2026-02-27,CRL,3,,1,UBS:3
2026-02-27,DE,13.5,,1,Morgan Stanley:13.5
2026-02-27,FIS,11.4,,1,Susquehanna:11.4
2026-02-27,FSLR,19.5,,1,RBC Capital:19.5
2026-02-27,GDDY,29.3667,16.7121,3,Jefferies:12.3|RBC Capital:30.1|Barclays:45.7
2026-02-27,HSIC,13.975,6.0698,4,Baird:19|JP Morgan:11.4|Barrington Research:18.9|Wells Fargo:6.6
2026-02-27,IBM,-1.5,,1,UBS:-1.5
2026-02-27,INVH,26.5,7.4953,2,Keybanc:31.8|Citigroup:21.2
2026-02-27,KR,0.1,,1,Wells Fargo:0.1
2026-02-27,LYV,22.8,,1,Evercore ISI Group:22.8
2026-02-27,OMC,7.4,,1,Barclays:7.4
2026-02-27,PH,2.5,,1,Morgan Stanley:2.5
2026-02-27,PNW,3,8.4853,2,Citigroup:9|Wells Fargo:-3
2026-02-27,PPL,7.6,5.7983,2,Citigroup:3.5|UBS:11.7
2026-02-27,SO,3.65,5.869,2,Mizuho:7.8|Wells Fargo:-0.5
2026-02-27,TAP,-12.3,,1,B of A Securities:-12.3
2026-02-27,TDY,15.6,,1,Jefferies:15.6
2026-02-27,TRGP,13.6,,1,Citigroup:13.6
2026-02-27,TTD,69.7333,80.7985,3,BMO Capital:160.7|Morgan Stanley:42.2|Loop Capital:6.3
2026-02-27,WDAY,67.875,35.8543,4,JP Morgan:78.4|Mizuho:75.6|Evercore ISI Group:16.8|Guggenheim:100.7
2026-02-27,WMT,7.9,1.9799,2,HSBC:6.5|Evercore ISI Group:9.3
2026-02-27,XYZ,41.1,,1,Oppenheimer:41.1
2026-02-28,A,35.4,,1,UBS:35.4
2026-02-28,ADSK,27.4,,1,Stifel:27.4
2026-02-28,AEP,-0.1,,1,UBS:-0.1
2026-02-28,AMT,29.4,,1,UBS:29.4
2026-02-28,AON,19.9,,1,B of A Securities:19.9
2026-02-28,CRL,3,,1,UBS:3
2026-02-28,DE,13.5,,1,Morgan Stanley:13.5
2026-02-28,FIS,11.4,,1,Susquehanna:11.4
2026-02-28,FSLR,19.5,,1,RBC Capital:19.5
2026-02-28,GDDY,29.3667,16.7121,3,Jefferies:12.3|RBC Capital:30.1|Barclays:45.7
2026-02-28,HSIC,13.975,6.0698,4,Baird:19|JP Morgan:11.4|Barrington Research:18.9|Wells Fargo:6.6
2026-02-28,IBM,-1.5,,1,UBS:-1.5
2026-02-28,INVH,21.2,,1,Citigroup:21.2
2026-02-28,KR,0.1,,1,Wells Fargo:0.1
2026-02-28,OMC,7.4,,1,Barclays:7.4
2026-02-28,PH,2.5,,1,Morgan Stanley:2.5
2026-02-28,PNW,3,8.4853,2,Citigroup:9|Wells Fargo:-3
2026-02-28,PPL,7.6,5.7983,2,Citigroup:3.5|UBS:11.7
2026-02-28,TAP,-12.3,,1,B of A Securities:-12.3
2026-02-28,TDY,15.6,,1,Jefferies:15.6
2026-02-28,TRGP,13.6,,1,Citigroup:13.6
2026-02-28,TTD,69.7333,80.7985,3,BMO Capital:160.7|Morgan Stanley:42.2|Loop Capital:6.3
2026-02-28,WDAY,67.875,35.8543,4,JP Morgan:78.4|Mizuho:75.6|Evercore ISI Group:16.8|Guggenheim:100.7
2026-02-28,WMT,9.3,,1,Evercore ISI Group:9.3
2026-02-28,XYZ,41.1,,1,Oppenheimer:41.1
2026-03-02,A,35.4,,1,UBS:35.4
2026-03-02,AEP,-0.1,,1,UBS:-0.1
2026-03-02,AMT,29.4,,1,UBS:29.4
2026-03-02,AON,19.9,,1,B of A Securities:19.9
2026-03-02,CRL,3,,1,UBS:3
2026-03-02,D,6.3,,1,Scotiabank:6.3
2026-03-02,DE,13.5,,1,Morgan Stanley:13.5
2026-03-02,FIS,11.4,,1,Susquehanna:11.4
2026-03-02,FSLR,19.5,,1,RBC Capital:19.5
2026-03-02,GDDY,37.9,11.0309,2,RBC Capital:30.1|Barclays:45.7
2026-03-02,HSIC,13.975,6.0698,4,Baird:19|JP Morgan:11.4|Barrington Research:18.9|Wells Fargo:6.6
2026-03-02,IBM,-1.5,,1,UBS:-1.5
2026-03-02,INVH,21.2,,1,Citigroup:21.2
2026-03-02,KR,0.1,,1,Wells Fargo:0.1
2026-03-02,PFE,26.9,,1,Argus Research:26.9
2026-03-02,PH,2.5,,1,Morgan Stanley:2.5
2026-03-02,PNW,3,8.4853,2,Citigroup:9|Wells Fargo:-3
2026-03-02,TAP,-12.3,,1,B of A Securities:-12.3
2026-03-02,TRGP,13.6,,1,Citigroup:13.6
2026-03-02,TTD,69.7333,80.7985,3,BMO Capital:160.7|Morgan Stanley:42.2|Loop Capital:6.3
2026-03-02,VRSK,23.8,,1,Raymond James:23.8
2026-03-02,WDAY,67.875,35.8543,4,JP Morgan:78.4|Mizuho:75.6|Evercore ISI Group:16.8|Guggenheim:100.7
2026-03-02,XYZ,41.1,,1,Oppenheimer:41.1
2026-03-03,A,35.4,,1,UBS:35.4
2026-03-03,AEP,-0.1,,1,UBS:-0.1
2026-03-03,AMT,29.4,,1,UBS:29.4
2026-03-03,AON,19.9,,1,B of A Securities:19.9
2026-03-03,CI,30.7,,1,Piper Sandler:30.7
2026-03-03,COHR,22.4,,1,Barclays:22.4
2026-03-03,CRL,3,,1,UBS:3
2026-03-03,D,6.3,,1,Scotiabank:6.3
2026-03-03,FIS,11.4,,1,Susquehanna:11.4
2026-03-03,FSLR,19.5,,1,RBC Capital:19.5
2026-03-03,GDDY,37.9,11.0309,2,RBC Capital:30.1|Barclays:45.7
2026-03-03,HSIC,12.3,6.1992,3,JP Morgan:11.4|Barrington Research:18.9|Wells Fargo:6.6
2026-03-03,IBM,-1.5,,1,UBS:-1.5
2026-03-03,INVH,21.2,,1,Citigroup:21.2
2026-03-03,KMI,5.9,,1,Morgan Stanley:5.9
2026-03-03,KR,0.1,,1,Wells Fargo:0.1
2026-03-03,MAA,13.1,,1,BTIG:13.1
2026-03-03,NEM,24.6,,1,Citigroup:24.6
2026-03-03,PFE,26.9,,1,Argus Research:26.9
2026-03-03,PNW,3,8.4853,2,Citigroup:9|Wells Fargo:-3
2026-03-03,REG,6.4,,1,Truist Securities:6.4
2026-03-03,TAP,-12.3,,1,B of A Securities:-12.3
2026-03-03,TTD,56.4,71.1574,4,BMO Capital:160.7|Morgan Stanley:42.2|Loop Capital:6.3|Piper Sandler:16.4
2026-03-03,VRSK,23.8,,1,Raymond James:23.8
2026-03-03,WDAY,64.3667,43.0632,3,Mizuho:75.6|Evercore ISI Group:16.8|Guggenheim:100.7
2026-03-03,XYZ,41.1,,1,Oppenheimer:41.1
2026-03-04,A,35.4,,1,UBS:35.4
2026-03-04,AEP,-0.1,,1,UBS:-0.1
2026-03-04,AES,5.8,,1,Mizuho:5.8
2026-03-04,AON,19.9,,1,B of A Securities:19.9
2026-03-04,AZO,11.8,,1,Evercore ISI Group:11.8
2026-03-04,CI,30.7,,1,Piper Sandler:30.7
2026-03-04,COHR,22.4,,1,Barclays:22.4
2026-03-04,D,6.3,,1,Scotiabank:6.3
2026-03-04,DASH,44.5,,1,Mizuho:44.5
2026-03-04,DUK,2.7,,1,Wells Fargo:2.7
2026-03-04,FIS,11.4,,1,Susquehanna:11.4
2026-03-04,GDDY,45.7,,1,Barclays:45.7
2026-03-04,HSIC,12.75,8.6974,2,Barrington Research:18.9|Wells Fargo:6.6
2026-03-04,IBM,-1.5,,1,UBS:-1.5
2026-03-04,KMI,5.9,,1,Morgan Stanley:5.9
2026-03-04,KR,0.1,,1,Wells Fargo:0.1
2026-03-04,MAA,13.1,,1,BTIG:13.1
2026-03-04,NCLH,26.2,,1,B of A Securities:26.2
2026-03-04,NEM,24.6,,1,Citigroup:24.6
2026-03-04,PFE,26.9,,1,Argus Research:26.9
2026-03-04,PNW,3,8.4853,2,Citigroup:9|Wells Fargo:-3
2026-03-04,REG,6.4,,1,Truist Securities:6.4
2026-03-04,SLB,23.3,,1,Goldman Sachs:23.3
2026-03-04,TAP,-12.3,,1,B of A Securities:-12.3
2026-03-04,TTD,56.4,71.1574,4,BMO Capital:160.7|Morgan Stanley:42.2|Loop Capital:6.3|Piper Sandler:16.4
2026-03-04,VRSK,23.8,,1,Raymond James:23.8
2026-03-04,WDAY,58.75,59.3263,2,Evercore ISI Group:16.8|Guggenheim:100.7
2026-03-04,XYZ,41.1,,1,Oppenheimer:41.1
2026-03-05,AEP,-0.1,,1,UBS:-0.1
2026-03-05,AES,5.8,,1,Mizuho:5.8
2026-03-05,AON,19.9,,1,B of A Securities:19.9
2026-03-05,APP,35.7,,1,Oppenheimer:35.7
2026-03-05,AZO,11.8,,1,Evercore ISI Group:11.8
2026-03-05,CI,30.7,,1,Piper Sandler:30.7
2026-03-05,COHR,22.4,,1,Barclays:22.4
2026-03-05,D,6.3,,1,Scotiabank:6.3
2026-03-05,DASH,44.5,,1,Mizuho:44.5
2026-03-05,DUK,2.7,,1,Wells Fargo:2.7
2026-03-05,EQT,-10.3,,1,Piper Sandler:-10.3
2026-03-05,HAS,14,,1,UBS:14
2026-03-05,JNJ,3,,1,JP Morgan:3
2026-03-05,KMI,5.9,,1,Morgan Stanley:5.9
2026-03-05,LII,18.4,,1,Oppenheimer:18.4
2026-03-05,MAA,13.1,,1,BTIG:13.1
2026-03-05,NCLH,26.2,,1,B of A Securities:26.2
2026-03-05,NEE,12.7,,1,UBS:12.7
2026-03-05,NEM,24.6,,1,Citigroup:24.6
2026-03-05,PEG,6.7,,1,Barclays:6.7
2026-03-05,PFE,26.9,,1,Argus Research:26.9
2026-03-05,REG,6.4,,1,Truist Securities:6.4
2026-03-05,ROST,6.9,,1,Guggenheim:6.9
2026-03-05,SLB,23.3,,1,Goldman Sachs:23.3
2026-03-05,TGT,-11.5,,1,B of A Securities:-11.5
2026-03-05,TTD,11.35,7.1418,2,Loop Capital:6.3|Piper Sandler:16.4
2026-03-05,VMC,9.8,,1,JP Morgan:9.8
2026-03-05,VRSK,23.8,,1,Raymond James:23.8
2026-03-05,XYZ,41.1,,1,Oppenheimer:41.1
2026-03-06,AEP,8.35,11.9501,2,UBS:-0.1|Evercore ISI Group:16.8
2026-03-06,AES,5.8,,1,Mizuho:5.8
2026-03-06,AON,19.9,,1,B of A Securities:19.9
2026-03-06,APP,35.7,,1,Oppenheimer:35.7
2026-03-06,AZO,11.8,,1,Evercore ISI Group:11.8
2026-03-06,CI,30.7,,1,Piper Sandler:30.7
2026-03-06,COHR,22.4,,1,Barclays:22.4
2026-03-06,COST,36,,1,BMO Capital:36
2026-03-06,D,6.3,,1,Scotiabank:6.3
2026-03-06,DASH,44.5,,1,Mizuho:44.5
2026-03-06,DUK,4.25,2.192,2,Wells Fargo:2.7|Evercore ISI Group:5.8
2026-03-06,EIX,-11,,1,Ladenburg Thalmann:-11
2026-03-06,EQT,-10.3,,1,Piper Sandler:-10.3
2026-03-06,HAS,14,,1,UBS:14
2026-03-06,JNJ,3,,1,JP Morgan:3
2026-03-06,KMI,8.1,3.1113,2,Morgan Stanley:5.9|Mizuho:10.3
2026-03-06,LII,18.4,,1,Oppenheimer:18.4
2026-03-06,MAA,13.1,,1,BTIG:13.1
2026-03-06,NCLH,26.2,,1,B of A Securities:26.2
2026-03-06,NEE,12.7,,1,UBS:12.7
2026-03-06,NEM,24.6,,1,Citigroup:24.6
2026-03-06,NI,7.2,,1,Evercore ISI Group:7.2
2026-03-06,PEG,10.85,5.869,2,Barclays:6.7|Evercore ISI Group:15
2026-03-06,PFE,26.9,,1,Argus Research:26.9
2026-03-06,REG,6.4,,1,Truist Securities:6.4
2026-03-06,ROST,6.9,,1,Guggenheim:6.9
2026-03-06,SLB,23.3,,1,Goldman Sachs:23.3
2026-03-06,SO,14,,1,Evercore ISI Group:14
2026-03-06,SRE,8.1,,1,UBS:8.1
2026-03-06,TGT,-11.5,,1,B of A Securities:-11.5
2026-03-06,TTD,16.4,,1,Piper Sandler:16.4
2026-03-06,VMC,9.8,,1,JP Morgan:9.8
2026-03-06,VRSK,23.8,,1,Raymond James:23.8
2026-03-07,AEP,16.8,,1,Evercore ISI Group:16.8
2026-03-07,AES,5.65,0.2121,2,Mizuho:5.8|Morgan Stanley:5.5
2026-03-07,APP,35.7,,1,Oppenheimer:35.7
2026-03-07,AZO,11.8,,1,Evercore ISI Group:11.8
2026-03-07,CI,30.7,,1,Piper Sandler:30.7
2026-03-07,COHR,22.4,,1,Barclays:22.4
2026-03-07,COST,36,,1,BMO Capital:36
2026-03-07,D,6.3,,1,Scotiabank:6.3
2026-03-07,DASH,44.5,,1,Mizuho:44.5
2026-03-07,DUK,4.25,2.192,2,Wells Fargo:2.7|Evercore ISI Group:5.8
2026-03-07,EIX,-11,,1,Ladenburg Thalmann:-11
2026-03-07,EQT,-10.3,,1,Piper Sandler:-10.3
2026-03-07,HAS,14,,1,UBS:14
2026-03-07,IQV,17.8,,1,Barclays:17.8
2026-03-07,JNJ,3,,1,JP Morgan:3
2026-03-07,KMI,8.1,3.1113,2,Morgan Stanley:5.9|Mizuho:10.3
2026-03-07,LII,18.4,,1,Oppenheimer:18.4
2026-03-07,MAA,13.1,,1,BTIG:13.1
2026-03-07,NCLH,26.2,,1,B of A Securities:26.2
2026-03-07,NEE,12.7,,1,UBS:12.7
2026-03-07,NEM,24.6,,1,Citigroup:24.6
2026-03-07,NI,7.2,,1,Evercore ISI Group:7.2
2026-03-07,PEG,10.85,5.869,2,Barclays:6.7|Evercore ISI Group:15
2026-03-07,PFE,26.9,,1,Argus Research:26.9
2026-03-07,REG,6.4,,1,Truist Securities:6.4
2026-03-07,ROST,6.9,,1,Guggenheim:6.9
2026-03-07,SLB,23.3,,1,Goldman Sachs:23.3
2026-03-07,SO,14,,1,Evercore ISI Group:14
2026-03-07,SRE,8.1,,1,UBS:8.1
2026-03-07,TGT,-11.5,,1,B of A Securities:-11.5
2026-03-07,TTD,16.4,,1,Piper Sandler:16.4
2026-03-07,VMC,9.8,,1,JP Morgan:9.8
2026-03-07,VRSK,23.8,,1,Raymond James:23.8
2026-03-09,AEP,16.8,,1,Evercore ISI Group:16.8
2026-03-09,AES,5.65,0.2121,2,Mizuho:5.8|Morgan Stanley:5.5
2026-03-09,APP,35.7,,1,Oppenheimer:35.7
2026-03-09,AZO,14.65,4.0305,2,Evercore ISI Group:11.8|Argus Research:17.5
2026-03-09,CI,30.7,,1,Piper Sandler:30.7
2026-03-09,COHR,22.4,,1,Barclays:22.4
2026-03-09,COST,36,,1,BMO Capital:36
2026-03-09,DASH,44.5,,1,Mizuho:44.5
2026-03-09,DOW,8.7,,1,Fermium Research:8.7
2026-03-09,DUK,4.25,2.192,2,Wells Fargo:2.7|Evercore ISI Group:5.8
2026-03-09,EIX,-11,,1,Ladenburg Thalmann:-11
2026-03-09,EQT,-10.3,,1,Piper Sandler:-10.3
2026-03-09,HAS,14,,1,UBS:14
2026-03-09,IQV,17.8,,1,Barclays:17.8
2026-03-09,JNJ,3,,1,JP Morgan:3
2026-03-09,KMI,8.1,3.1113,2,Morgan Stanley:5.9|Mizuho:10.3
2026-03-09,LII,18.4,,1,Oppenheimer:18.4
2026-03-09,MAA,13.1,,1,BTIG:13.1
2026-03-09,NCLH,26.2,,1,B of A Securities:26.2
2026-03-09,NEE,12.7,,1,UBS:12.7
2026-03-09,NEM,24.6,,1,Citigroup:24.6
2026-03-09,NI,7.2,,1,Evercore ISI Group:7.2
2026-03-09,PEG,10.85,5.869,2,Barclays:6.7|Evercore ISI Group:15
2026-03-09,REG,6.4,,1,Truist Securities:6.4
2026-03-09,ROST,6.9,,1,Guggenheim:6.9
2026-03-09,SLB,23.3,,1,Goldman Sachs:23.3
2026-03-09,SO,14,,1,Evercore ISI Group:14
2026-03-09,SRE,8.1,,1,UBS:8.1
2026-03-09,TGT,-11.5,,1,B of A Securities:-11.5
2026-03-09,TTD,16.4,,1,Piper Sandler:16.4
2026-03-09,VMC,9.8,,1,JP Morgan:9.8
2026-03-10,AEP,16.8,,1,Evercore ISI Group:16.8
2026-03-10,AES,5.65,0.2121,2,Mizuho:5.8|Morgan Stanley:5.5
2026-03-10,APP,35.7,,1,Oppenheimer:35.7
2026-03-10,ARE,11.8,,1,JP Morgan:11.8
2026-03-10,AZO,14.65,4.0305,2,Evercore ISI Group:11.8|Argus Research:17.5
2026-03-10,COST,36,,1,BMO Capital:36
2026-03-10,CRM,16.1,,1,Northland Capital Markets:16.1
2026-03-10,DASH,44.5,,1,Mizuho:44.5
2026-03-10,DOW,10.7,2.8284,2,Fermium Research:8.7|Jefferies:12.7
2026-03-10,DUK,4.25,2.192,2,Wells Fargo:2.7|Evercore ISI Group:5.8
2026-03-10,EIX,-11,,1,Ladenburg Thalmann:-11
2026-03-10,EQT,-10.3,,1,Piper Sandler:-10.3
2026-03-10,HAS,14,,1,UBS:14
2026-03-10,INVH,28,,1,Morgan Stanley:28
2026-03-10,IQV,17.8,,1,Barclays:17.8
2026-03-10,JNJ,3,,1,JP Morgan:3
2026-03-10,KMI,10.3,,1,Mizuho:10.3
2026-03-10,LII,18.4,,1,Oppenheimer:18.4
2026-03-10,LYB,6.5,,1,Jefferies:6.5
2026-03-10,NCLH,26.2,,1,B of A Securities:26.2
2026-03-10,NEE,12.7,,1,UBS:12.7
2026-03-10,NI,7.2,,1,Evercore ISI Group:7.2
2026-03-10,O,11.2,,1,UBS:11.2
2026-03-10,PCG,26.9,,1,UBS:26.9
2026-03-10,PEG,10.85,5.869,2,Barclays:6.7|Evercore ISI Group:15
2026-03-10,RDDT,76.2,,1,Jefferies:76.2
2026-03-10,ROST,6.9,,1,Guggenheim:6.9
2026-03-10,SLB,23.3,,1,Goldman Sachs:23.3
2026-03-10,SO,14,,1,Evercore ISI Group:14
2026-03-10,SRE,8.1,,1,UBS:8.1
2026-03-10,TGT,-11.5,,1,B of A Securities:-11.5
2026-03-10,VMC,9.8,,1,JP Morgan:9.8
2026-03-10,VRTX,23.2333,1.6862,3,B of A Securities:24|Citigroup:21.3|Oppenheimer:24.4
2026-03-10,WBD,11.8,,1,Wells Fargo:11.8
2026-03-11,AEP,16.8,,1,Evercore ISI Group:16.8
2026-03-11,AES,5.5,,1,Morgan Stanley:5.5
2026-03-11,AMGN,-6.7,,1,Jefferies:-6.7
2026-03-11,APA,-8.6,,1,Goldman Sachs:-8.6
2026-03-11,APP,35.7,,1,Oppenheimer:35.7
2026-03-11,ARE,11.8,,1,JP Morgan:11.8
2026-03-11,AZO,17.5,,1,Argus Research:17.5
2026-03-11,BG,14.8,2.9698,2,BMO Capital:12.7|Morgan Stanley:16.9
2026-03-11,COST,36,,1,BMO Capital:36
2026-03-11,CRM,16.1,,1,Northland Capital Markets:16.1
2026-03-11,DOW,10.7,2.8284,2,Fermium Research:8.7|Jefferies:12.7
2026-03-11,DUK,5.8,,1,Evercore ISI Group:5.8
2026-03-11,EIX,-11,,1,Ladenburg Thalmann:-11
2026-03-11,EQT,-10.3,,1,Piper Sandler:-10.3
2026-03-11,FANG,22.5,,1,Goldman Sachs:22.5
2026-03-11,GILD,22.4,,1,Jefferies:22.4
2026-03-11,HAS,14,,1,UBS:14
2026-03-11,INVH,28,,1,Morgan Stanley:28
2026-03-11,IQV,17.8,,1,Barclays:17.8
2026-03-11,JNJ,3,,1,JP Morgan:3
2026-03-11,KMI,10.3,,1,Mizuho:10.3
2026-03-11,LII,18.4,,1,Oppenheimer:18.4
2026-03-11,LYB,6.5,,1,Jefferies:6.5
2026-03-11,NEE,12.7,,1,UBS:12.7
2026-03-11,NI,7.2,,1,Evercore ISI Group:7.2
2026-03-11,O,11.2,,1,UBS:11.2
2026-03-11,ORCL,26.2,,1,JP Morgan:26.2
2026-03-11,OXY,0.9,,1,Goldman Sachs:0.9
2026-03-11,PCG,26.9,,1,UBS:26.9
2026-03-11,PEG,10.85,5.869,2,Barclays:6.7|Evercore ISI Group:15
2026-03-11,RDDT,76.2,,1,Jefferies:76.2
2026-03-11,ROST,6.9,,1,Guggenheim:6.9
2026-03-11,SO,14,,1,Evercore ISI Group:14
2026-03-11,SRE,8.1,,1,UBS:8.1
2026-03-11,TGT,-11.5,,1,B of A Securities:-11.5
2026-03-11,VMC,9.8,,1,JP Morgan:9.8
2026-03-11,VRTX,22.98,4.4885,5,B of A Securities:24|Citigroup:21.3|Oppenheimer:24.4|HC Wainwright & Co.:28.7|Jefferies:16.5
2026-03-11,WBD,11.8,,1,Wells Fargo:11.8
2026-03-12,AEP,11.45,7.566,2,Evercore ISI Group:16.8|JP Morgan:6.1
2026-03-12,AES,5.5,,1,Morgan Stanley:5.5
2026-03-12,AMGN,-6.7,,1,Jefferies:-6.7
2026-03-12,APA,-8.6,,1,Goldman Sachs:-8.6
2026-03-12,ARE,11.8,,1,JP Morgan:11.8
2026-03-12,AZO,17.5,,1,Argus Research:17.5
2026-03-12,BG,14.8,2.9698,2,BMO Capital:12.7|Morgan Stanley:16.9
2026-03-12,COST,36,,1,BMO Capital:36
2026-03-12,CRM,16.1,,1,Northland Capital Markets:16.1
2026-03-12,DOW,10.7,2.8284,2,Fermium Research:8.7|Jefferies:12.7
2026-03-12,DUK,5.8,,1,Evercore ISI Group:5.8
2026-03-12,DVN,46.6,,1,Piper Sandler:46.6
2026-03-12,ED,1.1,,1,JP Morgan:1.1
2026-03-12,EIX,-11,,1,Ladenburg Thalmann:-11
2026-03-12,ES,1.4,,1,JP Morgan:1.4
2026-03-12,EXC,9.1,,1,JP Morgan:9.1
2026-03-12,FANG,22.5,,1,Goldman Sachs:22.5
2026-03-12,FE,8.6,,1,JP Morgan:8.6
2026-03-12,GILD,22.4,,1,Jefferies:22.4
2026-03-12,INVH,28,,1,Morgan Stanley:28
2026-03-12,IQV,17.8,,1,Barclays:17.8
2026-03-12,KMI,10.3,,1,Mizuho:10.3
2026-03-12,LYB,6.5,,1,Jefferies:6.5
2026-03-12,NI,7.2,,1,Evercore ISI Group:7.2
2026-03-12,O,11.2,,1,UBS:11.2
2026-03-12,ORCL,26.2,,1,JP Morgan:26.2
2026-03-12,OXY,0.9,,1,Goldman Sachs:0.9
2026-03-12,PCG,26.9,,1,UBS:26.9
2026-03-12,PEG,12.1,4.1012,2,Evercore ISI Group:15|JP Morgan:9.2
2026-03-12,RDDT,76.2,,1,Jefferies:76.2
2026-03-12,SO,14,,1,Evercore ISI Group:14
2026-03-12,SRE,8.1,,1,UBS:8.1
2026-03-12,VRTX,22.98,4.4885,5,B of A Securities:24|Citigroup:21.3|Oppenheimer:24.4|HC Wainwright & Co.:28.7|Jefferies:16.5
2026-03-12,WBD,11.8,,1,Wells Fargo:11.8
2026-03-13,AEP,6.1,,1,JP Morgan:6.1
2026-03-13,AES,5.5,,1,Morgan Stanley:5.5
2026-03-13,AMGN,-6.7,,1,Jefferies:-6.7
2026-03-13,APA,-8.6,,1,Goldman Sachs:-8.6
2026-03-13,ARE,11.8,,1,JP Morgan:11.8
2026-03-13,AZO,17.5,,1,Argus Research:17.5
2026-03-13,BG,14.8,2.9698,2,BMO Capital:12.7|Morgan Stanley:16.9
2026-03-13,CF,13.6,,1,Wells Fargo:13.6
2026-03-13,CRM,16.1,,1,Northland Capital Markets:16.1
2026-03-13,DOW,10.7,2.8284,2,Fermium Research:8.7|Jefferies:12.7
2026-03-13,DVN,46.6,,1,Piper Sandler:46.6
2026-03-13,ED,1.1,,1,JP Morgan:1.1
2026-03-13,ES,1.4,,1,JP Morgan:1.4
2026-03-13,EXC,9.1,,1,JP Morgan:9.1
2026-03-13,FANG,22.5,,1,Goldman Sachs:22.5
2026-03-13,FE,8.6,,1,JP Morgan:8.6
2026-03-13,GILD,22.4,,1,Jefferies:22.4
2026-03-13,INVH,28,,1,Morgan Stanley:28
2026-03-13,IQV,17.8,,1,Barclays:17.8
2026-03-13,KMI,-1.6,,1,Stifel:-1.6
2026-03-13,LYB,6.5,,1,Jefferies:6.5
2026-03-13,O,11.2,,1,UBS:11.2
2026-03-13,ORCL,26.2,,1,JP Morgan:26.2
2026-03-13,OXY,7.65,9.5459,2,Goldman Sachs:0.9|Piper Sandler:14.4
2026-03-13,PAYX,11.5,,1,BMO Capital:11.5
2026-03-13,PCG,26.9,,1,UBS:26.9
2026-03-13,PEG,9.2,,1,JP Morgan:9.2
2026-03-13,RDDT,76.2,,1,Jefferies:76.2
2026-03-13,ULTA,14.8,,1,Oppenheimer:14.8
2026-03-13,VRTX,22.98,4.4885,5,B of A Securities:24|Citigroup:21.3|Oppenheimer:24.4|HC Wainwright & Co.:28.7|Jefferies:16.5
2026-03-13,WBD,11.8,,1,Wells Fargo:11.8
2026-03-14,AEP,6.1,,1,JP Morgan:6.1
2026-03-14,AMGN,-6.7,,1,Jefferies:-6.7
2026-03-14,APA,-8.6,,1,Goldman Sachs:-8.6
2026-03-14,ARE,11.8,,1,JP Morgan:11.8
2026-03-14,AZO,17.5,,1,Argus Research:17.5
2026-03-14,BG,14.8,2.9698,2,BMO Capital:12.7|Morgan Stanley:16.9
2026-03-14,CF,13.6,,1,Wells Fargo:13.6
2026-03-14,CRM,16.1,,1,Northland Capital Markets:16.1
2026-03-14,DOW,10.7,2.8284,2,Fermium Research:8.7|Jefferies:12.7
2026-03-14,DVN,46.6,,1,Piper Sandler:46.6
2026-03-14,ED,1.1,,1,JP Morgan:1.1
2026-03-14,ES,1.4,,1,JP Morgan:1.4
2026-03-14,EXC,9.1,,1,JP Morgan:9.1
2026-03-14,FANG,22.5,,1,Goldman Sachs:22.5
2026-03-14,FE,8.6,,1,JP Morgan:8.6
2026-03-14,GILD,22.4,,1,Jefferies:22.4
2026-03-14,INVH,28,,1,Morgan Stanley:28
2026-03-14,KMI,-1.6,,1,Stifel:-1.6
2026-03-14,LYB,6.5,,1,Jefferies:6.5
2026-03-14,O,11.2,,1,UBS:11.2
2026-03-14,ORCL,26.2,,1,JP Morgan:26.2
2026-03-14,OXY,7.65,9.5459,2,Goldman Sachs:0.9|Piper Sandler:14.4
2026-03-14,PAYX,11.5,,1,BMO Capital:11.5
2026-03-14,PCG,26.9,,1,UBS:26.9
2026-03-14,PEG,9.2,,1,JP Morgan:9.2
2026-03-14,RDDT,76.2,,1,Jefferies:76.2
2026-03-14,ULTA,20.55,8.1317,2,Oppenheimer:14.8|Telsey Advisory Group:26.3
2026-03-14,VRTX,22.98,4.4885,5,B of A Securities:24|Citigroup:21.3|Oppenheimer:24.4|HC Wainwright & Co.:28.7|Jefferies:16.5
2026-03-14,WBD,11.8,,1,Wells Fargo:11.8
2026-03-16,AEP,6.1,,1,JP Morgan:6.1
2026-03-16,AMGN,-6.7,,1,Jefferies:-6.7
2026-03-16,APA,-8.6,,1,Goldman Sachs:-8.6
2026-03-16,ARE,11.8,,1,JP Morgan:11.8
2026-03-16,BG,14.8,2.9698,2,BMO Capital:12.7|Morgan Stanley:16.9
2026-03-16,CF,13.6,,1,Wells Fargo:13.6
2026-03-16,CRM,16.1,,1,Northland Capital Markets:16.1
2026-03-16,DOW,12.7,,1,Jefferies:12.7
2026-03-16,DVN,46.6,,1,Piper Sandler:46.6
2026-03-16,ED,1.1,,1,JP Morgan:1.1
2026-03-16,ES,1.4,,1,JP Morgan:1.4
2026-03-16,EXC,9.1,,1,JP Morgan:9.1
2026-03-16,FANG,22.5,,1,Goldman Sachs:22.5
2026-03-16,FE,8.6,,1,JP Morgan:8.6
2026-03-16,GILD,22.4,,1,Jefferies:22.4
2026-03-16,HBAN,29.8,,1,DA Davidson:29.8
2026-03-16,INVH,28,,1,Morgan Stanley:28
2026-03-16,KMI,-1.6,,1,Stifel:-1.6
2026-03-16,LYB,6.5,,1,Jefferies:6.5
2026-03-16,MDLZ,25.9,,1,Morgan Stanley:25.9
2026-03-16,O,11.2,,1,UBS:11.2
2026-03-16,ORCL,26.2,,1,JP Morgan:26.2
2026-03-16,OXY,7.65,9.5459,2,Goldman Sachs:0.9|Piper Sandler:14.4
2026-03-16,PAYX,11.5,,1,BMO Capital:11.5
2026-03-16,PCG,26.9,,1,UBS:26.9
2026-03-16,PEG,9.2,,1,JP Morgan:9.2
2026-03-16,RDDT,76.2,,1,Jefferies:76.2
2026-03-16,ULTA,20.55,8.1317,2,Oppenheimer:14.8|Telsey Advisory Group:26.3
2026-03-16,VRTX,22.98,4.4885,5,B of A Securities:24|Citigroup:21.3|Oppenheimer:24.4|HC Wainwright & Co.:28.7|Jefferies:16.5
2026-03-16,WBD,11.8,,1,Wells Fargo:11.8
2026-03-17,AEP,6.1,,1,JP Morgan:6.1
2026-03-17,AMGN,-6.7,,1,Jefferies:-6.7
2026-03-17,APA,-8.6,,1,Goldman Sachs:-8.6
2026-03-17,BG,14.8,2.9698,2,BMO Capital:12.7|Morgan Stanley:16.9
2026-03-17,CF,13.6,,1,Wells Fargo:13.6
2026-03-17,DLTR,8.5,,1,Citigroup:8.5
2026-03-17,DVN,46.6,,1,Piper Sandler:46.6
2026-03-17,ED,1.1,,1,JP Morgan:1.1
2026-03-17,EQT,11.1,,1,JP Morgan:11.1
2026-03-17,ES,1.4,,1,JP Morgan:1.4
2026-03-17,ETN,17.6,,1,Jefferies:17.6
2026-03-17,EXC,9.1,,1,JP Morgan:9.1
2026-03-17,FANG,22.5,,1,Goldman Sachs:22.5
2026-03-17,FE,8.6,,1,JP Morgan:8.6
2026-03-17,GILD,22.4,,1,Jefferies:22.4
2026-03-17,HBAN,29.8,,1,DA Davidson:29.8
2026-03-17,INCY,1,,1,Jefferies:1
2026-03-17,KMI,-1.6,,1,Stifel:-1.6
2026-03-17,MDLZ,25.9,,1,Morgan Stanley:25.9
2026-03-17,ORCL,66.05,56.3564,2,JP Morgan:26.2|Mizuho:105.9
2026-03-17,OXY,7.65,9.5459,2,Goldman Sachs:0.9|Piper Sandler:14.4
2026-03-17,PAYX,11.5,,1,BMO Capital:11.5
2026-03-17,PEG,9.2,,1,JP Morgan:9.2
2026-03-17,TMUS,4.1,,1,Citigroup:4.1
2026-03-17,ULTA,20.55,8.1317,2,Oppenheimer:14.8|Telsey Advisory Group:26.3
2026-03-17,VRTX,22.6,8.6267,2,HC Wainwright & Co.:28.7|Jefferies:16.5
2026-03-18,AEP,6.1,,1,JP Morgan:6.1
2026-03-18,ALGN,15.6,,1,Barclays:15.6
2026-03-18,CF,1.6333,17.8635,3,Wells Fargo:13.6|B of A Securities:-18.9|BMO Capital:10.2
2026-03-18,DLTR,7.9667,27.5039,3,Citigroup:8.5|B of A Securities:-19.8|Telsey Advisory Group:35.2
2026-03-18,DOV,7.8,,1,Wells Fargo:7.8
2026-03-18,DVN,46.6,,1,Piper Sandler:46.6
2026-03-18,ED,1.1,,1,JP Morgan:1.1
2026-03-18,EQT,11.1,,1,JP Morgan:11.1
2026-03-18,ES,1.4,,1,JP Morgan:1.4
2026-03-18,ETN,17.6,,1,Jefferies:17.6
2026-03-18,EXC,9.1,,1,JP Morgan:9.1
2026-03-18,FE,8.6,,1,JP Morgan:8.6
2026-03-18,HBAN,29.8,,1,DA Davidson:29.8
2026-03-18,INCY,1,,1,Jefferies:1
2026-03-18,KMI,-1.6,,1,Stifel:-1.6
2026-03-18,MDLZ,25.9,,1,Morgan Stanley:25.9
2026-03-18,ORCL,105.9,,1,Mizuho:105.9
2026-03-18,OXY,14.4,,1,Piper Sandler:14.4
2026-03-18,PAYX,11.5,,1,BMO Capital:11.5
2026-03-18,PEG,9.2,,1,JP Morgan:9.2
2026-03-18,PTC,27.7,,1,Keybanc:27.7
2026-03-18,TMUS,4.1,,1,Citigroup:4.1
2026-03-18,ULTA,20.55,8.1317,2,Oppenheimer:14.8|Telsey Advisory Group:26.3
2026-03-18,VRTX,24.2,,1,Maxim Group:24.2
2026-03-19,ALGN,15.6,,1,Barclays:15.6
2026-03-19,CF,1.6333,17.8635,3,Wells Fargo:13.6|B of A Securities:-18.9|BMO Capital:10.2
2026-03-19,DLTR,7.9667,27.5039,3,Citigroup:8.5|B of A Securities:-19.8|Telsey Advisory Group:35.2
2026-03-19,DOV,7.8,,1,Wells Fargo:7.8
2026-03-19,EQT,11.1,,1,JP Morgan:11.1
2026-03-19,ETN,17.6,,1,Jefferies:17.6
2026-03-19,GIS,19,23.8539,3,Goldman Sachs:6.6|Mizuho:3.9|RBC Capital:46.5
2026-03-19,HBAN,29.8,,1,DA Davidson:29.8
2026-03-19,INCY,1,,1,Jefferies:1
2026-03-19,KMI,-1.6,,1,Stifel:-1.6
2026-03-19,LYB,-1.8,,1,Deutsche Bank:-1.8
2026-03-19,MDLZ,25.9,,1,Morgan Stanley:25.9
2026-03-19,META,54.4,,1,Tigress Financial:54.4
2026-03-19,MU,24.7,6.6468,2,Bernstein:20|JP Morgan:29.4
2026-03-19,ORCL,105.9,,1,Mizuho:105.9
2026-03-19,OXY,14.4,,1,Piper Sandler:14.4
2026-03-19,PAYX,11.5,,1,BMO Capital:11.5
2026-03-19,PTC,27.7,,1,Keybanc:27.7
2026-03-19,TMUS,4.1,,1,Citigroup:4.1
2026-03-19,TTD,12,,1,Stifel:12
2026-03-19,ULTA,20.55,8.1317,2,Oppenheimer:14.8|Telsey Advisory Group:26.3
2026-03-19,VRTX,24.2,,1,Maxim Group:24.2
2026-03-20,ALGN,15.6,,1,Barclays:15.6
2026-03-20,CEG,27.2,,1,JP Morgan:27.2
2026-03-20,CF,-4.35,20.5768,2,B of A Securities:-18.9|BMO Capital:10.2
2026-03-20,DLTR,7.9667,27.5039,3,Citigroup:8.5|B of A Securities:-19.8|Telsey Advisory Group:35.2
2026-03-20,DOV,7.8,,1,Wells Fargo:7.8
2026-03-20,EQT,11.1,,1,JP Morgan:11.1
2026-03-20,ETN,17.6,,1,Jefferies:17.6
2026-03-20,FDX,48.3,,1,Susquehanna:48.3
2026-03-20,GIS,19,23.8539,3,Goldman Sachs:6.6|Mizuho:3.9|RBC Capital:46.5
2026-03-20,HBAN,29.8,,1,DA Davidson:29.8
2026-03-20,INCY,1,,1,Jefferies:1
2026-03-20,LYB,-1.8,,1,Deutsche Bank:-1.8
2026-03-20,MDLZ,25.9,,1,Morgan Stanley:25.9
2026-03-20,META,54.4,,1,Tigress Financial:54.4
2026-03-20,MU,24.7,6.6468,2,Bernstein:20|JP Morgan:29.4
2026-03-20,OMC,50.5,,1,UBS:50.5
2026-03-20,ORCL,105.9,,1,Mizuho:105.9
2026-03-20,PAYX,11.7,,1,RBC Capital:11.7
2026-03-20,PTC,27.7,,1,Keybanc:27.7
2026-03-20,TMUS,4.1,,1,Citigroup:4.1
2026-03-20,TTD,12,,1,Stifel:12
2026-03-20,ULTA,26.3,,1,Telsey Advisory Group:26.3
2026-03-20,VRTX,24.2,,1,Maxim Group:24.2
2026-03-20,VZ,10.6,,1,Citigroup:10.6
2026-03-21,ALGN,15.6,,1,Barclays:15.6
2026-03-21,CEG,27.2,,1,JP Morgan:27.2
2026-03-21,CF,-4.35,20.5768,2,B of A Securities:-18.9|BMO Capital:10.2
2026-03-21,DLTR,7.9667,27.5039,3,Citigroup:8.5|B of A Securities:-19.8|Telsey Advisory Group:35.2
2026-03-21,DOV,7.8,,1,Wells Fargo:7.8
2026-03-21,DRI,13.1,,1,Barclays:13.1
2026-03-21,EQT,11.1,,1,JP Morgan:11.1
2026-03-21,ETN,17.6,,1,Jefferies:17.6
2026-03-21,FDX,48.3,,1,Susquehanna:48.3
2026-03-21,GIS,19,23.8539,3,Goldman Sachs:6.6|Mizuho:3.9|RBC Capital:46.5
2026-03-21,HBAN,29.8,,1,DA Davidson:29.8
2026-03-21,INCY,1,,1,Jefferies:1
2026-03-21,LYB,-1.8,,1,Deutsche Bank:-1.8
2026-03-21,MDLZ,25.9,,1,Morgan Stanley:25.9
2026-03-21,META,54.4,,1,Tigress Financial:54.4
2026-03-21,MOS,16.1,,1,B of A Securities:16.1
2026-03-21,MU,24.7,6.6468,2,Bernstein:20|JP Morgan:29.4
2026-03-21,OMC,50.5,,1,UBS:50.5
2026-03-21,ORCL,105.9,,1,Mizuho:105.9
2026-03-21,OXY,5.6,,1,JP Morgan:5.6
2026-03-21,PAYX,11.7,,1,RBC Capital:11.7
2026-03-21,PTC,27.7,,1,Keybanc:27.7
2026-03-21,TMUS,4.1,,1,Citigroup:4.1
2026-03-21,TTD,12,,1,Stifel:12
2026-03-21,VRTX,24.2,,1,Maxim Group:24.2
2026-03-21,VZ,10.6,,1,Citigroup:10.6
2026-03-23,ALGN,15.6,,1,Barclays:15.6
2026-03-23,BAC,17.9,,1,Goldman Sachs:17.9
2026-03-23,CEG,27.2,,1,JP Morgan:27.2
2026-03-23,CF,-4.35,20.5768,2,B of A Securities:-18.9|BMO Capital:10.2
2026-03-23,DLTR,7.9667,27.5039,3,Citigroup:8.5|B of A Securities:-19.8|Telsey Advisory Group:35.2
2026-03-23,DOV,7.8,,1,Wells Fargo:7.8
2026-03-23,DRI,13.1,,1,Barclays:13.1
2026-03-23,EQT,11.1,,1,JP Morgan:11.1
2026-03-23,ETN,17.6,,1,Jefferies:17.6
2026-03-23,EXR,8.2,,1,JP Morgan:8.2
2026-03-23,FDX,48.3,,1,Susquehanna:48.3
2026-03-23,GIS,19,23.8539,3,Goldman Sachs:6.6|Mizuho:3.9|RBC Capital:46.5
2026-03-23,INCY,1,,1,Jefferies:1
2026-03-23,LYB,-1.8,,1,Deutsche Bank:-1.8
2026-03-23,META,54.4,,1,Tigress Financial:54.4
2026-03-23,MOS,16.1,,1,B of A Securities:16.1
2026-03-23,MU,24.7,6.6468,2,Bernstein:20|JP Morgan:29.4
2026-03-23,OMC,50.5,,1,UBS:50.5
2026-03-23,ORCL,105.9,,1,Mizuho:105.9
2026-03-23,OXY,5.6,,1,JP Morgan:5.6
2026-03-23,PAYX,11.7,,1,RBC Capital:11.7
2026-03-23,PSA,7.8,,1,JP Morgan:7.8
2026-03-23,PTC,17.05,15.0614,2,Keybanc:27.7|Mizuho:6.4
2026-03-23,SHW,21,,1,Mizuho:21
2026-03-23,SMCI,8.3,,1,Northland Capital Markets:8.3
2026-03-23,T,11.4,,1,Citigroup:11.4
2026-03-23,TMUS,4.1,,1,Citigroup:4.1
2026-03-23,TTD,12,,1,Stifel:12
2026-03-23,VRTX,24.2,,1,Maxim Group:24.2
2026-03-23,VZ,10.6,,1,Citigroup:10.6
2026-03-23,WFC,17,,1,Goldman Sachs:17
2026-03-24,ALGN,15.6,,1,Barclays:15.6
2026-03-24,BAC,17.9,,1,Goldman Sachs:17.9
2026-03-24,BG,10.2,,1,JP Morgan:10.2
2026-03-24,CCI,5.9,,1,Wells Fargo:5.9
2026-03-24,CEG,27.2,,1,JP Morgan:27.2
2026-03-24,CF,-4.35,20.5768,2,B of A Securities:-18.9|BMO Capital:10.2
2026-03-24,DLTR,7.7,38.8909,2,B of A Securities:-19.8|Telsey Advisory Group:35.2
2026-03-24,DOV,7.8,,1,Wells Fargo:7.8
2026-03-24,DRI,13.1,,1,Barclays:13.1
2026-03-24,EXR,8.2,,1,JP Morgan:8.2
2026-03-24,FDX,48.3,,1,Susquehanna:48.3
2026-03-24,FICO,48.8,,1,Baird:48.8
2026-03-24,GIS,19,23.8539,3,Goldman Sachs:6.6|Mizuho:3.9|RBC Capital:46.5
2026-03-24,KMI,13,,1,Truist Securities:13
2026-03-24,LYB,-1.8,,1,Deutsche Bank:-1.8
2026-03-24,META,54.4,,1,Tigress Financial:54.4
2026-03-24,MOS,16.1,,1,B of A Securities:16.1
2026-03-24,MU,24.7,6.6468,2,Bernstein:20|JP Morgan:29.4
2026-03-24,OMC,50.5,,1,UBS:50.5
2026-03-24,OXY,5.6,,1,JP Morgan:5.6
2026-03-24,PAYX,11.7,,1,RBC Capital:11.7
2026-03-24,PCG,10,,1,Jefferies:10
2026-03-24,PGR,4.8,,1,Jefferies:4.8
2026-03-24,PSA,7.8,,1,JP Morgan:7.8
2026-03-24,PTC,17.05,15.0614,2,Keybanc:27.7|Mizuho:6.4
2026-03-24,SHW,21,,1,Mizuho:21
2026-03-24,SMCI,8.3,,1,Northland Capital Markets:8.3
2026-03-24,SRE,23.9,,1,Wells Fargo:23.9
2026-03-24,T,11.4,,1,Citigroup:11.4
2026-03-24,TRGP,16.4,,1,UBS:16.4
2026-03-24,TTD,12,,1,Stifel:12
2026-03-24,VRTX,24.2,,1,Maxim Group:24.2
2026-03-24,VZ,10.6,,1,Citigroup:10.6
2026-03-24,WFC,17,,1,Goldman Sachs:17
2026-03-25,AJG,27.9,,1,BMO Capital:27.9
2026-03-25,BAC,17.9,,1,Goldman Sachs:17.9
2026-03-25,BG,10.2,,1,JP Morgan:10.2
2026-03-25,BX,13.9,,1,BMO Capital:13.9
2026-03-25,CCI,5.9,,1,Wells Fargo:5.9
2026-03-25,CEG,27.2,,1,JP Morgan:27.2
2026-03-25,DRI,13.1,,1,Barclays:13.1
2026-03-25,EXR,8.2,,1,JP Morgan:8.2
2026-03-25,FDX,48.3,,1,Susquehanna:48.3
2026-03-25,FICO,48.8,,1,Baird:48.8
2026-03-25,GIS,19,23.8539,3,Goldman Sachs:6.6|Mizuho:3.9|RBC Capital:46.5
2026-03-25,HD,29.9,,1,Telsey Advisory Group:29.9
2026-03-25,KMI,13,,1,Truist Securities:13
2026-03-25,LYB,-1.8,,1,Deutsche Bank:-1.8
2026-03-25,META,54.4,,1,Tigress Financial:54.4
2026-03-25,MOS,16.1,,1,B of A Securities:16.1
2026-03-25,MU,24.7,6.6468,2,Bernstein:20|JP Morgan:29.4
2026-03-25,OMC,50.5,,1,UBS:50.5
2026-03-25,OXY,5.6,,1,JP Morgan:5.6
2026-03-25,PAYX,11.7,,1,RBC Capital:11.7
2026-03-25,PCG,10,,1,Jefferies:10
2026-03-25,PGR,4.8,,1,Jefferies:4.8
2026-03-25,PSA,7.8,,1,JP Morgan:7.8
2026-03-25,PTC,6.4,,1,Mizuho:6.4
2026-03-25,SHW,21,,1,Mizuho:21
2026-03-25,SMCI,7.2,1.5556,2,Northland Capital Markets:8.3|B of A Securities:6.1
2026-03-25,SRE,23.9,,1,Wells Fargo:23.9
2026-03-25,T,11.4,,1,Citigroup:11.4
2026-03-25,TRGP,16.4,,1,UBS:16.4
2026-03-25,TTD,12,,1,Stifel:12
2026-03-25,VZ,10.6,,1,Citigroup:10.6
2026-03-25,WAT,8.7,,1,Deutsche Bank:8.7
2026-03-25,WFC,17,,1,Goldman Sachs:17
2026-03-26,AJG,27.9,,1,BMO Capital:27.9
2026-03-26,BAC,17.9,,1,Goldman Sachs:17.9
2026-03-26,BG,10.2,,1,JP Morgan:10.2
2026-03-26,BX,13.9,,1,BMO Capital:13.9
2026-03-26,CCI,5.9,,1,Wells Fargo:5.9
2026-03-26,CEG,27.2,,1,JP Morgan:27.2
2026-03-26,CTAS,7.7,,1,Stifel:7.7
2026-03-26,DRI,13.1,,1,Barclays:13.1
2026-03-26,EXC,21,,1,Citigroup:21
2026-03-26,EXR,8.2,,1,JP Morgan:8.2
2026-03-26,FDX,48.3,,1,Susquehanna:48.3
2026-03-26,FICO,48.8,,1,Baird:48.8
2026-03-26,GM,26.4,,1,Wolfe Research:26.4
2026-03-26,HAL,8.1,,1,BMO Capital:8.1
2026-03-26,HD,29.9,,1,Telsey Advisory Group:29.9
2026-03-26,KMI,13,,1,Truist Securities:13
2026-03-26,LUV,3.1,,1,Freedom Broker:3.1
2026-03-26,MOS,16.1,,1,B of A Securities:16.1
2026-03-26,OMC,50.5,,1,UBS:50.5
2026-03-26,OXY,5.6,,1,JP Morgan:5.6
2026-03-26,PAYX,11.7,,1,RBC Capital:11.7
2026-03-26,PCG,10,,1,Jefferies:10
2026-03-26,PGR,4.8,,1,Jefferies:4.8
2026-03-26,PNC,22,,1,Jefferies:22
2026-03-26,PSA,7.8,,1,JP Morgan:7.8
2026-03-26,PTC,6.4,,1,Mizuho:6.4
2026-03-26,SHW,21,,1,Mizuho:21
2026-03-26,SMCI,7.2,1.5556,2,Northland Capital Markets:8.3|B of A Securities:6.1
2026-03-26,SRE,23.9,,1,Wells Fargo:23.9
2026-03-26,T,11.4,,1,Citigroup:11.4
2026-03-26,TFC,-21.6,,1,Jefferies:-21.6
2026-03-26,TRGP,16.4,,1,UBS:16.4
2026-03-26,VZ,10.6,,1,Citigroup:10.6
2026-03-26,WAT,8.7,,1,Deutsche Bank:8.7
2026-03-26,WFC,21.1,5.7983,2,Goldman Sachs:17|Jefferies:25.2
2026-03-27,AJG,27.9,,1,BMO Capital:27.9
2026-03-27,BAC,17.9,,1,Goldman Sachs:17.9
2026-03-27,BG,10.2,,1,JP Morgan:10.2
2026-03-27,BX,13.9,,1,BMO Capital:13.9
2026-03-27,CCI,5.9,,1,Wells Fargo:5.9
2026-03-27,CCL,58.7,,1,Mizuho:58.7
2026-03-27,CHRW,31.2,,1,B of A Securities:31.2
2026-03-27,CTAS,7.7,,1,Stifel:7.7
2026-03-27,DRI,13.1,,1,Barclays:13.1
2026-03-27,ES,8.75,1.0607,2,B of A Securities:8|UBS:9.5
2026-03-27,EXC,21,,1,Citigroup:21
2026-03-27,EXR,8.2,,1,JP Morgan:8.2
2026-03-27,FICO,48.8,,1,Baird:48.8
2026-03-27,GM,26.4,,1,Wolfe Research:26.4
2026-03-27,GNRC,26.6,,1,B of A Securities:26.6
2026-03-27,GPN,58.9,,1,Mizuho:58.9
2026-03-27,HAL,8.1,,1,BMO Capital:8.1
2026-03-27,HD,29.9,,1,Telsey Advisory Group:29.9
2026-03-27,KMI,3.55,13.3643,2,Truist Securities:13|Scotiabank:-5.9
2026-03-27,LUV,3.1,,1,Freedom Broker:3.1
2026-03-27,MOS,16.1,,1,B of A Securities:16.1
2026-03-27,OXY,5.6,,1,JP Morgan:5.6
2026-03-27,PAYX,34,,1,Baird:34
2026-03-27,PCG,10,,1,Jefferies:10
2026-03-27,PGR,4.8,,1,Jefferies:4.8
2026-03-27,PNC,22,,1,Jefferies:22
2026-03-27,PSA,7.8,,1,JP Morgan:7.8
2026-03-27,PTC,6.4,,1,Mizuho:6.4
2026-03-27,SHW,21,,1,Mizuho:21
2026-03-27,SMCI,7.2,1.5556,2,Northland Capital Markets:8.3|B of A Securities:6.1
2026-03-27,SRE,23.9,,1,Wells Fargo:23.9
2026-03-27,T,11.4,,1,Citigroup:11.4
2026-03-27,TFC,-21.6,,1,Jefferies:-21.6
2026-03-27,TRGP,16.4,,1,UBS:16.4
2026-03-27,WAT,8.7,,1,Deutsche Bank:8.7
2026-03-27,WFC,21.1,5.7983,2,Goldman Sachs:17|Jefferies:25.2
2026-03-28,AJG,27.9,,1,BMO Capital:27.9
2026-03-28,BAC,17.9,,1,Goldman Sachs:17.9
2026-03-28,BG,10.2,,1,JP Morgan:10.2
2026-03-28,BX,13.9,,1,BMO Capital:13.9
2026-03-28,CCI,5.9,,1,Wells Fargo:5.9
2026-03-28,CCL,58.7,,1,Mizuho:58.7
2026-03-28,CEG,35.5,,1,B of A Securities:35.5
2026-03-28,CHRW,31.2,,1,B of A Securities:31.2
2026-03-28,CTAS,7.7,,1,Stifel:7.7
2026-03-28,EQT,12.7,,1,BMO Capital:12.7
2026-03-28,ES,8.75,1.0607,2,B of A Securities:8|UBS:9.5
2026-03-28,EXC,21,,1,Citigroup:21
2026-03-28,EXR,8.2,,1,JP Morgan:8.2
2026-03-28,FICO,48.8,,1,Baird:48.8
2026-03-28,GM,26.4,,1,Wolfe Research:26.4
2026-03-28,GNRC,26.6,,1,B of A Securities:26.6
2026-03-28,GPN,58.9,,1,Mizuho:58.9
2026-03-28,HAL,8.1,,1,BMO Capital:8.1
2026-03-28,HD,29.9,,1,Telsey Advisory Group:29.9
2026-03-28,IEX,13,,1,BMO Capital:13
2026-03-28,KMI,3.55,13.3643,2,Truist Securities:13|Scotiabank:-5.9
2026-03-28,LUV,3.1,,1,Freedom Broker:3.1
2026-03-28,PAYX,34,,1,Baird:34
2026-03-28,PCG,10,,1,Jefferies:10
2026-03-28,PGR,4.8,,1,Jefferies:4.8
2026-03-28,PH,21.1,,1,BMO Capital:21.1
2026-03-28,PNC,22,,1,Jefferies:22
2026-03-28,PSA,7.8,,1,JP Morgan:7.8
2026-03-28,PTC,6.4,,1,Mizuho:6.4
2026-03-28,SHW,21,,1,Mizuho:21
2026-03-28,SMCI,7.2,1.5556,2,Northland Capital Markets:8.3|B of A Securities:6.1
2026-03-28,SRE,23.9,,1,Wells Fargo:23.9
2026-03-28,T,11.4,,1,Citigroup:11.4
2026-03-28,TFC,-21.6,,1,Jefferies:-21.6
2026-03-28,TRGP,16.4,,1,UBS:16.4
2026-03-28,WAT,8.7,,1,Deutsche Bank:8.7
2026-03-28,WFC,21.1,5.7983,2,Goldman Sachs:17|Jefferies:25.2
2026-03-30,AJG,27.9,,1,BMO Capital:27.9
2026-03-30,BG,10.2,,1,JP Morgan:10.2
2026-03-30,BX,13.9,,1,BMO Capital:13.9
2026-03-30,CCI,5.9,,1,Wells Fargo:5.9
2026-03-30,CCL,58.7,,1,Mizuho:58.7
2026-03-30,CEG,35.5,,1,B of A Securities:35.5
2026-03-30,CHRW,31.2,,1,B of A Securities:31.2
2026-03-30,CTAS,7.7,,1,Stifel:7.7
2026-03-30,DOW,15.3,,1,Wells Fargo:15.3
2026-03-30,EL,59.5,,1,Deutsche Bank:59.5
2026-03-30,EQT,12.7,,1,BMO Capital:12.7
2026-03-30,ES,8.75,1.0607,2,B of A Securities:8|UBS:9.5
2026-03-30,EXC,21,,1,Citigroup:21
2026-03-30,FICO,48.8,,1,Baird:48.8
2026-03-30,FITB,20.1,,1,Piper Sandler:20.1
2026-03-30,GM,26.4,,1,Wolfe Research:26.4
2026-03-30,GNRC,26.6,,1,B of A Securities:26.6
2026-03-30,GPN,58.9,,1,Mizuho:58.9
2026-03-30,HAL,8.1,,1,BMO Capital:8.1
2026-03-30,HD,29.9,,1,Telsey Advisory Group:29.9
2026-03-30,IEX,13,,1,BMO Capital:13
2026-03-30,KDP,6.5,,1,Deutsche Bank:6.5
2026-03-30,KHC,-9.6,,1,Deutsche Bank:-9.6
2026-03-30,KMB,10.1,,1,Deutsche Bank:10.1
2026-03-30,KMI,1.375,8.4528,4,Truist Securities:13|Scotiabank:-5.9|Citigroup:-3.7|RBC Capital:2.1
2026-03-30,LUV,3.1,,1,Freedom Broker:3.1
2026-03-30,MDLZ,-7.9,,1,Deutsche Bank:-7.9
2026-03-30,META,44.5,,1,Morgan Stanley:44.5
2026-03-30,PAYX,34,,1,Baird:34
2026-03-30,PCG,10,,1,Jefferies:10
2026-03-30,PG,13.3,,1,Deutsche Bank:13.3
2026-03-30,PGR,4.8,,1,Jefferies:4.8
2026-03-30,PH,21.1,,1,BMO Capital:21.1
2026-03-30,PNC,22,,1,Jefferies:22
2026-03-30,RF,10,,1,Piper Sandler:10
2026-03-30,SJM,2.1,,1,Deutsche Bank:2.1
2026-03-30,SMCI,6.1,,1,B of A Securities:6.1
2026-03-30,SRE,23.9,,1,Wells Fargo:23.9
2026-03-30,TAP,-4.8,,1,Deutsche Bank:-4.8
2026-03-30,TFC,-21.6,,1,Jefferies:-21.6
2026-03-30,TRGP,16.4,,1,UBS:16.4
2026-03-30,VRSK,24.4,,1,RBC Capital:24.4
2026-03-30,WAT,8.7,,1,Deutsche Bank:8.7
2026-03-30,WFC,25.2,,1,Jefferies:25.2
2026-03-31,AJG,27.9,,1,BMO Capital:27.9
2026-03-31,BX,13.9,,1,BMO Capital:13.9
2026-03-31,CCL,37.35,30.1935,2,Mizuho:58.7|Bernstein:16
2026-03-31,CEG,35.5,,1,B of A Securities:35.5
2026-03-31,CHRW,31.2,,1,B of A Securities:31.2
2026-03-31,CTAS,1.05,9.4045,2,Stifel:7.7|Citigroup:-5.6
2026-03-31,CVS,40.6,,1,Piper Sandler:40.6
2026-03-31,DOW,15.3,,1,Wells Fargo:15.3
2026-03-31,EL,59.5,,1,Deutsche Bank:59.5
2026-03-31,EQT,12.7,,1,BMO Capital:12.7
2026-03-31,ES,8.75,1.0607,2,B of A Securities:8|UBS:9.5
2026-03-31,EXC,21,,1,Citigroup:21
2026-03-31,FITB,20.1,,1,Piper Sandler:20.1
2026-03-31,GM,26.4,,1,Wolfe Research:26.4
2026-03-31,GNRC,26.6,,1,B of A Securities:26.6
2026-03-31,GPN,58.9,,1,Mizuho:58.9
2026-03-31,HAL,8.1,,1,BMO Capital:8.1
2026-03-31,HD,29.9,,1,Telsey Advisory Group:29.9
2026-03-31,IDXX,20.5,,1,Stifel:20.5
2026-03-31,IEX,13,,1,BMO Capital:13
2026-03-31,KDP,6.5,,1,Deutsche Bank:6.5
2026-03-31,KHC,-9.6,,1,Deutsche Bank:-9.6
2026-03-31,KMB,10.1,,1,Deutsche Bank:10.1
2026-03-31,KMI,-2.5,4.1328,3,Scotiabank:-5.9|Citigroup:-3.7|RBC Capital:2.1
2026-03-31,LUV,3.1,,1,Freedom Broker:3.1
2026-03-31,MDLZ,-7.9,,1,Deutsche Bank:-7.9
2026-03-31,META,44.5,,1,Morgan Stanley:44.5
2026-03-31,MLM,10,,1,Barclays:10
2026-03-31,NSC,9.8,,1,Bernstein:9.8
2026-03-31,PAYX,34,,1,Baird:34
2026-03-31,PG,13.3,,1,Deutsche Bank:13.3
2026-03-31,PH,21.1,,1,BMO Capital:21.1
2026-03-31,PNC,22,,1,Jefferies:22
2026-03-31,PNR,45.8,,1,Jefferies:45.8
2026-03-31,RF,10,,1,Piper Sandler:10
2026-03-31,ROK,16.3,,1,Baird:16.3
2026-03-31,SJM,2.1,,1,Deutsche Bank:2.1
2026-03-31,SMCI,6.1,,1,B of A Securities:6.1
2026-03-31,TAP,-4.8,,1,Deutsche Bank:-4.8
2026-03-31,TEL,23.7,,1,Jefferies:23.7
2026-03-31,TFC,-21.6,,1,Jefferies:-21.6
2026-03-31,TRMB,34.9,,1,Baird:34.9
2026-03-31,UNP,21.7,,1,Bernstein:21.7
2026-03-31,VRSK,24.4,,1,RBC Capital:24.4
2026-03-31,WAT,8.7,,1,Deutsche Bank:8.7
2026-03-31,WFC,25.2,,1,Jefferies:25.2
2026-04-01,ALLE,6.3,,1,Wells Fargo:6.3
2026-04-01,AMCR,25,,1,Deutsche Bank:25
2026-04-01,BA,22.9,,1,Wells Fargo:22.9
2026-04-01,CARR,2.4,,1,Wells Fargo:2.4
2026-04-01,CCL,37.35,30.1935,2,Mizuho:58.7|Bernstein:16
2026-04-01,CEG,24.6,15.4149,2,B of A Securities:35.5|Keybanc:13.7
2026-04-01,CF,-17.6,,1,Mizuho:-17.6
2026-04-01,CHRW,31.2,,1,B of A Securities:31.2
2026-04-01,CTAS,1.05,9.4045,2,Stifel:7.7|Citigroup:-5.6
2026-04-01,CVS,40.6,,1,Piper Sandler:40.6
2026-04-01,DOW,15.3,,1,Wells Fargo:15.3
2026-04-01,EL,59.5,,1,Deutsche Bank:59.5
2026-04-01,EQT,12.7,,1,BMO Capital:12.7
2026-04-01,ES,8.75,1.0607,2,B of A Securities:8|UBS:9.5
2026-04-01,EXC,21,,1,Citigroup:21
2026-04-01,FDS,0.5,,1,Goldman Sachs:0.5
2026-04-01,FITB,20.1,,1,Piper Sandler:20.1
2026-04-01,GE,12,,1,Wells Fargo:12
2026-04-01,GEV,0.8,,1,Wells Fargo:0.8
2026-04-01,GM,26.4,,1,Wolfe Research:26.4
2026-04-01,GNRC,26.6,,1,B of A Securities:26.6
2026-04-01,GPN,58.9,,1,Mizuho:58.9
2026-04-01,HAL,8.1,,1,BMO Capital:8.1
2026-04-01,IDXX,20.5,,1,Stifel:20.5
2026-04-01,IEX,13,,1,BMO Capital:13
2026-04-01,ITW,-3.9,,1,Barclays:-3.9
2026-04-01,KDP,6.5,,1,Deutsche Bank:6.5
2026-04-01,KHC,-9.6,,1,Deutsche Bank:-9.6
2026-04-01,KMB,10.1,,1,Deutsche Bank:10.1
2026-04-01,KMI,-2.5,4.1328,3,Scotiabank:-5.9|Citigroup:-3.7|RBC Capital:2.1
2026-04-01,LDOS,6.8,,1,Wells Fargo:6.8
2026-04-01,LUV,3.1,,1,Freedom Broker:3.1
2026-04-01,MDLZ,-7.9,,1,Deutsche Bank:-7.9
2026-04-01,MDT,21.85,23.6881,2,Barclays:38.6|Piper Sandler:5.1
2026-04-01,META,44.5,,1,Morgan Stanley:44.5
2026-04-01,MKC,27.4,,1,Jefferies:27.4
2026-04-01,MLM,10,,1,Barclays:10
2026-04-01,MMM,26.7,,1,Barclays:26.7
2026-04-01,NOC,16.1,,1,Wells Fargo:16.1
2026-04-01,NSC,9.8,,1,Bernstein:9.8
2026-04-01,OTIS,4.7,,1,Wells Fargo:4.7
2026-04-01,PAYX,34,,1,Baird:34
2026-04-01,PG,13.3,,1,Deutsche Bank:13.3
2026-04-01,PH,21.1,,1,BMO Capital:21.1
2026-04-01,PNC,22,,1,Jefferies:22
2026-04-01,PNR,45.8,,1,Jefferies:45.8
2026-04-01,RF,10,,1,Piper Sandler:10
2026-04-01,ROK,16.3,,1,Baird:16.3
2026-04-01,SCHW,26.3,,1,Truist Securities:26.3
2026-04-01,SJM,2.1,,1,Deutsche Bank:2.1
2026-04-01,SWK,32.8,,1,Barclays:32.8
2026-04-01,TAP,-4.8,,1,Deutsche Bank:-4.8
2026-04-01,TDG,3.5,,1,Wells Fargo:3.5
2026-04-01,TEL,23.7,,1,Jefferies:23.7
2026-04-01,TFC,-21.6,,1,Jefferies:-21.6
2026-04-01,TRMB,34.9,,1,Baird:34.9
2026-04-01,UNH,20.3,,1,Raymond James:20.3
2026-04-01,UNP,21.7,,1,Bernstein:21.7
2026-04-01,VRSK,24.4,,1,RBC Capital:24.4
2026-04-01,WFC,25.2,,1,Jefferies:25.2
2026-04-02,ALLE,6.3,,1,Wells Fargo:6.3
2026-04-02,AMCR,25,,1,Deutsche Bank:25
2026-04-02,BA,22.9,,1,Wells Fargo:22.9
2026-04-02,CARR,2.4,,1,Wells Fargo:2.4
2026-04-02,CCL,37.35,30.1935,2,Mizuho:58.7|Bernstein:16
2026-04-02,CEG,30.5,14.9412,3,B of A Securities:35.5|Keybanc:13.7|BMO Capital:42.3
2026-04-02,CF,-17.6,,1,Mizuho:-17.6
2026-04-02,CHRW,31.2,,1,B of A Securities:31.2
2026-04-02,COP,14.2,,1,Citigroup:14.2
2026-04-02,CTAS,-5.6,,1,Citigroup:-5.6
2026-04-02,CVS,40.6,,1,Piper Sandler:40.6
2026-04-02,CVX,16,,1,Citigroup:16
2026-04-02,DOW,15.3,,1,Wells Fargo:15.3
2026-04-02,EL,59.5,,1,Deutsche Bank:59.5
2026-04-02,EQT,12.7,,1,BMO Capital:12.7
2026-04-02,ES,8.75,1.0607,2,B of A Securities:8|UBS:9.5
2026-04-02,FDS,0.5,,1,Goldman Sachs:0.5
2026-04-02,FICO,45.5,,1,Goldman Sachs:45.5
2026-04-02,FITB,20.1,,1,Piper Sandler:20.1
2026-04-02,GE,12,,1,Wells Fargo:12
2026-04-02,GEV,0.8,,1,Wells Fargo:0.8
2026-04-02,GNRC,26.6,,1,B of A Securities:26.6
2026-04-02,GPN,50.05,12.5158,2,Mizuho:58.9|Citigroup:41.2
2026-04-02,IDXX,20.5,,1,Stifel:20.5
2026-04-02,IEX,13,,1,BMO Capital:13
2026-04-02,ITW,-3.9,,1,Barclays:-3.9
2026-04-02,KDP,6.5,,1,Deutsche Bank:6.5
2026-04-02,KHC,-9.6,,1,Deutsche Bank:-9.6
2026-04-02,KMB,10.1,,1,Deutsche Bank:10.1
2026-04-02,KMI,-2.5,4.1328,3,Scotiabank:-5.9|Citigroup:-3.7|RBC Capital:2.1
2026-04-02,LDOS,6.8,,1,Wells Fargo:6.8
2026-04-02,MDLZ,-7.9,,1,Deutsche Bank:-7.9
2026-04-02,MDT,21.85,23.6881,2,Barclays:38.6|Piper Sandler:5.1
2026-04-02,META,44.5,,1,Morgan Stanley:44.5
2026-04-02,MKC,27.4,,1,Jefferies:27.4
2026-04-02,MLM,10,,1,Barclays:10
2026-04-02,MMM,26.7,,1,Barclays:26.7
2026-04-02,NOC,16.1,,1,Wells Fargo:16.1
2026-04-02,NSC,9.8,,1,Bernstein:9.8
2026-04-02,OTIS,4.7,,1,Wells Fargo:4.7
2026-04-02,PAYX,34,,1,Baird:34
2026-04-02,PG,13.3,,1,Deutsche Bank:13.3
2026-04-02,PH,21.1,,1,BMO Capital:21.1
2026-04-02,PNR,45.8,,1,Jefferies:45.8
2026-04-02,RF,10,,1,Piper Sandler:10
2026-04-02,ROK,16.3,,1,Baird:16.3
2026-04-02,RTX,15.8,,1,Citigroup:15.8
2026-04-02,SCHW,26.3,,1,Truist Securities:26.3
2026-04-02,SJM,2.1,,1,Deutsche Bank:2.1
2026-04-02,SWK,32.8,,1,Barclays:32.8
2026-04-02,TAP,-4.8,,1,Deutsche Bank:-4.8
2026-04-02,TDG,3.5,,1,Wells Fargo:3.5
2026-04-02,TEL,23.7,,1,Jefferies:23.7
2026-04-02,TRMB,34.9,,1,Baird:34.9
2026-04-02,TXT,12.5,,1,Citigroup:12.5
2026-04-02,UNH,20.3,,1,Raymond James:20.3
2026-04-02,UNP,21.7,,1,Bernstein:21.7
2026-04-02,VRSK,24.4,,1,RBC Capital:24.4
2026-04-03,ALLE,6.3,,1,Wells Fargo:6.3
2026-04-03,AMCR,25,,1,Deutsche Bank:25
2026-04-03,BA,22.9,,1,Wells Fargo:22.9
2026-04-03,CARR,2.4,,1,Wells Fargo:2.4
2026-04-03,CCL,16,,1,Bernstein:16
2026-04-03,CEG,30.5,14.9412,3,B of A Securities:35.5|Keybanc:13.7|BMO Capital:42.3
2026-04-03,CF,-17.6,,1,Mizuho:-17.6
2026-04-03,COP,14.2,,1,Citigroup:14.2
2026-04-03,CTAS,-5.6,,1,Citigroup:-5.6
2026-04-03,CVS,40.6,,1,Piper Sandler:40.6
2026-04-03,CVX,16,,1,Citigroup:16
2026-04-03,DOW,15.3,,1,Wells Fargo:15.3
2026-04-03,EL,59.5,,1,Deutsche Bank:59.5
2026-04-03,EQT,12.7,,1,BMO Capital:12.7
2026-04-03,FANG,13.9,,1,Keybanc:13.9
2026-04-03,FDS,0.5,,1,Goldman Sachs:0.5
2026-04-03,FICO,45.5,,1,Goldman Sachs:45.5
2026-04-03,FITB,20.1,,1,Piper Sandler:20.1
2026-04-03,GE,12,,1,Wells Fargo:12
2026-04-03,GEV,0.8,,1,Wells Fargo:0.8
2026-04-03,GPN,41.2,,1,Citigroup:41.2
2026-04-03,IDXX,20.5,,1,Stifel:20.5
2026-04-03,IEX,13,,1,BMO Capital:13
2026-04-03,ITW,-3.9,,1,Barclays:-3.9
2026-04-03,KDP,6.5,,1,Deutsche Bank:6.5
2026-04-03,KHC,-9.6,,1,Deutsche Bank:-9.6
2026-04-03,KMB,10.1,,1,Deutsche Bank:10.1
2026-04-03,KMI,-0.8,4.1012,2,Citigroup:-3.7|RBC Capital:2.1
2026-04-03,LDOS,6.8,,1,Wells Fargo:6.8
2026-04-03,MDLZ,-7.9,,1,Deutsche Bank:-7.9
2026-04-03,MDT,21.85,23.6881,2,Barclays:38.6|Piper Sandler:5.1
2026-04-03,META,44.5,,1,Morgan Stanley:44.5
2026-04-03,MKC,27.4,,1,Jefferies:27.4
2026-04-03,MLM,10,,1,Barclays:10
2026-04-03,MMM,26.7,,1,Barclays:26.7
2026-04-03,NOC,16.1,,1,Wells Fargo:16.1
2026-04-03,NSC,9.8,,1,Bernstein:9.8
2026-04-03,OTIS,4.7,,1,Wells Fargo:4.7
2026-04-03,PG,13.3,,1,Deutsche Bank:13.3
2026-04-03,PH,21.1,,1,BMO Capital:21.1
2026-04-03,PNR,45.8,,1,Jefferies:45.8
2026-04-03,RDDT,35,,1,B of A Securities:35
2026-04-03,RF,10,,1,Piper Sandler:10
2026-04-03,ROK,16.3,,1,Baird:16.3
2026-04-03,RTX,15.8,,1,Citigroup:15.8
2026-04-03,SCHW,26.3,,1,Truist Securities:26.3
2026-04-03,SJM,2.1,,1,Deutsche Bank:2.1
2026-04-03,SWK,32.8,,1,Barclays:32.8
2026-04-03,SYY,26.6,,1,Guggenheim:26.6
2026-04-03,TAP,-4.8,,1,Deutsche Bank:-4.8
2026-04-03,TDG,3.5,,1,Wells Fargo:3.5
2026-04-03,TEL,23.7,,1,Jefferies:23.7
2026-04-03,TRMB,34.9,,1,Baird:34.9
2026-04-03,TXT,12.5,,1,Citigroup:12.5
2026-04-03,UNH,20.3,,1,Raymond James:20.3
2026-04-03,UNP,21.7,,1,Bernstein:21.7
2026-04-03,VRSK,24.4,,1,RBC Capital:24.4
2026-04-06,ALLE,6.3,,1,Wells Fargo:6.3
2026-04-06,AMCR,25,,1,Deutsche Bank:25
2026-04-06,BA,22.9,,1,Wells Fargo:22.9
2026-04-06,CARR,2.4,,1,Wells Fargo:2.4
2026-04-06,CCL,16,,1,Bernstein:16
2026-04-06,CEG,28,20.2233,2,Keybanc:13.7|BMO Capital:42.3
2026-04-06,CF,-17.6,,1,Mizuho:-17.6
2026-04-06,COP,14.2,,1,Citigroup:14.2
2026-04-06,CTAS,-5.6,,1,Citigroup:-5.6
2026-04-06,CVS,40.6,,1,Piper Sandler:40.6
2026-04-06,CVX,16,,1,Citigroup:16
2026-04-06,FANG,13.9,,1,Keybanc:13.9
2026-04-06,FDS,0.5,,1,Goldman Sachs:0.5
2026-04-06,FICO,45.5,,1,Goldman Sachs:45.5
2026-04-06,GE,12,,1,Wells Fargo:12
2026-04-06,GEV,0.8,,1,Wells Fargo:0.8
2026-04-06,GPN,41.2,,1,Citigroup:41.2
2026-04-06,IDXX,20.5,,1,Stifel:20.5
2026-04-06,ITW,-3.9,,1,Barclays:-3.9
2026-04-06,LDOS,6.8,,1,Wells Fargo:6.8
2026-04-06,MDT,21.85,23.6881,2,Barclays:38.6|Piper Sandler:5.1
2026-04-06,MKC,27.4,,1,Jefferies:27.4
2026-04-06,MLM,10,,1,Barclays:10
2026-04-06,MMM,26.7,,1,Barclays:26.7
2026-04-06,NOC,16.1,,1,Wells Fargo:16.1
2026-04-06,NSC,9.8,,1,Bernstein:9.8
2026-04-06,OTIS,4.7,,1,Wells Fargo:4.7
2026-04-06,PNR,45.8,,1,Jefferies:45.8
2026-04-06,RDDT,35,,1,B of A Securities:35
2026-04-06,RJF,3.1,,1,Jefferies:3.1
2026-04-06,ROK,16.3,,1,Baird:16.3
2026-04-06,RTX,15.8,,1,Citigroup:15.8
2026-04-06,SCHW,26,0.4243,2,Truist Securities:26.3|Jefferies:25.7
2026-04-06,SWK,32.8,,1,Barclays:32.8
2026-04-06,SYY,26.6,,1,Guggenheim:26.6
2026-04-06,TDG,3.5,,1,Wells Fargo:3.5
2026-04-06,TEL,23.7,,1,Jefferies:23.7
2026-04-06,TRMB,34.9,,1,Baird:34.9
2026-04-06,TXT,12.5,,1,Citigroup:12.5
2026-04-06,UNH,20.3,,1,Raymond James:20.3
2026-04-06,UNP,21.7,,1,Bernstein:21.7
2026-04-06,VMC,15.1,,1,Morgan Stanley:15.1
2026-04-06,WFC,17.3,,1,Evercore ISI Group:17.3
2026-04-06,WYNN,48.4,,1,Jefferies:48.4
2026-04-07,ALLE,6.3,,1,Wells Fargo:6.3
2026-04-07,AMCR,25,,1,Deutsche Bank:25
2026-04-07,APO,27.6,,1,Goldman Sachs:27.6
2026-04-07,BA,22.9,,1,Wells Fargo:22.9
2026-04-07,CARR,2.4,,1,Wells Fargo:2.4
2026-04-07,CEG,28,20.2233,2,Keybanc:13.7|BMO Capital:42.3
2026-04-07,CF,-17.6,,1,Mizuho:-17.6
2026-04-07,COF,43.1,,1,Goldman Sachs:43.1
2026-04-07,COP,14.2,,1,Citigroup:14.2
2026-04-07,CVX,16,,1,Citigroup:16
2026-04-07,FANG,13.9,,1,Keybanc:13.9
2026-04-07,FDS,0.5,,1,Goldman Sachs:0.5
2026-04-07,FICO,45.5,,1,Goldman Sachs:45.5
2026-04-07,FSLR,-3.1,,1,Jefferies:-3.1
2026-04-07,GE,12,,1,Wells Fargo:12
2026-04-07,GEV,0.8,,1,Wells Fargo:0.8
2026-04-07,GPN,41.2,,1,Citigroup:41.2
2026-04-07,ITW,-3.9,,1,Barclays:-3.9
2026-04-07,KKR,26.3,5.5154,2,Goldman Sachs:22.4|Piper Sandler:30.2
2026-04-07,LDOS,6.8,,1,Wells Fargo:6.8
2026-04-07,MCK,16.6,,1,B of A Securities:16.6
2026-04-07,MDT,23.8667,17.1103,3,Barclays:38.6|Piper Sandler:5.1|Citigroup:27.9
2026-04-07,MKC,27.4,,1,Jefferies:27.4
2026-04-07,MMM,26.7,,1,Barclays:26.7
2026-04-07,NOC,16.1,,1,Wells Fargo:16.1
2026-04-07,OTIS,4.7,,1,Wells Fargo:4.7
2026-04-07,RDDT,35,,1,B of A Securities:35
2026-04-07,RJF,3.1,,1,Jefferies:3.1
2026-04-07,RTX,15.8,,1,Citigroup:15.8
2026-04-07,SCHW,26,0.4243,2,Truist Securities:26.3|Jefferies:25.7
2026-04-07,SWK,32.8,,1,Barclays:32.8
2026-04-07,SYY,26.6,,1,Guggenheim:26.6
2026-04-07,TDG,3.5,,1,Wells Fargo:3.5
2026-04-07,TROW,-10.3,,1,Goldman Sachs:-10.3
2026-04-07,TSLA,55.3,,1,Baird:55.3
2026-04-07,TXT,12.5,,1,Citigroup:12.5
2026-04-07,UNH,20.3,,1,Raymond James:20.3
2026-04-07,VMC,15.1,,1,Morgan Stanley:15.1
2026-04-07,WFC,17.3,,1,Evercore ISI Group:17.3
2026-04-07,WYNN,48.4,,1,Jefferies:48.4
2026-04-08,ABNB,41.2,,1,Tigress Financial:41.2
2026-04-08,APO,27.6,,1,Goldman Sachs:27.6
2026-04-08,AXON,55.9,,1,Goldman Sachs:55.9
2026-04-08,CEG,42.3,,1,BMO Capital:42.3
2026-04-08,COF,43.1,,1,Goldman Sachs:43.1
2026-04-08,COP,21.35,10.1116,2,Citigroup:14.2|Piper Sandler:28.5
2026-04-08,CVX,16,,1,Citigroup:16
2026-04-08,DGX,7,,1,Evercore ISI Group:7
2026-04-08,FANG,13.9,,1,Keybanc:13.9
2026-04-08,FICO,45.5,,1,Goldman Sachs:45.5
2026-04-08,FSLR,-3.1,,1,Jefferies:-3.1
2026-04-08,GPN,41.2,,1,Citigroup:41.2
2026-04-08,HSIC,21.8,,1,Evercore ISI Group:21.8
2026-04-08,IQV,5.5,,1,Evercore ISI Group:5.5
2026-04-08,KDP,44.5,,1,Wells Fargo:44.5
2026-04-08,KKR,26.3,5.5154,2,Goldman Sachs:22.4|Piper Sandler:30.2
2026-04-08,LEN,-16.8,,1,Seaport Global:-16.8
2026-04-08,LH,10.3,,1,Evercore ISI Group:10.3
2026-04-08,LMT,4.5,,1,Jefferies:4.5
2026-04-08,MCK,16.6,,1,B of A Securities:16.6
2026-04-08,MDT,27.9,,1,Citigroup:27.9
2026-04-08,PHM,-15.8,,1,Seaport Global:-15.8
2026-04-08,RCL,15.9,,1,JP Morgan:15.9
2026-04-08,RDDT,35,,1,B of A Securities:35
2026-04-08,RJF,3.1,,1,Jefferies:3.1
2026-04-08,RTX,15.8,,1,Citigroup:15.8
2026-04-08,SCHW,25.7,,1,Jefferies:25.7
2026-04-08,SYY,26.6,,1,Guggenheim:26.6
2026-04-08,TROW,-10.3,,1,Goldman Sachs:-10.3
2026-04-08,TSLA,55.3,,1,Baird:55.3
2026-04-08,TXT,17,6.364,2,Citigroup:12.5|Jefferies:21.5
2026-04-08,VMC,15.1,,1,Morgan Stanley:15.1
2026-04-08,WFC,17.3,,1,Evercore ISI Group:17.3
2026-04-08,WYNN,48.4,,1,Jefferies:48.4
2026-04-09,ABNB,41.2,,1,Tigress Financial:41.2
2026-04-09,APO,27.6,,1,Goldman Sachs:27.6
2026-04-09,AXON,55.9,,1,Goldman Sachs:55.9
2026-04-09,COF,43.1,,1,Goldman Sachs:43.1
2026-04-09,COHR,4.7,,1,JP Morgan:4.7
2026-04-09,COP,28.5,,1,Piper Sandler:28.5
2026-04-09,COST,10.2,,1,Telsey Advisory Group:10.2
2026-04-09,DE,-9.5,,1,Jefferies:-9.5
2026-04-09,DGX,7,,1,Evercore ISI Group:7
2026-04-09,FANG,13.9,,1,Keybanc:13.9
2026-04-09,FSLR,-3.1,,1,Jefferies:-3.1
2026-04-09,GEV,14.5,,1,Susquehanna:14.5
2026-04-09,HSIC,21.8,,1,Evercore ISI Group:21.8
2026-04-09,ICE,13.4,,1,Keefe; Bruyette & Woods:13.4
2026-04-09,IQV,5.5,,1,Evercore ISI Group:5.5
2026-04-09,ISRG,32.6,,1,Goldman Sachs:32.6
2026-04-09,KDP,44.5,,1,Wells Fargo:44.5
2026-04-09,KKR,26.3,5.5154,2,Goldman Sachs:22.4|Piper Sandler:30.2
2026-04-09,LEN,-16.8,,1,Seaport Global:-16.8
2026-04-09,LH,10.3,,1,Evercore ISI Group:10.3
2026-04-09,LMT,4.5,,1,Jefferies:4.5
2026-04-09,MCK,16.6,,1,B of A Securities:16.6
2026-04-09,MDT,27.9,,1,Citigroup:27.9
2026-04-09,MGM,-5,,1,Morgan Stanley:-5
2026-04-09,PG,-1.7,,1,Piper Sandler:-1.7
2026-04-09,PHM,-15.8,,1,Seaport Global:-15.8
2026-04-09,PRU,2.1,,1,UBS:2.1
2026-04-09,RCL,15.9,,1,JP Morgan:15.9
2026-04-09,RDDT,35,,1,B of A Securities:35
2026-04-09,REGN,20.5,,1,Bernstein:20.5
2026-04-09,RJF,3.1,,1,Jefferies:3.1
2026-04-09,SCHW,25.7,,1,Jefferies:25.7
2026-04-09,SYY,26.6,,1,Guggenheim:26.6
2026-04-09,TROW,-10.3,,1,Goldman Sachs:-10.3
2026-04-09,TSLA,55.3,,1,Baird:55.3
2026-04-09,TXT,21.5,,1,Jefferies:21.5
2026-04-09,VMC,15.1,,1,Morgan Stanley:15.1
2026-04-09,WFC,17.3,,1,Evercore ISI Group:17.3
2026-04-09,WYNN,48.4,,1,Jefferies:48.4
2026-04-09,XOM,12.85,6.2933,2,Jefferies:17.3|JP Morgan:8.4
2026-04-10,ABNB,41.2,,1,Tigress Financial:41.2
2026-04-10,AES,4.1,,1,Susquehanna:4.1
2026-04-10,APO,27.6,,1,Goldman Sachs:27.6
2026-04-10,AXON,55.9,,1,Goldman Sachs:55.9
2026-04-10,AXP,30.8,,1,Wells Fargo:30.8
2026-04-10,BDX,7.5,,1,Goldman Sachs:7.5
2026-04-10,COF,38.5,6.5054,2,Goldman Sachs:43.1|Wells Fargo:33.9
2026-04-10,COHR,4.7,,1,JP Morgan:4.7
2026-04-10,COP,28.5,,1,Piper Sandler:28.5
2026-04-10,COST,10.2,,1,Telsey Advisory Group:10.2
2026-04-10,DE,-9.5,,1,Jefferies:-9.5
2026-04-10,DGX,7,,1,Evercore ISI Group:7
2026-04-10,FSLR,-3.1,,1,Jefferies:-3.1
2026-04-10,GEV,14.5,,1,Susquehanna:14.5
2026-04-10,HSIC,21.8,,1,Evercore ISI Group:21.8
2026-04-10,ICE,13.4,,1,Keefe; Bruyette & Woods:13.4
2026-04-10,IQV,5.5,,1,Evercore ISI Group:5.5
2026-04-10,ISRG,32.6,,1,Goldman Sachs:32.6
2026-04-10,IT,1.8,,1,Barclays:1.8
2026-04-10,KDP,44.5,,1,Wells Fargo:44.5
2026-04-10,KKR,26.3,5.5154,2,Goldman Sachs:22.4|Piper Sandler:30.2
2026-04-10,KMB,22.5,,1,B of A Securities:22.5
2026-04-10,LEN,-16.8,,1,Seaport Global:-16.8
2026-04-10,LH,10.3,,1,Evercore ISI Group:10.3
2026-04-10,LIN,14.4,,1,UBS:14.4
2026-04-10,LMT,4.5,,1,Jefferies:4.5
2026-04-10,MCK,16.6,,1,B of A Securities:16.6
2026-04-10,MDLZ,10,,1,B of A Securities:10
2026-04-10,MDT,27.9,,1,Citigroup:27.9
2026-04-10,MGM,-5,,1,Morgan Stanley:-5
2026-04-10,PFE,2.5,,1,Morgan Stanley:2.5
2026-04-10,PG,-1.7,,1,Piper Sandler:-1.7
2026-04-10,PHM,-15.8,,1,Seaport Global:-15.8
2026-04-10,PPG,17.4,,1,Wells Fargo:17.4
2026-04-10,PRU,2.1,,1,UBS:2.1
2026-04-10,RCL,15.9,,1,JP Morgan:15.9
2026-04-10,REGN,20.5,,1,Bernstein:20.5
2026-04-10,RJF,3.1,,1,Jefferies:3.1
2026-04-10,RSG,12.9,,1,JP Morgan:12.9
2026-04-10,SCHW,25.7,,1,Jefferies:25.7
2026-04-10,TROW,-10.3,,1,Goldman Sachs:-10.3
2026-04-10,TSLA,55.3,,1,Baird:55.3
2026-04-10,TXT,21.5,,1,Jefferies:21.5
2026-04-10,VMC,15.1,,1,Morgan Stanley:15.1
2026-04-10,WFC,17.3,,1,Evercore ISI Group:17.3
2026-04-10,WM,16.4,,1,JP Morgan:16.4
2026-04-10,WYNN,48.4,,1,Jefferies:48.4
2026-04-10,XOM,15.2667,6.1093,3,Jefferies:17.3|JP Morgan:8.4|Wells Fargo:20.1
2026-04-11,ABNB,41.2,,1,Tigress Financial:41.2
2026-04-11,AES,4.1,,1,Susquehanna:4.1
2026-04-11,APO,27.6,,1,Goldman Sachs:27.6
2026-04-11,AXON,55.9,,1,Goldman Sachs:55.9
2026-04-11,AXP,30.8,,1,Wells Fargo:30.8
2026-04-11,BDX,7.5,,1,Goldman Sachs:7.5
2026-04-11,CBOE,-7.5,,1,Morgan Stanley:-7.5
2026-04-11,CL,18.7,,1,B of A Securities:18.7
2026-04-11,COF,38.5,6.5054,2,Goldman Sachs:43.1|Wells Fargo:33.9
2026-04-11,COHR,4.7,,1,JP Morgan:4.7
2026-04-11,COP,28.5,,1,Piper Sandler:28.5
2026-04-11,COST,10.2,,1,Telsey Advisory Group:10.2
2026-04-11,DE,-9.5,,1,Jefferies:-9.5
2026-04-11,DGX,7,,1,Evercore ISI Group:7
2026-04-11,FSLR,-3.1,,1,Jefferies:-3.1
2026-04-11,GEV,14.5,,1,Susquehanna:14.5
2026-04-11,HSIC,21.8,,1,Evercore ISI Group:21.8
2026-04-11,ICE,13.4,,1,Keefe; Bruyette & Woods:13.4
2026-04-11,IQV,5.5,,1,Evercore ISI Group:5.5
2026-04-11,ISRG,32.6,,1,Goldman Sachs:32.6
2026-04-11,IT,1.8,,1,Barclays:1.8
2026-04-11,IVZ,19.4,,1,BMO Capital:19.4
2026-04-11,KDP,44.5,,1,Wells Fargo:44.5
2026-04-11,KKR,26.3,5.5154,2,Goldman Sachs:22.4|Piper Sandler:30.2
2026-04-11,KMB,22.5,,1,B of A Securities:22.5
2026-04-11,LEN,-16.8,,1,Seaport Global:-16.8
2026-04-11,LH,10.3,,1,Evercore ISI Group:10.3
2026-04-11,LIN,14.4,,1,UBS:14.4
2026-04-11,LMT,4.5,,1,Jefferies:4.5
2026-04-11,MCK,16.6,,1,B of A Securities:16.6
2026-04-11,MDLZ,10,,1,B of A Securities:10
2026-04-11,MDT,27.9,,1,Citigroup:27.9
2026-04-11,MGM,-5,,1,Morgan Stanley:-5
2026-04-11,MO,8.2,,1,B of A Securities:8.2
2026-04-11,PFE,2.5,,1,Morgan Stanley:2.5
2026-04-11,PG,-1.7,,1,Piper Sandler:-1.7
2026-04-11,PH,1.4,,1,Stifel:1.4
2026-04-11,PHM,-15.8,,1,Seaport Global:-15.8
2026-04-11,PPG,17.4,,1,Wells Fargo:17.4
2026-04-11,PRU,2.1,,1,UBS:2.1
2026-04-11,RCL,15.9,,1,JP Morgan:15.9
2026-04-11,REGN,20.5,,1,Bernstein:20.5
2026-04-11,RJF,3.1,,1,Jefferies:3.1
2026-04-11,RSG,12.9,,1,JP Morgan:12.9
2026-04-11,SCHW,25.7,,1,Jefferies:25.7
2026-04-11,TROW,-10.3,,1,Goldman Sachs:-10.3
2026-04-11,TSLA,55.3,,1,Baird:55.3
2026-04-11,TXT,21.5,,1,Jefferies:21.5
2026-04-11,VMC,15.1,,1,Morgan Stanley:15.1
2026-04-11,WFC,17.3,,1,Evercore ISI Group:17.3
2026-04-11,WM,16.4,,1,JP Morgan:16.4
2026-04-11,WYNN,48.4,,1,Jefferies:48.4
2026-04-11,XOM,15.2667,6.1093,3,Jefferies:17.3|JP Morgan:8.4|Wells Fargo:20.1
2026-04-13,ABNB,41.2,,1,Tigress Financial:41.2
2026-04-13,AES,4.1,,1,Susquehanna:4.1
2026-04-13,AOS,-7.3,,1,Goldman Sachs:-7.3
2026-04-13,APO,27.6,,1,Goldman Sachs:27.6
2026-04-13,AXON,55.9,,1,Goldman Sachs:55.9
2026-04-13,AXP,30.8,,1,Wells Fargo:30.8
2026-04-13,BDX,7.5,,1,Goldman Sachs:7.5
2026-04-13,CBOE,-7.5,,1,Morgan Stanley:-7.5
2026-04-13,CL,18.7,,1,B of A Securities:18.7
2026-04-13,COF,38.5,6.5054,2,Goldman Sachs:43.1|Wells Fargo:33.9
2026-04-13,COHR,4.7,,1,JP Morgan:4.7
2026-04-13,COP,28.5,,1,Piper Sandler:28.5
2026-04-13,COST,10.2,,1,Telsey Advisory Group:10.2
2026-04-13,DE,-9.5,,1,Jefferies:-9.5
2026-04-13,DGX,7,,1,Evercore ISI Group:7
2026-04-13,DOV,16.7,,1,Citigroup:16.7
2026-04-13,FSLR,-3.1,,1,Jefferies:-3.1
2026-04-13,GEHC,23.9,,1,Mizuho:23.9
2026-04-13,GEV,14.5,,1,Susquehanna:14.5
2026-04-13,GILD,19.6,,1,Citigroup:19.6
2026-04-13,HSIC,21.8,,1,Evercore ISI Group:21.8
2026-04-13,ICE,13.4,,1,Keefe; Bruyette & Woods:13.4
2026-04-13,IQV,5.5,,1,Evercore ISI Group:5.5
2026-04-13,ISRG,32.6,,1,Goldman Sachs:32.6
2026-04-13,IT,1.8,,1,Barclays:1.8
2026-04-13,IVZ,19.4,,1,BMO Capital:19.4
2026-04-13,KDP,44.5,,1,Wells Fargo:44.5
2026-04-13,KKR,26.3,5.5154,2,Goldman Sachs:22.4|Piper Sandler:30.2
2026-04-13,KMB,22.5,,1,B of A Securities:22.5
2026-04-13,LEN,-16.8,,1,Seaport Global:-16.8
2026-04-13,LH,10.3,,1,Evercore ISI Group:10.3
2026-04-13,LIN,14.4,,1,UBS:14.4
2026-04-13,LMT,4.5,,1,Jefferies:4.5
2026-04-13,MCK,16.6,,1,B of A Securities:16.6
2026-04-13,MDLZ,10,,1,B of A Securities:10
2026-04-13,MDT,27.9,,1,Citigroup:27.9
2026-04-13,MGM,-5,,1,Morgan Stanley:-5
2026-04-13,MO,8.2,,1,B of A Securities:8.2
2026-04-13,NKE,13.7,,1,HSBC:13.7
2026-04-13,PEG,10.2,,1,BMO Capital:10.2
2026-04-13,PFE,2.5,,1,Morgan Stanley:2.5
2026-04-13,PG,-1.7,,1,Piper Sandler:-1.7
2026-04-13,PH,1.4,,1,Stifel:1.4
2026-04-13,PHM,-15.8,,1,Seaport Global:-15.8
2026-04-13,PPG,17.4,,1,Wells Fargo:17.4
2026-04-13,PRU,2.1,,1,UBS:2.1
2026-04-13,RCL,15.9,,1,JP Morgan:15.9
2026-04-13,REGN,20.5,,1,Bernstein:20.5
2026-04-13,RSG,12.9,,1,JP Morgan:12.9
2026-04-13,TROW,-10.3,,1,Goldman Sachs:-10.3
2026-04-13,TSLA,55.3,,1,Baird:55.3
2026-04-13,TXT,21.5,,1,Jefferies:21.5
2026-04-13,WM,16.4,,1,JP Morgan:16.4
2026-04-13,XOM,15.2667,6.1093,3,Jefferies:17.3|JP Morgan:8.4|Wells Fargo:20.1
2026-04-14,ABNB,41.2,,1,Tigress Financial:41.2
2026-04-14,AES,4.1,,1,Susquehanna:4.1
2026-04-14,AOS,-7.3,,1,Goldman Sachs:-7.3
2026-04-14,APD,9.2,,1,BMO Capital:9.2
2026-04-14,AXON,55.9,,1,Goldman Sachs:55.9
2026-04-14,AXP,30.8,,1,Wells Fargo:30.8
2026-04-14,BDX,7.5,,1,Goldman Sachs:7.5
2026-04-14,CB,-17.3,,1,B of A Securities:-17.3
2026-04-14,CBOE,-7.5,,1,Morgan Stanley:-7.5
2026-04-14,CCL,23.9,,1,UBS:23.9
2026-04-14,CF,10.1,,1,Goldman Sachs:10.1
2026-04-14,CL,18.7,,1,B of A Securities:18.7
2026-04-14,COF,33.9,,1,Wells Fargo:33.9
2026-04-14,COHR,4.7,,1,JP Morgan:4.7
2026-04-14,COP,28.5,,1,Piper Sandler:28.5
2026-04-14,COST,10.2,,1,Telsey Advisory Group:10.2
2026-04-14,DE,-9.5,,1,Jefferies:-9.5
2026-04-14,DGX,7,,1,Evercore ISI Group:7
2026-04-14,DOV,16.7,,1,Citigroup:16.7
2026-04-14,GEHC,23.9,,1,Mizuho:23.9
2026-04-14,GEV,14.5,,1,Susquehanna:14.5
2026-04-14,GILD,19.6,,1,Citigroup:19.6
2026-04-14,HIG,-0.1,,1,B of A Securities:-0.1
2026-04-14,HSIC,21.8,,1,Evercore ISI Group:21.8
2026-04-14,ICE,13.4,,1,Keefe; Bruyette & Woods:13.4
2026-04-14,IQV,5.5,,1,Evercore ISI Group:5.5
2026-04-14,ISRG,32.6,,1,Goldman Sachs:32.6
2026-04-14,IT,1.8,,1,Barclays:1.8
2026-04-14,IVZ,19.4,,1,BMO Capital:19.4
2026-04-14,J,0.1,,1,Baird:0.1
2026-04-14,JPM,11.4,,1,Piper Sandler:11.4
2026-04-14,KDP,44.5,,1,Wells Fargo:44.5
2026-04-14,KEYS,15.1,,1,Goldman Sachs:15.1
2026-04-14,KMB,22.5,,1,B of A Securities:22.5
2026-04-14,LEN,-16.8,,1,Seaport Global:-16.8
2026-04-14,LH,10.3,,1,Evercore ISI Group:10.3
2026-04-14,LIN,14.4,,1,UBS:14.4
2026-04-14,LMT,4.5,,1,Jefferies:4.5
2026-04-14,MA,32.9,,1,Citigroup:32.9
2026-04-14,MDLZ,10,,1,B of A Securities:10
2026-04-14,MET,31.3,,1,B of A Securities:31.3
2026-04-14,MGM,-5,,1,Morgan Stanley:-5
2026-04-14,MO,8.2,,1,B of A Securities:8.2
2026-04-14,NKE,13.7,,1,HSBC:13.7
2026-04-14,PEG,10.2,,1,BMO Capital:10.2
2026-04-14,PFE,0.9,2.2627,2,Morgan Stanley:2.5|UBS:-0.7
2026-04-14,PG,-1.7,,1,Piper Sandler:-1.7
2026-04-14,PH,1.4,,1,Stifel:1.4
2026-04-14,PHM,-15.8,,1,Seaport Global:-15.8
2026-04-14,PPG,17.4,,1,Wells Fargo:17.4
2026-04-14,PRU,4.1,2.8284,2,UBS:2.1|B of A Securities:6.1
2026-04-14,RCL,15.9,,1,JP Morgan:15.9
2026-04-14,RDDT,17.9,,1,Goldman Sachs:17.9
2026-04-14,REGN,20.5,,1,Bernstein:20.5
2026-04-14,RSG,12.9,,1,JP Morgan:12.9
2026-04-14,SBUX,-6,,1,Jefferies:-6
2026-04-14,SPGI,28.7,,1,Wells Fargo:28.7
2026-04-14,TEL,14.1,,1,Goldman Sachs:14.1
2026-04-14,TXT,21.5,,1,Jefferies:21.5
2026-04-14,VRT,1.3,,1,Goldman Sachs:1.3
2026-04-14,WM,16.4,,1,JP Morgan:16.4
2026-04-14,WTW,20.9,,1,B of A Securities:20.9
2026-04-14,XOM,15.2667,6.1093,3,Jefferies:17.3|JP Morgan:8.4|Wells Fargo:20.1
2026-04-15,AES,4.1,,1,Susquehanna:4.1
2026-04-15,AOS,-7.3,,1,Goldman Sachs:-7.3
2026-04-15,APD,9.2,,1,BMO Capital:9.2
2026-04-15,AXP,30.8,,1,Wells Fargo:30.8
2026-04-15,BDX,7.5,,1,Goldman Sachs:7.5
2026-04-15,BLK,24.6,,1,Goldman Sachs:24.6
2026-04-15,C,14.2667,3.4588,3,Barclays:17.3|Goldman Sachs:15|Piper Sandler:10.5
2026-04-15,CB,-17.3,,1,B of A Securities:-17.3
2026-04-15,CBOE,-7.5,,1,Morgan Stanley:-7.5
2026-04-15,CCL,23.9,,1,UBS:23.9
2026-04-15,CF,10.1,,1,Goldman Sachs:10.1
2026-04-15,CL,18.7,,1,B of A Securities:18.7
2026-04-15,CNP,3.1,,1,Barclays:3.1
2026-04-15,COF,33.9,,1,Wells Fargo:33.9
2026-04-15,COHR,4.7,,1,JP Morgan:4.7
2026-04-15,COST,10.2,,1,Telsey Advisory Group:10.2
2026-04-15,DE,-9.5,,1,Jefferies:-9.5
2026-04-15,DHR,15.5,,1,Barclays:15.5
2026-04-15,DOV,16.7,,1,Citigroup:16.7
2026-04-15,EVRG,7.8,,1,B of A Securities:7.8
2026-04-15,FAST,12.4,,1,Baird:12.4
2026-04-15,FDX,46.7,,1,Stephens & Co.:46.7
2026-04-15,GEHC,23.9,,1,Mizuho:23.9
2026-04-15,GEV,14.5,,1,Susquehanna:14.5
2026-04-15,GILD,19.6,,1,Citigroup:19.6
2026-04-15,GM,13.2,,1,Deutsche Bank:13.2
2026-04-15,HIG,-0.1,,1,B of A Securities:-0.1
2026-04-15,ICE,13.4,,1,Keefe; Bruyette & Woods:13.4
2026-04-15,ISRG,32.6,,1,Goldman Sachs:32.6
2026-04-15,IT,1.8,,1,Barclays:1.8
2026-04-15,IVZ,19.4,,1,BMO Capital:19.4
2026-04-15,J,0.1,,1,Baird:0.1
2026-04-15,JNJ,5.25,1.4849,2,Barclays:6.3|Stifel:4.2
2026-04-15,JPM,6.65,6.7175,2,Piper Sandler:11.4|Jefferies:1.9
2026-04-15,KEYS,15.1,,1,Goldman Sachs:15.1
2026-04-15,KMB,22.5,,1,B of A Securities:22.5
2026-04-15,KVUE,9.5,,1,Citigroup:9.5
2026-04-15,LIN,14.4,,1,UBS:14.4
2026-04-15,LNT,2.8,,1,Barclays:2.8
2026-04-15,MA,32.9,,1,Citigroup:32.9
2026-04-15,MDLZ,10,,1,B of A Securities:10
2026-04-15,MET,31.3,,1,B of A Securities:31.3
2026-04-15,MGM,-5,,1,Morgan Stanley:-5
2026-04-15,MO,8.2,,1,B of A Securities:8.2
2026-04-15,NKE,13.7,,1,HSBC:13.7
2026-04-15,PEG,10.2,,1,BMO Capital:10.2
2026-04-15,PFE,0.9,2.2627,2,Morgan Stanley:2.5|UBS:-0.7
2026-04-15,PG,-1.7,,1,Piper Sandler:-1.7
2026-04-15,PH,1.4,,1,Stifel:1.4
2026-04-15,PPG,17.4,,1,Wells Fargo:17.4
2026-04-15,PRU,4.1,2.8284,2,UBS:2.1|B of A Securities:6.1
2026-04-15,RDDT,17.9,,1,Goldman Sachs:17.9
2026-04-15,REGN,20.5,,1,Bernstein:20.5
2026-04-15,RSG,12.9,,1,JP Morgan:12.9
2026-04-15,SBUX,-6,,1,Jefferies:-6
2026-04-15,SPGI,28.7,,1,Wells Fargo:28.7
2026-04-15,TEL,14.1,,1,Goldman Sachs:14.1
2026-04-15,VRT,1.3,,1,Goldman Sachs:1.3
2026-04-15,WFC,33.5,,1,Barclays:33.5
2026-04-15,WM,16.4,,1,JP Morgan:16.4
2026-04-15,WTW,20.9,,1,B of A Securities:20.9
2026-04-15,XOM,15.2667,6.1093,3,Jefferies:17.3|JP Morgan:8.4|Wells Fargo:20.1
2026-04-16,AES,4.1,,1,Susquehanna:4.1
2026-04-16,ANET,28.3,,1,JP Morgan:28.3
2026-04-16,AOS,-7.3,,1,Goldman Sachs:-7.3
2026-04-16,APD,9.2,,1,BMO Capital:9.2
2026-04-16,AXP,30.8,,1,Wells Fargo:30.8
2026-04-16,BALL,21.4,,1,Truist Securities:21.4
2026-04-16,BDX,7.5,,1,Goldman Sachs:7.5
2026-04-16,BLK,24.6,,1,Goldman Sachs:24.6
2026-04-16,C,14.2667,3.4588,3,Barclays:17.3|Goldman Sachs:15|Piper Sandler:10.5
2026-04-16,CB,-17.3,,1,B of A Securities:-17.3
2026-04-16,CBOE,-7.5,,1,Morgan Stanley:-7.5
2026-04-16,CCL,23.9,,1,UBS:23.9
2026-04-16,CF,10.1,,1,Goldman Sachs:10.1
2026-04-16,CL,18.7,,1,B of A Securities:18.7
2026-04-16,CNP,3.1,,1,Barclays:3.1
2026-04-16,COF,33.9,,1,Wells Fargo:33.9
2026-04-16,CSCO,17,,1,JP Morgan:17
2026-04-16,D,4.5,,1,B of A Securities:4.5
2026-04-16,DHR,15.5,,1,Barclays:15.5
2026-04-16,DOV,16.7,,1,Citigroup:16.7
2026-04-16,EVRG,7.8,,1,B of A Securities:7.8
2026-04-16,FAST,12.4,,1,Baird:12.4
2026-04-16,FDX,46.7,,1,Stephens & Co.:46.7
2026-04-16,FLEX,7.9,,1,JP Morgan:7.9
2026-04-16,GEHC,23.9,,1,Mizuho:23.9
2026-04-16,GILD,19.6,,1,Citigroup:19.6
2026-04-16,GM,13.2,,1,Deutsche Bank:13.2
2026-04-16,GRMN,7.3,,1,JP Morgan:7.3
2026-04-16,HIG,-0.1,,1,B of A Securities:-0.1
2026-04-16,IT,1.8,,1,Barclays:1.8
2026-04-16,IVZ,19.4,,1,BMO Capital:19.4
2026-04-16,J,0.1,,1,Baird:0.1
2026-04-16,JNJ,5.25,1.4849,2,Barclays:6.3|Stifel:4.2
2026-04-16,JPM,6.65,6.7175,2,Piper Sandler:11.4|Jefferies:1.9
2026-04-16,KEYS,15.1,,1,Goldman Sachs:15.1
2026-04-16,KIM,2.3,,1,Morgan Stanley:2.3
2026-04-16,KMB,22.5,,1,B of A Securities:22.5
2026-04-16,KVUE,9.5,,1,Citigroup:9.5
2026-04-16,LIN,14.4,,1,UBS:14.4
2026-04-16,LNT,2.8,,1,Barclays:2.8
2026-04-16,MA,32.9,,1,Citigroup:32.9
2026-04-16,MDLZ,10,,1,B of A Securities:10
2026-04-16,MET,31.3,,1,B of A Securities:31.3
2026-04-16,MO,8.2,,1,B of A Securities:8.2
2026-04-16,NKE,13.7,,1,HSBC:13.7
2026-04-16,NOW,38.3,,1,Deutsche Bank:38.3
2026-04-16,PEG,10.2,,1,BMO Capital:10.2
2026-04-16,PFE,0.9,2.2627,2,Morgan Stanley:2.5|UBS:-0.7
2026-04-16,PH,1.4,,1,Stifel:1.4
2026-04-16,PPG,17.4,,1,Wells Fargo:17.4
2026-04-16,PRU,6.1,,1,B of A Securities:6.1
2026-04-16,RDDT,17.9,,1,Goldman Sachs:17.9
2026-04-16,RSG,12.9,,1,JP Morgan:12.9
2026-04-16,SBUX,-6,,1,Jefferies:-6
2026-04-16,SPGI,28.7,,1,Wells Fargo:28.7
2026-04-16,TEL,14.1,,1,Goldman Sachs:14.1
2026-04-16,VRT,1.3,,1,Goldman Sachs:1.3
2026-04-16,WFC,33.5,,1,Barclays:33.5
2026-04-16,WM,16.4,,1,JP Morgan:16.4
2026-04-16,WTW,20.9,,1,B of A Securities:20.9
2026-04-16,XOM,20.1,,1,Wells Fargo:20.1
2026-04-17,ANET,28.3,,1,JP Morgan:28.3
2026-04-17,AOS,-7.3,,1,Goldman Sachs:-7.3
2026-04-17,APD,9.2,,1,BMO Capital:9.2
2026-04-17,BALL,21.4,,1,Truist Securities:21.4
2026-04-17,BLK,24.6,,1,Goldman Sachs:24.6
2026-04-17,C,14.2667,3.4588,3,Barclays:17.3|Goldman Sachs:15|Piper Sandler:10.5
2026-04-17,CB,-17.3,,1,B of A Securities:-17.3
2026-04-17,CBOE,-7.5,,1,Morgan Stanley:-7.5
2026-04-17,CCL,23.9,,1,UBS:23.9
2026-04-17,CF,10.1,,1,Goldman Sachs:10.1
2026-04-17,CL,18.7,,1,B of A Securities:18.7
2026-04-17,CNP,3.1,,1,Barclays:3.1
2026-04-17,CSCO,17,,1,JP Morgan:17
2026-04-17,D,4.5,,1,B of A Securities:4.5
2026-04-17,DHR,15.5,,1,Barclays:15.5
2026-04-17,DOV,16.7,,1,Citigroup:16.7
2026-04-17,EVRG,7.8,,1,B of A Securities:7.8
2026-04-17,FAST,12.4,,1,Baird:12.4
2026-04-17,FDX,46.7,,1,Stephens & Co.:46.7
2026-04-17,FLEX,7.9,,1,JP Morgan:7.9
2026-04-17,GEHC,20.6,4.6669,2,Mizuho:23.9|Piper Sandler:17.3
2026-04-17,GILD,19.6,,1,Citigroup:19.6
2026-04-17,GM,13.2,,1,Deutsche Bank:13.2
2026-04-17,GRMN,7.3,,1,JP Morgan:7.3
2026-04-17,HIG,-0.1,,1,B of A Securities:-0.1
2026-04-17,INTC,-12.9,,1,Bernstein:-12.9
2026-04-17,IVZ,19.4,,1,BMO Capital:19.4
2026-04-17,J,0.1,,1,Baird:0.1
2026-04-17,JNJ,5.25,1.4849,2,Barclays:6.3|Stifel:4.2
2026-04-17,JPM,6.65,6.7175,2,Piper Sandler:11.4|Jefferies:1.9
2026-04-17,KEY,9.7,,1,Piper Sandler:9.7
2026-04-17,KEYS,15.1,,1,Goldman Sachs:15.1
2026-04-17,KIM,2.3,,1,Morgan Stanley:2.3
2026-04-17,KVUE,9.5,,1,Citigroup:9.5
2026-04-17,LIN,15.8,,1,Seaport Global:15.8
2026-04-17,LNT,2.8,,1,Barclays:2.8
2026-04-17,MA,32.9,,1,Citigroup:32.9
2026-04-17,MET,31.3,,1,B of A Securities:31.3
2026-04-17,MO,8.2,,1,B of A Securities:8.2
2026-04-17,MPWR,4.3,,1,Stifel:4.3
2026-04-17,MS,9.2,,1,RBC Capital:9.2
2026-04-17,NCLH,49.5,,1,Tigress Financial:49.5
2026-04-17,NKE,13.7,,1,HSBC:13.7
2026-04-17,NOW,38.3,,1,Deutsche Bank:38.3
2026-04-17,PEG,10.2,,1,BMO Capital:10.2
2026-04-17,PFE,-0.7,,1,UBS:-0.7
2026-04-17,PH,1.4,,1,Stifel:1.4
2026-04-17,PLD,13,,1,UBS:13
2026-04-17,PNC,16.7,3.5355,2,B of A Securities:19.2|Keefe; Bruyette & Woods:14.2
2026-04-17,PRU,6.1,,1,B of A Securities:6.1
2026-04-17,RDDT,17.9,,1,Goldman Sachs:17.9
2026-04-17,RL,19.2,,1,B of A Securities:19.2
2026-04-17,RSG,14.9,,1,Baird:14.9
2026-04-17,SBUX,-6,,1,Jefferies:-6
2026-04-17,SCHW,40.3,,1,JP Morgan:40.3
2026-04-17,SPGI,28.7,,1,Wells Fargo:28.7
2026-04-17,TEL,14.1,,1,Goldman Sachs:14.1
2026-04-17,VRT,1.3,,1,Goldman Sachs:1.3
2026-04-17,WFC,33.5,,1,Barclays:33.5
2026-04-17,WM,16.2,,1,Baird:16.2
2026-04-17,WTW,20.9,,1,B of A Securities:20.9
2026-04-17,WYNN,17.2,,1,Susquehanna:17.2
2026-04-18,ABT,25.5,,1,Stifel:25.5
2026-04-18,ANET,28.3,,1,JP Morgan:28.3
2026-04-18,AOS,-7.3,,1,Goldman Sachs:-7.3
2026-04-18,APD,9.2,,1,BMO Capital:9.2
2026-04-18,BALL,21.4,,1,Truist Securities:21.4
2026-04-18,BLK,24.6,,1,Goldman Sachs:24.6
2026-04-18,C,14.2667,3.4588,3,Barclays:17.3|Goldman Sachs:15|Piper Sandler:10.5
2026-04-18,CB,-17.3,,1,B of A Securities:-17.3
2026-04-18,CCL,23.9,,1,UBS:23.9
2026-04-18,CF,10.1,,1,Goldman Sachs:10.1
2026-04-18,CNP,3.1,,1,Barclays:3.1
2026-04-18,CSCO,17,,1,JP Morgan:17
2026-04-18,D,4.5,,1,B of A Securities:4.5
2026-04-18,DHR,15.5,,1,Barclays:15.5
2026-04-18,DOV,16.7,,1,Citigroup:16.7
2026-04-18,EVRG,7.8,,1,B of A Securities:7.8
2026-04-18,EXC,6.4,0,2,Barclays:6.4|BMO Capital:6.4
2026-04-18,FAST,12.4,,1,Baird:12.4
2026-04-18,FDX,46.7,,1,Stephens & Co.:46.7
2026-04-18,FLEX,7.9,,1,JP Morgan:7.9
2026-04-18,GEHC,20.6,4.6669,2,Mizuho:23.9|Piper Sandler:17.3
2026-04-18,GILD,19.6,,1,Citigroup:19.6
2026-04-18,GM,13.2,,1,Deutsche Bank:13.2
2026-04-18,GRMN,7.3,,1,JP Morgan:7.3
2026-04-18,HIG,-0.1,,1,B of A Securities:-0.1
2026-04-18,INTC,-12.9,,1,Bernstein:-12.9
2026-04-18,J,0.1,,1,Baird:0.1
2026-04-18,JNJ,5.25,1.4849,2,Barclays:6.3|Stifel:4.2
2026-04-18,JPM,6.65,6.7175,2,Piper Sandler:11.4|Jefferies:1.9
2026-04-18,KEY,9.7,,1,Piper Sandler:9.7
2026-04-18,KEYS,15.1,,1,Goldman Sachs:15.1
2026-04-18,KIM,2.3,,1,Morgan Stanley:2.3
2026-04-18,KVUE,9.5,,1,Citigroup:9.5
2026-04-18,LIN,15.8,,1,Seaport Global:15.8
2026-04-18,LNT,2.8,,1,Barclays:2.8
2026-04-18,MA,32.9,,1,Citigroup:32.9
2026-04-18,MET,31.3,,1,B of A Securities:31.3
2026-04-18,MPWR,4.3,,1,Stifel:4.3
2026-04-18,MS,9.2,,1,RBC Capital:9.2
2026-04-18,NCLH,49.5,,1,Tigress Financial:49.5
2026-04-18,NKE,13.7,,1,HSBC:13.7
2026-04-18,NOW,38.3,,1,Deutsche Bank:38.3
2026-04-18,PEG,10.2,,1,BMO Capital:10.2
2026-04-18,PEP,7.4,,1,Evercore ISI Group:7.4
2026-04-18,PFE,-0.7,,1,UBS:-0.7
2026-04-18,PLD,3.85,12.9401,2,UBS:13|Evercore ISI Group:-5.3
2026-04-18,PNC,16.7,3.5355,2,B of A Securities:19.2|Keefe; Bruyette & Woods:14.2
2026-04-18,PRU,6.1,,1,B of A Securities:6.1
2026-04-18,RDDT,17.9,,1,Goldman Sachs:17.9
2026-04-18,RL,19.2,,1,B of A Securities:19.2
2026-04-18,RSG,14.9,,1,Baird:14.9
2026-04-18,SBUX,-6,,1,Jefferies:-6
2026-04-18,SCHW,40.3,,1,JP Morgan:40.3
2026-04-18,SPGI,28.7,,1,Wells Fargo:28.7
2026-04-18,TEL,14.1,,1,Goldman Sachs:14.1
2026-04-18,UDR,2.1,,1,Goldman Sachs:2.1
2026-04-18,VRT,1.3,,1,Goldman Sachs:1.3
2026-04-18,WFC,33.5,,1,Barclays:33.5
2026-04-18,WM,16.2,,1,Baird:16.2
2026-04-18,WTW,20.9,,1,B of A Securities:20.9
2026-04-18,WYNN,17.2,,1,Susquehanna:17.2
2026-04-20,ABT,25.5,,1,Stifel:25.5
2026-04-20,ANET,28.3,,1,JP Morgan:28.3
2026-04-20,APD,9.2,,1,BMO Capital:9.2
2026-04-20,BALL,21.4,,1,Truist Securities:21.4
2026-04-20,BLK,24.6,,1,Goldman Sachs:24.6
2026-04-20,C,14.2667,3.4588,3,Barclays:17.3|Goldman Sachs:15|Piper Sandler:10.5
2026-04-20,CB,-17.3,,1,B of A Securities:-17.3
2026-04-20,CCL,23.9,,1,UBS:23.9
2026-04-20,CF,10.1,,1,Goldman Sachs:10.1
2026-04-20,CNP,3.1,,1,Barclays:3.1
2026-04-20,CSCO,17,,1,JP Morgan:17
2026-04-20,D,4.5,,1,B of A Securities:4.5
2026-04-20,DHR,15.5,,1,Barclays:15.5
2026-04-20,EVRG,7.8,,1,B of A Securities:7.8
2026-04-20,EXC,5.675,1.9449,4,Barclays:6.4|BMO Capital:6.4|Jefferies:7.1|RBC Capital:2.8
2026-04-20,FAST,12.4,,1,Baird:12.4
2026-04-20,FDX,46.7,,1,Stephens & Co.:46.7
2026-04-20,FLEX,7.9,,1,JP Morgan:7.9
2026-04-20,GEHC,17.3,,1,Piper Sandler:17.3
2026-04-20,GM,13.2,,1,Deutsche Bank:13.2
2026-04-20,GRMN,7.3,,1,JP Morgan:7.3
2026-04-20,HIG,-0.1,,1,B of A Securities:-0.1
2026-04-20,INTC,-12.9,,1,Bernstein:-12.9
2026-04-20,J,0.1,,1,Baird:0.1
2026-04-20,JBL,9.7,,1,B of A Securities:9.7
2026-04-20,JNJ,5.25,1.4849,2,Barclays:6.3|Stifel:4.2
2026-04-20,JPM,6.65,6.7175,2,Piper Sandler:11.4|Jefferies:1.9
2026-04-20,KEY,9.7,,1,Piper Sandler:9.7
2026-04-20,KEYS,15.1,,1,Goldman Sachs:15.1
2026-04-20,KIM,2.3,,1,Morgan Stanley:2.3
2026-04-20,KVUE,9.5,,1,Citigroup:9.5
2026-04-20,LIN,15.8,,1,Seaport Global:15.8
2026-04-20,LNT,2.8,,1,Barclays:2.8
2026-04-20,MA,32.9,,1,Citigroup:32.9
2026-04-20,MET,31.3,,1,B of A Securities:31.3
2026-04-20,MOS,36,,1,Scotiabank:36
2026-04-20,MPWR,4.3,,1,Stifel:4.3
2026-04-20,MS,9.2,,1,RBC Capital:9.2
2026-04-20,NCLH,49.5,,1,Tigress Financial:49.5
2026-04-20,NOW,38.3,,1,Deutsche Bank:38.3
2026-04-20,PEP,7.4,,1,Evercore ISI Group:7.4
2026-04-20,PFE,-0.7,,1,UBS:-0.7
2026-04-20,PHM,11.3,,1,B of A Securities:11.3
2026-04-20,PLD,3.85,12.9401,2,UBS:13|Evercore ISI Group:-5.3
2026-04-20,PNC,16.7,3.5355,2,B of A Securities:19.2|Keefe; Bruyette & Woods:14.2
2026-04-20,PRU,6.1,,1,B of A Securities:6.1
2026-04-20,RDDT,17.9,,1,Goldman Sachs:17.9
2026-04-20,RF,10.8,,1,RBC Capital:10.8
2026-04-20,RL,19.2,,1,B of A Securities:19.2
2026-04-20,RSG,14.9,,1,Baird:14.9
2026-04-20,SBUX,-6,,1,Jefferies:-6
2026-04-20,SCHW,40.3,,1,JP Morgan:40.3
2026-04-20,SPGI,28.7,,1,Wells Fargo:28.7
2026-04-20,TEL,14.1,,1,Goldman Sachs:14.1
2026-04-20,TFC,5.5,,1,RBC Capital:5.5
2026-04-20,TRGP,14.6,,1,Goldman Sachs:14.6
2026-04-20,UDR,2.1,,1,Goldman Sachs:2.1
2026-04-20,ULTA,25.2,,1,Jefferies:25.2
2026-04-20,UNH,15.1,,1,Jefferies:15.1
2026-04-20,VRT,1.3,,1,Goldman Sachs:1.3
2026-04-20,WFC,33.5,,1,Barclays:33.5
2026-04-20,WM,16.2,,1,Baird:16.2
2026-04-20,WTW,20.9,,1,B of A Securities:20.9
2026-04-20,WYNN,17.2,,1,Susquehanna:17.2
2026-04-20,XEL,12.2,,1,UBS:12.2
2026-04-21,ABT,37.55,17.0413,2,Stifel:25.5|Barclays:49.6
2026-04-21,AMZN,16.8,,1,B of A Securities:16.8
2026-04-21,ANET,28.3,,1,JP Morgan:28.3
2026-04-21,BALL,21.4,,1,Truist Securities:21.4
2026-04-21,BLK,24.6,,1,Goldman Sachs:24.6
2026-04-21,BX,41.6,,1,Morgan Stanley:41.6
2026-04-21,C,14.2667,3.4588,3,Barclays:17.3|Goldman Sachs:15|Piper Sandler:10.5
2026-04-21,CNP,3.1,,1,Barclays:3.1
2026-04-21,COHR,19,,1,Citigroup:19
2026-04-21,CSCO,17,,1,JP Morgan:17
2026-04-21,D,4.5,,1,B of A Securities:4.5
2026-04-21,DD,0,,1,B of A Securities:0
2026-04-21,DHR,15.5,,1,Barclays:15.5
2026-04-21,ECL,24.5,,1,B of A Securities:24.5
2026-04-21,EVRG,7.8,,1,B of A Securities:7.8
2026-04-21,EXC,5.675,1.9449,4,Barclays:6.4|BMO Capital:6.4|Jefferies:7.1|RBC Capital:2.8
2026-04-21,FAST,12.4,,1,Baird:12.4
2026-04-21,FDX,46.7,,1,Stephens & Co.:46.7
2026-04-21,FE,5.1,,1,Jefferies:5.1
2026-04-21,FITB,23.2,,1,Barclays:23.2
2026-04-21,FLEX,10.15,3.182,2,JP Morgan:7.9|Stifel:12.4
2026-04-21,GEHC,17.3,,1,Piper Sandler:17.3
2026-04-21,GM,13.2,,1,Deutsche Bank:13.2
2026-04-21,GRMN,7.3,,1,JP Morgan:7.3
2026-04-21,INTC,14.3,38.4666,2,Bernstein:-12.9|HSBC:41.5
2026-04-21,JBL,9.7,,1,B of A Securities:9.7
2026-04-21,JNJ,5.25,1.4849,2,Barclays:6.3|Stifel:4.2
2026-04-21,JPM,1.9,,1,Jefferies:1.9
2026-04-21,KEY,9.7,,1,Piper Sandler:9.7
2026-04-21,KIM,2.3,,1,Morgan Stanley:2.3
2026-04-21,KVUE,9.5,,1,Citigroup:9.5
2026-04-21,LIN,15.8,,1,Seaport Global:15.8
2026-04-21,LNT,2.8,,1,Barclays:2.8
2026-04-21,MAS,-8,,1,B of A Securities:-8
2026-04-21,MOS,36,,1,Scotiabank:36
2026-04-21,MPWR,4.3,,1,Stifel:4.3
2026-04-21,MS,9.2,,1,RBC Capital:9.2
2026-04-21,NCLH,49.5,,1,Tigress Financial:49.5
2026-04-21,NOW,38.3,,1,Deutsche Bank:38.3
2026-04-21,PEP,7.4,,1,Evercore ISI Group:7.4
2026-04-21,PHM,11.3,,1,B of A Securities:11.3
2026-04-21,PLD,6.4,10.1602,3,UBS:13|Evercore ISI Group:-5.3|B of A Securities:11.5
2026-04-21,PNC,16.7,3.5355,2,B of A Securities:19.2|Keefe; Bruyette & Woods:14.2
2026-04-21,PNR,-3.6,,1,B of A Securities:-3.6
2026-04-21,REG,8.5,,1,Morgan Stanley:8.5
2026-04-21,RF,10.8,,1,RBC Capital:10.8
2026-04-21,RL,19.2,,1,B of A Securities:19.2
2026-04-21,RSG,14.9,,1,Baird:14.9
2026-04-21,SCHW,40.3,,1,JP Morgan:40.3
2026-04-21,TFC,5.5,,1,RBC Capital:5.5
2026-04-21,TRGP,14.6,,1,Goldman Sachs:14.6
2026-04-21,UDR,2.1,,1,Goldman Sachs:2.1
2026-04-21,ULTA,25.2,,1,Jefferies:25.2
2026-04-21,UNH,15.1,,1,Jefferies:15.1
2026-04-21,WEC,1.1,,1,Barclays:1.1
2026-04-21,WFC,33.5,,1,Barclays:33.5
2026-04-21,WM,16.2,,1,Baird:16.2
2026-04-21,WMB,15,,1,Goldman Sachs:15
2026-04-21,WYNN,17.2,,1,Susquehanna:17.2
2026-04-21,XEL,12.2,,1,UBS:12.2
2026-04-22,ABT,37.55,17.0413,2,Stifel:25.5|Barclays:49.6
2026-04-22,ALGN,18.6,,1,Piper Sandler:18.6
2026-04-22,AMZN,16.8,,1,B of A Securities:16.8
2026-04-22,ANET,28.3,,1,JP Morgan:28.3
2026-04-22,APD,2.3,,1,B of A Securities:2.3
2026-04-22,APO,13.1,,1,Evercore ISI Group:13.1
2026-04-22,BALL,21.4,,1,Truist Securities:21.4
2026-04-22,BKNG,10.2,,1,Deutsche Bank:10.2
2026-04-22,BX,41.6,,1,Morgan Stanley:41.6
2026-04-22,CMS,15.6,,1,B of A Securities:15.6
2026-04-22,COHR,19,,1,Citigroup:19
2026-04-22,CSCO,17,,1,JP Morgan:17
2026-04-22,CTVA,11.6,,1,Wells Fargo:11.6
2026-04-22,CVNA,0.8,,1,B of A Securities:0.8
2026-04-22,D,4.5,,1,B of A Securities:4.5
2026-04-22,DD,0,,1,B of A Securities:0
2026-04-22,DHI,16.6,,1,Goldman Sachs:16.6
2026-04-22,ECL,24.5,,1,B of A Securities:24.5
2026-04-22,ES,-6.7,,1,Scotiabank:-6.7
2026-04-22,ETR,9.4,,1,Keybanc:9.4
2026-04-22,EXC,5.675,1.9449,4,Barclays:6.4|BMO Capital:6.4|Jefferies:7.1|RBC Capital:2.8
2026-04-22,FE,5.1,,1,Jefferies:5.1
2026-04-22,FITB,23.2,,1,Barclays:23.2
2026-04-22,FLEX,10.15,3.182,2,JP Morgan:7.9|Stifel:12.4
2026-04-22,GE,39.5,,1,Morgan Stanley:39.5
2026-04-22,GEHC,17.3,,1,Piper Sandler:17.3
2026-04-22,GIS,13.5,,1,Stifel:13.5
2026-04-22,GPN,6,,1,BMO Capital:6
2026-04-22,GRMN,7.3,,1,JP Morgan:7.3
2026-04-22,HAL,10.25,3.6062,2,JP Morgan:7.7|RBC Capital:12.8
2026-04-22,INTC,14.3,38.4666,2,Bernstein:-12.9|HSBC:41.5
2026-04-22,JBL,9.7,,1,B of A Securities:9.7
2026-04-22,KEY,13.35,5.1619,2,Piper Sandler:9.7|Evercore ISI Group:17
2026-04-22,KIM,2.3,,1,Morgan Stanley:2.3
2026-04-22,LIN,15.8,,1,Seaport Global:15.8
2026-04-22,MA,18.1,,1,BMO Capital:18.1
2026-04-22,MAS,-8,,1,B of A Securities:-8
2026-04-22,MMM,9.5,,1,Wells Fargo:9.5
2026-04-22,MOS,36,,1,Scotiabank:36
2026-04-22,MPC,-5.7,,1,Scotiabank:-5.7
2026-04-22,MPWR,4.3,,1,Stifel:4.3
2026-04-22,MS,9.2,,1,RBC Capital:9.2
2026-04-22,MSCI,13.65,8.4146,2,Morgan Stanley:19.6|RBC Capital:7.7
2026-04-22,NCLH,49.5,,1,Tigress Financial:49.5
2026-04-22,NEM,57.9,,1,CIBC:57.9
2026-04-22,NOC,21.9,,1,Morgan Stanley:21.9
2026-04-22,NOW,38.3,,1,Deutsche Bank:38.3
2026-04-22,NTRS,-1.6,,1,Goldman Sachs:-1.6
2026-04-22,OXY,0.7,,1,Scotiabank:0.7
2026-04-22,PEP,7.4,,1,Evercore ISI Group:7.4
2026-04-22,PHM,11.3,,1,B of A Securities:11.3
2026-04-22,PLD,6.4,10.1602,3,UBS:13|Evercore ISI Group:-5.3|B of A Securities:11.5
2026-04-22,PNC,16.7,3.5355,2,B of A Securities:19.2|Keefe; Bruyette & Woods:14.2
2026-04-22,PNR,-3.6,,1,B of A Securities:-3.6
2026-04-22,PYPL,7.8,,1,B of A Securities:7.8
2026-04-22,REG,8.5,,1,Morgan Stanley:8.5
2026-04-22,RF,10.8,,1,RBC Capital:10.8
2026-04-22,RL,19.2,,1,B of A Securities:19.2
2026-04-22,RSG,14.9,,1,Baird:14.9
2026-04-22,RTX,17.2,,1,Morgan Stanley:17.2
2026-04-22,SCHW,40.3,,1,JP Morgan:40.3
2026-04-22,SJM,4.1,,1,Stifel:4.1
2026-04-22,STLD,10.45,4.7376,2,BMO Capital:7.1|Citigroup:13.8
2026-04-22,SWK,6.1,,1,Baird:6.1
2026-04-22,TFC,5.5,,1,RBC Capital:5.5
2026-04-22,TRGP,14.6,,1,Goldman Sachs:14.6
2026-04-22,TSCO,13.4,,1,Morgan Stanley:13.4
2026-04-22,UDR,2.1,,1,Goldman Sachs:2.1
2026-04-22,ULTA,25.2,,1,Jefferies:25.2
2026-04-22,UNH,14.55,0.7778,2,Jefferies:15.1|Argus Research:14
2026-04-22,VLO,-4.4,,1,Scotiabank:-4.4
2026-04-22,WEC,1.1,,1,Barclays:1.1
2026-04-22,WM,16.2,,1,Baird:16.2
2026-04-22,WMB,15,,1,Goldman Sachs:15
2026-04-22,WYNN,17.2,,1,Susquehanna:17.2
2026-04-22,XEL,12.55,0.495,2,UBS:12.2|Keybanc:12.9
2026-04-23,ABT,37.55,17.0413,2,Stifel:25.5|Barclays:49.6
2026-04-23,ALGN,18.6,,1,Piper Sandler:18.6
2026-04-23,AMZN,16.8,,1,B of A Securities:16.8
2026-04-23,APD,2.3,,1,B of A Securities:2.3
2026-04-23,APO,13.1,,1,Evercore ISI Group:13.1
2026-04-23,BKNG,10.2,,1,Deutsche Bank:10.2
2026-04-23,BX,41.6,,1,Morgan Stanley:41.6
2026-04-23,CCI,18.1,,1,Keybanc:18.1
2026-04-23,CL,14.9,,1,Morgan Stanley:14.9
2026-04-23,CLX,12.9,,1,Morgan Stanley:12.9
2026-04-23,CMS,15.6,,1,B of A Securities:15.6
2026-04-23,COHR,19,,1,Citigroup:19
2026-04-23,CTVA,11.6,,1,Wells Fargo:11.6
2026-04-23,CVNA,0.8,,1,B of A Securities:0.8
2026-04-23,DD,0,,1,B of A Securities:0
2026-04-23,DHI,16.8667,10.2026,3,Goldman Sachs:16.6|Citigroup:6.8|UBS:27.2
2026-04-23,DHR,38.25,3.8891,2,Baird:35.5|Morgan Stanley:41
2026-04-23,ECL,24.5,,1,B of A Securities:24.5
2026-04-23,ES,-6.7,,1,Scotiabank:-6.7
2026-04-23,ETR,9.4,,1,Keybanc:9.4
2026-04-23,EXC,5.675,1.9449,4,Barclays:6.4|BMO Capital:6.4|Jefferies:7.1|RBC Capital:2.8
2026-04-23,FE,5.1,,1,Jefferies:5.1
2026-04-23,FITB,23.2,,1,Barclays:23.2
2026-04-23,FLEX,12.4,,1,Stifel:12.4
2026-04-23,GE,39.5,,1,Morgan Stanley:39.5
2026-04-23,GEHC,17.3,,1,Piper Sandler:17.3
2026-04-23,GEV,13.25,6.1518,2,Barclays:8.9|Evercore ISI Group:17.6
2026-04-23,GIS,13.5,,1,Stifel:13.5
2026-04-23,GPC,11.7,,1,UBS:11.7
2026-04-23,GPN,6,,1,BMO Capital:6
2026-04-23,HAL,10.1333,2.558,3,JP Morgan:7.7|RBC Capital:12.8|Stifel:9.9
2026-04-23,INTC,14.3,38.4666,2,Bernstein:-12.9|HSBC:41.5
2026-04-23,ISRG,34.4,,1,Barclays:34.4
2026-04-23,JBL,9.7,,1,B of A Securities:9.7
2026-04-23,KEY,13.35,5.1619,2,Piper Sandler:9.7|Evercore ISI Group:17
2026-04-23,LIN,15.8,,1,Seaport Global:15.8
2026-04-23,LRCX,17.9,1.2728,2,JP Morgan:18.8|RBC Capital:17
2026-04-23,LVS,22.8,,1,Jefferies:22.8
2026-04-23,MA,18.1,,1,BMO Capital:18.1
2026-04-23,MAS,-5.9,2.9698,2,B of A Securities:-8|RBC Capital:-3.8
2026-04-23,MMM,9.5,,1,Wells Fargo:9.5
2026-04-23,MOS,36,,1,Scotiabank:36
2026-04-23,MPC,-5.7,,1,Scotiabank:-5.7
2026-04-23,MPWR,4.3,,1,Stifel:4.3
2026-04-23,MS,9.2,,1,RBC Capital:9.2
2026-04-23,MSCI,15.1667,6.5041,3,Morgan Stanley:19.6|RBC Capital:7.7|UBS:18.2
2026-04-23,NCLH,49.5,,1,Tigress Financial:49.5
2026-04-23,NEM,57.9,,1,CIBC:57.9
2026-04-23,NOC,21.9,,1,Morgan Stanley:21.9
2026-04-23,NTRS,-1.6,,1,Goldman Sachs:-1.6
2026-04-23,OTIS,16.6,25.3144,2,Barclays:-1.3|RBC Capital:34.5
2026-04-23,OXY,0.7,,1,Scotiabank:0.7
2026-04-23,PEP,7.4,,1,Evercore ISI Group:7.4
2026-04-23,PHM,11.3,,1,B of A Securities:11.3
2026-04-23,PLD,6.4,10.1602,3,UBS:13|Evercore ISI Group:-5.3|B of A Securities:11.5
2026-04-23,PNC,16.7,3.5355,2,B of A Securities:19.2|Keefe; Bruyette & Woods:14.2
2026-04-23,PNR,-3.6,,1,B of A Securities:-3.6
2026-04-23,PYPL,7.8,,1,B of A Securities:7.8
2026-04-23,REG,8.5,,1,Morgan Stanley:8.5
2026-04-23,REGN,27.8,,1,TD Cowen:27.8
2026-04-23,RF,10.8,,1,RBC Capital:10.8
2026-04-23,RL,19.2,,1,B of A Securities:19.2
2026-04-23,RSG,14.9,,1,Baird:14.9
2026-04-23,RTX,17.2,,1,Morgan Stanley:17.2
2026-04-23,SCHW,40.3,,1,JP Morgan:40.3
2026-04-23,SJM,4.1,,1,Stifel:4.1
2026-04-23,STLD,10.45,4.7376,2,BMO Capital:7.1|Citigroup:13.8
2026-04-23,SWK,6.1,,1,Baird:6.1
2026-04-23,SWKS,12.5,,1,Barclays:12.5
2026-04-23,SYF,18.7,,1,Barclays:18.7
2026-04-23,TEL,10.2,,1,Truist Securities:10.2
2026-04-23,TFC,5.5,,1,RBC Capital:5.5
2026-04-23,TRGP,14.6,,1,Goldman Sachs:14.6
2026-04-23,TSCO,15.7,3.2527,2,Morgan Stanley:13.4|Citigroup:18
2026-04-23,TSLA,59.9,,1,Wedbush:59.9
2026-04-23,TXN,-0.1,,1,Jefferies:-0.1
2026-04-23,UDR,2.1,,1,Goldman Sachs:2.1
2026-04-23,ULTA,25.2,,1,Jefferies:25.2
2026-04-23,UNH,14.55,0.7778,2,Jefferies:15.1|Argus Research:14
2026-04-23,VLO,-4.4,,1,Scotiabank:-4.4
2026-04-23,WEC,1.1,,1,Barclays:1.1
2026-04-23,WM,16.2,,1,Baird:16.2
2026-04-23,WMB,15,,1,Goldman Sachs:15
2026-04-23,WYNN,17.2,,1,Susquehanna:17.2
2026-04-23,XEL,12.55,0.495,2,UBS:12.2|Keybanc:12.9
2026-04-24,ABT,37.55,17.0413,2,Stifel:25.5|Barclays:49.6
2026-04-24,ALGN,18.6,,1,Piper Sandler:18.6
2026-04-24,AMZN,16.8,,1,B of A Securities:16.8
2026-04-24,APD,2.3,,1,B of A Securities:2.3
2026-04-24,APO,13.1,,1,Evercore ISI Group:13.1
2026-04-24,BA,6.4,,1,Morgan Stanley:6.4
2026-04-24,BKNG,10.2,,1,Deutsche Bank:10.2
2026-04-24,BX,41.6,,1,Morgan Stanley:41.6
2026-04-24,CCI,18.1,,1,Keybanc:18.1
2026-04-24,CHTR,86.7,,1,Benchmark:86.7
2026-04-24,CL,14.9,,1,Morgan Stanley:14.9
2026-04-24,CLX,12.9,,1,Morgan Stanley:12.9
2026-04-24,CMCSA,15.5,1.1314,2,Citigroup:14.7|Evercore ISI Group:16.3
2026-04-24,CMS,15.6,,1,B of A Securities:15.6
2026-04-24,COF,30.9,,1,Truist Securities:30.9
2026-04-24,COHR,19,,1,Citigroup:19
2026-04-24,CTVA,11.6,,1,Wells Fargo:11.6
2026-04-24,CVNA,0.8,,1,B of A Securities:0.8
2026-04-24,DD,0,,1,B of A Securities:0
2026-04-24,DHI,16.8667,10.2026,3,Goldman Sachs:16.6|Citigroup:6.8|UBS:27.2
2026-04-24,DHR,38.25,3.8891,2,Baird:35.5|Morgan Stanley:41
2026-04-24,DOV,0.5,,1,Barclays:0.5
2026-04-24,ECL,24.5,,1,B of A Securities:24.5
2026-04-24,EQT,34.9,,1,Wells Fargo:34.9
2026-04-24,ES,-6.7,,1,Scotiabank:-6.7
2026-04-24,ETR,9.4,,1,Keybanc:9.4
2026-04-24,EW,3,,1,Canaccord Genuity:3
2026-04-24,EXC,5.675,1.9449,4,Barclays:6.4|BMO Capital:6.4|Jefferies:7.1|RBC Capital:2.8
2026-04-24,FE,5.1,,1,Jefferies:5.1
2026-04-24,FITB,23.2,,1,Barclays:23.2
2026-04-24,FLEX,12.4,,1,Stifel:12.4
2026-04-24,GE,39.5,,1,Morgan Stanley:39.5
2026-04-24,GEV,11.4,5.4028,3,Barclays:8.9|Evercore ISI Group:17.6|BMO Capital:7.7
2026-04-24,GIS,13.5,,1,Stifel:13.5
2026-04-24,GL,19.6,,1,Truist Securities:19.6
2026-04-24,GPC,11.7,,1,UBS:11.7
2026-04-24,GPN,6,,1,BMO Capital:6
2026-04-24,HAL,10.1333,2.558,3,JP Morgan:7.7|RBC Capital:12.8|Stifel:9.9
2026-04-24,HSIC,-18,,1,Morgan Stanley:-18
2026-04-24,HSY,18.5,,1,Morgan Stanley:18.5
2026-04-24,INTC,41.5,,1,HSBC:41.5
2026-04-24,ISRG,34.4,,1,Barclays:34.4
2026-04-24,JBL,9.7,,1,B of A Securities:9.7
2026-04-24,KEY,17,,1,Evercore ISI Group:17
2026-04-24,LRCX,17.9,1.2728,2,JP Morgan:18.8|RBC Capital:17
2026-04-24,LVS,22.8,,1,Jefferies:22.8
2026-04-24,MA,18.1,,1,BMO Capital:18.1
2026-04-24,MAR,8.9,,1,Evercore ISI Group:8.9
2026-04-24,MAS,3.58,10.6439,5,B of A Securities:-8|RBC Capital:-3.8|Baird:6.4|Goldman Sachs:19.6|JP Morgan:3.7
2026-04-24,MMM,9.5,,1,Wells Fargo:9.5
2026-04-24,MOS,36,,1,Scotiabank:36
2026-04-24,MPC,-5.7,,1,Scotiabank:-5.7
2026-04-24,MSCI,15.1667,6.5041,3,Morgan Stanley:19.6|RBC Capital:7.7|UBS:18.2
2026-04-24,NEE,4.9,,1,Wells Fargo:4.9
2026-04-24,NEM,57.9,,1,CIBC:57.9
2026-04-24,NOC,21.9,,1,Morgan Stanley:21.9
2026-04-24,NTRS,-1.6,,1,Goldman Sachs:-1.6
2026-04-24,OTIS,16.6,25.3144,2,Barclays:-1.3|RBC Capital:34.5
2026-04-24,OXY,0.7,,1,Scotiabank:0.7
2026-04-24,PEP,7.4,,1,Evercore ISI Group:7.4
2026-04-24,PHM,17.85,9.2631,2,B of A Securities:11.3|UBS:24.4
2026-04-24,PLD,3.1,11.8794,2,Evercore ISI Group:-5.3|B of A Securities:11.5
2026-04-24,PNR,-3.6,,1,B of A Securities:-3.6
2026-04-24,PYPL,7.8,,1,B of A Securities:7.8
2026-04-24,REG,8.5,,1,Morgan Stanley:8.5
2026-04-24,REGN,27.8,,1,TD Cowen:27.8
2026-04-24,RF,10.8,,1,RBC Capital:10.8
2026-04-24,ROP,2.2,,1,Barclays:2.2
2026-04-24,RTX,17.2,,1,Morgan Stanley:17.2
2026-04-24,SBUX,0.6,,1,JP Morgan:0.6
2026-04-24,SJM,4.1,,1,Stifel:4.1
2026-04-24,STLD,10.45,4.7376,2,BMO Capital:7.1|Citigroup:13.8
2026-04-24,SWK,6.1,,1,Baird:6.1
2026-04-24,SWKS,12.5,,1,Barclays:12.5
2026-04-24,SYF,13.05,7.9903,2,Barclays:18.7|Truist Securities:7.4
2026-04-24,TEL,14.4,5.9397,2,Truist Securities:10.2|UBS:18.6
2026-04-24,TFC,5.5,,1,RBC Capital:5.5
2026-04-24,TRGP,14.6,,1,Goldman Sachs:14.6
2026-04-24,TROW,3.5,,1,JP Morgan:3.5
2026-04-24,TSCO,15.7,3.2527,2,Morgan Stanley:13.4|Citigroup:18
2026-04-24,TSLA,59.9,,1,Wedbush:59.9
2026-04-24,TXN,-6.6,9.1924,2,Jefferies:-0.1|Barclays:-13.1
2026-04-24,UDR,2.1,,1,Goldman Sachs:2.1
2026-04-24,ULTA,25.2,,1,Jefferies:25.2
2026-04-24,UNH,14.55,0.7778,2,Jefferies:15.1|Argus Research:14
2026-04-24,URI,12.1,,1,RBC Capital:12.1
2026-04-24,VLO,-4.4,,1,Scotiabank:-4.4
2026-04-24,VRSN,15.7,,1,Citigroup:15.7
2026-04-24,VRT,6.7,,1,JP Morgan:6.7
2026-04-24,WEC,1.1,,1,Barclays:1.1
2026-04-24,WMB,15,,1,Goldman Sachs:15
2026-04-24,WRB,0.1,,1,BMO Capital:0.1
2026-04-24,XEL,12.55,0.495,2,UBS:12.2|Keybanc:12.9
2026-04-25,ABT,49.6,,1,Barclays:49.6
2026-04-25,ALGN,8.5,14.2836,2,Piper Sandler:18.6|Morgan Stanley:-1.6
2026-04-25,AMZN,11.3,7.7782,2,B of A Securities:16.8|Oppenheimer:5.8
2026-04-25,APD,2.3,,1,B of A Securities:2.3
2026-04-25,APO,13.1,,1,Evercore ISI Group:13.1
2026-04-25,BA,6.4,,1,Morgan Stanley:6.4
2026-04-25,BKNG,10.2,,1,Deutsche Bank:10.2
2026-04-25,BX,41.6,,1,Morgan Stanley:41.6
2026-04-25,CCI,18.1,,1,Keybanc:18.1
2026-04-25,CHTR,86.7,,1,Benchmark:86.7
2026-04-25,CL,14.9,,1,Morgan Stanley:14.9
2026-04-25,CLX,12.9,,1,Morgan Stanley:12.9
2026-04-25,CMCSA,15.5,1.1314,2,Citigroup:14.7|Evercore ISI Group:16.3
2026-04-25,CMS,15.6,,1,B of A Securities:15.6
2026-04-25,COF,30.9,,1,Truist Securities:30.9
2026-04-25,COHR,19,,1,Citigroup:19
2026-04-25,CTVA,11.6,,1,Wells Fargo:11.6
2026-04-25,CVNA,0.8,,1,B of A Securities:0.8
2026-04-25,DD,0,,1,B of A Securities:0
2026-04-25,DHI,16.8667,10.2026,3,Goldman Sachs:16.6|Citigroup:6.8|UBS:27.2
2026-04-25,DHR,38.25,3.8891,2,Baird:35.5|Morgan Stanley:41
2026-04-25,DLR,16.4,,1,Stifel:16.4
2026-04-25,DOV,10.5667,10.7561,3,Barclays:0.5|Baird:21.9|Oppenheimer:9.3
2026-04-25,ECL,24.5,,1,B of A Securities:24.5
2026-04-25,EQT,34.9,,1,Wells Fargo:34.9
2026-04-25,ES,-6.7,,1,Scotiabank:-6.7
2026-04-25,ETR,9.4,,1,Keybanc:9.4
2026-04-25,EW,3,,1,Canaccord Genuity:3
2026-04-25,EXC,4.95,3.0406,2,Jefferies:7.1|RBC Capital:2.8
2026-04-25,FE,5.1,,1,Jefferies:5.1
2026-04-25,FITB,23.2,,1,Barclays:23.2
2026-04-25,FLEX,12.4,,1,Stifel:12.4
2026-04-25,GE,39.5,,1,Morgan Stanley:39.5
2026-04-25,GEV,11.4,5.4028,3,Barclays:8.9|Evercore ISI Group:17.6|BMO Capital:7.7
2026-04-25,GIS,13.5,,1,Stifel:13.5
2026-04-25,GL,19.6,,1,Truist Securities:19.6
2026-04-25,GPC,11.7,,1,UBS:11.7
2026-04-25,GPN,6,,1,BMO Capital:6
2026-04-25,HAL,10.1333,2.558,3,JP Morgan:7.7|RBC Capital:12.8|Stifel:9.9
2026-04-25,HSIC,-18,,1,Morgan Stanley:-18
2026-04-25,HSY,18.5,,1,Morgan Stanley:18.5
2026-04-25,INTC,19.4,31.2541,2,HSBC:41.5|Jefferies:-2.7
2026-04-25,ISRG,34.4,,1,Barclays:34.4
2026-04-25,JBL,9.7,,1,B of A Securities:9.7
2026-04-25,KEY,17,,1,Evercore ISI Group:17
2026-04-25,LMT,33.3,,1,Susquehanna:33.3
2026-04-25,LRCX,17.9,1.2728,2,JP Morgan:18.8|RBC Capital:17
2026-04-25,LVS,22.8,,1,Jefferies:22.8
2026-04-25,MA,18.1,,1,BMO Capital:18.1
2026-04-25,MAR,8.9,,1,Evercore ISI Group:8.9
2026-04-25,MAS,3.3833,9.5323,6,B of A Securities:-8|RBC Capital:-3.8|Baird:6.4|Goldman Sachs:19.6|JP Morgan:3.7|BMO Capital:2.4
2026-04-25,MMM,9.5,,1,Wells Fargo:9.5
2026-04-25,MOS,36,,1,Scotiabank:36
2026-04-25,MPC,-5.7,,1,Scotiabank:-5.7
2026-04-25,MSCI,15.1667,6.5041,3,Morgan Stanley:19.6|RBC Capital:7.7|UBS:18.2
2026-04-25,NEE,4.9,,1,Wells Fargo:4.9
2026-04-25,NEM,42,22.486,2,CIBC:57.9|BMO Capital:26.1
2026-04-25,NOC,21.9,,1,Morgan Stanley:21.9
2026-04-25,NTRS,-1.6,,1,Goldman Sachs:-1.6
2026-04-25,OTIS,16.6,25.3144,2,Barclays:-1.3|RBC Capital:34.5
2026-04-25,OXY,0.7,,1,Scotiabank:0.7
2026-04-25,PHM,17.85,9.2631,2,B of A Securities:11.3|UBS:24.4
2026-04-25,PLD,11.5,,1,B of A Securities:11.5
2026-04-25,PNR,-3.6,,1,B of A Securities:-3.6
2026-04-25,PYPL,7.8,,1,B of A Securities:7.8
2026-04-25,REG,8.5,,1,Morgan Stanley:8.5
2026-04-25,REGN,27.8,,1,TD Cowen:27.8
2026-04-25,RF,10.8,,1,RBC Capital:10.8
2026-04-25,ROP,15.5,18.809,2,Barclays:2.2|Baird:28.8
2026-04-25,RTX,17.2,,1,Morgan Stanley:17.2
2026-04-25,SBUX,0.6,,1,JP Morgan:0.6
2026-04-25,SJM,4.1,,1,Stifel:4.1
2026-04-25,SNA,0.8,,1,Baird:0.8
2026-04-25,STLD,10.45,4.7376,2,BMO Capital:7.1|Citigroup:13.8
2026-04-25,SWK,6.1,,1,Baird:6.1
2026-04-25,SWKS,12.5,,1,Barclays:12.5
2026-04-25,SYF,13.05,7.9903,2,Barclays:18.7|Truist Securities:7.4
2026-04-25,TEL,14.4,5.9397,2,Truist Securities:10.2|UBS:18.6
2026-04-25,TFC,5.5,,1,RBC Capital:5.5
2026-04-25,TMO,32.05,5.869,2,Baird:36.2|Stifel:27.9
2026-04-25,TRGP,14.6,,1,Goldman Sachs:14.6
2026-04-25,TROW,3.5,,1,JP Morgan:3.5
2026-04-25,TSCO,15.7,3.2527,2,Morgan Stanley:13.4|Citigroup:18
2026-04-25,TSLA,59.9,,1,Wedbush:59.9
2026-04-25,TXN,-6.6,9.1924,2,Jefferies:-0.1|Barclays:-13.1
2026-04-25,ULTA,25.2,,1,Jefferies:25.2
2026-04-25,UNH,14.55,0.7778,2,Jefferies:15.1|Argus Research:14
2026-04-25,URI,12.1,,1,RBC Capital:12.1
2026-04-25,VLO,-4.4,,1,Scotiabank:-4.4
2026-04-25,VRSN,22.05,8.9803,2,Citigroup:15.7|Baird:28.4
2026-04-25,VRT,6.7,,1,JP Morgan:6.7
2026-04-25,WEC,1.1,,1,Barclays:1.1
2026-04-25,WMB,15,,1,Goldman Sachs:15
2026-04-25,WRB,0.1,,1,BMO Capital:0.1
2026-04-25,XEL,12.55,0.495,2,UBS:12.2|Keybanc:12.9
2026-04-27,ABT,49.6,,1,Barclays:49.6
2026-04-27,ALGN,8.5,14.2836,2,Piper Sandler:18.6|Morgan Stanley:-1.6
2026-04-27,AMZN,11.3,7.7782,2,B of A Securities:16.8|Oppenheimer:5.8
2026-04-27,APD,2.3,,1,B of A Securities:2.3
2026-04-27,APO,13.1,,1,Evercore ISI Group:13.1
2026-04-27,BA,6.4,,1,Morgan Stanley:6.4
2026-04-27,BKNG,10.2,,1,Deutsche Bank:10.2
2026-04-27,BKR,10,6.0811,2,BMO Capital:14.3|JP Morgan:5.7
2026-04-27,BLDR,11.3,,1,Stephens & Co.:11.3
2026-04-27,BX,24.1,24.7487,2,Morgan Stanley:41.6|Piper Sandler:6.6
2026-04-27,CCI,18.1,,1,Keybanc:18.1
2026-04-27,CF,18.4,,1,Barclays:18.4
2026-04-27,CHTR,86.7,,1,Benchmark:86.7
2026-04-27,CL,14.9,,1,Morgan Stanley:14.9
2026-04-27,CLX,12.9,,1,Morgan Stanley:12.9
2026-04-27,CMCSA,15.5,1.1314,2,Citigroup:14.7|Evercore ISI Group:16.3
2026-04-27,CMS,15.6,,1,B of A Securities:15.6
2026-04-27,COF,30.9,,1,Truist Securities:30.9
2026-04-27,COHR,19,,1,Citigroup:19
2026-04-27,CTVA,11.6,,1,Wells Fargo:11.6
2026-04-27,CVNA,0.8,,1,B of A Securities:0.8
2026-04-27,DD,0,,1,B of A Securities:0
2026-04-27,DHI,16.8667,10.2026,3,Goldman Sachs:16.6|Citigroup:6.8|UBS:27.2
2026-04-27,DHR,38.25,3.8891,2,Baird:35.5|Morgan Stanley:41
2026-04-27,DLR,16.4,,1,Stifel:16.4
2026-04-27,DOV,10.5667,10.7561,3,Barclays:0.5|Baird:21.9|Oppenheimer:9.3
2026-04-27,ECL,24.5,,1,B of A Securities:24.5
2026-04-27,EQT,34.9,,1,Wells Fargo:34.9
2026-04-27,ES,-6.7,,1,Scotiabank:-6.7
2026-04-27,ETR,9.4,,1,Keybanc:9.4
2026-04-27,EW,17.35,20.294,2,Canaccord Genuity:3|Barclays:31.7
2026-04-27,FE,5.1,,1,Jefferies:5.1
2026-04-27,FITB,23.2,,1,Barclays:23.2
2026-04-27,FLEX,12.4,,1,Stifel:12.4
2026-04-27,GE,39.5,,1,Morgan Stanley:39.5
2026-04-27,GEV,11.4,5.4028,3,Barclays:8.9|Evercore ISI Group:17.6|BMO Capital:7.7
2026-04-27,GIS,13.5,,1,Stifel:13.5
2026-04-27,GL,19.6,,1,Truist Securities:19.6
2026-04-27,GPC,11.7,,1,UBS:11.7
2026-04-27,GPN,6,,1,BMO Capital:6
2026-04-27,HAL,10.1333,2.558,3,JP Morgan:7.7|RBC Capital:12.8|Stifel:9.9
2026-04-27,HCA,20.9,,1,Stephens & Co.:20.9
2026-04-27,HIG,15.8,,1,UBS:15.8
2026-04-27,HSIC,-18,,1,Morgan Stanley:-18
2026-04-27,HSY,18.5,,1,Morgan Stanley:18.5
2026-04-27,INTC,19.4,31.2541,2,HSBC:41.5|Jefferies:-2.7
2026-04-27,ISRG,34.4,,1,Barclays:34.4
2026-04-27,KEY,17,,1,Evercore ISI Group:17
2026-04-27,LMT,33.3,,1,Susquehanna:33.3
2026-04-27,LRCX,17.9,1.2728,2,JP Morgan:18.8|RBC Capital:17
2026-04-27,LVS,22.8,,1,Jefferies:22.8
2026-04-27,MA,18.1,,1,BMO Capital:18.1
2026-04-27,MAR,8.9,,1,Evercore ISI Group:8.9
2026-04-27,MAS,3.3833,9.5323,6,B of A Securities:-8|RBC Capital:-3.8|Baird:6.4|Goldman Sachs:19.6|JP Morgan:3.7|BMO Capital:2.4
2026-04-27,MMM,9.5,,1,Wells Fargo:9.5
2026-04-27,MPC,-5.7,,1,Scotiabank:-5.7
2026-04-27,MSCI,15.1667,6.5041,3,Morgan Stanley:19.6|RBC Capital:7.7|UBS:18.2
2026-04-27,NCLH,-0.9,,1,JP Morgan:-0.9
2026-04-27,NEE,4.9,,1,Wells Fargo:4.9
2026-04-27,NEM,42,22.486,2,CIBC:57.9|BMO Capital:26.1
2026-04-27,NOC,21.9,,1,Morgan Stanley:21.9
2026-04-27,NTRS,-1.6,,1,Goldman Sachs:-1.6
2026-04-27,OTIS,16.6,25.3144,2,Barclays:-1.3|RBC Capital:34.5
2026-04-27,OXY,0.7,,1,Scotiabank:0.7
2026-04-27,PG,13.95,3.8891,2,UBS:16.7|Wells Fargo:11.2
2026-04-27,PHM,24.4,,1,UBS:24.4
2026-04-27,PLD,11.5,,1,B of A Securities:11.5
2026-04-27,PNR,-3.6,,1,B of A Securities:-3.6
2026-04-27,PYPL,7.8,,1,B of A Securities:7.8
2026-04-27,REG,8.5,,1,Morgan Stanley:8.5
2026-04-27,REGN,27.8,,1,TD Cowen:27.8
2026-04-27,ROP,15.5,18.809,2,Barclays:2.2|Baird:28.8
2026-04-27,RTX,17.2,,1,Morgan Stanley:17.2
2026-04-27,SBUX,0.6,,1,JP Morgan:0.6
2026-04-27,SJM,4.1,,1,Stifel:4.1
2026-04-27,SLB,8.7,,1,JP Morgan:8.7
2026-04-27,SNA,0.8,,1,Baird:0.8
2026-04-27,STLD,10.45,4.7376,2,BMO Capital:7.1|Citigroup:13.8
2026-04-27,SWK,6.1,,1,Baird:6.1
2026-04-27,SWKS,12.5,,1,Barclays:12.5
2026-04-27,SYF,13.05,7.9903,2,Barclays:18.7|Truist Securities:7.4
2026-04-27,TEL,14.4,5.9397,2,Truist Securities:10.2|UBS:18.6
2026-04-27,TMO,32.05,5.869,2,Baird:36.2|Stifel:27.9
2026-04-27,TROW,3.5,,1,JP Morgan:3.5
2026-04-27,TSCO,11.5333,7.5745,3,Morgan Stanley:13.4|Citigroup:18|TD Cowen:3.2
2026-04-27,TSLA,59.9,,1,Wedbush:59.9
2026-04-27,TXN,-6.6,9.1924,2,Jefferies:-0.1|Barclays:-13.1
2026-04-27,UAL,20.7,,1,Jefferies:20.7
2026-04-27,UNH,14,,1,Argus Research:14
2026-04-27,URI,12.1,,1,RBC Capital:12.1
2026-04-27,VLO,-4.4,,1,Scotiabank:-4.4
2026-04-27,VRSN,22.05,8.9803,2,Citigroup:15.7|Baird:28.4
2026-04-27,VRT,6.7,,1,JP Morgan:6.7
2026-04-27,WEC,1.1,,1,Barclays:1.1
2026-04-27,WMB,15,,1,Goldman Sachs:15
2026-04-27,WRB,0.1,,1,BMO Capital:0.1
2026-04-27,XEL,12.9,,1,Keybanc:12.9
2026-04-28,ALGN,8.5,14.2836,2,Piper Sandler:18.6|Morgan Stanley:-1.6
2026-04-28,AMZN,5.8,,1,Oppenheimer:5.8
2026-04-28,APD,2.3,,1,B of A Securities:2.3
2026-04-28,APO,13.1,,1,Evercore ISI Group:13.1
2026-04-28,AXP,24.3,,1,Goldman Sachs:24.3
2026-04-28,BA,6.4,,1,Morgan Stanley:6.4
2026-04-28,BKNG,10.2,,1,Deutsche Bank:10.2
2026-04-28,BKR,10,6.0811,2,BMO Capital:14.3|JP Morgan:5.7
2026-04-28,BLDR,11.3,,1,Stephens & Co.:11.3
2026-04-28,BX,6.6,,1,Piper Sandler:6.6
2026-04-28,CCI,18.1,,1,Keybanc:18.1
2026-04-28,CF,18.4,,1,Barclays:18.4
2026-04-28,CHTR,86.7,,1,Benchmark:86.7
2026-04-28,CL,14.9,,1,Morgan Stanley:14.9
2026-04-28,CLX,12.9,,1,Morgan Stanley:12.9
2026-04-28,CMCSA,15.5,1.1314,2,Citigroup:14.7|Evercore ISI Group:16.3
2026-04-28,CMS,15.6,,1,B of A Securities:15.6
2026-04-28,COF,30.9,,1,Truist Securities:30.9
2026-04-28,CTVA,11.6,,1,Wells Fargo:11.6
2026-04-28,CVNA,0.8,,1,B of A Securities:0.8
2026-04-28,DHI,16.8667,10.2026,3,Goldman Sachs:16.6|Citigroup:6.8|UBS:27.2
2026-04-28,DHR,38.25,3.8891,2,Baird:35.5|Morgan Stanley:41
2026-04-28,DLR,16.4,,1,Stifel:16.4
2026-04-28,DOV,12.225,9.3877,4,Barclays:0.5|Baird:21.9|Oppenheimer:9.3|Seaport Global:17.2
2026-04-28,DPZ,27.1,,1,Goldman Sachs:27.1
2026-04-28,EQT,34.9,,1,Wells Fargo:34.9
2026-04-28,ES,-6.7,,1,Scotiabank:-6.7
2026-04-28,ETR,9.4,,1,Keybanc:9.4
2026-04-28,EW,17.35,20.294,2,Canaccord Genuity:3|Barclays:31.7
2026-04-28,GE,39.5,,1,Morgan Stanley:39.5
2026-04-28,GEV,11.4,5.4028,3,Barclays:8.9|Evercore ISI Group:17.6|BMO Capital:7.7
2026-04-28,GIS,13.5,,1,Stifel:13.5
2026-04-28,GL,19.6,,1,Truist Securities:19.6
2026-04-28,GPC,11.7,,1,UBS:11.7
2026-04-28,GPN,6,,1,BMO Capital:6
2026-04-28,HAL,10.1333,2.558,3,JP Morgan:7.7|RBC Capital:12.8|Stifel:9.9
2026-04-28,HCA,20.9,,1,Stephens & Co.:20.9
2026-04-28,HIG,15.8,,1,UBS:15.8
2026-04-28,HSIC,-18,,1,Morgan Stanley:-18
2026-04-28,HSY,18.5,,1,Morgan Stanley:18.5
2026-04-28,INTC,-2.7,,1,Jefferies:-2.7
2026-04-28,ISRG,34.4,,1,Barclays:34.4
2026-04-28,KEY,17,,1,Evercore ISI Group:17
2026-04-28,LMT,33.3,,1,Susquehanna:33.3
2026-04-28,LRCX,17.9,1.2728,2,JP Morgan:18.8|RBC Capital:17
2026-04-28,LVS,22.8,,1,Jefferies:22.8
2026-04-28,MA,18.1,,1,BMO Capital:18.1
2026-04-28,MAR,8.9,,1,Evercore ISI Group:8.9
2026-04-28,MAS,5.66,8.6434,5,RBC Capital:-3.8|Baird:6.4|Goldman Sachs:19.6|JP Morgan:3.7|BMO Capital:2.4
2026-04-28,MMM,9.5,,1,Wells Fargo:9.5
2026-04-28,MPC,-5.7,,1,Scotiabank:-5.7
2026-04-28,MSCI,15.1667,6.5041,3,Morgan Stanley:19.6|RBC Capital:7.7|UBS:18.2
2026-04-28,NCLH,-0.9,,1,JP Morgan:-0.9
2026-04-28,NEE,4.9,,1,Wells Fargo:4.9
2026-04-28,NEM,42,22.486,2,CIBC:57.9|BMO Capital:26.1
2026-04-28,NOC,21.9,,1,Morgan Stanley:21.9
2026-04-28,NSC,1.2,,1,Evercore ISI Group:1.2
2026-04-28,NTRS,-1.6,,1,Goldman Sachs:-1.6
2026-04-28,OTIS,16.6,25.3144,2,Barclays:-1.3|RBC Capital:34.5
2026-04-28,OXY,0.7,,1,Scotiabank:0.7
2026-04-28,PG,11.9667,4.4004,3,UBS:16.7|Wells Fargo:11.2|Evercore ISI Group:8
2026-04-28,PHM,24.4,,1,UBS:24.4
2026-04-28,PYPL,7.8,,1,B of A Securities:7.8
2026-04-28,REGN,27.8,,1,TD Cowen:27.8
2026-04-28,ROP,15.5,18.809,2,Barclays:2.2|Baird:28.8
2026-04-28,RTX,17.2,,1,Morgan Stanley:17.2
2026-04-28,SBUX,0.6,,1,JP Morgan:0.6
2026-04-28,SJM,4.1,,1,Stifel:4.1
2026-04-28,SLB,8.7,,1,JP Morgan:8.7
2026-04-28,SNA,0.8,,1,Baird:0.8
2026-04-28,STLD,10.45,4.7376,2,BMO Capital:7.1|Citigroup:13.8
2026-04-28,SWK,6.1,,1,Baird:6.1
2026-04-28,SWKS,12.5,,1,Barclays:12.5
2026-04-28,SYF,13.05,7.9903,2,Barclays:18.7|Truist Securities:7.4
2026-04-28,TEL,14.4,5.9397,2,Truist Securities:10.2|UBS:18.6
2026-04-28,TMO,32.05,5.869,2,Baird:36.2|Stifel:27.9
2026-04-28,TROW,3.5,,1,JP Morgan:3.5
2026-04-28,TSCO,11.5333,7.5745,3,Morgan Stanley:13.4|Citigroup:18|TD Cowen:3.2
2026-04-28,TSLA,59.9,,1,Wedbush:59.9
2026-04-28,TXN,-6.6,9.1924,2,Jefferies:-0.1|Barclays:-13.1
2026-04-28,UAL,20.7,,1,Jefferies:20.7
2026-04-28,UNH,14,,1,Argus Research:14
2026-04-28,URI,12.1,,1,RBC Capital:12.1
2026-04-28,VLO,-4.4,,1,Scotiabank:-4.4
2026-04-28,VRSN,22.05,8.9803,2,Citigroup:15.7|Baird:28.4
2026-04-28,VRT,6.7,,1,JP Morgan:6.7
2026-04-28,WRB,0.1,,1,BMO Capital:0.1
2026-04-28,XEL,12.9,,1,Keybanc:12.9
2026-04-29,ALGN,-1.6,,1,Morgan Stanley:-1.6
2026-04-29,AMT,35.2,,1,JP Morgan:35.2
2026-04-29,AMZN,5.8,,1,Oppenheimer:5.8
2026-04-29,AXP,24.3,,1,Goldman Sachs:24.3
2026-04-29,BA,6.4,,1,Morgan Stanley:6.4
2026-04-29,BEN,13.9,,1,Goldman Sachs:13.9
2026-04-29,BKNG,30.05,5.1619,2,JP Morgan:26.4|RBC Capital:33.7
2026-04-29,BKR,10,6.0811,2,BMO Capital:14.3|JP Morgan:5.7
2026-04-29,BLDR,11.3,,1,Stephens & Co.:11.3
2026-04-29,BRO,13.9,,1,RBC Capital:13.9
2026-04-29,BX,6.6,,1,Piper Sandler:6.6
2026-04-29,CCI,18.1,,1,Keybanc:18.1
2026-04-29,CDNS,31.3,,1,Keybanc:31.3
2026-04-29,CF,18.4,,1,Barclays:18.4
2026-04-29,CHTR,86.7,,1,Benchmark:86.7
2026-04-29,CL,14.9,,1,Morgan Stanley:14.9
2026-04-29,CLX,12.9,,1,Morgan Stanley:12.9
2026-04-29,CMCSA,15.5,1.1314,2,Citigroup:14.7|Evercore ISI Group:16.3
2026-04-29,CNC,14.7,,1,Oppenheimer:14.7
2026-04-29,COF,30.9,,1,Truist Securities:30.9
2026-04-29,DHI,17,14.425,2,Citigroup:6.8|UBS:27.2
2026-04-29,DHR,38.25,3.8891,2,Baird:35.5|Morgan Stanley:41
2026-04-29,DLR,16.4,,1,Stifel:16.4
2026-04-29,DOV,12.225,9.3877,4,Barclays:0.5|Baird:21.9|Oppenheimer:9.3|Seaport Global:17.2
2026-04-29,DPZ,27.1,,1,Goldman Sachs:27.1
2026-04-29,EQT,34.9,,1,Wells Fargo:34.9
2026-04-29,EW,17.35,20.294,2,Canaccord Genuity:3|Barclays:31.7
2026-04-29,GEV,11.4,5.4028,3,Barclays:8.9|Evercore ISI Group:17.6|BMO Capital:7.7
2026-04-29,GL,19.6,,1,Truist Securities:19.6
2026-04-29,GM,27.9,,1,Mizuho:27.9
2026-04-29,GPC,11.7,,1,UBS:11.7
2026-04-29,HAL,9.9,,1,Stifel:9.9
2026-04-29,HCA,20.9,,1,Stephens & Co.:20.9
2026-04-29,HIG,15.8,,1,UBS:15.8
2026-04-29,HLT,1.4,,1,Mizuho:1.4
2026-04-29,HSIC,-18,,1,Morgan Stanley:-18
2026-04-29,HSY,18.5,,1,Morgan Stanley:18.5
2026-04-29,INCY,-9.3,,1,Oppenheimer:-9.3
2026-04-29,INTC,-2.7,,1,Jefferies:-2.7
2026-04-29,ISRG,34.4,,1,Barclays:34.4
2026-04-29,LMT,33.3,,1,Susquehanna:33.3
2026-04-29,LRCX,17.9,1.2728,2,JP Morgan:18.8|RBC Capital:17
2026-04-29,LVS,22.8,,1,Jefferies:22.8
2026-04-29,MAR,8.9,,1,Evercore ISI Group:8.9
2026-04-29,MAS,5.66,8.6434,5,RBC Capital:-3.8|Baird:6.4|Goldman Sachs:19.6|JP Morgan:3.7|BMO Capital:2.4
2026-04-29,MDLZ,12.5,8.2024,2,Evercore ISI Group:18.3|UBS:6.7
2026-04-29,MSCI,18.2,,1,UBS:18.2
2026-04-29,NCLH,-0.9,,1,JP Morgan:-0.9
2026-04-29,NEE,4.9,,1,Wells Fargo:4.9
2026-04-29,NEM,26.1,,1,BMO Capital:26.1
2026-04-29,NSC,1.2,,1,Evercore ISI Group:1.2
2026-04-29,NUE,15,,1,Citigroup:15
2026-04-29,NXPI,13.7,,1,Evercore ISI Group:13.7
2026-04-29,ODFL,1.9,,1,Baird:1.9
2026-04-29,OTIS,16.6,25.3144,2,Barclays:-1.3|RBC Capital:34.5
2026-04-29,PFE,2.4,,1,Citigroup:2.4
2026-04-29,PG,11.9667,4.4004,3,UBS:16.7|Wells Fargo:11.2|Evercore ISI Group:8
2026-04-29,PHM,24.4,,1,UBS:24.4
2026-04-29,PNR,19.45,11.9501,2,Barclays:11|Citigroup:27.9
2026-04-29,REGN,27.8,,1,TD Cowen:27.8
2026-04-29,ROP,15.5,18.809,2,Barclays:2.2|Baird:28.8
2026-04-29,SBUX,0.6,,1,JP Morgan:0.6
2026-04-29,SLB,8.7,,1,JP Morgan:8.7
2026-04-29,SNA,0.8,,1,Baird:0.8
2026-04-29,STX,-18.4,,1,UBS:-18.4
2026-04-29,SWKS,12.5,,1,Barclays:12.5
2026-04-29,SYF,13.05,7.9903,2,Barclays:18.7|Truist Securities:7.4
2026-04-29,SYY,18.6,,1,Barclays:18.6
2026-04-29,TEL,14.4,5.9397,2,Truist Securities:10.2|UBS:18.6
2026-04-29,TER,24,,1,Stifel:24
2026-04-29,TMO,32.05,5.869,2,Baird:36.2|Stifel:27.9
2026-04-29,TPR,19.4,,1,Citigroup:19.4
2026-04-29,TROW,3.5,,1,JP Morgan:3.5
2026-04-29,TSCO,10.6,10.4652,2,Citigroup:18|TD Cowen:3.2
2026-04-29,TSLA,59.9,,1,Wedbush:59.9
2026-04-29,TXN,-6.6,9.1924,2,Jefferies:-0.1|Barclays:-13.1
2026-04-29,UAL,20.7,,1,Jefferies:20.7
2026-04-29,URI,12.1,,1,RBC Capital:12.1
2026-04-29,V,11.9,11.1723,2,Evercore ISI Group:4|Oppenheimer:19.8
2026-04-29,VRSN,22.05,8.9803,2,Citigroup:15.7|Baird:28.4
2026-04-29,VRT,6.7,,1,JP Morgan:6.7
2026-04-29,WRB,0.1,,1,BMO Capital:0.1
2026-04-29,XYL,38.35,6.0104,2,Citigroup:42.6|Oppenheimer:34.1
2026-04-30,ACGL,32.7,,1,Citigroup:32.7
2026-04-30,ALGN,11.35,18.3141,2,Morgan Stanley:-1.6|Evercore ISI Group:24.3
2026-04-30,ALLE,16.2,,1,Barclays:16.2
2026-04-30,AMT,35.2,,1,JP Morgan:35.2
2026-04-30,AMZN,5.8,,1,Oppenheimer:5.8
2026-04-30,APH,18.5,,1,Evercore ISI Group:18.5
2026-04-30,AXP,24.3,,1,Goldman Sachs:24.3
2026-04-30,BA,6.4,,1,Morgan Stanley:6.4
2026-04-30,BEN,9.05,6.8589,2,Goldman Sachs:13.9|JP Morgan:4.2
2026-04-30,BG,19.8,,1,Barclays:19.8
2026-04-30,BKNG,26.8333,6.6606,3,JP Morgan:26.4|RBC Capital:33.7|Barclays:20.4
2026-04-30,BKR,10,6.0811,2,BMO Capital:14.3|JP Morgan:5.7
2026-04-30,BLDR,11.3,,1,Stephens & Co.:11.3
2026-04-30,BRO,30.85,23.9709,2,RBC Capital:13.9|Truist Securities:47.8
2026-04-30,BX,6.6,,1,Piper Sandler:6.6
2026-04-30,CDNS,31.3,,1,Keybanc:31.3
2026-04-30,CF,18.4,,1,Barclays:18.4
2026-04-30,CHRW,12.25,1.9092,2,Barclays:10.9|Wells Fargo:13.6
2026-04-30,CHTR,86.7,,1,Benchmark:86.7
2026-04-30,CMCSA,15.5,1.1314,2,Citigroup:14.7|Evercore ISI Group:16.3
2026-04-30,CMG,28.2,,1,RBC Capital:28.2
2026-04-30,CNC,14.7,,1,Oppenheimer:14.7
2026-04-30,COF,30.9,,1,Truist Securities:30.9
2026-04-30,DLR,16.4,,1,Stifel:16.4
2026-04-30,DOV,12.225,9.3877,4,Barclays:0.5|Baird:21.9|Oppenheimer:9.3|Seaport Global:17.2
2026-04-30,DPZ,27.1,,1,Goldman Sachs:27.1
2026-04-30,EBAY,10.4,14.8492,2,Goldman Sachs:-0.1|Morgan Stanley:20.9
2026-04-30,EQT,34.9,,1,Wells Fargo:34.9
2026-04-30,ETR,10,,1,Wells Fargo:10
2026-04-30,EW,17.35,20.294,2,Canaccord Genuity:3|Barclays:31.7
2026-04-30,GEHC,9.8,,1,Goldman Sachs:9.8
2026-04-30,GEV,7.7,,1,BMO Capital:7.7
2026-04-30,GL,19.6,,1,Truist Securities:19.6
2026-04-30,GLW,15.5,,1,Susquehanna:15.5
2026-04-30,GM,27.9,,1,Mizuho:27.9
2026-04-30,GNRC,11.3,,1,TD Cowen:11.3
2026-04-30,GOOGL,21.65,1.9092,2,Guggenheim:20.3|Susquehanna:23
2026-04-30,HCA,20.9,,1,Stephens & Co.:20.9
2026-04-30,HIG,15.8,,1,UBS:15.8
2026-04-30,HLT,1.4,,1,Mizuho:1.4
2026-04-30,HSIC,-18,,1,Morgan Stanley:-18
2026-04-30,HSY,18.5,,1,Morgan Stanley:18.5
2026-04-30,INCY,6.65,22.5567,2,Oppenheimer:-9.3|Stifel:22.6
2026-04-30,INTC,-2.7,,1,Jefferies:-2.7
2026-04-30,IR,26.4333,13.9005,3,Barclays:23.4|Citigroup:41.6|Wells Fargo:14.3
2026-04-30,LII,8.25,5.5861,2,Barclays:12.2|Wells Fargo:4.3
2026-04-30,LMT,33.3,,1,Susquehanna:33.3
2026-04-30,MAR,8.9,,1,Evercore ISI Group:8.9
2026-04-30,MAS,8.025,7.8945,4,Baird:6.4|Goldman Sachs:19.6|JP Morgan:3.7|BMO Capital:2.4
2026-04-30,MDLZ,12.5,8.2024,2,Evercore ISI Group:18.3|UBS:6.7
2026-04-30,META,37.2,,1,Bernstein:37.2
2026-04-30,NCLH,-0.9,,1,JP Morgan:-0.9
2026-04-30,NEE,4.9,,1,Wells Fargo:4.9
2026-04-30,NEM,26.1,,1,BMO Capital:26.1
2026-04-30,NSC,1.2,,1,Evercore ISI Group:1.2
2026-04-30,NUE,15,,1,Citigroup:15
2026-04-30,NXPI,4.1857,10.7424,7,Evercore ISI Group:13.7|Jefferies:3.6|JP Morgan:1.9|Keybanc:19.2|Stifel:-2.6|Susquehanna:-13.6|Truist Securities:7.1
2026-04-30,ODFL,2.9333,10.9865,3,Baird:1.9|Stephens & Co.:14.4|TD Cowen:-7.5
2026-04-30,PFE,2.4,,1,Citigroup:2.4
2026-04-30,PG,11.9667,4.4004,3,UBS:16.7|Wells Fargo:11.2|Evercore ISI Group:8
2026-04-30,PHM,24.4,,1,UBS:24.4
2026-04-30,PNR,19.45,11.9501,2,Barclays:11|Citigroup:27.9
2026-04-30,REGN,32.3,,1,Barclays:32.3
2026-04-30,ROP,15.5,18.809,2,Barclays:2.2|Baird:28.8
2026-04-30,SBUX,5.7,7.2125,2,JP Morgan:0.6|Baird:10.8
2026-04-30,SLB,8.7,,1,JP Morgan:8.7
2026-04-30,SNA,0.8,,1,Baird:0.8
2026-04-30,STX,-18.4,,1,UBS:-18.4
2026-04-30,SYF,7.4,,1,Truist Securities:7.4
2026-04-30,SYY,18.6,,1,Barclays:18.6
2026-04-30,TEL,18.6,,1,UBS:18.6
2026-04-30,TER,23.15,1.2021,2,Stifel:24|Citigroup:22.3
2026-04-30,TMO,32.05,5.869,2,Baird:36.2|Stifel:27.9
2026-04-30,TMUS,35.3,5.374,2,JP Morgan:39.1|Oppenheimer:31.5
2026-04-30,TPR,17.4,2.8284,2,Citigroup:19.4|Baird:15.4
2026-04-30,TROW,3.5,,1,JP Morgan:3.5
2026-04-30,TSCO,3.2,,1,TD Cowen:3.2
2026-04-30,TXN,-13.1,,1,Barclays:-13.1
2026-04-30,UAL,20.7,,1,Jefferies:20.7
2026-04-30,URI,12.1,,1,RBC Capital:12.1
2026-04-30,V,11.9,11.1723,2,Evercore ISI Group:4|Oppenheimer:19.8
2026-04-30,VMC,14.9,0,2,Barclays:14.9|Stephens & Co.:14.9
2026-04-30,VRSN,22.05,8.9803,2,Citigroup:15.7|Baird:28.4
2026-04-30,VRT,6.7,,1,JP Morgan:6.7
2026-04-30,WM,16.1,,1,Wells Fargo:16.1
2026-04-30,WRB,0.1,,1,BMO Capital:0.1
2026-04-30,XYL,38.35,6.0104,2,Citigroup:42.6|Oppenheimer:34.1
2026-05-01,ACGL,32.7,,1,Citigroup:32.7
2026-05-01,ALGN,15.6333,14.9246,3,Morgan Stanley:-1.6|Evercore ISI Group:24.3|Mizuho:24.2
2026-05-01,ALLE,16.2,,1,Barclays:16.2
2026-05-01,AMT,35.2,,1,JP Morgan:35.2
2026-05-01,AMZN,5.8,,1,Oppenheimer:5.8
2026-05-01,APD,8.6,,1,JP Morgan:8.6
2026-05-01,APH,27.5,12.7279,2,Evercore ISI Group:18.5|JP Morgan:36.5
2026-05-01,AXP,24.3,,1,Goldman Sachs:24.3
2026-05-01,BEN,9.05,6.8589,2,Goldman Sachs:13.9|JP Morgan:4.2
2026-05-01,BG,19.8,,1,Barclays:19.8
2026-05-01,BKNG,26.8333,6.6606,3,JP Morgan:26.4|RBC Capital:33.7|Barclays:20.4
2026-05-01,BKR,10,6.0811,2,BMO Capital:14.3|JP Morgan:5.7
2026-05-01,BLDR,11.3,,1,Stephens & Co.:11.3
2026-05-01,BRO,30.85,23.9709,2,RBC Capital:13.9|Truist Securities:47.8
2026-05-01,BX,6.6,,1,Piper Sandler:6.6
2026-05-01,CARR,19.05,2.0506,2,Barclays:17.6|RBC Capital:20.5
2026-05-01,CAT,25.4,,1,JP Morgan:25.4
2026-05-01,CDNS,31.3,,1,Keybanc:31.3
2026-05-01,CF,18.4,,1,Barclays:18.4
2026-05-01,CHRW,10.1,3.9611,3,Barclays:10.9|Wells Fargo:13.6|JP Morgan:5.8
2026-05-01,CMG,28.2,,1,RBC Capital:28.2
2026-05-01,CNC,14.7,,1,Oppenheimer:14.7
2026-05-01,CVNA,17.6,,1,JP Morgan:17.6
2026-05-01,DLR,16.4,,1,Stifel:16.4
2026-05-01,DOV,16.1333,6.3674,3,Baird:21.9|Oppenheimer:9.3|Seaport Global:17.2
2026-05-01,DPZ,27.1,,1,Goldman Sachs:27.1
2026-05-01,EBAY,10.4,14.8492,2,Goldman Sachs:-0.1|Morgan Stanley:20.9
2026-05-01,ETR,12.65,3.7477,2,Wells Fargo:10|UBS:15.3
2026-05-01,EW,31.7,,1,Barclays:31.7
2026-05-01,FTV,5.45,2.3335,2,Citigroup:7.1|RBC Capital:3.8
2026-05-01,GD,15.8,,1,JP Morgan:15.8
2026-05-01,GEHC,9.8,,1,Goldman Sachs:9.8
2026-05-01,GLW,15.5,,1,Susquehanna:15.5
2026-05-01,GM,27.9,,1,Mizuho:27.9
2026-05-01,GNRC,11.3,,1,TD Cowen:11.3
2026-05-01,GOOG,19.1,,1,Scotiabank:19.1
2026-05-01,GOOGL,21.65,1.9092,2,Guggenheim:20.3|Susquehanna:23
2026-05-01,HCA,20.9,,1,Stephens & Co.:20.9
2026-05-01,HIG,15.8,,1,UBS:15.8
2026-05-01,HLT,7.65,8.8388,2,Mizuho:1.4|UBS:13.9
2026-05-01,HSY,12.5,,1,TD Cowen:12.5
2026-05-01,HUBB,8.7,,1,Wells Fargo:8.7
2026-05-01,INCY,6.65,22.5567,2,Oppenheimer:-9.3|Stifel:22.6
2026-05-01,INTC,-2.7,,1,Jefferies:-2.7
2026-05-01,INVH,4.5,,1,RBC Capital:4.5
2026-05-01,IP,27,,1,Seaport Global:27
2026-05-01,IR,26.4333,13.9005,3,Barclays:23.4|Citigroup:41.6|Wells Fargo:14.3
2026-05-01,IRM,8.8,,1,JP Morgan:8.8
2026-05-01,KLAC,19.1,,1,Citigroup:19.1
2026-05-01,LII,8.25,5.5861,2,Barclays:12.2|Wells Fargo:4.3
2026-05-01,LMT,33.3,,1,Susquehanna:33.3
2026-05-01,MAS,2.4,,1,BMO Capital:2.4
2026-05-01,MDLZ,12.5,8.2024,2,Evercore ISI Group:18.3|UBS:6.7
2026-05-01,META,32.05,7.2832,2,Bernstein:37.2|Stifel:26.9
2026-05-01,MGM,3.3,,1,Citigroup:3.3
2026-05-01,MO,-4.4,,1,Citigroup:-4.4
2026-05-01,MOS,15.5,,1,CIBC:15.5
2026-05-01,MPWR,18.2,,1,TD Cowen:18.2
2026-05-01,MSFT,33.2,,1,Scotiabank:33.2
2026-05-01,NCLH,-0.9,,1,JP Morgan:-0.9
2026-05-01,NEM,26.1,,1,BMO Capital:26.1
2026-05-01,NSC,1.2,,1,Evercore ISI Group:1.2
2026-05-01,NUE,15,,1,Citigroup:15
2026-05-01,NXPI,4.1857,10.7424,7,Evercore ISI Group:13.7|Jefferies:3.6|JP Morgan:1.9|Keybanc:19.2|Stifel:-2.6|Susquehanna:-13.6|Truist Securities:7.1
2026-05-01,ODFL,2.9333,10.9865,3,Baird:1.9|Stephens & Co.:14.4|TD Cowen:-7.5
2026-05-01,ORLY,10,,1,Wells Fargo:10
2026-05-01,PFE,2.4,,1,Citigroup:2.4
2026-05-01,PG,11.9667,4.4004,3,UBS:16.7|Wells Fargo:11.2|Evercore ISI Group:8
2026-05-01,PNR,19.45,11.9501,2,Barclays:11|Citigroup:27.9
2026-05-01,QCOM,-10.7,,1,JP Morgan:-10.7
2026-05-01,RCL,27.9,,1,Barclays:27.9
2026-05-01,REGN,32.3,,1,Barclays:32.3
2026-05-01,ROP,28.8,,1,Baird:28.8
2026-05-01,SBAC,12.6,,1,Keybanc:12.6
2026-05-01,SBUX,10.8,,1,Baird:10.8
2026-05-01,SLB,8.7,,1,JP Morgan:8.7
2026-05-01,SNA,0.8,,1,Baird:0.8
2026-05-01,STX,-18.4,,1,UBS:-18.4
2026-05-01,SWK,-4.6,,1,JP Morgan:-4.6
2026-05-01,SYY,18.6,,1,Barclays:18.6
2026-05-01,TER,20.9333,3.9323,3,Stifel:24|Citigroup:22.3|JP Morgan:16.5
2026-05-01,TMO,32.05,5.869,2,Baird:36.2|Stifel:27.9
2026-05-01,TMUS,35.3,5.374,2,JP Morgan:39.1|Oppenheimer:31.5
2026-05-01,TPR,17.4,2.8284,2,Citigroup:19.4|Baird:15.4
2026-05-01,TSCO,3.2,,1,TD Cowen:3.2
2026-05-01,TT,18.2,,1,Barclays:18.2
2026-05-01,TYL,6.7,,1,Evercore ISI Group:6.7
2026-05-01,UAL,20.7,,1,Jefferies:20.7
2026-05-01,UHS,84.2,,1,UBS:84.2
2026-05-01,V,16.6667,11.4269,3,Evercore ISI Group:4|Oppenheimer:19.8|Macquarie:26.2
2026-05-01,VMC,14.9,0,2,Barclays:14.9|Stephens & Co.:14.9
2026-05-01,VRSK,22.8,,1,JP Morgan:22.8
2026-05-01,VRSN,28.4,,1,Baird:28.4
2026-05-01,VST,45.9,,1,JP Morgan:45.9
2026-05-01,VZ,7.7,,1,JP Morgan:7.7
2026-05-01,WM,16.1,,1,Wells Fargo:16.1
2026-05-01,WTW,36.9,,1,Evercore ISI Group:36.9
2026-05-01,XYL,38.35,6.0104,2,Citigroup:42.6|Oppenheimer:34.1
2026-05-02,AAPL,6.1,,1,UBS:6.1
2026-05-02,ACGL,32.7,,1,Citigroup:32.7
2026-05-02,ALGN,24.25,0.0707,2,Evercore ISI Group:24.3|Mizuho:24.2
2026-05-02,ALLE,16.2,,1,Barclays:16.2
2026-05-02,AMT,35.2,,1,JP Morgan:35.2
2026-05-02,AOS,12.9,,1,Baird:12.9
2026-05-02,APD,8.6,,1,JP Morgan:8.6
2026-05-02,APH,27.5,12.7279,2,Evercore ISI Group:18.5|JP Morgan:36.5
2026-05-02,AXP,24.3,,1,Goldman Sachs:24.3
2026-05-02,BEN,9.05,6.8589,2,Goldman Sachs:13.9|JP Morgan:4.2
2026-05-02,BG,19.8,,1,Barclays:19.8
2026-05-02,BKNG,26.8333,6.6606,3,JP Morgan:26.4|RBC Capital:33.7|Barclays:20.4
2026-05-02,BKR,10,6.0811,2,BMO Capital:14.3|JP Morgan:5.7
2026-05-02,BLDR,8.25,4.3134,2,Stephens & Co.:11.3|DA Davidson:5.2
2026-05-02,BR,45.8,,1,Needham:45.8
2026-05-02,BRO,30.85,23.9709,2,RBC Capital:13.9|Truist Securities:47.8
2026-05-02,BX,6.6,,1,Piper Sandler:6.6
2026-05-02,CARR,19.05,2.0506,2,Barclays:17.6|RBC Capital:20.5
2026-05-02,CAT,13.7,16.5463,2,JP Morgan:25.4|Morgan Stanley:2
2026-05-02,CDNS,31.3,,1,Keybanc:31.3
2026-05-02,CF,18.4,,1,Barclays:18.4
2026-05-02,CHRW,10.1,3.9611,3,Barclays:10.9|Wells Fargo:13.6|JP Morgan:5.8
2026-05-02,CMG,28.2,,1,RBC Capital:28.2
2026-05-02,CNC,14.7,,1,Oppenheimer:14.7
2026-05-02,CVNA,17.6,,1,JP Morgan:17.6
2026-05-02,DOV,17.2,,1,Seaport Global:17.2
2026-05-02,DPZ,27.1,,1,Goldman Sachs:27.1
2026-05-02,EBAY,10.4,14.8492,2,Goldman Sachs:-0.1|Morgan Stanley:20.9
2026-05-02,ETR,12.65,3.7477,2,Wells Fargo:10|UBS:15.3
2026-05-02,EW,31.7,,1,Barclays:31.7
2026-05-02,FTV,5.45,2.3335,2,Citigroup:7.1|RBC Capital:3.8
2026-05-02,GD,15.8,,1,JP Morgan:15.8
2026-05-02,GEHC,9.8,,1,Goldman Sachs:9.8
2026-05-02,GLW,15.5,,1,Susquehanna:15.5
2026-05-02,GM,27.9,,1,Mizuho:27.9
2026-05-02,GNRC,9.5,2.5456,2,TD Cowen:11.3|Wells Fargo:7.7
2026-05-02,GOOG,19.1,,1,Scotiabank:19.1
2026-05-02,GOOGL,21.65,1.9092,2,Guggenheim:20.3|Susquehanna:23
2026-05-02,HCA,20.9,,1,Stephens & Co.:20.9
2026-05-02,HIG,15.8,,1,UBS:15.8
2026-05-02,HLT,7.65,8.8388,2,Mizuho:1.4|UBS:13.9
2026-05-02,HSY,12.5,,1,TD Cowen:12.5
2026-05-02,HUBB,8.7,,1,Wells Fargo:8.7
2026-05-02,INCY,6.65,22.5567,2,Oppenheimer:-9.3|Stifel:22.6
2026-05-02,INVH,4.5,,1,RBC Capital:4.5
2026-05-02,IP,27,,1,Seaport Global:27
2026-05-02,IR,26.4333,13.9005,3,Barclays:23.4|Citigroup:41.6|Wells Fargo:14.3
2026-05-02,IRM,8.8,,1,JP Morgan:8.8
2026-05-02,KLAC,19.1,,1,Citigroup:19.1
2026-05-02,LII,8.25,5.5861,2,Barclays:12.2|Wells Fargo:4.3
2026-05-02,MA,31.4,,1,Susquehanna:31.4
2026-05-02,MDLZ,12.5,8.2024,2,Evercore ISI Group:18.3|UBS:6.7
2026-05-02,META,32.05,7.2832,2,Bernstein:37.2|Stifel:26.9
2026-05-02,MGM,8.45,7.2832,2,Citigroup:3.3|Jefferies:13.6
2026-05-02,MO,-4.4,,1,Citigroup:-4.4
2026-05-02,MOS,15.5,,1,CIBC:15.5
2026-05-02,MPWR,18.2,,1,TD Cowen:18.2
2026-05-02,MSFT,33.2,,1,Scotiabank:33.2
2026-05-02,NCLH,-0.9,,1,JP Morgan:-0.9
2026-05-02,NSC,1.2,,1,Evercore ISI Group:1.2
2026-05-02,NUE,15,,1,Citigroup:15
2026-05-02,NXPI,4.1857,10.7424,7,Evercore ISI Group:13.7|Jefferies:3.6|JP Morgan:1.9|Keybanc:19.2|Stifel:-2.6|Susquehanna:-13.6|Truist Securities:7.1
2026-05-02,ODFL,2.9333,10.9865,3,Baird:1.9|Stephens & Co.:14.4|TD Cowen:-7.5
2026-05-02,OMC,7.5,,1,Morgan Stanley:7.5
2026-05-02,ORLY,15,5,3,Wells Fargo:10|Evercore ISI Group:15|UBS:20
2026-05-02,PFE,2.4,,1,Citigroup:2.4
2026-05-02,PG,11.9667,4.4004,3,UBS:16.7|Wells Fargo:11.2|Evercore ISI Group:8
2026-05-02,PNR,19.45,11.9501,2,Barclays:11|Citigroup:27.9
2026-05-02,PWR,8.6,,1,Evercore ISI Group:8.6
2026-05-02,QCOM,-10.7,,1,JP Morgan:-10.7
2026-05-02,RCL,27.9,,1,Barclays:27.9
2026-05-02,REGN,32.3,,1,Barclays:32.3
2026-05-02,SBAC,12.6,,1,Keybanc:12.6
2026-05-02,SBUX,10.8,,1,Baird:10.8
2026-05-02,SLB,8.7,,1,JP Morgan:8.7
2026-05-02,STX,-18.4,,1,UBS:-18.4
2026-05-02,SWK,-4.6,,1,JP Morgan:-4.6
2026-05-02,SYK,33.4,,1,Needham:33.4
2026-05-02,SYY,18.6,,1,Barclays:18.6
2026-05-02,TER,20.9333,3.9323,3,Stifel:24|Citigroup:22.3|JP Morgan:16.5
2026-05-02,TMUS,35.3,5.374,2,JP Morgan:39.1|Oppenheimer:31.5
2026-05-02,TPR,17.4,2.8284,2,Citigroup:19.4|Baird:15.4
2026-05-02,TSCO,3.2,,1,TD Cowen:3.2
2026-05-02,TT,15.15,4.3134,2,Barclays:18.2|Keybanc:12.1
2026-05-02,TYL,6.7,,1,Evercore ISI Group:6.7
2026-05-02,UAL,20.7,,1,Jefferies:20.7
2026-05-02,UBER,46.5,,1,UBS:46.5
2026-05-02,UHS,84.2,,1,UBS:84.2
2026-05-02,V,16.6667,11.4269,3,Evercore ISI Group:4|Oppenheimer:19.8|Macquarie:26.2
2026-05-02,VMC,14.9,0,2,Barclays:14.9|Stephens & Co.:14.9
2026-05-02,VRSK,22.8,,1,JP Morgan:22.8
2026-05-02,VST,45.9,,1,JP Morgan:45.9
2026-05-02,VZ,7.7,,1,JP Morgan:7.7
2026-05-02,WM,16.1,,1,Wells Fargo:16.1
2026-05-02,WTW,36.9,,1,Evercore ISI Group:36.9
2026-05-02,XYL,38.35,6.0104,2,Citigroup:42.6|Oppenheimer:34.1
2026-05-04,AAPL,6.1,,1,UBS:6.1
2026-05-04,ACGL,32.7,,1,Citigroup:32.7
2026-05-04,AIG,12.8,,1,Citigroup:12.8
2026-05-04,ALGN,24.25,0.0707,2,Evercore ISI Group:24.3|Mizuho:24.2
2026-05-04,ALLE,16.2,,1,Barclays:16.2
2026-05-04,AMT,35.2,,1,JP Morgan:35.2
2026-05-04,AOS,12.6,0.4243,2,Baird:12.9|DA Davidson:12.3
2026-05-04,APD,8.6,,1,JP Morgan:8.6
2026-05-04,APH,27.5,12.7279,2,Evercore ISI Group:18.5|JP Morgan:36.5
2026-05-04,AXP,24.3,,1,Goldman Sachs:24.3
2026-05-04,BAX,57,,1,Barclays:57
2026-05-04,BEN,9.05,6.8589,2,Goldman Sachs:13.9|JP Morgan:4.2
2026-05-04,BG,19.8,,1,Barclays:19.8
2026-05-04,BKNG,26.8333,6.6606,3,JP Morgan:26.4|RBC Capital:33.7|Barclays:20.4
2026-05-04,BLDR,5.2,,1,DA Davidson:5.2
2026-05-04,BR,26.3,27.5772,2,Needham:45.8|UBS:6.8
2026-05-04,BRO,30.85,23.9709,2,RBC Capital:13.9|Truist Securities:47.8
2026-05-04,CARR,19.05,2.0506,2,Barclays:17.6|RBC Capital:20.5
2026-05-04,CAT,13.7,16.5463,2,JP Morgan:25.4|Morgan Stanley:2
2026-05-04,CDNS,31.3,,1,Keybanc:31.3
2026-05-04,CHRW,10.1,3.9611,3,Barclays:10.9|Wells Fargo:13.6|JP Morgan:5.8
2026-05-04,CMG,28.2,,1,RBC Capital:28.2
2026-05-04,CNC,14.7,,1,Oppenheimer:14.7
2026-05-04,CPT,1,,1,RBC Capital:1
2026-05-04,CVNA,17.6,,1,JP Morgan:17.6
2026-05-04,DOV,17.2,,1,Seaport Global:17.2
2026-05-04,DPZ,27.1,,1,Goldman Sachs:27.1
2026-05-04,DTE,4.3,,1,Barclays:4.3
2026-05-04,EBAY,10.4,14.8492,2,Goldman Sachs:-0.1|Morgan Stanley:20.9
2026-05-04,ETR,12.65,3.7477,2,Wells Fargo:10|UBS:15.3
2026-05-04,FCX,17.4,,1,Citigroup:17.4
2026-05-04,FTV,6.9,3.005,3,Citigroup:7.1|RBC Capital:3.8|Wells Fargo:9.8
2026-05-04,GD,15.8,,1,JP Morgan:15.8
2026-05-04,GEHC,9.8,,1,Goldman Sachs:9.8
2026-05-04,GLW,15.5,,1,Susquehanna:15.5
2026-05-04,GM,29.8,2.687,2,Mizuho:27.9|Evercore ISI Group:31.7
2026-05-04,GNRC,9.5,2.5456,2,TD Cowen:11.3|Wells Fargo:7.7
2026-05-04,GOOG,19.1,,1,Scotiabank:19.1
2026-05-04,GOOGL,21.65,1.9092,2,Guggenheim:20.3|Susquehanna:23
2026-05-04,HLT,7.65,8.8388,2,Mizuho:1.4|UBS:13.9
2026-05-04,HSY,12.5,,1,TD Cowen:12.5
2026-05-04,HUBB,3.7,7.0711,2,Wells Fargo:8.7|Barclays:-1.3
2026-05-04,INCY,6.65,22.5567,2,Oppenheimer:-9.3|Stifel:22.6
2026-05-04,INTC,-19.3,,1,RBC Capital:-19.3
2026-05-04,INVH,4.5,,1,RBC Capital:4.5
2026-05-04,IP,27,,1,Seaport Global:27
2026-05-04,IR,26.4333,13.9005,3,Barclays:23.4|Citigroup:41.6|Wells Fargo:14.3
2026-05-04,IRM,8.8,,1,JP Morgan:8.8
2026-05-04,ITW,6.7,8.9095,2,Citigroup:13|Wells Fargo:0.4
2026-05-04,KLAC,19.1,,1,Citigroup:19.1
2026-05-04,LHX,29.8,,1,Bernstein:29.8
2026-05-04,LII,8.25,5.5861,2,Barclays:12.2|Wells Fargo:4.3
2026-05-04,LNT,0.8,,1,Scotiabank:0.8
2026-05-04,MA,31.4,,1,Susquehanna:31.4
2026-05-04,MDLZ,12.5,8.2024,2,Evercore ISI Group:18.3|UBS:6.7
2026-05-04,META,32.05,7.2832,2,Bernstein:37.2|Stifel:26.9
2026-05-04,MGM,8.45,7.2832,2,Citigroup:3.3|Jefferies:13.6
2026-05-04,MLM,20.6,,1,Truist Securities:20.6
2026-05-04,MO,-4.4,,1,Citigroup:-4.4
2026-05-04,MOS,15.5,,1,CIBC:15.5
2026-05-04,MPWR,18.2,,1,TD Cowen:18.2
2026-05-04,MSFT,33.2,,1,Scotiabank:33.2
2026-05-04,NEE,11.4,,1,Evercore ISI Group:11.4
2026-05-04,NSC,1.2,,1,Evercore ISI Group:1.2
2026-05-04,NUE,15,,1,Citigroup:15
2026-05-04,NXPI,4.1857,10.7424,7,Evercore ISI Group:13.7|Jefferies:3.6|JP Morgan:1.9|Keybanc:19.2|Stifel:-2.6|Susquehanna:-13.6|Truist Securities:7.1
2026-05-04,ODFL,2.9333,10.9865,3,Baird:1.9|Stephens & Co.:14.4|TD Cowen:-7.5
2026-05-04,OMC,7.5,,1,Morgan Stanley:7.5
2026-05-04,ORLY,15,5,3,Wells Fargo:10|Evercore ISI Group:15|UBS:20
2026-05-04,PFE,2.4,,1,Citigroup:2.4
2026-05-04,PG,8,,1,Evercore ISI Group:8
2026-05-04,PNR,19.45,11.9501,2,Barclays:11|Citigroup:27.9
2026-05-04,PWR,9.4,1.1314,2,Evercore ISI Group:8.6|Goldman Sachs:10.2
2026-05-04,QCOM,-10.7,,1,JP Morgan:-10.7
2026-05-04,RCL,27.9,,1,Barclays:27.9
2026-05-04,REGN,32.3,,1,Barclays:32.3
2026-05-04,SBAC,12.6,,1,Keybanc:12.6
2026-05-04,SBUX,10.8,,1,Baird:10.8
2026-05-04,STX,-18.4,,1,UBS:-18.4
2026-05-04,SWK,-4.6,,1,JP Morgan:-4.6
2026-05-04,SYK,33.55,0.2121,2,Needham:33.4|Barclays:33.7
2026-05-04,SYY,18.6,,1,Barclays:18.6
2026-05-04,TAP,-2.1,,1,Barclays:-2.1
2026-05-04,TER,20.9333,3.9323,3,Stifel:24|Citigroup:22.3|JP Morgan:16.5
2026-05-04,TMUS,35.3,5.374,2,JP Morgan:39.1|Oppenheimer:31.5
2026-05-04,TPR,17.4,2.8284,2,Citigroup:19.4|Baird:15.4
2026-05-04,TT,15.15,4.3134,2,Barclays:18.2|Keybanc:12.1
2026-05-04,TYL,6.7,,1,Evercore ISI Group:6.7
2026-05-04,UBER,46.5,,1,UBS:46.5
2026-05-04,UHS,84.2,,1,UBS:84.2
2026-05-04,V,16.6667,11.4269,3,Evercore ISI Group:4|Oppenheimer:19.8|Macquarie:26.2
2026-05-04,VMC,14.9,0,2,Barclays:14.9|Stephens & Co.:14.9
2026-05-04,VRSK,22.8,,1,JP Morgan:22.8
2026-05-04,VST,45.9,,1,JP Morgan:45.9
2026-05-04,VZ,7.7,,1,JP Morgan:7.7
2026-05-04,WM,16.1,,1,Wells Fargo:16.1
2026-05-04,WTW,36.9,,1,Evercore ISI Group:36.9
2026-05-04,XEL,17.1,,1,Evercore ISI Group:17.1
2026-05-04,XYL,38.35,6.0104,2,Citigroup:42.6|Oppenheimer:34.1
2026-05-05,AAPL,6.1,,1,UBS:6.1
2026-05-05,ACGL,32.7,,1,Citigroup:32.7
2026-05-05,ADP,14.3,,1,Argus Research:14.3
2026-05-05,AIG,12.8,,1,Citigroup:12.8
2026-05-05,ALGN,24.25,0.0707,2,Evercore ISI Group:24.3|Mizuho:24.2
2026-05-05,ALLE,16.2,,1,Barclays:16.2
2026-05-05,AMT,35.2,,1,JP Morgan:35.2
2026-05-05,AOS,12.6,0.4243,2,Baird:12.9|DA Davidson:12.3
2026-05-05,APD,8.6,,1,JP Morgan:8.6
2026-05-05,APH,27.5,12.7279,2,Evercore ISI Group:18.5|JP Morgan:36.5
2026-05-05,ARE,19.7,,1,RBC Capital:19.7
2026-05-05,BAX,57,,1,Barclays:57
2026-05-05,BEN,9.05,6.8589,2,Goldman Sachs:13.9|JP Morgan:4.2
2026-05-05,BG,19.8,,1,Barclays:19.8
2026-05-05,BKNG,26.8333,6.6606,3,JP Morgan:26.4|RBC Capital:33.7|Barclays:20.4
2026-05-05,BLDR,5.2,,1,DA Davidson:5.2
2026-05-05,BR,30.7,20.9363,3,Needham:45.8|UBS:6.8|DA Davidson:39.5
2026-05-05,BRO,30.85,23.9709,2,RBC Capital:13.9|Truist Securities:47.8
2026-05-05,CARR,19.05,2.0506,2,Barclays:17.6|RBC Capital:20.5
2026-05-05,CAT,13.7,16.5463,2,JP Morgan:25.4|Morgan Stanley:2
2026-05-05,CBOE,-1.2,0,2,Keefe; Bruyette & Woods:-1.2|UBS:-1.2
2026-05-05,CDNS,31.3,,1,Keybanc:31.3
2026-05-05,CHRW,10.1,3.9611,3,Barclays:10.9|Wells Fargo:13.6|JP Morgan:5.8
2026-05-05,CIEN,5.7,,1,Stifel:5.7
2026-05-05,CMG,28.2,,1,RBC Capital:28.2
2026-05-05,CNC,14.7,,1,Oppenheimer:14.7
2026-05-05,COHR,26.8,,1,Stifel:26.8
2026-05-05,CPT,1,,1,RBC Capital:1
2026-05-05,CSGP,19.2,,1,Stephens & Co.:19.2
2026-05-05,CVNA,17.6,,1,JP Morgan:17.6
2026-05-05,CVX,15.1,,1,UBS:15.1
2026-05-05,DTE,4.3,,1,Barclays:4.3
2026-05-05,EBAY,10.4,14.8492,2,Goldman Sachs:-0.1|Morgan Stanley:20.9
2026-05-05,ETR,12.65,3.7477,2,Wells Fargo:10|UBS:15.3
2026-05-05,FCX,17.4,,1,Citigroup:17.4
2026-05-05,FICO,60.7,,1,Jefferies:60.7
2026-05-05,FSLR,21.5,,1,Freedom Broker:21.5
2026-05-05,FTV,6.9,3.005,3,Citigroup:7.1|RBC Capital:3.8|Wells Fargo:9.8
2026-05-05,GD,15.8,,1,JP Morgan:15.8
2026-05-05,GDDY,14.6,,1,UBS:14.6
2026-05-05,GEHC,9.8,,1,Goldman Sachs:9.8
2026-05-05,GLW,15.5,,1,Susquehanna:15.5
2026-05-05,GM,29.8,2.687,2,Mizuho:27.9|Evercore ISI Group:31.7
2026-05-05,GNRC,9.5,2.5456,2,TD Cowen:11.3|Wells Fargo:7.7
2026-05-05,GOOG,19.1,,1,Scotiabank:19.1
2026-05-05,GOOGL,21.65,1.9092,2,Guggenheim:20.3|Susquehanna:23
2026-05-05,HLT,7.65,8.8388,2,Mizuho:1.4|UBS:13.9
2026-05-05,HSY,12.5,,1,TD Cowen:12.5
2026-05-05,HUBB,7.6333,8.4506,3,Wells Fargo:8.7|Barclays:-1.3|Stephens & Co.:15.5
2026-05-05,INCY,6.65,22.5567,2,Oppenheimer:-9.3|Stifel:22.6
2026-05-05,INTC,-19.3,,1,RBC Capital:-19.3
2026-05-05,INVH,4.5,,1,RBC Capital:4.5
2026-05-05,IP,27,,1,Seaport Global:27
2026-05-05,IR,26.4333,13.9005,3,Barclays:23.4|Citigroup:41.6|Wells Fargo:14.3
2026-05-05,IRM,8.8,,1,JP Morgan:8.8
2026-05-05,ITW,6.7,8.9095,2,Citigroup:13|Wells Fargo:0.4
2026-05-05,KLAC,19.1,,1,Citigroup:19.1
2026-05-05,LHX,29.8,,1,Bernstein:29.8
2026-05-05,LII,8.25,5.5861,2,Barclays:12.2|Wells Fargo:4.3
2026-05-05,LIN,7.2,,1,JP Morgan:7.2
2026-05-05,LITE,12.7,,1,Stifel:12.7
2026-05-05,LLY,44,,1,Barclays:44
2026-05-05,LNT,0.8,,1,Scotiabank:0.8
2026-05-05,MA,31.4,,1,Susquehanna:31.4
2026-05-05,MDLZ,12.5,8.2024,2,Evercore ISI Group:18.3|UBS:6.7
2026-05-05,META,32.05,7.2832,2,Bernstein:37.2|Stifel:26.9
2026-05-05,MGM,8.45,7.2832,2,Citigroup:3.3|Jefferies:13.6
2026-05-05,MLM,20.6,,1,Truist Securities:20.6
2026-05-05,MO,-4.4,,1,Citigroup:-4.4
2026-05-05,MOS,15.5,,1,CIBC:15.5
2026-05-05,MPWR,18.2,,1,TD Cowen:18.2
2026-05-05,MSFT,33.2,,1,Scotiabank:33.2
2026-05-05,NEE,11.4,,1,Evercore ISI Group:11.4
2026-05-05,NOW,45.3,,1,Barclays:45.3
2026-05-05,NUE,15,,1,Citigroup:15
2026-05-05,NXPI,5.7125,10.8426,8,Evercore ISI Group:13.7|Jefferies:3.6|JP Morgan:1.9|Keybanc:19.2|Stifel:-2.6|Susquehanna:-13.6|Truist Securities:7.1|Barclays:16.4
2026-05-05,ODFL,2.9333,10.9865,3,Baird:1.9|Stephens & Co.:14.4|TD Cowen:-7.5
2026-05-05,OMC,7.5,,1,Morgan Stanley:7.5
2026-05-05,ON,3.45,20.294,2,Jefferies:17.8|Morgan Stanley:-10.9
2026-05-05,ORLY,15,5,3,Wells Fargo:10|Evercore ISI Group:15|UBS:20
2026-05-05,PFE,2.4,,1,Citigroup:2.4
2026-05-05,PKG,17,,1,Deutsche Bank:17
2026-05-05,PLTR,-35.8,,1,RBC Capital:-35.8
2026-05-05,PNR,19.45,11.9501,2,Barclays:11|Citigroup:27.9
2026-05-05,PWR,11.7667,4.1765,3,Evercore ISI Group:8.6|Goldman Sachs:10.2|UBS:16.5
2026-05-05,QCOM,-10.7,,1,JP Morgan:-10.7
2026-05-05,RCL,27.9,,1,Barclays:27.9
2026-05-05,REG,4,,1,Citigroup:4
2026-05-05,REGN,32.3,,1,Barclays:32.3
2026-05-05,RVTY,40.2,,1,Baird:40.2
2026-05-05,SBAC,12.6,,1,Keybanc:12.6
2026-05-05,SBUX,10.8,,1,Baird:10.8
2026-05-05,STX,-18.4,,1,UBS:-18.4
2026-05-05,SWK,-4.6,,1,JP Morgan:-4.6
2026-05-05,SYK,33.55,0.2121,2,Needham:33.4|Barclays:33.7
2026-05-05,SYY,18.6,,1,Barclays:18.6
2026-05-05,TAP,5,10.0409,2,Barclays:-2.1|Morgan Stanley:12.1
2026-05-05,TER,20.9333,3.9323,3,Stifel:24|Citigroup:22.3|JP Morgan:16.5
2026-05-05,TMUS,35.3,5.374,2,JP Morgan:39.1|Oppenheimer:31.5
2026-05-05,TPR,17.4,2.8284,2,Citigroup:19.4|Baird:15.4
2026-05-05,TSN,1.4,,1,Stephens & Co.:1.4
2026-05-05,TT,15.15,4.3134,2,Barclays:18.2|Keybanc:12.1
2026-05-05,TXT,11.95,3.8891,2,JP Morgan:14.7|UBS:9.2
2026-05-05,TYL,6.7,,1,Evercore ISI Group:6.7
2026-05-05,UBER,46.5,,1,UBS:46.5
2026-05-05,UHS,84.2,,1,UBS:84.2
2026-05-05,V,16.6667,11.4269,3,Evercore ISI Group:4|Oppenheimer:19.8|Macquarie:26.2
2026-05-05,VMC,14.9,0,2,Barclays:14.9|Stephens & Co.:14.9
2026-05-05,VRSK,22.8,,1,JP Morgan:22.8
2026-05-05,VRTX,32.4,,1,Bernstein:32.4
2026-05-05,VST,45.9,,1,JP Morgan:45.9
2026-05-05,VZ,7.7,,1,JP Morgan:7.7
2026-05-05,WDC,-1.3,,1,Baird:-1.3
2026-05-05,WM,16.1,,1,Wells Fargo:16.1
2026-05-05,WTW,36.9,,1,Evercore ISI Group:36.9
2026-05-05,XEL,17.1,,1,Evercore ISI Group:17.1
2026-05-05,XOM,15.65,2.7577,2,RBC Capital:17.6|UBS:13.7
2026-05-05,XYL,38.35,6.0104,2,Citigroup:42.6|Oppenheimer:34.1
2026-05-06,AAPL,6.1,,1,UBS:6.1
2026-05-06,ACGL,32.7,,1,Citigroup:32.7
2026-05-06,ADP,14.3,,1,Argus Research:14.3
2026-05-06,AEP,8.4,,1,Wells Fargo:8.4
2026-05-06,AIG,12.8,,1,Citigroup:12.8
2026-05-06,ALGN,24.25,0.0707,2,Evercore ISI Group:24.3|Mizuho:24.2
2026-05-06,ALLE,16.2,,1,Barclays:16.2
2026-05-06,ANET,13.1,,1,Citigroup:13.1
2026-05-06,AOS,12.6,0.4243,2,Baird:12.9|DA Davidson:12.3
2026-05-06,APD,8.6,,1,JP Morgan:8.6
2026-05-06,APH,27.5,12.7279,2,Evercore ISI Group:18.5|JP Morgan:36.5
2026-05-06,ARE,19.7,,1,RBC Capital:19.7
2026-05-06,BAX,57,,1,Barclays:57
2026-05-06,BEN,4.2,,1,JP Morgan:4.2
2026-05-06,BG,19.8,,1,Barclays:19.8
2026-05-06,BKNG,20.4,,1,Barclays:20.4
2026-05-06,BLDR,5.2,,1,DA Davidson:5.2
2026-05-06,BR,30.7,20.9363,3,Needham:45.8|UBS:6.8|DA Davidson:39.5
2026-05-06,BRO,47.8,,1,Truist Securities:47.8
2026-05-06,CARR,19.05,2.0506,2,Barclays:17.6|RBC Capital:20.5
2026-05-06,CAT,13.7,16.5463,2,JP Morgan:25.4|Morgan Stanley:2
2026-05-06,CBOE,-1.2,0,2,Keefe; Bruyette & Woods:-1.2|UBS:-1.2
2026-05-06,CHRW,10.1,3.9611,3,Barclays:10.9|Wells Fargo:13.6|JP Morgan:5.8
2026-05-06,CIEN,5.7,,1,Stifel:5.7
2026-05-06,CMG,28.2,,1,RBC Capital:28.2
2026-05-06,COHR,26.8,,1,Stifel:26.8
2026-05-06,CPT,1,,1,RBC Capital:1
2026-05-06,CSGP,19.2,,1,Stephens & Co.:19.2
2026-05-06,CVNA,17.6,,1,JP Morgan:17.6
2026-05-06,CVX,15.1,,1,UBS:15.1
2026-05-06,DTE,4.3,,1,Barclays:4.3
2026-05-06,EBAY,10.4,14.8492,2,Goldman Sachs:-0.1|Morgan Stanley:20.9
2026-05-06,EMR,1.4,,1,Barclays:1.4
2026-05-06,ETR,12.65,3.7477,2,Wells Fargo:10|UBS:15.3
2026-05-06,EXPD,1.3,,1,Susquehanna:1.3
2026-05-06,FCX,17.4,,1,Citigroup:17.4
2026-05-06,FICO,60.7,,1,Jefferies:60.7
2026-05-06,FSLR,21.5,,1,Freedom Broker:21.5
2026-05-06,FTV,6.9,3.005,3,Citigroup:7.1|RBC Capital:3.8|Wells Fargo:9.8
2026-05-06,GD,15.8,,1,JP Morgan:15.8
2026-05-06,GDDY,14.6,,1,UBS:14.6
2026-05-06,GEHC,9.8,,1,Goldman Sachs:9.8
2026-05-06,GLW,15.5,,1,Susquehanna:15.5
2026-05-06,GM,31.7,,1,Evercore ISI Group:31.7
2026-05-06,GNRC,9.5,2.5456,2,TD Cowen:11.3|Wells Fargo:7.7
2026-05-06,GOOG,19.1,,1,Scotiabank:19.1
2026-05-06,GOOGL,21.65,1.9092,2,Guggenheim:20.3|Susquehanna:23
2026-05-06,HLT,13.9,,1,UBS:13.9
2026-05-06,HSY,12.5,,1,TD Cowen:12.5
2026-05-06,HUBB,7.6333,8.4506,3,Wells Fargo:8.7|Barclays:-1.3|Stephens & Co.:15.5
2026-05-06,INCY,22.6,,1,Stifel:22.6
2026-05-06,INTC,-19.3,,1,RBC Capital:-19.3
2026-05-06,INVH,4.5,,1,RBC Capital:4.5
2026-05-06,IP,27,,1,Seaport Global:27
2026-05-06,IR,26.4333,13.9005,3,Barclays:23.4|Citigroup:41.6|Wells Fargo:14.3
2026-05-06,IRM,8.8,,1,JP Morgan:8.8
2026-05-06,ITW,6.7,8.9095,2,Citigroup:13|Wells Fargo:0.4
2026-05-06,J,42.9,,1,Citigroup:42.9
2026-05-06,KLAC,19.1,,1,Citigroup:19.1
2026-05-06,LDOS,42,,1,Stifel:42
2026-05-06,LHX,29.8,,1,Bernstein:29.8
2026-05-06,LII,8.25,5.5861,2,Barclays:12.2|Wells Fargo:4.3
2026-05-06,LIN,7.2,,1,JP Morgan:7.2
2026-05-06,LITE,12.7,,1,Stifel:12.7
2026-05-06,LLY,44,,1,Barclays:44
2026-05-06,LNT,0.8,,1,Scotiabank:0.8
2026-05-06,MA,31.4,,1,Susquehanna:31.4
2026-05-06,MAA,10,,1,Citigroup:10
2026-05-06,META,34.3333,6.4933,3,Bernstein:37.2|Stifel:26.9|Mizuho:38.9
2026-05-06,MGM,8.45,7.2832,2,Citigroup:3.3|Jefferies:13.6
2026-05-06,MLM,20.6,,1,Truist Securities:20.6
2026-05-06,MO,-4.4,,1,Citigroup:-4.4
2026-05-06,MOS,15.5,,1,CIBC:15.5
2026-05-06,MPWR,18.2,,1,TD Cowen:18.2
2026-05-06,MRK,10.5,,1,Citigroup:10.5
2026-05-06,MSFT,33.2,,1,Scotiabank:33.2
2026-05-06,NCLH,-14.5,,1,Susquehanna:-14.5
2026-05-06,NEE,11.4,,1,Evercore ISI Group:11.4
2026-05-06,NOW,45.3,,1,Barclays:45.3
2026-05-06,NXPI,4.5714,11.1804,7,Jefferies:3.6|JP Morgan:1.9|Keybanc:19.2|Stifel:-2.6|Susquehanna:-13.6|Truist Securities:7.1|Barclays:16.4
2026-05-06,ODFL,3.45,15.4856,2,Stephens & Co.:14.4|TD Cowen:-7.5
2026-05-06,OMC,7.5,,1,Morgan Stanley:7.5
2026-05-06,ON,6.525,15.7834,4,Jefferies:17.8|Morgan Stanley:-10.9|JP Morgan:-2.6|Keybanc:21.8
2026-05-06,ORLY,15,5,3,Wells Fargo:10|Evercore ISI Group:15|UBS:20
2026-05-06,PKG,17,,1,Deutsche Bank:17
2026-05-06,PLTR,-35.8,,1,RBC Capital:-35.8
2026-05-06,PSKY,11.1,,1,Guggenheim:11.1
2026-05-06,PWR,11.7667,4.1765,3,Evercore ISI Group:8.6|Goldman Sachs:10.2|UBS:16.5
2026-05-06,QCOM,-10.7,,1,JP Morgan:-10.7
2026-05-06,RCL,27.9,,1,Barclays:27.9
2026-05-06,REG,4,,1,Citigroup:4
2026-05-06,REGN,32.3,,1,Barclays:32.3
2026-05-06,ROK,2.55,6.2933,2,Barclays:7|Wells Fargo:-1.9
2026-05-06,RVTY,34.25,8.4146,2,Baird:40.2|TD Cowen:28.3
2026-05-06,SBAC,12.6,,1,Keybanc:12.6
2026-05-06,SBUX,10.8,,1,Baird:10.8
2026-05-06,SPGI,38.7,,1,Mizuho:38.7
2026-05-06,SWK,-4.6,,1,JP Morgan:-4.6
2026-05-06,SYK,33.55,0.2121,2,Needham:33.4|Barclays:33.7
2026-05-06,TAP,5,10.0409,2,Barclays:-2.1|Morgan Stanley:12.1
2026-05-06,TDG,9.6,,1,Susquehanna:9.6
2026-05-06,TER,19.4,4.1012,2,Citigroup:22.3|JP Morgan:16.5
2026-05-06,TMUS,35.3,5.374,2,JP Morgan:39.1|Oppenheimer:31.5
2026-05-06,TPR,15.4,,1,Baird:15.4
2026-05-06,TSN,1.4,,1,Stephens & Co.:1.4
2026-05-06,TT,15.15,4.3134,2,Barclays:18.2|Keybanc:12.1
2026-05-06,TXT,11.95,3.8891,2,JP Morgan:14.7|UBS:9.2
2026-05-06,TYL,6.7,,1,Evercore ISI Group:6.7
2026-05-06,UBER,46.5,,1,UBS:46.5
2026-05-06,UDR,5.9,4.8083,2,Citigroup:9.3|RBC Capital:2.5
2026-05-06,UHS,84.2,,1,UBS:84.2
2026-05-06,V,26.2,,1,Macquarie:26.2
2026-05-06,VMC,14.9,0,2,Barclays:14.9|Stephens & Co.:14.9
2026-05-06,VRSK,22.8,,1,JP Morgan:22.8
2026-05-06,VRTX,32.4,,1,Bernstein:32.4
2026-05-06,VST,45.9,,1,JP Morgan:45.9
2026-05-06,VZ,7.7,,1,JP Morgan:7.7
2026-05-06,WDC,-1.3,,1,Baird:-1.3
2026-05-06,WM,16.1,,1,Wells Fargo:16.1
2026-05-06,WTW,36.9,,1,Evercore ISI Group:36.9
2026-05-06,XEL,17.1,,1,Evercore ISI Group:17.1
2026-05-06,XOM,15.65,2.7577,2,RBC Capital:17.6|UBS:13.7
2026-05-07,AAPL,6.1,,1,UBS:6.1
2026-05-07,ADM,-5.6,,1,JP Morgan:-5.6
2026-05-07,ADP,14.3,,1,Argus Research:14.3
2026-05-07,AEP,8.4,,1,Wells Fargo:8.4
2026-05-07,AIG,12.8,,1,Citigroup:12.8
2026-05-07,ALGN,24.2,,1,Mizuho:24.2
2026-05-07,AMCR,26.2,,1,Truist Securities:26.2
2026-05-07,ANET,13.1,,1,Citigroup:13.1
2026-05-07,AOS,12.6,0.4243,2,Baird:12.9|DA Davidson:12.3
2026-05-07,APD,8.6,,1,JP Morgan:8.6
2026-05-07,APH,36.5,,1,JP Morgan:36.5
2026-05-07,ARE,19.7,,1,RBC Capital:19.7
2026-05-07,AXON,84.9,,1,JP Morgan:84.9
2026-05-07,BAX,57,,1,Barclays:57
2026-05-07,BLDR,5.2,,1,DA Davidson:5.2
2026-05-07,BR,30.7,20.9363,3,Needham:45.8|UBS:6.8|DA Davidson:39.5
2026-05-07,CARR,19.05,2.0506,2,Barclays:17.6|RBC Capital:20.5
2026-05-07,CAT,13.7,16.5463,2,JP Morgan:25.4|Morgan Stanley:2
2026-05-07,CBOE,-1.2,0,2,Keefe; Bruyette & Woods:-1.2|UBS:-1.2
2026-05-07,CDW,46.1,,1,Evercore ISI Group:46.1
2026-05-07,CHRW,5.8,,1,JP Morgan:5.8
2026-05-07,CIEN,5.7,,1,Stifel:5.7
2026-05-07,CMI,4.15,3.4648,2,Barclays:6.6|JP Morgan:1.7
2026-05-07,COHR,26.8,,1,Stifel:26.8
2026-05-07,CPT,1,,1,RBC Capital:1
2026-05-07,CSGP,19.2,,1,Stephens & Co.:19.2
2026-05-07,CVNA,17.6,,1,JP Morgan:17.6
2026-05-07,CVX,15.1,,1,UBS:15.1
2026-05-07,DTE,4.3,,1,Barclays:4.3
2026-05-07,DVA,13.2,,1,Deutsche Bank:13.2
2026-05-07,EMR,3.1,2.4042,2,Barclays:1.4|Wells Fargo:4.8
2026-05-07,ETN,10.4,5.9397,2,JP Morgan:6.2|Keybanc:14.6
2026-05-07,ETR,15.3,,1,UBS:15.3
2026-05-07,EXPD,1.3,,1,Susquehanna:1.3
2026-05-07,FCX,17.4,,1,Citigroup:17.4
2026-05-07,FICO,60.7,,1,Jefferies:60.7
2026-05-07,FLEX,36,,1,Keybanc:36
2026-05-07,FSLR,21.5,,1,Freedom Broker:21.5
2026-05-07,FTV,6.9,3.005,3,Citigroup:7.1|RBC Capital:3.8|Wells Fargo:9.8
2026-05-07,GD,15.8,,1,JP Morgan:15.8
2026-05-07,GDDY,14.6,,1,UBS:14.6
2026-05-07,GM,31.7,,1,Evercore ISI Group:31.7
2026-05-07,GNRC,7.7,,1,Wells Fargo:7.7
2026-05-07,GOOG,19.1,,1,Scotiabank:19.1
2026-05-07,HLT,13.9,,1,UBS:13.9
2026-05-07,HSY,12.5,,1,TD Cowen:12.5
2026-05-07,HUBB,7.6333,8.4506,3,Wells Fargo:8.7|Barclays:-1.3|Stephens & Co.:15.5
2026-05-07,INTC,-19.3,,1,RBC Capital:-19.3
2026-05-07,INVH,4.5,,1,RBC Capital:4.5
2026-05-07,IP,27,,1,Seaport Global:27
2026-05-07,IRM,8.8,,1,JP Morgan:8.8
2026-05-07,ITW,6.7,8.9095,2,Citigroup:13|Wells Fargo:0.4
2026-05-07,J,30.5,17.5362,2,Citigroup:42.9|Keybanc:18.1
2026-05-07,JCI,5.1,7.7782,2,Barclays:-0.4|Wells Fargo:10.6
2026-05-07,KLAC,19.1,,1,Citigroup:19.1
2026-05-07,LDOS,42,,1,Stifel:42
2026-05-07,LHX,29.8,,1,Bernstein:29.8
2026-05-07,LIN,7.2,,1,JP Morgan:7.2
2026-05-07,LITE,8.75,5.5861,2,Stifel:12.7|UBS:4.8
2026-05-07,LLY,44,,1,Barclays:44
2026-05-07,LNT,0.8,,1,Scotiabank:0.8
2026-05-07,MA,31.4,,1,Susquehanna:31.4
2026-05-07,MAA,10,,1,Citigroup:10
2026-05-07,META,32.9,8.4853,2,Stifel:26.9|Mizuho:38.9
2026-05-07,MGM,8.45,7.2832,2,Citigroup:3.3|Jefferies:13.6
2026-05-07,MLM,20.6,,1,Truist Securities:20.6
2026-05-07,MO,-4.4,,1,Citigroup:-4.4
2026-05-07,MOS,15.5,,1,CIBC:15.5
2026-05-07,MPWR,18.2,,1,TD Cowen:18.2
2026-05-07,MRK,10.5,,1,Citigroup:10.5
2026-05-07,MSFT,33.2,,1,Scotiabank:33.2
2026-05-07,NCLH,-14.5,,1,Susquehanna:-14.5
2026-05-07,NEE,11.4,,1,Evercore ISI Group:11.4
2026-05-07,NI,9.8,,1,Wells Fargo:9.8
2026-05-07,NOW,45.3,,1,Barclays:45.3
2026-05-07,NXPI,16.4,,1,Barclays:16.4
2026-05-07,OMC,7.5,,1,Morgan Stanley:7.5
2026-05-07,ON,6.525,15.7834,4,Jefferies:17.8|Morgan Stanley:-10.9|JP Morgan:-2.6|Keybanc:21.8
2026-05-07,ORLY,15,5,3,Wells Fargo:10|Evercore ISI Group:15|UBS:20
2026-05-07,PKG,17,,1,Deutsche Bank:17
2026-05-07,PLTR,-35.8,,1,RBC Capital:-35.8
2026-05-07,PSKY,11.1,,1,Guggenheim:11.1
2026-05-07,PWR,11.7667,4.1765,3,Evercore ISI Group:8.6|Goldman Sachs:10.2|UBS:16.5
2026-05-07,QCOM,-10.7,,1,JP Morgan:-10.7
2026-05-07,RCL,27.9,,1,Barclays:27.9
2026-05-07,REG,4,,1,Citigroup:4
2026-05-07,ROK,1.725,9.0618,4,Barclays:7|Wells Fargo:-1.9|JP Morgan:-9.2|Keybanc:11
2026-05-07,RVTY,15.825,22.6659,4,Baird:40.2|TD Cowen:28.3|Barclays:4.9|JP Morgan:-10.1
2026-05-07,SBAC,12.6,,1,Keybanc:12.6
2026-05-07,SMCI,-5.9,,1,JP Morgan:-5.9
2026-05-07,SOLV,-1.9,,1,Wells Fargo:-1.9
2026-05-07,SPGI,38.7,,1,Mizuho:38.7
2026-05-07,SWK,-4.6,,1,JP Morgan:-4.6
2026-05-07,SYK,33.55,0.2121,2,Needham:33.4|Barclays:33.7
2026-05-07,TAP,5,10.0409,2,Barclays:-2.1|Morgan Stanley:12.1
2026-05-07,TDG,9.6,,1,Susquehanna:9.6
2026-05-07,TECH,5.9,,1,Evercore ISI Group:5.9
2026-05-07,TER,16.5,,1,JP Morgan:16.5
2026-05-07,TSN,1.4,,1,Stephens & Co.:1.4
2026-05-07,TT,15.15,4.3134,2,Barclays:18.2|Keybanc:12.1
2026-05-07,TXT,11.95,3.8891,2,JP Morgan:14.7|UBS:9.2
2026-05-07,TYL,6.7,,1,Evercore ISI Group:6.7
2026-05-07,UBER,39.025,6.2083,4,UBS:46.5|JP Morgan:37.8|Piper Sandler:31.5|Truist Securities:40.3
2026-05-07,UDR,5.9,4.8083,2,Citigroup:9.3|RBC Capital:2.5
2026-05-07,UHS,84.2,,1,UBS:84.2
2026-05-07,V,26.2,,1,Macquarie:26.2
2026-05-07,VRSK,22.8,,1,JP Morgan:22.8
2026-05-07,VRTX,32.4,,1,Bernstein:32.4
2026-05-07,VST,45.9,,1,JP Morgan:45.9
2026-05-07,VZ,7.7,,1,JP Morgan:7.7
2026-05-07,WAT,-1.7,,1,JP Morgan:-1.7
2026-05-07,WDC,-1.3,,1,Baird:-1.3
2026-05-07,WMT,15.5,,1,TD Cowen:15.5
2026-05-07,WTW,36.9,,1,Evercore ISI Group:36.9
2026-05-07,XEL,17.1,,1,Evercore ISI Group:17.1
2026-05-07,XOM,15.65,2.7577,2,RBC Capital:17.6|UBS:13.7
2026-05-08,AAPL,6.1,,1,UBS:6.1
2026-05-08,ADM,-5.6,,1,JP Morgan:-5.6
2026-05-08,ADP,14.3,,1,Argus Research:14.3
2026-05-08,AEP,8.4,,1,Wells Fargo:8.4
2026-05-08,AES,11.3,,1,Barclays:11.3
2026-05-08,AIG,12.8,,1,Citigroup:12.8
2026-05-08,AMCR,26.2,,1,Truist Securities:26.2
2026-05-08,ANET,13.1,,1,Citigroup:13.1
2026-05-08,AOS,12.6,0.4243,2,Baird:12.9|DA Davidson:12.3
2026-05-08,ARE,19.7,,1,RBC Capital:19.7
2026-05-08,AXON,84.9,,1,JP Morgan:84.9
2026-05-08,BAX,57,,1,Barclays:57
2026-05-08,BLDR,5.2,,1,DA Davidson:5.2
2026-05-08,BR,30.7,20.9363,3,Needham:45.8|UBS:6.8|DA Davidson:39.5
2026-05-08,CAT,2,,1,Morgan Stanley:2
2026-05-08,CBOE,-1.2,0,2,Keefe; Bruyette & Woods:-1.2|UBS:-1.2
2026-05-08,CDW,40.1,8.4853,2,Evercore ISI Group:46.1|UBS:34.1
2026-05-08,CIEN,5.7,,1,Stifel:5.7
2026-05-08,CMI,4.15,3.4648,2,Barclays:6.6|JP Morgan:1.7
2026-05-08,COHR,26.8,,1,Stifel:26.8
2026-05-08,COR,36.55,4.4548,2,Baird:33.4|Citigroup:39.7
2026-05-08,CPT,1,,1,RBC Capital:1
2026-05-08,CRL,20.5,,1,Barclays:20.5
2026-05-08,CSGP,19.2,,1,Stephens & Co.:19.2
2026-05-08,CVX,15.1,,1,UBS:15.1
2026-05-08,DTE,4.3,,1,Barclays:4.3
2026-05-08,DVA,13.2,,1,Deutsche Bank:13.2
2026-05-08,EMR,3.1,2.4042,2,Barclays:1.4|Wells Fargo:4.8
2026-05-08,ETN,10.4,5.9397,2,JP Morgan:6.2|Keybanc:14.6
2026-05-08,EXPD,1.3,,1,Susquehanna:1.3
2026-05-08,FCX,17.4,,1,Citigroup:17.4
2026-05-08,FICO,60.7,,1,Jefferies:60.7
2026-05-08,FLEX,36,,1,Keybanc:36
2026-05-08,FSLR,21.5,,1,Freedom Broker:21.5
2026-05-08,FTV,9.8,,1,Wells Fargo:9.8
2026-05-08,GDDY,14.6,,1,UBS:14.6
2026-05-08,GM,31.7,,1,Evercore ISI Group:31.7
2026-05-08,GNRC,7.7,,1,Wells Fargo:7.7
2026-05-08,GPN,14.3,,1,Stephens & Co.:14.3
2026-05-08,HUBB,7.1,11.8794,2,Barclays:-1.3|Stephens & Co.:15.5
2026-05-08,IFF,14.7,,1,Oppenheimer:14.7
2026-05-08,INTC,-19.3,,1,RBC Capital:-19.3
2026-05-08,ITW,6.7,8.9095,2,Citigroup:13|Wells Fargo:0.4
2026-05-08,J,30.5,17.5362,2,Citigroup:42.9|Keybanc:18.1
2026-05-08,JCI,3.2333,6.3799,3,Barclays:-0.4|Wells Fargo:10.6|Mizuho:-0.5
2026-05-08,LDOS,42,,1,Stifel:42
2026-05-08,LHX,29.8,,1,Bernstein:29.8
2026-05-08,LIN,7.2,,1,JP Morgan:7.2
2026-05-08,LITE,8.75,5.5861,2,Stifel:12.7|UBS:4.8
2026-05-08,LLY,44,,1,Barclays:44
2026-05-08,LNT,0.8,,1,Scotiabank:0.8
2026-05-08,MA,31.4,,1,Susquehanna:31.4
2026-05-08,MAA,10,,1,Citigroup:10
2026-05-08,MCD,22.8,,1,Barclays:22.8
2026-05-08,MCHP,14.2,,1,JP Morgan:14.2
2026-05-08,MCK,37.2,,1,JP Morgan:37.2
2026-05-08,META,38.9,,1,Mizuho:38.9
2026-05-08,MGM,13.6,,1,Jefferies:13.6
2026-05-08,MLM,20.6,,1,Truist Securities:20.6
2026-05-08,MNST,-1.8,,1,JP Morgan:-1.8
2026-05-08,MRK,10.5,,1,Citigroup:10.5
2026-05-08,NCLH,-14.5,,1,Susquehanna:-14.5
2026-05-08,NEE,11.4,,1,Evercore ISI Group:11.4
2026-05-08,NI,9.8,,1,Wells Fargo:9.8
2026-05-08,NOW,45.3,,1,Barclays:45.3
2026-05-08,NXPI,16.4,,1,Barclays:16.4
2026-05-08,OMC,7.5,,1,Morgan Stanley:7.5
2026-05-08,ON,6.525,15.7834,4,Jefferies:17.8|Morgan Stanley:-10.9|JP Morgan:-2.6|Keybanc:21.8
2026-05-08,ORLY,17.5,3.5355,2,Evercore ISI Group:15|UBS:20
2026-05-08,PH,18.8,,1,JP Morgan:18.8
2026-05-08,PKG,17,,1,Deutsche Bank:17
2026-05-08,PLTR,-35.8,,1,RBC Capital:-35.8
2026-05-08,PODD,26.3,5.2326,2,Barclays:22.6|Oppenheimer:30
2026-05-08,PSKY,11.1,,1,Guggenheim:11.1
2026-05-08,PWR,11.7667,4.1765,3,Evercore ISI Group:8.6|Goldman Sachs:10.2|UBS:16.5
2026-05-08,REG,4,,1,Citigroup:4
2026-05-08,ROK,1.725,9.0618,4,Barclays:7|Wells Fargo:-1.9|JP Morgan:-9.2|Keybanc:11
2026-05-08,RSG,30.7,,1,RBC Capital:30.7
2026-05-08,RVTY,15.825,22.6659,4,Baird:40.2|TD Cowen:28.3|Barclays:4.9|JP Morgan:-10.1
2026-05-08,SHW,23.8,,1,Evercore ISI Group:23.8
2026-05-08,SMCI,-5.9,,1,JP Morgan:-5.9
2026-05-08,SOLV,-1.9,,1,Wells Fargo:-1.9
2026-05-08,SPGI,38.7,,1,Mizuho:38.7
2026-05-08,SYK,33.55,0.2121,2,Needham:33.4|Barclays:33.7
2026-05-08,TAP,5,10.0409,2,Barclays:-2.1|Morgan Stanley:12.1
2026-05-08,TDG,9.6,,1,Susquehanna:9.6
2026-05-08,TECH,5.9,,1,Evercore ISI Group:5.9
2026-05-08,TSN,1.4,,1,Stephens & Co.:1.4
2026-05-08,TT,12.1,,1,Keybanc:12.1
2026-05-08,TTD,0.1,,1,Wedbush:0.1
2026-05-08,TXT,11.95,3.8891,2,JP Morgan:14.7|UBS:9.2
2026-05-08,UBER,39.025,6.2083,4,UBS:46.5|JP Morgan:37.8|Piper Sandler:31.5|Truist Securities:40.3
2026-05-08,UDR,5.9,4.8083,2,Citigroup:9.3|RBC Capital:2.5
2026-05-08,VRTX,32.4,,1,Bernstein:32.4
2026-05-08,VTR,9.6,,1,Keybanc:9.6
2026-05-08,WAT,-1.7,,1,JP Morgan:-1.7
2026-05-08,WBD,14.4,,1,UBS:14.4
2026-05-08,WDC,-1.3,,1,Baird:-1.3
2026-05-08,WMT,15.5,,1,TD Cowen:15.5
2026-05-08,WYNN,24.5,,1,Citigroup:24.5
2026-05-08,XEL,17.1,,1,Evercore ISI Group:17.1
2026-05-08,XOM,15.65,2.7577,2,RBC Capital:17.6|UBS:13.7
2026-05-09,ADM,-5.6,,1,JP Morgan:-5.6
2026-05-09,ADP,14.3,,1,Argus Research:14.3
2026-05-09,AEP,8.4,,1,Wells Fargo:8.4
2026-05-09,AES,11.3,,1,Barclays:11.3
2026-05-09,AIG,12.8,,1,Citigroup:12.8
2026-05-09,AKAM,34.1,,1,Keybanc:34.1
2026-05-09,AMCR,26.2,,1,Truist Securities:26.2
2026-05-09,ANET,13.1,,1,Citigroup:13.1
2026-05-09,AOS,12.3,,1,DA Davidson:12.3
2026-05-09,ARE,19.7,,1,RBC Capital:19.7
2026-05-09,ATO,4.1,,1,Citigroup:4.1
2026-05-09,AXON,84.9,,1,JP Morgan:84.9
2026-05-09,BAX,57,,1,Barclays:57
2026-05-09,BR,23.15,23.1224,2,UBS:6.8|DA Davidson:39.5
2026-05-09,C,17.5,,1,Keefe; Bruyette & Woods:17.5
2026-05-09,CBOE,-1.2,0,2,Keefe; Bruyette & Woods:-1.2|UBS:-1.2
2026-05-09,CDW,40.1,8.4853,2,Evercore ISI Group:46.1|UBS:34.1
2026-05-09,CIEN,5.7,,1,Stifel:5.7
2026-05-09,CMI,4.15,3.4648,2,Barclays:6.6|JP Morgan:1.7
2026-05-09,COHR,26.8,,1,Stifel:26.8
2026-05-09,COR,36.55,4.4548,2,Baird:33.4|Citigroup:39.7
2026-05-09,CPT,1,,1,RBC Capital:1
2026-05-09,CRL,20.5,,1,Barclays:20.5
2026-05-09,CSGP,19.2,,1,Stephens & Co.:19.2
2026-05-09,CVX,15.1,,1,UBS:15.1
2026-05-09,DTE,4.3,,1,Barclays:4.3
2026-05-09,DVA,13.2,,1,Deutsche Bank:13.2
2026-05-09,EMR,3.1,2.4042,2,Barclays:1.4|Wells Fargo:4.8
2026-05-09,ETN,10.4,5.9397,2,JP Morgan:6.2|Keybanc:14.6
2026-05-09,EVRG,9.7,,1,UBS:9.7
2026-05-09,EXPD,1.3,,1,Susquehanna:1.3
2026-05-09,FCX,17.4,,1,Citigroup:17.4
2026-05-09,FICO,60.7,,1,Jefferies:60.7
2026-05-09,FLEX,36,,1,Keybanc:36
2026-05-09,FSLR,21.5,,1,Freedom Broker:21.5
2026-05-09,FTV,9.8,,1,Wells Fargo:9.8
2026-05-09,GDDY,14.6,,1,UBS:14.6
2026-05-09,GM,31.7,,1,Evercore ISI Group:31.7
2026-05-09,GPN,14.3,,1,Stephens & Co.:14.3
2026-05-09,HUBB,7.1,11.8794,2,Barclays:-1.3|Stephens & Co.:15.5
2026-05-09,IFF,14.7,,1,Oppenheimer:14.7
2026-05-09,INTC,-19.3,,1,RBC Capital:-19.3
2026-05-09,ITW,6.7,8.9095,2,Citigroup:13|Wells Fargo:0.4
2026-05-09,J,30.5,17.5362,2,Citigroup:42.9|Keybanc:18.1
2026-05-09,JCI,3.2333,6.3799,3,Barclays:-0.4|Wells Fargo:10.6|Mizuho:-0.5
2026-05-09,LDOS,42,,1,Stifel:42
2026-05-09,LHX,29.8,,1,Bernstein:29.8
2026-05-09,LIN,7.2,,1,JP Morgan:7.2
2026-05-09,LITE,8.75,5.5861,2,Stifel:12.7|UBS:4.8
2026-05-09,LLY,44,,1,Barclays:44
2026-05-09,LNT,0.8,,1,Scotiabank:0.8
2026-05-09,MAA,10,,1,Citigroup:10
2026-05-09,MCD,22.8,,1,Barclays:22.8
2026-05-09,MCHP,13.5,1.4,4,JP Morgan:14.2|Evercore ISI Group:11.4|Needham:14.2|Susquehanna:14.2
2026-05-09,MCK,37.2,,1,JP Morgan:37.2
2026-05-09,META,38.9,,1,Mizuho:38.9
2026-05-09,MLM,20.6,,1,Truist Securities:20.6
2026-05-09,MNST,-1.8,,1,JP Morgan:-1.8
2026-05-09,MRK,10.5,,1,Citigroup:10.5
2026-05-09,MTD,29.9,,1,Citigroup:29.9
2026-05-09,NCLH,-14.5,,1,Susquehanna:-14.5
2026-05-09,NEE,11.4,,1,Evercore ISI Group:11.4
2026-05-09,NI,9.8,,1,Wells Fargo:9.8
2026-05-09,NOW,45.3,,1,Barclays:45.3
2026-05-09,NXPI,16.4,,1,Barclays:16.4
2026-05-09,ON,6.525,15.7834,4,Jefferies:17.8|Morgan Stanley:-10.9|JP Morgan:-2.6|Keybanc:21.8
2026-05-09,ORLY,16.3,,1,Mizuho:16.3
2026-05-09,PH,18.8,,1,JP Morgan:18.8
2026-05-09,PKG,17,,1,Deutsche Bank:17
2026-05-09,PLTR,-35.8,,1,RBC Capital:-35.8
2026-05-09,PODD,26.3,5.2326,2,Barclays:22.6|Oppenheimer:30
2026-05-09,PSKY,11.1,,1,Guggenheim:11.1
2026-05-09,PWR,13.35,4.4548,2,Goldman Sachs:10.2|UBS:16.5
2026-05-09,REG,4,,1,Citigroup:4
2026-05-09,ROK,1.725,9.0618,4,Barclays:7|Wells Fargo:-1.9|JP Morgan:-9.2|Keybanc:11
2026-05-09,RSG,30.7,,1,RBC Capital:30.7
2026-05-09,RVTY,15.825,22.6659,4,Baird:40.2|TD Cowen:28.3|Barclays:4.9|JP Morgan:-10.1
2026-05-09,SHW,23.8,,1,Evercore ISI Group:23.8
2026-05-09,SMCI,-5.9,,1,JP Morgan:-5.9
2026-05-09,SOLV,-1.9,,1,Wells Fargo:-1.9
2026-05-09,SPGI,38.7,,1,Mizuho:38.7
2026-05-09,SYK,33.7,,1,Barclays:33.7
2026-05-09,TAP,5,10.0409,2,Barclays:-2.1|Morgan Stanley:12.1
2026-05-09,TDG,9.6,,1,Susquehanna:9.6
2026-05-09,TECH,5.9,,1,Evercore ISI Group:5.9
2026-05-09,TMO,29.9,,1,Wells Fargo:29.9
2026-05-09,TSN,1.4,,1,Stephens & Co.:1.4
2026-05-09,TTD,0.1,,1,Wedbush:0.1
2026-05-09,TXT,11.95,3.8891,2,JP Morgan:14.7|UBS:9.2
2026-05-09,UBER,36.5333,4.5347,3,JP Morgan:37.8|Piper Sandler:31.5|Truist Securities:40.3
2026-05-09,UDR,5.9,4.8083,2,Citigroup:9.3|RBC Capital:2.5
2026-05-09,VRTX,32.4,,1,Bernstein:32.4
2026-05-09,VTR,9.6,,1,Keybanc:9.6
2026-05-09,WAT,-1.7,,1,JP Morgan:-1.7
2026-05-09,WBD,14.4,,1,UBS:14.4
2026-05-09,WDC,-1.3,,1,Baird:-1.3
2026-05-09,WMB,13.5,,1,Citigroup:13.5
2026-05-09,WMT,15.5,,1,TD Cowen:15.5
2026-05-09,WYNN,24.5,,1,Citigroup:24.5
2026-05-09,XEL,17.1,,1,Evercore ISI Group:17.1
2026-05-09,XOM,15.65,2.7577,2,RBC Capital:17.6|UBS:13.7
2026-05-11,ADM,-5.6,,1,JP Morgan:-5.6
2026-05-11,ADP,14.3,,1,Argus Research:14.3
2026-05-11,AEP,8.4,,1,Wells Fargo:8.4
2026-05-11,AES,11.3,,1,Barclays:11.3
2026-05-11,AKAM,34.1,,1,Keybanc:34.1
2026-05-11,AMCR,26.2,,1,Truist Securities:26.2
2026-05-11,ANET,13.1,,1,Citigroup:13.1
2026-05-11,APA,9,,1,Bernstein:9
2026-05-11,ARE,19.7,,1,RBC Capital:19.7
2026-05-11,ATO,4.1,,1,Citigroup:4.1
2026-05-11,AXON,84.9,,1,JP Morgan:84.9
2026-05-11,BR,39.5,,1,DA Davidson:39.5
2026-05-11,C,17.5,,1,Keefe; Bruyette & Woods:17.5
2026-05-11,CBOE,-1.2,0,2,Keefe; Bruyette & Woods:-1.2|UBS:-1.2
2026-05-11,CDW,40.1,8.4853,2,Evercore ISI Group:46.1|UBS:34.1
2026-05-11,CIEN,5.7,,1,Stifel:5.7
2026-05-11,CMI,4.15,3.4648,2,Barclays:6.6|JP Morgan:1.7
2026-05-11,COHR,26.8,,1,Stifel:26.8
2026-05-11,COR,36.55,4.4548,2,Baird:33.4|Citigroup:39.7
2026-05-11,CRL,20.5,,1,Barclays:20.5
2026-05-11,CSGP,19.2,,1,Stephens & Co.:19.2
2026-05-11,CVS,20.7,,1,TD Cowen:20.7
2026-05-11,CVX,15.1,,1,UBS:15.1
2026-05-11,DVA,13.2,,1,Deutsche Bank:13.2
2026-05-11,EMR,3.1,2.4042,2,Barclays:1.4|Wells Fargo:4.8
2026-05-11,EOG,17.8,,1,Bernstein:17.8
2026-05-11,ETN,10.4,5.9397,2,JP Morgan:6.2|Keybanc:14.6
2026-05-11,EVRG,9.7,,1,UBS:9.7
2026-05-11,EXPD,1.3,,1,Susquehanna:1.3
2026-05-11,FICO,60.7,,1,Jefferies:60.7
2026-05-11,FIS,32.1,,1,Goldman Sachs:32.1
2026-05-11,FLEX,36,,1,Keybanc:36
2026-05-11,FSLR,21.5,,1,Freedom Broker:21.5
2026-05-11,GDDY,14.6,,1,UBS:14.6
2026-05-11,GPN,14.3,,1,Stephens & Co.:14.3
2026-05-11,HUBB,15.5,,1,Stephens & Co.:15.5
2026-05-11,IFF,14.7,,1,Oppenheimer:14.7
2026-05-11,J,30.5,17.5362,2,Citigroup:42.9|Keybanc:18.1
2026-05-11,JCI,3.2333,6.3799,3,Barclays:-0.4|Wells Fargo:10.6|Mizuho:-0.5
2026-05-11,LDOS,42,,1,Stifel:42
2026-05-11,LIN,7.2,,1,JP Morgan:7.2
2026-05-11,LITE,8.75,5.5861,2,Stifel:12.7|UBS:4.8
2026-05-11,LLY,44,,1,Barclays:44
2026-05-11,MAA,10,,1,Citigroup:10
2026-05-11,MCD,16.7,8.6267,2,Barclays:22.8|JP Morgan:10.6
2026-05-11,MCHP,13.5,1.4,4,JP Morgan:14.2|Evercore ISI Group:11.4|Needham:14.2|Susquehanna:14.2
2026-05-11,MCK,37.2,,1,JP Morgan:37.2
2026-05-11,META,38.9,,1,Mizuho:38.9
2026-05-11,MNST,-1.8,,1,JP Morgan:-1.8
2026-05-11,MRK,10.5,,1,Citigroup:10.5
2026-05-11,MTD,18.7,15.8392,2,Citigroup:29.9|JP Morgan:7.5
2026-05-11,NCLH,-14.5,,1,Susquehanna:-14.5
2026-05-11,NI,6.95,4.0305,2,Wells Fargo:9.8|Citigroup:4.1
2026-05-11,NOW,45.3,,1,Barclays:45.3
2026-05-11,NWSA,7.5,,1,Macquarie:7.5
2026-05-11,NXPI,16.4,,1,Barclays:16.4
2026-05-11,ON,6.525,15.7834,4,Jefferies:17.8|Morgan Stanley:-10.9|JP Morgan:-2.6|Keybanc:21.8
2026-05-11,ORLY,16.3,,1,Mizuho:16.3
2026-05-11,PH,18.8,,1,JP Morgan:18.8
2026-05-11,PKG,17,,1,Deutsche Bank:17
2026-05-11,PLTR,-35.8,,1,RBC Capital:-35.8
2026-05-11,PODD,26.3,5.2326,2,Barclays:22.6|Oppenheimer:30
2026-05-11,PSKY,11.1,,1,Guggenheim:11.1
2026-05-11,PWR,16.5,,1,UBS:16.5
2026-05-11,REG,4,,1,Citigroup:4
2026-05-11,ROK,1.725,9.0618,4,Barclays:7|Wells Fargo:-1.9|JP Morgan:-9.2|Keybanc:11
2026-05-11,RSG,30.7,,1,RBC Capital:30.7
2026-05-11,RVTY,15.825,22.6659,4,Baird:40.2|TD Cowen:28.3|Barclays:4.9|JP Morgan:-10.1
2026-05-11,SHW,23.8,,1,Evercore ISI Group:23.8
2026-05-11,SLB,32.3,,1,Bernstein:32.3
2026-05-11,SMCI,-5.9,,1,JP Morgan:-5.9
2026-05-11,SOLV,-1.9,,1,Wells Fargo:-1.9
2026-05-11,SPGI,38.7,,1,Mizuho:38.7
2026-05-11,TAP,12.1,,1,Morgan Stanley:12.1
2026-05-11,TDG,9.6,,1,Susquehanna:9.6
2026-05-11,TECH,5.9,,1,Evercore ISI Group:5.9
2026-05-11,TMO,29.9,,1,Wells Fargo:29.9
2026-05-11,TSN,1.4,,1,Stephens & Co.:1.4
2026-05-11,TTD,0.1,,1,Wedbush:0.1
2026-05-11,TXT,11.95,3.8891,2,JP Morgan:14.7|UBS:9.2
2026-05-11,UBER,36.5333,4.5347,3,JP Morgan:37.8|Piper Sandler:31.5|Truist Securities:40.3
2026-05-11,UDR,5.9,4.8083,2,Citigroup:9.3|RBC Capital:2.5
2026-05-11,VRTX,32.4,,1,Bernstein:32.4
2026-05-11,VTR,8.4,1.6971,2,Keybanc:9.6|JP Morgan:7.2
2026-05-11,WAT,-1.7,,1,JP Morgan:-1.7
2026-05-11,WBD,14.4,,1,UBS:14.4
2026-05-11,WDC,-1.3,,1,Baird:-1.3
2026-05-11,WMB,13.5,,1,Citigroup:13.5
2026-05-11,WMT,15.5,,1,TD Cowen:15.5
2026-05-11,WYNN,24.5,,1,Citigroup:24.5
2026-05-11,XOM,15.65,2.7577,2,RBC Capital:17.6|UBS:13.7
2026-05-12,ADI,7.7,,1,Oppenheimer:7.7
2026-05-12,ADM,-5.6,,1,JP Morgan:-5.6
2026-05-12,AEP,8.4,,1,Wells Fargo:8.4
2026-05-12,AES,11.3,,1,Barclays:11.3
2026-05-12,AKAM,34.1,,1,Keybanc:34.1
2026-05-12,AMCR,26.2,,1,Truist Securities:26.2
2026-05-12,ANET,13.1,,1,Citigroup:13.1
2026-05-12,APA,9,,1,Bernstein:9
2026-05-12,ATO,4.1,,1,Citigroup:4.1
2026-05-12,AXON,84.9,,1,JP Morgan:84.9
2026-05-12,BDX,40.8,,1,Barclays:40.8
2026-05-12,C,17.5,,1,Keefe; Bruyette & Woods:17.5
2026-05-12,CDW,40.1,8.4853,2,Evercore ISI Group:46.1|UBS:34.1
2026-05-12,CMI,4.15,3.4648,2,Barclays:6.6|JP Morgan:1.7
2026-05-12,COR,36.55,4.4548,2,Baird:33.4|Citigroup:39.7
2026-05-12,CRL,20.5,,1,Barclays:20.5
2026-05-12,CVS,20.7,,1,TD Cowen:20.7
2026-05-12,DVA,13.2,,1,Deutsche Bank:13.2
2026-05-12,EMR,3.1,2.4042,2,Barclays:1.4|Wells Fargo:4.8
2026-05-12,EOG,17.8,,1,Bernstein:17.8
2026-05-12,ETN,10.4,5.9397,2,JP Morgan:6.2|Keybanc:14.6
2026-05-12,EVRG,9.7,,1,UBS:9.7
2026-05-12,EXPD,1.3,,1,Susquehanna:1.3
2026-05-12,FIS,32.1,,1,Goldman Sachs:32.1
2026-05-12,FLEX,36,,1,Keybanc:36
2026-05-12,FOXA,7,,1,Evercore ISI Group:7
2026-05-12,FTV,5.6,,1,JP Morgan:5.6
2026-05-12,GM,26,,1,Wedbush:26
2026-05-12,GPN,12.4,2.687,2,Stephens & Co.:14.3|Cantor Fitzgerald:10.5
2026-05-12,HD,27.7,,1,Citigroup:27.7
2026-05-12,HST,4.85,6.4347,2,Citigroup:9.4|Morgan Stanley:0.3
2026-05-12,IFF,14.7,,1,Oppenheimer:14.7
2026-05-12,J,30.5,17.5362,2,Citigroup:42.9|Keybanc:18.1
2026-05-12,JCI,3.2333,6.3799,3,Barclays:-0.4|Wells Fargo:10.6|Mizuho:-0.5
2026-05-12,LDOS,42,,1,Stifel:42
2026-05-12,LITE,4.8,,1,UBS:4.8
2026-05-12,MAA,10,,1,Citigroup:10
2026-05-12,MCD,16.7,8.6267,2,Barclays:22.8|JP Morgan:10.6
2026-05-12,MCHP,13.5,1.4,4,JP Morgan:14.2|Evercore ISI Group:11.4|Needham:14.2|Susquehanna:14.2
2026-05-12,MCK,37.2,,1,JP Morgan:37.2
2026-05-12,META,38.9,,1,Mizuho:38.9
2026-05-12,MNST,-1.8,,1,JP Morgan:-1.8
2026-05-12,MOS,-13,,1,JP Morgan:-13
2026-05-12,MRK,10.5,,1,Citigroup:10.5
2026-05-12,MTD,15.7667,12.2985,3,Citigroup:29.9|JP Morgan:7.5|Baird:9.9
2026-05-12,NCLH,-14.5,,1,Susquehanna:-14.5
2026-05-12,NI,6.95,4.0305,2,Wells Fargo:9.8|Citigroup:4.1
2026-05-12,NWSA,7.5,,1,Macquarie:7.5
2026-05-12,ON,9.6,17.2534,2,JP Morgan:-2.6|Keybanc:21.8
2026-05-12,ORLY,16.3,,1,Mizuho:16.3
2026-05-12,PH,18.8,,1,JP Morgan:18.8
2026-05-12,PODD,26.3,5.2326,2,Barclays:22.6|Oppenheimer:30
2026-05-12,PSKY,11.1,,1,Guggenheim:11.1
2026-05-12,ROK,1.725,9.0618,4,Barclays:7|Wells Fargo:-1.9|JP Morgan:-9.2|Keybanc:11
2026-05-12,RSG,30.7,,1,RBC Capital:30.7
2026-05-12,RVTY,7.7,19.3525,3,TD Cowen:28.3|Barclays:4.9|JP Morgan:-10.1
2026-05-12,SHW,23.8,,1,Evercore ISI Group:23.8
2026-05-12,SLB,32.3,,1,Bernstein:32.3
2026-05-12,SMCI,-5.9,,1,JP Morgan:-5.9
2026-05-12,SOLV,-1.9,,1,Wells Fargo:-1.9
2026-05-12,SPGI,38.7,,1,Mizuho:38.7
2026-05-12,STX,22.7,,1,Evercore ISI Group:22.7
2026-05-12,TDG,9.6,,1,Susquehanna:9.6
2026-05-12,TECH,5.9,,1,Evercore ISI Group:5.9
2026-05-12,TMO,29.9,,1,Wells Fargo:29.9
2026-05-12,TTD,0.1,,1,Wedbush:0.1
2026-05-12,UBER,36.5333,4.5347,3,JP Morgan:37.8|Piper Sandler:31.5|Truist Securities:40.3
2026-05-12,UDR,5.9,4.8083,2,Citigroup:9.3|RBC Capital:2.5
2026-05-12,VRT,17.6,,1,Evercore ISI Group:17.6
2026-05-12,VTR,8.4,1.6971,2,Keybanc:9.6|JP Morgan:7.2
2026-05-12,WAT,-1.7,,1,JP Morgan:-1.7
2026-05-12,WBD,14.4,,1,UBS:14.4
2026-05-12,WMB,13.5,,1,Citigroup:13.5
2026-05-12,WMT,15.5,,1,TD Cowen:15.5
2026-05-12,WYNN,24.5,,1,Citigroup:24.5
2026-05-13,ADI,7.7,,1,Oppenheimer:7.7
2026-05-13,ADM,-5.6,,1,JP Morgan:-5.6
2026-05-13,ADSK,30.8,,1,Barclays:30.8
2026-05-13,AES,11.3,,1,Barclays:11.3
2026-05-13,AKAM,34.1,,1,Keybanc:34.1
2026-05-13,AMCR,26.2,,1,Truist Securities:26.2
2026-05-13,APA,9,,1,Bernstein:9
2026-05-13,ATO,4.1,,1,Citigroup:4.1
2026-05-13,AXON,84.9,,1,JP Morgan:84.9
2026-05-13,BDX,40.8,,1,Barclays:40.8
2026-05-13,C,17.5,,1,Keefe; Bruyette & Woods:17.5
2026-05-13,CDW,40.1,8.4853,2,Evercore ISI Group:46.1|UBS:34.1
2026-05-13,CEG,7.2,,1,Mizuho:7.2
2026-05-13,CMI,4.15,3.4648,2,Barclays:6.6|JP Morgan:1.7
2026-05-13,COR,36.55,4.4548,2,Baird:33.4|Citigroup:39.7
2026-05-13,CRL,20.5,,1,Barclays:20.5
2026-05-13,CVS,20.7,,1,TD Cowen:20.7
2026-05-13,DVA,13.2,,1,Deutsche Bank:13.2
2026-05-13,EMR,4.8,,1,Wells Fargo:4.8
2026-05-13,EOG,17.8,,1,Bernstein:17.8
2026-05-13,ETN,10.4,5.9397,2,JP Morgan:6.2|Keybanc:14.6
2026-05-13,EVRG,9.7,,1,UBS:9.7
2026-05-13,F,17,,1,Morgan Stanley:17
2026-05-13,FIS,32.1,,1,Goldman Sachs:32.1
2026-05-13,FLEX,36,,1,Keybanc:36
2026-05-13,FOXA,7,,1,Evercore ISI Group:7
2026-05-13,FTV,5.6,,1,JP Morgan:5.6
2026-05-13,GIS,6.1,,1,Barclays:6.1
2026-05-13,GM,26,,1,Wedbush:26
2026-05-13,GPN,12.4,2.687,2,Stephens & Co.:14.3|Cantor Fitzgerald:10.5
2026-05-13,HD,27.7,,1,Citigroup:27.7
2026-05-13,HST,4.85,6.4347,2,Citigroup:9.4|Morgan Stanley:0.3
2026-05-13,IFF,14.7,,1,Oppenheimer:14.7
2026-05-13,J,18.1,,1,Keybanc:18.1
2026-05-13,JCI,3.2333,6.3799,3,Barclays:-0.4|Wells Fargo:10.6|Mizuho:-0.5
2026-05-13,KIM,19.6,,1,Barclays:19.6
2026-05-13,LITE,4.8,,1,UBS:4.8
2026-05-13,MCD,16.7,8.6267,2,Barclays:22.8|JP Morgan:10.6
2026-05-13,MCHP,13.5,1.4,4,JP Morgan:14.2|Evercore ISI Group:11.4|Needham:14.2|Susquehanna:14.2
2026-05-13,MCK,37.2,,1,JP Morgan:37.2
2026-05-13,MNST,-1.8,,1,JP Morgan:-1.8
2026-05-13,MOS,3.375,13.2326,4,JP Morgan:-13|Mizuho:5.9|RBC Capital:19.1|UBS:1.5
2026-05-13,MSFT,42.6,,1,Wedbush:42.6
2026-05-13,MTD,15.7667,12.2985,3,Citigroup:29.9|JP Morgan:7.5|Baird:9.9
2026-05-13,NEE,11.6,,1,JP Morgan:11.6
2026-05-13,NI,6.95,4.0305,2,Wells Fargo:9.8|Citigroup:4.1
2026-05-13,NWSA,7.5,,1,Macquarie:7.5
2026-05-13,ORLY,16.3,,1,Mizuho:16.3
2026-05-13,PH,18.8,,1,JP Morgan:18.8
2026-05-13,PODD,26.3,5.2326,2,Barclays:22.6|Oppenheimer:30
2026-05-13,ROK,0.9,14.2836,2,JP Morgan:-9.2|Keybanc:11
2026-05-13,RSG,30.7,,1,RBC Capital:30.7
2026-05-13,RVTY,-2.6,10.6066,2,Barclays:4.9|JP Morgan:-10.1
2026-05-13,SHW,23.8,,1,Evercore ISI Group:23.8
2026-05-13,SLB,32.3,,1,Bernstein:32.3
2026-05-13,SMCI,-5.9,,1,JP Morgan:-5.9
2026-05-13,SOLV,-1.9,,1,Wells Fargo:-1.9
2026-05-13,STX,22.7,,1,Evercore ISI Group:22.7
2026-05-13,TECH,5.9,,1,Evercore ISI Group:5.9
2026-05-13,TMO,29.9,,1,Wells Fargo:29.9
2026-05-13,TTD,0.1,,1,Wedbush:0.1
2026-05-13,UBER,36.5333,4.5347,3,JP Morgan:37.8|Piper Sandler:31.5|Truist Securities:40.3
2026-05-13,VRT,17.6,,1,Evercore ISI Group:17.6
2026-05-13,VTR,8.4,1.6971,2,Keybanc:9.6|JP Morgan:7.2
2026-05-13,WAT,-1.7,,1,JP Morgan:-1.7
2026-05-13,WBD,14.4,,1,UBS:14.4
2026-05-13,WMB,17.2,5.2326,2,Citigroup:13.5|UBS:20.9
2026-05-13,WMT,15.5,,1,TD Cowen:15.5
2026-05-13,WYNN,24.5,,1,Citigroup:24.5
2026-05-14,ADI,7.7,,1,Oppenheimer:7.7
2026-05-14,ADSK,30.8,,1,Barclays:30.8
2026-05-14,AES,11.3,,1,Barclays:11.3
2026-05-14,AKAM,34.1,,1,Keybanc:34.1
2026-05-14,ALB,26.3,,1,Deutsche Bank:26.3
2026-05-14,APA,9,,1,Bernstein:9
2026-05-14,ATO,4.1,,1,Citigroup:4.1
2026-05-14,BDX,40.8,,1,Barclays:40.8
2026-05-14,C,17.5,,1,Keefe; Bruyette & Woods:17.5
2026-05-14,CARR,1.5,,1,JP Morgan:1.5
2026-05-14,CDW,34.1,,1,UBS:34.1
2026-05-14,CEG,7.2,,1,Mizuho:7.2
2026-05-14,COR,36.55,4.4548,2,Baird:33.4|Citigroup:39.7
2026-05-14,CRL,20.5,,1,Barclays:20.5
2026-05-14,CSCO,11.45,22.8395,2,Citigroup:-4.7|Evercore ISI Group:27.6
2026-05-14,CVS,20.7,,1,TD Cowen:20.7
2026-05-14,EOG,17.8,,1,Bernstein:17.8
2026-05-14,EVRG,9.7,,1,UBS:9.7
2026-05-14,EXC,-7.4,,1,Keybanc:-7.4
2026-05-14,F,17,,1,Morgan Stanley:17
2026-05-14,FIS,32.1,,1,Goldman Sachs:32.1
2026-05-14,FOXA,7,,1,Evercore ISI Group:7
2026-05-14,FTV,5.6,,1,JP Morgan:5.6
2026-05-14,GIS,13.65,10.6773,2,Barclays:6.1|Piper Sandler:21.2
2026-05-14,GM,26,,1,Wedbush:26
2026-05-14,GPN,12.4,2.687,2,Stephens & Co.:14.3|Cantor Fitzgerald:10.5
2026-05-14,HAS,26.2,,1,Morgan Stanley:26.2
2026-05-14,HD,27.7,,1,Citigroup:27.7
2026-05-14,HST,4.85,6.4347,2,Citigroup:9.4|Morgan Stanley:0.3
2026-05-14,HUM,-16.1,,1,Piper Sandler:-16.1
2026-05-14,IFF,14.7,,1,Oppenheimer:14.7
2026-05-14,JCI,-0.5,,1,Mizuho:-0.5
2026-05-14,KIM,19.6,,1,Barclays:19.6
2026-05-14,MCD,16.7,8.6267,2,Barclays:22.8|JP Morgan:10.6
2026-05-14,MCHP,13.5,1.4,4,JP Morgan:14.2|Evercore ISI Group:11.4|Needham:14.2|Susquehanna:14.2
2026-05-14,MCK,37.2,,1,JP Morgan:37.2
2026-05-14,MNST,-1.8,,1,JP Morgan:-1.8
2026-05-14,MOS,2.02,11.8536,5,JP Morgan:-13|Mizuho:5.9|RBC Capital:19.1|UBS:1.5|Wells Fargo:-3.4
2026-05-14,MSFT,42.6,,1,Wedbush:42.6
2026-05-14,MTD,15.7667,12.2985,3,Citigroup:29.9|JP Morgan:7.5|Baird:9.9
2026-05-14,NEE,11.6,,1,JP Morgan:11.6
2026-05-14,NI,4.1,,1,Citigroup:4.1
2026-05-14,NWSA,7.5,,1,Macquarie:7.5
2026-05-14,ORLY,16.3,,1,Mizuho:16.3
2026-05-14,PH,18.8,,1,JP Morgan:18.8
2026-05-14,PODD,26.3,5.2326,2,Barclays:22.6|Oppenheimer:30
2026-05-14,RSG,30.7,,1,RBC Capital:30.7
2026-05-14,SHW,23.8,,1,Evercore ISI Group:23.8
2026-05-14,SLB,32.3,,1,Bernstein:32.3
2026-05-14,STE,26.8,,1,Keybanc:26.8
2026-05-14,STX,22.7,,1,Evercore ISI Group:22.7
2026-05-14,TMO,29.9,,1,Wells Fargo:29.9
2026-05-14,TT,0.6,,1,JP Morgan:0.6
2026-05-14,TTD,0.1,,1,Wedbush:0.1
2026-05-14,VRT,17.6,,1,Evercore ISI Group:17.6
2026-05-14,VTR,8.4,1.6971,2,Keybanc:9.6|JP Morgan:7.2
2026-05-14,WBD,14.4,,1,UBS:14.4
2026-05-14,WMB,17.2,5.2326,2,Citigroup:13.5|UBS:20.9
2026-05-14,WYNN,31.15,9.4045,2,Citigroup:24.5|Morgan Stanley:37.8
2026-05-15,AAPL,25.9,,1,Tigress Financial:25.9
2026-05-15,ADI,7.7,,1,Oppenheimer:7.7
2026-05-15,ADSK,30.8,,1,Barclays:30.8
2026-05-15,AKAM,34.1,,1,Keybanc:34.1
2026-05-15,ALB,26.3,,1,Deutsche Bank:26.3
2026-05-15,AMAT,20.8,0.8485,2,Evercore ISI Group:20.2|Goldman Sachs:21.4
2026-05-15,APA,9,,1,Bernstein:9
2026-05-15,ATO,4.1,,1,Citigroup:4.1
2026-05-15,BDX,40.8,,1,Barclays:40.8
2026-05-15,C,17.5,,1,Keefe; Bruyette & Woods:17.5
2026-05-15,CARR,1.5,,1,JP Morgan:1.5
2026-05-15,CEG,7.2,,1,Mizuho:7.2
2026-05-15,CSCO,11.45,22.8395,2,Citigroup:-4.7|Evercore ISI Group:27.6
2026-05-15,CVS,20.7,,1,TD Cowen:20.7
2026-05-15,EG,7.7,,1,BMO Capital:7.7
2026-05-15,EOG,17.8,,1,Bernstein:17.8
2026-05-15,EVRG,9.7,,1,UBS:9.7
2026-05-15,EXC,-7.4,,1,Keybanc:-7.4
2026-05-15,F,17,,1,Morgan Stanley:17
2026-05-15,FIS,32.1,,1,Goldman Sachs:32.1
2026-05-15,FOXA,7,,1,Evercore ISI Group:7
2026-05-15,FTV,5.6,,1,JP Morgan:5.6
2026-05-15,GIS,13.65,10.6773,2,Barclays:6.1|Piper Sandler:21.2
2026-05-15,GM,26,,1,Wedbush:26
2026-05-15,GPN,10.5,,1,Cantor Fitzgerald:10.5
2026-05-15,HAS,26.2,,1,Morgan Stanley:26.2
2026-05-15,HD,27.7,,1,Citigroup:27.7
2026-05-15,HST,4.85,6.4347,2,Citigroup:9.4|Morgan Stanley:0.3
2026-05-15,HUM,-16.1,,1,Piper Sandler:-16.1
2026-05-15,KIM,19.6,,1,Barclays:19.6
2026-05-15,MCD,10.6,,1,JP Morgan:10.6
2026-05-15,MCHP,13.2667,1.6166,3,Evercore ISI Group:11.4|Needham:14.2|Susquehanna:14.2
2026-05-15,MOS,2.02,11.8536,5,JP Morgan:-13|Mizuho:5.9|RBC Capital:19.1|UBS:1.5|Wells Fargo:-3.4
2026-05-15,MSFT,42.6,,1,Wedbush:42.6
2026-05-15,MTD,15.7667,12.2985,3,Citigroup:29.9|JP Morgan:7.5|Baird:9.9
2026-05-15,NEE,11.6,,1,JP Morgan:11.6
2026-05-15,NI,4.1,,1,Citigroup:4.1
2026-05-15,NVDA,19.7,,1,TD Cowen:19.7
2026-05-15,NWSA,7.5,,1,Macquarie:7.5
2026-05-15,ORLY,16.3,,1,Mizuho:16.3
2026-05-15,RCL,17.2,,1,UBS:17.2
2026-05-15,SCHW,51.4,,1,Raymond James:51.4
2026-05-15,SLB,32.3,,1,Bernstein:32.3
2026-05-15,STE,26.8,,1,Keybanc:26.8
2026-05-15,STX,22.7,,1,Evercore ISI Group:22.7
2026-05-15,TMO,29.9,,1,Wells Fargo:29.9
2026-05-15,TT,0.6,,1,JP Morgan:0.6
2026-05-15,VRT,17.1667,3.8682,3,Evercore ISI Group:17.6|B of A Securities:20.8|Barclays:13.1
2026-05-15,VTR,7.2,,1,JP Morgan:7.2
2026-05-15,WMB,17.2,5.2326,2,Citigroup:13.5|UBS:20.9
2026-05-15,WYNN,37.8,,1,Morgan Stanley:37.8
2026-05-16,AAPL,25.9,,1,Tigress Financial:25.9
2026-05-16,ADI,7.7,,1,Oppenheimer:7.7
2026-05-16,ADSK,30.8,,1,Barclays:30.8
2026-05-16,ALB,26.3,,1,Deutsche Bank:26.3
2026-05-16,AMAT,20.8,0.8485,2,Evercore ISI Group:20.2|Goldman Sachs:21.4
2026-05-16,AOS,5.3,,1,JP Morgan:5.3
2026-05-16,APA,9,,1,Bernstein:9
2026-05-16,BDX,40.8,,1,Barclays:40.8
2026-05-16,CARR,1.5,,1,JP Morgan:1.5
2026-05-16,CEG,7.2,,1,Mizuho:7.2
2026-05-16,CSCO,11.45,22.8395,2,Citigroup:-4.7|Evercore ISI Group:27.6
2026-05-16,CVS,20.7,,1,TD Cowen:20.7
2026-05-16,D,8.2,,1,Wells Fargo:8.2
2026-05-16,EG,7.7,,1,BMO Capital:7.7
2026-05-16,EOG,17.8,,1,Bernstein:17.8
2026-05-16,EXC,-7.4,,1,Keybanc:-7.4
2026-05-16,F,17,,1,Morgan Stanley:17
2026-05-16,FIS,32.1,,1,Goldman Sachs:32.1
2026-05-16,FOXA,7,,1,Evercore ISI Group:7
2026-05-16,FTV,5.6,,1,JP Morgan:5.6
2026-05-16,GIS,13.65,10.6773,2,Barclays:6.1|Piper Sandler:21.2
2026-05-16,GM,26,,1,Wedbush:26
2026-05-16,GPN,10.5,,1,Cantor Fitzgerald:10.5
2026-05-16,HAS,26.2,,1,Morgan Stanley:26.2
2026-05-16,HD,27.7,,1,Citigroup:27.7
2026-05-16,HLT,1.6,,1,Bernstein:1.6
2026-05-16,HST,4.85,6.4347,2,Citigroup:9.4|Morgan Stanley:0.3
2026-05-16,HUM,-16.1,,1,Piper Sandler:-16.1
2026-05-16,KIM,19.6,,1,Barclays:19.6
2026-05-16,MAR,14.2,,1,Bernstein:14.2
2026-05-16,MCD,10.6,,1,JP Morgan:10.6
2026-05-16,MOS,2.02,11.8536,5,JP Morgan:-13|Mizuho:5.9|RBC Capital:19.1|UBS:1.5|Wells Fargo:-3.4
2026-05-16,MSFT,42.6,,1,Wedbush:42.6
2026-05-16,MTD,8.7,1.6971,2,JP Morgan:7.5|Baird:9.9
2026-05-16,NEE,11.6,,1,JP Morgan:11.6
2026-05-16,NI,4.1,,1,Citigroup:4.1
2026-05-16,NVDA,19.7,,1,TD Cowen:19.7
2026-05-16,NWSA,7.5,,1,Macquarie:7.5
2026-05-16,RCL,17.2,,1,UBS:17.2
2026-05-16,SCHW,51.4,,1,Raymond James:51.4
2026-05-16,SLB,32.3,,1,Bernstein:32.3
2026-05-16,STE,26.8,,1,Keybanc:26.8
2026-05-16,STX,22.7,,1,Evercore ISI Group:22.7
2026-05-16,TT,0.6,,1,JP Morgan:0.6
2026-05-16,VRT,17.1667,3.8682,3,Evercore ISI Group:17.6|B of A Securities:20.8|Barclays:13.1
2026-05-16,VTR,7.2,,1,JP Morgan:7.2
2026-05-16,WMB,20.9,,1,UBS:20.9
2026-05-16,WYNN,37.8,,1,Morgan Stanley:37.8
2026-05-18,AAPL,25.9,,1,Tigress Financial:25.9
2026-05-18,ADI,7.7,,1,Oppenheimer:7.7
2026-05-18,ADSK,30.8,,1,Barclays:30.8
2026-05-18,ALB,26.3,,1,Deutsche Bank:26.3
2026-05-18,AMAT,20.8,0.8485,2,Evercore ISI Group:20.2|Goldman Sachs:21.4
2026-05-18,AOS,5.3,,1,JP Morgan:5.3
2026-05-18,APO,9.1,,1,TD Cowen:9.1
2026-05-18,BA,17.9,,1,Citigroup:17.9
2026-05-18,BDX,40.8,,1,Barclays:40.8
2026-05-18,BSX,27,,1,B of A Securities:27
2026-05-18,CARR,1.5,,1,JP Morgan:1.5
2026-05-18,CEG,7.2,,1,Mizuho:7.2
2026-05-18,CIEN,16.8,,1,Citigroup:16.8
2026-05-18,CSCO,11.45,22.8395,2,Citigroup:-4.7|Evercore ISI Group:27.6
2026-05-18,D,8.2,,1,Wells Fargo:8.2
2026-05-18,DXCM,29.5,,1,B of A Securities:29.5
2026-05-18,EG,7.7,,1,BMO Capital:7.7
2026-05-18,EXC,-7.4,,1,Keybanc:-7.4
2026-05-18,F,17,,1,Morgan Stanley:17
2026-05-18,FOXA,7,,1,Evercore ISI Group:7
2026-05-18,FTV,5.6,,1,JP Morgan:5.6
2026-05-18,GIS,13.65,10.6773,2,Barclays:6.1|Piper Sandler:21.2
2026-05-18,GM,26,,1,Wedbush:26
2026-05-18,GPN,10.5,,1,Cantor Fitzgerald:10.5
2026-05-18,HAS,26.2,,1,Morgan Stanley:26.2
2026-05-18,HD,27.7,,1,Citigroup:27.7
2026-05-18,HLT,1.6,,1,Bernstein:1.6
2026-05-18,HST,4.85,6.4347,2,Citigroup:9.4|Morgan Stanley:0.3
2026-05-18,HUM,-16.1,,1,Piper Sandler:-16.1
2026-05-18,INTC,14.6,,1,Citigroup:14.6
2026-05-18,ISRG,23.2,,1,B of A Securities:23.2
2026-05-18,KIM,19.6,,1,Barclays:19.6
2026-05-18,LOW,0.7,,1,Stifel:0.7
2026-05-18,MAR,14.2,,1,Bernstein:14.2
2026-05-18,MOS,4.9667,12.8259,6,JP Morgan:-13|Mizuho:5.9|RBC Capital:19.1|UBS:1.5|Wells Fargo:-3.4|Barclays:19.7
2026-05-18,MSFT,42.6,,1,Wedbush:42.6
2026-05-18,MTD,9.9,,1,Baird:9.9
2026-05-18,NEE,11.6,,1,JP Morgan:11.6
2026-05-18,NFLX,44.5,,1,B of A Securities:44.5
2026-05-18,NVDA,19.7,,1,TD Cowen:19.7
2026-05-18,RCL,17.2,,1,UBS:17.2
2026-05-18,SCHW,51.4,,1,Raymond James:51.4
2026-05-18,STE,26.8,,1,Keybanc:26.8
2026-05-18,STX,22.7,,1,Evercore ISI Group:22.7
2026-05-18,TJX,17.4,,1,JP Morgan:17.4
2026-05-18,TT,0.6,,1,JP Morgan:0.6
2026-05-18,VRT,17.1667,3.8682,3,Evercore ISI Group:17.6|B of A Securities:20.8|Barclays:13.1
2026-05-18,WMB,20.9,,1,UBS:20.9
2026-05-18,WYNN,37.8,,1,Morgan Stanley:37.8
2026-05-19,AAPL,25.9,,1,Tigress Financial:25.9
2026-05-19,ADSK,30.8,,1,Barclays:30.8
2026-05-19,ALB,26.3,,1,Deutsche Bank:26.3
2026-05-19,AMAT,20.8,0.8485,2,Evercore ISI Group:20.2|Goldman Sachs:21.4
2026-05-19,AMD,30.9,,1,Melius Research:30.9
2026-05-19,AOS,5.3,,1,JP Morgan:5.3
2026-05-19,APO,9.1,,1,TD Cowen:9.1
2026-05-19,APTV,47.3,,1,Citigroup:47.3
2026-05-19,BA,17.9,,1,Citigroup:17.9
2026-05-19,BSX,27,,1,B of A Securities:27
2026-05-19,CARR,1.5,,1,JP Morgan:1.5
2026-05-19,CEG,7.2,,1,Mizuho:7.2
2026-05-19,CIEN,16.8,,1,Citigroup:16.8
2026-05-19,CRM,-13.5,,1,B of A Securities:-13.5
2026-05-19,CSCO,11.45,22.8395,2,Citigroup:-4.7|Evercore ISI Group:27.6
2026-05-19,CSGP,9.5,,1,B of A Securities:9.5
2026-05-19,D,8.2,,1,Wells Fargo:8.2
2026-05-19,DECK,5.9,,1,Piper Sandler:5.9
2026-05-19,DXCM,29.5,,1,B of A Securities:29.5
2026-05-19,EFX,36.4,,1,B of A Securities:36.4
2026-05-19,EG,7.7,,1,BMO Capital:7.7
2026-05-19,EXC,-7.4,,1,Keybanc:-7.4
2026-05-19,F,17,,1,Morgan Stanley:17
2026-05-19,FFIV,25.7,,1,Evercore ISI Group:25.7
2026-05-19,GIS,13.65,10.6773,2,Barclays:6.1|Piper Sandler:21.2
2026-05-19,HAS,26.2,,1,Morgan Stanley:26.2
2026-05-19,HD,14.95,12.3744,2,Jefferies:23.7|Oppenheimer:6.2
2026-05-19,HLT,1.6,,1,Bernstein:1.6
2026-05-19,HUM,-16.1,,1,Piper Sandler:-16.1
2026-05-19,INTC,22.75,11.5258,2,Citigroup:14.6|Benchmark:30.9
2026-05-19,INVH,11.9,,1,Raymond James:11.9
2026-05-19,ISRG,23.2,,1,B of A Securities:23.2
2026-05-19,KIM,19.6,,1,Barclays:19.6
2026-05-19,LOW,14,18.809,2,Stifel:0.7|Oppenheimer:27.3
2026-05-19,MAR,14.2,,1,Bernstein:14.2
2026-05-19,MOS,8.56,10.4301,5,Mizuho:5.9|RBC Capital:19.1|UBS:1.5|Wells Fargo:-3.4|Barclays:19.7
2026-05-19,MSFT,42.6,,1,Wedbush:42.6
2026-05-19,NEE,11.6,,1,JP Morgan:11.6
2026-05-19,NFLX,44.5,,1,B of A Securities:44.5
2026-05-19,NVDA,33.85,20.0111,2,TD Cowen:19.7|HSBC:48
2026-05-19,PFG,8.4,,1,Raymond James:8.4
2026-05-19,RCL,17.2,,1,UBS:17.2
2026-05-19,SCHW,51.4,,1,Raymond James:51.4
2026-05-19,STE,26.8,,1,Keybanc:26.8
2026-05-19,TJX,17.4,,1,JP Morgan:17.4
2026-05-19,TT,0.6,,1,JP Morgan:0.6
2026-05-19,VRSK,8.8,,1,B of A Securities:8.8
2026-05-19,VRT,16.95,5.4447,2,B of A Securities:20.8|Barclays:13.1
2026-05-19,WMB,20.9,,1,UBS:20.9
2026-05-19,WYNN,37.8,,1,Morgan Stanley:37.8
2026-05-20,AAPL,25.9,,1,Tigress Financial:25.9
2026-05-20,ALB,26.3,,1,Deutsche Bank:26.3
2026-05-20,AMAT,20.8,0.8485,2,Evercore ISI Group:20.2|Goldman Sachs:21.4
2026-05-20,AMD,30.9,,1,Melius Research:30.9
2026-05-20,AOS,5.3,,1,JP Morgan:5.3
2026-05-20,APO,9.1,,1,TD Cowen:9.1
2026-05-20,APTV,47.3,,1,Citigroup:47.3
2026-05-20,BA,17.9,,1,Citigroup:17.9
2026-05-20,BSX,27,,1,B of A Securities:27
2026-05-20,CARR,1.5,,1,JP Morgan:1.5
2026-05-20,CIEN,16.8,,1,Citigroup:16.8
2026-05-20,CRM,-13.5,,1,B of A Securities:-13.5
2026-05-20,CSCO,11.45,22.8395,2,Citigroup:-4.7|Evercore ISI Group:27.6
2026-05-20,CSGP,9.5,,1,B of A Securities:9.5
2026-05-20,D,8.2,,1,Wells Fargo:8.2
2026-05-20,DECK,5.9,,1,Piper Sandler:5.9
2026-05-20,DXCM,29.5,,1,B of A Securities:29.5
2026-05-20,ECL,40.8,,1,Jefferies:40.8
2026-05-20,EFX,36.4,,1,B of A Securities:36.4
2026-05-20,EG,7.7,,1,BMO Capital:7.7
2026-05-20,EQIX,18.2,,1,Guggenheim:18.2
2026-05-20,EXC,-7.4,,1,Keybanc:-7.4
2026-05-20,FFIV,25.7,,1,Evercore ISI Group:25.7
2026-05-20,GIS,21.2,,1,Piper Sandler:21.2
2026-05-20,HAS,26.2,,1,Morgan Stanley:26.2
2026-05-20,HD,22.6,9.8648,5,Jefferies:23.7|Oppenheimer:6.2|Morgan Stanley:32.9|Piper Sandler:25.6|TD Cowen:24.6
2026-05-20,HLT,1.6,,1,Bernstein:1.6
2026-05-20,HUM,-16.1,,1,Piper Sandler:-16.1
2026-05-20,INTC,22.75,11.5258,2,Citigroup:14.6|Benchmark:30.9
2026-05-20,INVH,11.9,,1,Raymond James:11.9
2026-05-20,ISRG,23.2,,1,B of A Securities:23.2
2026-05-20,KIM,6.7,,1,Scotiabank:6.7
2026-05-20,LOW,14,18.809,2,Stifel:0.7|Oppenheimer:27.3
2026-05-20,MAR,14.2,,1,Bernstein:14.2
2026-05-20,MOS,8.15,16.3342,2,Wells Fargo:-3.4|Barclays:19.7
2026-05-20,MRVL,-15.5,,1,Evercore ISI Group:-15.5
2026-05-20,NFLX,44.5,,1,B of A Securities:44.5
2026-05-20,NVDA,33.85,20.0111,2,TD Cowen:19.7|HSBC:48
2026-05-20,PFG,8.4,,1,Raymond James:8.4
2026-05-20,RCL,17.2,,1,UBS:17.2
2026-05-20,REGN,37.9,,1,Canaccord Genuity:37.9
2026-05-20,SCHW,51.4,,1,Raymond James:51.4
2026-05-20,STE,26.8,,1,Keybanc:26.8
2026-05-20,TJX,17.4,,1,JP Morgan:17.4
2026-05-20,TT,0.6,,1,JP Morgan:0.6
2026-05-20,VRSK,8.8,,1,B of A Securities:8.8
2026-05-20,VRT,17.6667,4.0452,3,B of A Securities:20.8|Barclays:13.1|TD Cowen:19.1
2026-05-20,VTRS,35.5,,1,Barclays:35.5
2026-05-20,WYNN,37.8,,1,Morgan Stanley:37.8
2026-05-21,AAPL,25.9,,1,Tigress Financial:25.9
2026-05-21,ADI,18.4333,2.1127,3,Citigroup:16|Evercore ISI Group:19.5|Jefferies:19.8
2026-05-21,AMAT,20.8,0.8485,2,Evercore ISI Group:20.2|Goldman Sachs:21.4
2026-05-21,AMD,30.9,,1,Melius Research:30.9
2026-05-21,AOS,5.3,,1,JP Morgan:5.3
2026-05-21,APO,9.1,,1,TD Cowen:9.1
2026-05-21,APTV,47.3,,1,Citigroup:47.3
2026-05-21,BA,17.9,,1,Citigroup:17.9
2026-05-21,BSX,27,,1,B of A Securities:27
2026-05-21,CI,17.75,14.7785,2,Deutsche Bank:7.3|Morgan Stanley:28.2
2026-05-21,CIEN,16.8,,1,Citigroup:16.8
2026-05-21,CNC,38.6,,1,Deutsche Bank:38.6
2026-05-21,CRM,-13.5,,1,B of A Securities:-13.5
2026-05-21,CSGP,9.5,,1,B of A Securities:9.5
2026-05-21,D,8.2,,1,Wells Fargo:8.2
2026-05-21,DECK,5.9,,1,Piper Sandler:5.9
2026-05-21,DXCM,29.5,,1,B of A Securities:29.5
2026-05-21,ECL,40.8,,1,Jefferies:40.8
2026-05-21,EFX,36.4,,1,B of A Securities:36.4
2026-05-21,EG,7.7,,1,BMO Capital:7.7
2026-05-21,EQIX,18.2,,1,Guggenheim:18.2
2026-05-21,FFIV,25.7,,1,Evercore ISI Group:25.7
2026-05-21,HD,22.8333,8.8419,6,Jefferies:23.7|Oppenheimer:6.2|Morgan Stanley:32.9|Piper Sandler:25.6|TD Cowen:24.6|Baird:24
2026-05-21,HLT,1.6,,1,Bernstein:1.6
2026-05-21,HUM,45.2,,1,Deutsche Bank:45.2
2026-05-21,INTC,22.75,11.5258,2,Citigroup:14.6|Benchmark:30.9
2026-05-21,INTU,23.6,11.738,2,BMO Capital:31.9|UBS:15.3
2026-05-21,INVH,11.9,,1,Raymond James:11.9
2026-05-21,ISRG,23.2,,1,B of A Securities:23.2
2026-05-21,KEYS,15,,1,Citigroup:15
2026-05-21,KIM,6.7,,1,Scotiabank:6.7
2026-05-21,LOW,14,18.809,2,Stifel:0.7|Oppenheimer:27.3
2026-05-21,MAR,14.2,,1,Bernstein:14.2
2026-05-21,MOS,31.6,16.8291,2,Barclays:19.7|BMO Capital:43.5
2026-05-21,MRVL,-15.5,,1,Evercore ISI Group:-15.5
2026-05-21,NFLX,44.5,,1,B of A Securities:44.5
2026-05-21,NVDA,32.4,12.1334,4,TD Cowen:19.7|HSBC:48|Jefferies:35|Stifel:26.9
2026-05-21,PFG,8.4,,1,Raymond James:8.4
2026-05-21,RCL,17.2,,1,UBS:17.2
2026-05-21,REGN,37.9,,1,Canaccord Genuity:37.9
2026-05-21,SCHW,51.4,,1,Raymond James:51.4
2026-05-21,TJX,18.25,1.2021,2,JP Morgan:17.4|Truist Securities:19.1
2026-05-21,VRSK,8.8,,1,B of A Securities:8.8
2026-05-21,VRT,15.625,5.2519,4,B of A Securities:20.8|Barclays:13.1|TD Cowen:19.1|Oppenheimer:9.5
2026-05-21,VTRS,35.5,,1,Barclays:35.5
2026-05-22,ADI,18.375,1.7289,4,Citigroup:16|Evercore ISI Group:19.5|Jefferies:19.8|B of A Securities:18.2
2026-05-22,ADSK,41.8,,1,Keybanc:41.8
2026-05-22,AFL,5.7,,1,Morgan Stanley:5.7
2026-05-22,AMD,30.9,,1,Melius Research:30.9
2026-05-22,AOS,5.3,,1,JP Morgan:5.3
2026-05-22,APO,9.1,,1,TD Cowen:9.1
2026-05-22,APTV,47.3,,1,Citigroup:47.3
2026-05-22,AWK,8.1,,1,B of A Securities:8.1
2026-05-22,BA,17.9,,1,Citigroup:17.9
2026-05-22,BSX,27,,1,B of A Securities:27
2026-05-22,CI,25.4333,16.9205,3,Deutsche Bank:7.3|Morgan Stanley:28.2|UBS:40.8
2026-05-22,CIEN,16.8,,1,Citigroup:16.8
2026-05-22,CNC,21.55,24.1123,2,Deutsche Bank:38.6|UBS:4.5
2026-05-22,CRM,-13.5,,1,B of A Securities:-13.5
2026-05-22,CSGP,9.5,,1,B of A Securities:9.5
2026-05-22,D,8.2,,1,Wells Fargo:8.2
2026-05-22,DECK,5.9,,1,Piper Sandler:5.9
2026-05-22,DXCM,29.5,,1,B of A Securities:29.5
2026-05-22,ECL,40.8,,1,Jefferies:40.8
2026-05-22,EFX,36.4,,1,B of A Securities:36.4
2026-05-22,ELV,16.9,,1,UBS:16.9
2026-05-22,EQIX,18.2,,1,Guggenheim:18.2
2026-05-22,FFIV,25.7,,1,Evercore ISI Group:25.7
2026-05-22,HD,22.8333,8.8419,6,Jefferies:23.7|Oppenheimer:6.2|Morgan Stanley:32.9|Piper Sandler:25.6|TD Cowen:24.6|Baird:24
2026-05-22,HLT,1.6,,1,Bernstein:1.6
2026-05-22,HUM,45.2,,1,Deutsche Bank:45.2
2026-05-22,INTC,22.75,11.5258,2,Citigroup:14.6|Benchmark:30.9
2026-05-22,INTU,31.1333,15.4643,3,BMO Capital:31.9|UBS:15.3|Keybanc:46.2
2026-05-22,INVH,11.9,,1,Raymond James:11.9
2026-05-22,ISRG,23.2,,1,B of A Securities:23.2
2026-05-22,KEYS,15,,1,Citigroup:15
2026-05-22,KIM,6.7,,1,Scotiabank:6.7
2026-05-22,LOW,17.65,11.9034,4,Stifel:0.7|Oppenheimer:27.3|B of A Securities:18.3|Baird:24.3
2026-05-22,MAR,14.2,,1,Bernstein:14.2
2026-05-22,MOS,31.6,16.8291,2,Barclays:19.7|BMO Capital:43.5
2026-05-22,MRVL,-15.5,,1,Evercore ISI Group:-15.5
2026-05-22,NFLX,44.5,,1,B of A Securities:44.5
2026-05-22,NVDA,58.92,39.5507,5,HSBC:48|Jefferies:35|Stifel:26.9|B of A Securities:58.4|Baird:126.3
2026-05-22,PFG,8.4,,1,Raymond James:8.4
2026-05-22,REGN,37.9,,1,Canaccord Genuity:37.9
2026-05-22,TGT,5.9,,1,Baird:5.9
2026-05-22,TJX,16.275,3.5368,4,JP Morgan:17.4|Truist Securities:19.1|Baird:11.1|Telsey Advisory Group:17.5
2026-05-22,VRSK,8.8,,1,B of A Securities:8.8
2026-05-22,VRT,14.3,6.7882,2,TD Cowen:19.1|Oppenheimer:9.5
2026-05-22,VTRS,35.5,,1,Barclays:35.5
2026-05-23,ADI,18.375,1.7289,4,Citigroup:16|Evercore ISI Group:19.5|Jefferies:19.8|B of A Securities:18.2
2026-05-23,ADSK,41.8,,1,Keybanc:41.8
2026-05-23,AFL,5.7,,1,Morgan Stanley:5.7
2026-05-23,AMD,30.9,,1,Melius Research:30.9
2026-05-23,APO,9.1,,1,TD Cowen:9.1
2026-05-23,APTV,47.3,,1,Citigroup:47.3
2026-05-23,AWK,8.1,,1,B of A Securities:8.1
2026-05-23,BA,17.9,,1,Citigroup:17.9
2026-05-23,BSX,27,,1,B of A Securities:27
2026-05-23,CI,25.4333,16.9205,3,Deutsche Bank:7.3|Morgan Stanley:28.2|UBS:40.8
2026-05-23,CIEN,16.8,,1,Citigroup:16.8
2026-05-23,CNC,21.55,24.1123,2,Deutsche Bank:38.6|UBS:4.5
2026-05-23,CRM,-13.5,,1,B of A Securities:-13.5
2026-05-23,CSGP,9.5,,1,B of A Securities:9.5
2026-05-23,DE,14.3,,1,B of A Securities:14.3
2026-05-23,DECK,31.85,36.6988,2,Piper Sandler:5.9|UBS:57.8
2026-05-23,DXCM,29.5,,1,B of A Securities:29.5
2026-05-23,ECL,40.8,,1,Jefferies:40.8
2026-05-23,EFX,36.4,,1,B of A Securities:36.4
2026-05-23,ELV,16.9,,1,UBS:16.9
2026-05-23,EQIX,18.2,,1,Guggenheim:18.2
2026-05-23,FFIV,25.7,,1,Evercore ISI Group:25.7
2026-05-23,GNRC,16.1,,1,Jefferies:16.1
2026-05-23,HD,22.8333,8.8419,6,Jefferies:23.7|Oppenheimer:6.2|Morgan Stanley:32.9|Piper Sandler:25.6|TD Cowen:24.6|Baird:24
2026-05-23,HUM,45.2,,1,Deutsche Bank:45.2
2026-05-23,INTC,22.75,11.5258,2,Citigroup:14.6|Benchmark:30.9
2026-05-23,INTU,31.1333,15.4643,3,BMO Capital:31.9|UBS:15.3|Keybanc:46.2
2026-05-23,INVH,11.9,,1,Raymond James:11.9
2026-05-23,ISRG,23.2,,1,B of A Securities:23.2
2026-05-23,KEYS,15,,1,Citigroup:15
2026-05-23,KIM,6.7,,1,Scotiabank:6.7
2026-05-23,LOW,17.65,11.9034,4,Stifel:0.7|Oppenheimer:27.3|B of A Securities:18.3|Baird:24.3
2026-05-23,MOS,31.6,16.8291,2,Barclays:19.7|BMO Capital:43.5
2026-05-23,MRVL,-15.5,,1,Evercore ISI Group:-15.5
2026-05-23,NFLX,44.5,,1,B of A Securities:44.5
2026-05-23,NVDA,58.92,39.5507,5,HSBC:48|Jefferies:35|Stifel:26.9|B of A Securities:58.4|Baird:126.3
2026-05-23,PFG,8.4,,1,Raymond James:8.4
2026-05-23,RCL,14.5,,1,Truist Securities:14.5
2026-05-23,REGN,37.9,,1,Canaccord Genuity:37.9
2026-05-23,TGT,5.9,,1,Baird:5.9
2026-05-23,TJX,16.275,3.5368,4,JP Morgan:17.4|Truist Securities:19.1|Baird:11.1|Telsey Advisory Group:17.5
2026-05-23,VRSK,8.8,,1,B of A Securities:8.8
2026-05-23,VRT,14.3,6.7882,2,TD Cowen:19.1|Oppenheimer:9.5
2026-05-23,VTRS,35.5,,1,Barclays:35.5
2026-05-26,ADI,18.375,1.7289,4,Citigroup:16|Evercore ISI Group:19.5|Jefferies:19.8|B of A Securities:18.2
2026-05-26,ADSK,41.8,,1,Keybanc:41.8
2026-05-26,AFL,5.7,,1,Morgan Stanley:5.7
2026-05-26,AWK,8.1,,1,B of A Securities:8.1
2026-05-26,CI,25.4333,16.9205,3,Deutsche Bank:7.3|Morgan Stanley:28.2|UBS:40.8
2026-05-26,CIEN,11.7,,1,B of A Securities:11.7
2026-05-26,CNC,21.55,24.1123,2,Deutsche Bank:38.6|UBS:4.5
2026-05-26,D,6.4,,1,Mizuho:6.4
2026-05-26,DE,14.3,,1,B of A Securities:14.3
2026-05-26,DECK,57.8,,1,UBS:57.8
2026-05-26,ECL,40.8,,1,Jefferies:40.8
2026-05-26,ELV,16.9,,1,UBS:16.9
2026-05-26,EQIX,18.2,,1,Guggenheim:18.2
2026-05-26,FFIV,-23.9,,1,B of A Securities:-23.9
2026-05-26,GNRC,16.1,,1,Jefferies:16.1
2026-05-26,HD,26.775,4.1363,4,Morgan Stanley:32.9|Piper Sandler:25.6|TD Cowen:24.6|Baird:24
2026-05-26,HUM,45.2,,1,Deutsche Bank:45.2
2026-05-26,INTU,31.1333,15.4643,3,BMO Capital:31.9|UBS:15.3|Keybanc:46.2
2026-05-26,KEYS,15,,1,Citigroup:15
2026-05-26,KIM,6.7,,1,Scotiabank:6.7
2026-05-26,LOW,21.3,4.2426,2,B of A Securities:18.3|Baird:24.3
2026-05-26,MOS,43.5,,1,BMO Capital:43.5
2026-05-26,MRVL,-15.5,,1,Evercore ISI Group:-15.5
2026-05-26,NVDA,61.65,45.1219,4,Jefferies:35|Stifel:26.9|B of A Securities:58.4|Baird:126.3
2026-05-26,ON,12.4,,1,B of A Securities:12.4
2026-05-26,RCL,14.5,,1,Truist Securities:14.5
2026-05-26,REGN,37.9,,1,Canaccord Genuity:37.9
2026-05-26,TGT,5.9,,1,Baird:5.9
2026-05-26,TJX,15.9,4.2332,3,Truist Securities:19.1|Baird:11.1|Telsey Advisory Group:17.5
2026-05-26,TRV,4.7,,1,JP Morgan:4.7
2026-05-26,TXN,16.2,,1,B of A Securities:16.2
2026-05-26,VRT,14.3,6.7882,2,TD Cowen:19.1|Oppenheimer:9.5
2026-05-26,VTRS,35.5,,1,Barclays:35.5
2026-05-26,WDC,13.9,,1,Evercore ISI Group:13.9
2026-05-26,WMB,8.6,,1,CIBC:8.6
2026-05-27,A,34.5,,1,Baird:34.5
2026-05-27,ADI,18.375,1.7289,4,Citigroup:16|Evercore ISI Group:19.5|Jefferies:19.8|B of A Securities:18.2
2026-05-27,ADSK,41.8,,1,Keybanc:41.8
2026-05-27,AFL,5.7,,1,Morgan Stanley:5.7
2026-05-27,AWK,8.1,,1,B of A Securities:8.1
2026-05-27,CDNS,12.2,,1,Wells Fargo:12.2
2026-05-27,CI,25.4333,16.9205,3,Deutsche Bank:7.3|Morgan Stanley:28.2|UBS:40.8
2026-05-27,CIEN,11.7,,1,B of A Securities:11.7
2026-05-27,CNC,21.55,24.1123,2,Deutsche Bank:38.6|UBS:4.5
2026-05-27,D,6.4,,1,Mizuho:6.4
2026-05-27,DE,14.3,,1,B of A Securities:14.3
2026-05-27,DECK,57.8,,1,UBS:57.8
2026-05-27,DHR,-45.3,,1,Citigroup:-45.3
2026-05-27,DOC,4.3,,1,Scotiabank:4.3
2026-05-27,ELV,16.9,,1,UBS:16.9
2026-05-27,ESS,3,,1,Truist Securities:3
2026-05-27,FFIV,-23.9,,1,B of A Securities:-23.9
2026-05-27,GNRC,16.1,,1,Jefferies:16.1
2026-05-27,HD,24,,1,Baird:24
2026-05-27,HUM,45.2,,1,Deutsche Bank:45.2
2026-05-27,INTU,31.1333,15.4643,3,BMO Capital:31.9|UBS:15.3|Keybanc:46.2
2026-05-27,KEYS,15,,1,Citigroup:15
2026-05-27,LOW,21.3,4.2426,2,B of A Securities:18.3|Baird:24.3
2026-05-27,MGM,36.4,,1,Truist Securities:36.4
2026-05-27,MOS,43.5,,1,BMO Capital:43.5
2026-05-27,MU,70,,1,UBS:70
2026-05-27,NVDA,69.02,42.4096,5,Jefferies:35|Stifel:26.9|B of A Securities:58.4|Baird:126.3|Tigress Financial:98.5
2026-05-27,ON,12.4,,1,B of A Securities:12.4
2026-05-27,PH,8.9,,1,Wells Fargo:8.9
2026-05-27,PLD,2.7,,1,Morgan Stanley:2.7
2026-05-27,RCL,14.5,,1,Truist Securities:14.5
2026-05-27,SNDK,39.7,,1,Barclays:39.7
2026-05-27,TGT,5.9,,1,Baird:5.9
2026-05-27,TJX,15.9,4.2332,3,Truist Securities:19.1|Baird:11.1|Telsey Advisory Group:17.5
2026-05-27,TRV,4.7,,1,JP Morgan:4.7
2026-05-27,TXN,16.2,,1,B of A Securities:16.2
2026-05-27,VRT,9.5,,1,Oppenheimer:9.5
2026-05-27,WDC,14.45,0.7778,2,Evercore ISI Group:13.9|Barclays:15
2026-05-27,WMB,8.6,,1,CIBC:8.6
2026-05-28,A,34.5,,1,Baird:34.5
2026-05-28,ADI,18.2,,1,B of A Securities:18.2
2026-05-28,ADSK,41.8,,1,Keybanc:41.8
2026-05-28,AFL,5.7,,1,Morgan Stanley:5.7
2026-05-28,APA,-3.6,,1,Mizuho:-3.6
2026-05-28,AWK,8.1,,1,B of A Securities:8.1
2026-05-28,AZO,7,,1,Mizuho:7
2026-05-28,CARR,-5.5,,1,Morgan Stanley:-5.5
2026-05-28,CDNS,12.2,,1,Wells Fargo:12.2
2026-05-28,CDW,14,,1,JP Morgan:14
2026-05-28,CI,40.8,,1,UBS:40.8
2026-05-28,CIEN,11.7,,1,B of A Securities:11.7
2026-05-28,CNC,4.5,,1,UBS:4.5
2026-05-28,CVX,25.2,,1,Mizuho:25.2
2026-05-28,D,9.2,3.9598,2,Mizuho:6.4|Jefferies:12
2026-05-28,DE,14.3,,1,B of A Securities:14.3
2026-05-28,DECK,57.8,,1,UBS:57.8
2026-05-28,DHR,-45.3,,1,Citigroup:-45.3
2026-05-28,DOC,4.3,,1,Scotiabank:4.3
2026-05-28,DVN,51.9,,1,Mizuho:51.9
2026-05-28,ELV,16.9,,1,UBS:16.9
2026-05-28,EOG,15.2,,1,Mizuho:15.2
2026-05-28,ESS,3,,1,Truist Securities:3
2026-05-28,FANG,23.2,,1,Mizuho:23.2
2026-05-28,FFIV,-23.9,,1,B of A Securities:-23.9
2026-05-28,FSLR,14.3,,1,GLJ Research:14.3
2026-05-28,GNRC,16.1,,1,Jefferies:16.1
2026-05-28,HPQ,-12.5,16.122,2,JP Morgan:-1.1|Wells Fargo:-23.9
2026-05-28,INTU,46.2,,1,Keybanc:46.2
2026-05-28,KIM,2.9,,1,Truist Securities:2.9
2026-05-28,LOW,21.3,4.2426,2,B of A Securities:18.3|Baird:24.3
2026-05-28,MGM,36.4,,1,Truist Securities:36.4
2026-05-28,MRVL,19.5,1.8385,2,Jefferies:18.2|JP Morgan:20.8
2026-05-28,MU,70,,1,UBS:70
2026-05-28,NVDA,94.4,34.1352,3,B of A Securities:58.4|Baird:126.3|Tigress Financial:98.5
2026-05-28,ON,12.4,,1,B of A Securities:12.4
2026-05-28,OXY,29.9,,1,Mizuho:29.9
2026-05-28,PH,8.9,,1,Wells Fargo:8.9
2026-05-28,PLD,2.7,,1,Morgan Stanley:2.7
2026-05-28,RCL,14.5,,1,Truist Securities:14.5
2026-05-28,SNDK,39.7,,1,Barclays:39.7
2026-05-28,SNPS,17.6,,1,Stifel:17.6
2026-05-28,TGT,5.9,,1,Baird:5.9
2026-05-28,TJX,14.3,4.5255,2,Baird:11.1|Telsey Advisory Group:17.5
2026-05-28,TRV,4.7,,1,JP Morgan:4.7
2026-05-28,TXN,16.2,,1,B of A Securities:16.2
2026-05-28,UNH,27.8,,1,Bernstein:27.8
2026-05-28,WDC,14.45,0.7778,2,Evercore ISI Group:13.9|Barclays:15
2026-05-28,WMB,8.6,,1,CIBC:8.6
2026-05-29,A,34.5,,1,Baird:34.5
2026-05-29,APA,-3.6,,1,Mizuho:-3.6
2026-05-29,AVGO,13.2,,1,Susquehanna:13.2
2026-05-29,AZO,7,,1,Mizuho:7
2026-05-29,BBY,13.5,,1,JP Morgan:13.5
2026-05-29,CARR,-5.5,,1,Morgan Stanley:-5.5
2026-05-29,CDNS,12.2,,1,Wells Fargo:12.2
2026-05-29,CDW,14,,1,JP Morgan:14
2026-05-29,CIEN,11.7,,1,B of A Securities:11.7
2026-05-29,COST,2.5,,1,Truist Securities:2.5
2026-05-29,CRM,49.8,43.1335,2,Piper Sandler:19.3|Wedbush:80.3
2026-05-29,CTVA,18.2,,1,Morgan Stanley:18.2
2026-05-29,CVX,25.2,,1,Mizuho:25.2
2026-05-29,D,9.2,3.9598,2,Mizuho:6.4|Jefferies:12
2026-05-29,DE,14.3,,1,B of A Securities:14.3
2026-05-29,DECK,57.8,,1,UBS:57.8
2026-05-29,DHR,-45.3,,1,Citigroup:-45.3
2026-05-29,DOC,4.3,,1,Scotiabank:4.3
2026-05-29,DVN,51.9,,1,Mizuho:51.9
2026-05-29,EOG,15.2,,1,Mizuho:15.2
2026-05-29,ESS,3,,1,Truist Securities:3
2026-05-29,F,18.5,,1,B of A Securities:18.5
2026-05-29,FANG,23.2,,1,Mizuho:23.2
2026-05-29,FFIV,-23.9,,1,B of A Securities:-23.9
2026-05-29,FSLR,14.3,,1,GLJ Research:14.3
2026-05-29,GNRC,16.1,,1,Jefferies:16.1
2026-05-29,HPQ,-16,14.7438,4,JP Morgan:-1.1|Wells Fargo:-23.9|B of A Securities:-32.6|Citigroup:-6.4
2026-05-29,KIM,2.9,,1,Truist Securities:2.9
2026-05-29,LYB,43.5,,1,Wells Fargo:43.5
2026-05-29,MGM,36.4,,1,Truist Securities:36.4
2026-05-29,MRVL,27,8.7251,4,Jefferies:18.2|JP Morgan:20.8|Barclays:34.5|Benchmark:34.5
2026-05-29,MU,70,,1,UBS:70
2026-05-29,NTAP,-15.1,,1,JP Morgan:-15.1
2026-05-29,NVDA,98.5,,1,Tigress Financial:98.5
2026-05-29,ON,12.4,,1,B of A Securities:12.4
2026-05-29,OXY,29.9,,1,Mizuho:29.9
2026-05-29,PH,8.9,,1,Wells Fargo:8.9
2026-05-29,PLD,2.7,,1,Morgan Stanley:2.7
2026-05-29,RCL,14.5,,1,Truist Securities:14.5
2026-05-29,SNDK,39.7,,1,Barclays:39.7
2026-05-29,SNPS,21.2,5.0912,2,Stifel:17.6|B of A Securities:24.8
2026-05-29,SWK,6.5,,1,Morgan Stanley:6.5
2026-05-29,TRV,4.7,,1,JP Morgan:4.7
2026-05-29,TXN,16.2,,1,B of A Securities:16.2
2026-05-29,UNH,27.8,,1,Bernstein:27.8
2026-05-29,WDC,14.45,0.7778,2,Evercore ISI Group:13.9|Barclays:15
2026-05-29,WMB,8.6,,1,CIBC:8.6
2026-05-30,A,34.5,,1,Baird:34.5
2026-05-30,APA,-3.6,,1,Mizuho:-3.6
2026-05-30,ATO,6.7,,1,Mizuho:6.7
2026-05-30,AVGO,13.2,,1,Susquehanna:13.2
2026-05-30,AZO,7,,1,Mizuho:7
2026-05-30,BBY,13.5,,1,JP Morgan:13.5
2026-05-30,CARR,-5.5,,1,Morgan Stanley:-5.5
2026-05-30,CDNS,12.2,,1,Wells Fargo:12.2
2026-05-30,CDW,14,,1,JP Morgan:14
2026-05-30,CIEN,11.7,,1,B of A Securities:11.7
2026-05-30,COST,2.5,,1,Truist Securities:2.5
2026-05-30,CRM,49.8,43.1335,2,Piper Sandler:19.3|Wedbush:80.3
2026-05-30,CTVA,18.2,,1,Morgan Stanley:18.2
2026-05-30,CVX,25.2,,1,Mizuho:25.2
2026-05-30,D,9.2,3.9598,2,Mizuho:6.4|Jefferies:12
2026-05-30,DHR,-45.3,,1,Citigroup:-45.3
2026-05-30,DOC,4.3,,1,Scotiabank:4.3
2026-05-30,DVN,51.9,,1,Mizuho:51.9
2026-05-30,EOG,15.2,,1,Mizuho:15.2
2026-05-30,ESS,3,,1,Truist Securities:3
2026-05-30,F,18.5,,1,B of A Securities:18.5
2026-05-30,FANG,23.2,,1,Mizuho:23.2
2026-05-30,FFIV,-23.9,,1,B of A Securities:-23.9
2026-05-30,FSLR,14.3,,1,GLJ Research:14.3
2026-05-30,HPQ,-16,14.7438,4,JP Morgan:-1.1|Wells Fargo:-23.9|B of A Securities:-32.6|Citigroup:-6.4
2026-05-30,IBM,15.4,,1,Wedbush:15.4
2026-05-30,KIM,2.9,,1,Truist Securities:2.9
2026-05-30,LYB,43.5,,1,Wells Fargo:43.5
2026-05-30,MGM,36.4,,1,Truist Securities:36.4
2026-05-30,MRVL,27,8.7251,4,Jefferies:18.2|JP Morgan:20.8|Barclays:34.5|Benchmark:34.5
2026-05-30,MU,70,,1,UBS:70
2026-05-30,NTAP,-15.1,,1,JP Morgan:-15.1
2026-05-30,NVDA,98.5,,1,Tigress Financial:98.5
2026-05-30,ON,12.4,,1,B of A Securities:12.4
2026-05-30,OXY,29.9,,1,Mizuho:29.9
2026-05-30,PH,8.9,,1,Wells Fargo:8.9
2026-05-30,PLD,2.7,,1,Morgan Stanley:2.7
2026-05-30,SNDK,39.7,,1,Barclays:39.7
2026-05-30,SNPS,21.2,5.0912,2,Stifel:17.6|B of A Securities:24.8
2026-05-30,SWK,6.5,,1,Morgan Stanley:6.5
2026-05-30,TRV,4.7,,1,JP Morgan:4.7
2026-05-30,TXN,16.2,,1,B of A Securities:16.2
2026-05-30,UNH,27.8,,1,Bernstein:27.8
2026-05-30,WDC,14.45,0.7778,2,Evercore ISI Group:13.9|Barclays:15
2026-05-30,WMB,8.6,,1,CIBC:8.6
2026-06-01,A,34.5,,1,Baird:34.5
2026-06-01,APA,-3.6,,1,Mizuho:-3.6
2026-06-01,ATO,6.7,,1,Mizuho:6.7
2026-06-01,AVGO,13.2,,1,Susquehanna:13.2
2026-06-01,AZO,7,,1,Mizuho:7
2026-06-01,BBY,13.5,,1,JP Morgan:13.5
2026-06-01,CARR,-5.5,,1,Morgan Stanley:-5.5
2026-06-01,CDNS,12.2,,1,Wells Fargo:12.2
2026-06-01,CDW,14,,1,JP Morgan:14
2026-06-01,CHRW,28.8,,1,UBS:28.8
2026-06-01,CIEN,11.7,,1,B of A Securities:11.7
2026-06-01,CMI,20.5,,1,Argus Research:20.5
2026-06-01,COST,2.5,,1,Truist Securities:2.5
2026-06-01,CRM,49.8,43.1335,2,Piper Sandler:19.3|Wedbush:80.3
2026-06-01,CTVA,18.2,,1,Morgan Stanley:18.2
2026-06-01,CVX,25.2,,1,Mizuho:25.2
2026-06-01,D,9.2,3.9598,2,Mizuho:6.4|Jefferies:12
2026-06-01,DHR,-45.3,,1,Citigroup:-45.3
2026-06-01,DOC,4.3,,1,Scotiabank:4.3
2026-06-01,DVN,51.9,,1,Mizuho:51.9
2026-06-01,EOG,15.2,,1,Mizuho:15.2
2026-06-01,ESS,3,,1,Truist Securities:3
2026-06-01,F,18.5,,1,B of A Securities:18.5
2026-06-01,FANG,23.2,,1,Mizuho:23.2
2026-06-01,FFIV,-23.9,,1,B of A Securities:-23.9
2026-06-01,FSLR,14.3,,1,GLJ Research:14.3
2026-06-01,GM,57,,1,Citigroup:57
2026-06-01,HPQ,-16,14.7438,4,JP Morgan:-1.1|Wells Fargo:-23.9|B of A Securities:-32.6|Citigroup:-6.4
2026-06-01,IBM,15.4,,1,Wedbush:15.4
2026-06-01,INTC,-8.6,,1,Barclays:-8.6
2026-06-01,KIM,2.9,,1,Truist Securities:2.9
2026-06-01,LYB,43.5,,1,Wells Fargo:43.5
2026-06-01,MGM,36.4,,1,Truist Securities:36.4
2026-06-01,MRVL,27,8.7251,4,Jefferies:18.2|JP Morgan:20.8|Barclays:34.5|Benchmark:34.5
2026-06-01,MU,70,,1,UBS:70
2026-06-01,NTAP,0.7,22.3446,2,JP Morgan:-15.1|Argus Research:16.5
2026-06-01,NVDA,98.5,,1,Tigress Financial:98.5
2026-06-01,ON,12.4,,1,B of A Securities:12.4
2026-06-01,OXY,29.9,,1,Mizuho:29.9
2026-06-01,PH,8.9,,1,Wells Fargo:8.9
2026-06-01,PLD,2.7,,1,Morgan Stanley:2.7
2026-06-01,SNDK,39.7,,1,Barclays:39.7
2026-06-01,SNPS,21.2,5.0912,2,Stifel:17.6|B of A Securities:24.8
2026-06-01,SPG,6.6,,1,JP Morgan:6.6
2026-06-01,SWK,6.5,,1,Morgan Stanley:6.5
2026-06-01,TRV,4.7,,1,JP Morgan:4.7
2026-06-01,TXN,16.2,,1,B of A Securities:16.2
2026-06-01,UNH,27.8,,1,Bernstein:27.8
2026-06-01,WDC,14.45,0.7778,2,Evercore ISI Group:13.9|Barclays:15
2026-06-01,WMB,8.6,,1,CIBC:8.6
2026-06-02,A,34.5,,1,Baird:34.5
2026-06-02,APA,-3.6,,1,Mizuho:-3.6
2026-06-02,ATO,6.7,,1,Mizuho:6.7
2026-06-02,AVGO,13.2,,1,Susquehanna:13.2
2026-06-02,AZO,7,,1,Mizuho:7
2026-06-02,BBY,13.5,,1,JP Morgan:13.5
2026-06-02,CARR,-5.5,,1,Morgan Stanley:-5.5
2026-06-02,CDNS,12.2,,1,Wells Fargo:12.2
2026-06-02,CDW,14,,1,JP Morgan:14
2026-06-02,CHRW,28.8,,1,UBS:28.8
2026-06-02,CMI,20.5,,1,Argus Research:20.5
2026-06-02,COST,2.5,,1,Truist Securities:2.5
2026-06-02,CRM,49.8,43.1335,2,Piper Sandler:19.3|Wedbush:80.3
2026-06-02,CTVA,18.2,,1,Morgan Stanley:18.2
2026-06-02,CVX,25.2,,1,Mizuho:25.2
2026-06-02,D,12,,1,Jefferies:12
2026-06-02,DHR,-45.3,,1,Citigroup:-45.3
2026-06-02,DOC,4.3,,1,Scotiabank:4.3
2026-06-02,DVN,51.9,,1,Mizuho:51.9
2026-06-02,EOG,15.2,,1,Mizuho:15.2
2026-06-02,ESS,3,,1,Truist Securities:3
2026-06-02,F,18.5,,1,B of A Securities:18.5
2026-06-02,FANG,23.2,,1,Mizuho:23.2
2026-06-02,FSLR,14.3,,1,GLJ Research:14.3
2026-06-02,GIS,-10.4,,1,UBS:-10.4
2026-06-02,GM,57,,1,Citigroup:57
2026-06-02,HPE,7.025,8.8157,4,Bernstein:-1.7|JP Morgan:7.8|Loop Capital:18.9|Susquehanna:3.1
2026-06-02,HPQ,-16,14.7438,4,JP Morgan:-1.1|Wells Fargo:-23.9|B of A Securities:-32.6|Citigroup:-6.4
2026-06-02,IBM,15.4,,1,Wedbush:15.4
2026-06-02,INTC,-8.6,,1,Barclays:-8.6
2026-06-02,KIM,2.9,,1,Truist Securities:2.9
2026-06-02,LYB,43.5,,1,Wells Fargo:43.5
2026-06-02,META,34.3,,1,RBC Capital:34.3
2026-06-02,MGM,36.4,,1,Truist Securities:36.4
2026-06-02,MNST,15.5,,1,Morgan Stanley:15.5
2026-06-02,MRVL,27,8.7251,4,Jefferies:18.2|JP Morgan:20.8|Barclays:34.5|Benchmark:34.5
2026-06-02,MU,70,,1,UBS:70
2026-06-02,NTAP,0.7,22.3446,2,JP Morgan:-15.1|Argus Research:16.5
2026-06-02,NVDA,98.5,,1,Tigress Financial:98.5
2026-06-02,OXY,29.9,,1,Mizuho:29.9
2026-06-02,PANW,4.4,,1,Baird:4.4
2026-06-02,PH,8.9,,1,Wells Fargo:8.9
2026-06-02,PLD,2.7,,1,Morgan Stanley:2.7
2026-06-02,SNDK,39.7,,1,Barclays:39.7
2026-06-02,SNPS,21.2,5.0912,2,Stifel:17.6|B of A Securities:24.8
2026-06-02,SPG,6.6,,1,JP Morgan:6.6
2026-06-02,SWK,6.5,,1,Morgan Stanley:6.5
2026-06-02,TTWO,26,,1,Piper Sandler:26
2026-06-02,UNH,27.8,,1,Bernstein:27.8
2026-06-02,WAT,7.4,,1,B of A Securities:7.4
2026-06-02,WDC,15,,1,Barclays:15
2026-06-03,ACN,47.4,,1,Stifel:47.4
2026-06-03,APA,-3.6,,1,Mizuho:-3.6
2026-06-03,ATO,6.7,,1,Mizuho:6.7
2026-06-03,AVGO,13.2,,1,Susquehanna:13.2
2026-06-03,AZO,7,,1,Mizuho:7
2026-06-03,BBY,13.5,,1,JP Morgan:13.5
2026-06-03,CARR,-5.5,,1,Morgan Stanley:-5.5
2026-06-03,CDW,14,,1,JP Morgan:14
2026-06-03,CF,0.9,,1,JP Morgan:0.9
2026-06-03,CHRW,28.8,,1,UBS:28.8
2026-06-03,CMI,20.5,,1,Argus Research:20.5
2026-06-03,COST,12.9,14.7078,2,Truist Securities:2.5|TD Cowen:23.3
2026-06-03,CRM,49.8,43.1335,2,Piper Sandler:19.3|Wedbush:80.3
2026-06-03,CTVA,18.2,,1,Morgan Stanley:18.2
2026-06-03,CVX,25.2,,1,Mizuho:25.2
2026-06-03,D,12,,1,Jefferies:12
2026-06-03,DVN,51.9,,1,Mizuho:51.9
2026-06-03,ED,0.7,,1,Mizuho:0.7
2026-06-03,EOG,15.2,,1,Mizuho:15.2
2026-06-03,F,18.5,,1,B of A Securities:18.5
2026-06-03,FANG,23.2,,1,Mizuho:23.2
2026-06-03,FSLR,14.3,,1,GLJ Research:14.3
2026-06-03,FTV,-2,,1,Morgan Stanley:-2
2026-06-03,GIS,-10.4,,1,UBS:-10.4
2026-06-03,GM,57,,1,Citigroup:57
2026-06-03,GPN,52.1,,1,Susquehanna:52.1
2026-06-03,HAL,29.6,,1,Citigroup:29.6
2026-06-03,HON,125,,1,Goldman Sachs:125
2026-06-03,HPE,14.78,18.947,5,Bernstein:-1.7|JP Morgan:7.8|Loop Capital:18.9|Susquehanna:3.1|Goldman Sachs:45.8
2026-06-03,HPQ,-16,14.7438,4,JP Morgan:-1.1|Wells Fargo:-23.9|B of A Securities:-32.6|Citigroup:-6.4
2026-06-03,HST,-2,,1,UBS:-2
2026-06-03,IBM,15.4,,1,Wedbush:15.4
2026-06-03,INTC,-8.6,,1,Barclays:-8.6
2026-06-03,IR,12.3,,1,Morgan Stanley:12.3
2026-06-03,JCI,26.6,,1,UBS:26.6
2026-06-03,KHC,-8.9,,1,Bernstein:-8.9
2026-06-03,KIM,2.9,,1,Truist Securities:2.9
2026-06-03,LYB,43.5,,1,Wells Fargo:43.5
2026-06-03,MDT,29.7,,1,Mizuho:29.7
2026-06-03,META,34.3,,1,RBC Capital:34.3
2026-06-03,MNST,15.5,,1,Morgan Stanley:15.5
2026-06-03,MRVL,27,8.7251,4,Jefferies:18.2|JP Morgan:20.8|Barclays:34.5|Benchmark:34.5
2026-06-03,NTAP,0.7,22.3446,2,JP Morgan:-15.1|Argus Research:16.5
2026-06-03,OXY,29.9,,1,Mizuho:29.9
2026-06-03,PANW,4.4,,1,Baird:4.4
2026-06-03,SHW,9.8,,1,UBS:9.8
2026-06-03,SNDK,0.8,,1,Morgan Stanley:0.8
2026-06-03,SNPS,21.2,5.0912,2,Stifel:17.6|B of A Securities:24.8
2026-06-03,SPG,6.6,,1,JP Morgan:6.6
2026-06-03,SWK,6.5,,1,Morgan Stanley:6.5
2026-06-03,TMO,15.1,,1,HSBC:15.1
2026-06-03,TTWO,26,,1,Piper Sandler:26
2026-06-03,ULTA,29.7333,15.5234,6,B. Riley Securities:4.4|Canaccord Genuity:52.7|Evercore ISI Group:32.6|JP Morgan:31.8|Morgan Stanley:31.6|Piper Sandler:25.3
2026-06-03,UNH,27.8,,1,Bernstein:27.8
2026-06-03,WAT,7.4,,1,B of A Securities:7.4
2026-06-03,WST,14.8,,1,Stephens & Co.:14.8
2026-06-04,ACN,47.4,,1,Stifel:47.4
2026-06-04,ATO,6.7,,1,Mizuho:6.7
2026-06-04,AVGO,23.05,8.5594,4,Susquehanna:13.2|B of A Securities:29.6|Oppenheimer:30.8|UBS:18.6
2026-06-04,BBY,13.5,,1,JP Morgan:13.5
2026-06-04,CF,0.9,,1,JP Morgan:0.9
2026-06-04,CHRW,28.8,,1,UBS:28.8
2026-06-04,CIEN,-4.1,,1,Raymond James:-4.1
2026-06-04,CMI,20.5,,1,Argus Research:20.5
2026-06-04,CNC,7.45,19.7283,2,B of A Securities:21.4|Morgan Stanley:-6.5
2026-06-04,COST,12.9,14.7078,2,Truist Securities:2.5|TD Cowen:23.3
2026-06-04,CRM,49.8,43.1335,2,Piper Sandler:19.3|Wedbush:80.3
2026-06-04,CTVA,18.2,,1,Morgan Stanley:18.2
2026-06-04,CVS,18.7,,1,Morgan Stanley:18.7
2026-06-04,DOV,6.1,,1,Morgan Stanley:6.1
2026-06-04,ED,0.7,,1,Mizuho:0.7
2026-06-04,ETR,8.5,,1,Barclays:8.5
2026-06-04,F,18.5,,1,B of A Securities:18.5
2026-06-04,FTV,-2,,1,Morgan Stanley:-2
2026-06-04,GIS,-10.4,,1,UBS:-10.4
2026-06-04,GM,57,,1,Citigroup:57
2026-06-04,GOOGL,25.4,,1,Needham:25.4
2026-06-04,GPN,52.1,,1,Susquehanna:52.1
2026-06-04,HAL,29.6,,1,Citigroup:29.6
2026-06-04,HCA,13.1,,1,Bernstein:13.1
2026-06-04,HON,125,,1,Goldman Sachs:125
2026-06-04,HPE,14.78,18.947,5,Bernstein:-1.7|JP Morgan:7.8|Loop Capital:18.9|Susquehanna:3.1|Goldman Sachs:45.8
2026-06-04,HPQ,-19.5,18.5262,2,B of A Securities:-32.6|Citigroup:-6.4
2026-06-04,HST,-2,,1,UBS:-2
2026-06-04,IBM,15.4,,1,Wedbush:15.4
2026-06-04,INTC,-8.6,,1,Barclays:-8.6
2026-06-04,IR,12.3,,1,Morgan Stanley:12.3
2026-06-04,JCI,26.6,,1,UBS:26.6
2026-06-04,KHC,-8.9,,1,Bernstein:-8.9
2026-06-04,LYB,43.5,,1,Wells Fargo:43.5
2026-06-04,MDT,29.7,,1,Mizuho:29.7
2026-06-04,META,34.3,,1,RBC Capital:34.3
2026-06-04,MNST,15.5,,1,Morgan Stanley:15.5
2026-06-04,MRVL,34.5,0,2,Barclays:34.5|Benchmark:34.5
2026-06-04,NTAP,0.7,22.3446,2,JP Morgan:-15.1|Argus Research:16.5
2026-06-04,OMC,93.9,,1,Goldman Sachs:93.9
2026-06-04,PANW,7.7,3.4044,3,Baird:4.4|Loop Capital:7.5|Stephens & Co.:11.2
2026-06-04,RDDT,52.6,,1,Loop Capital:52.6
2026-06-04,RTX,24.6,,1,Jefferies:24.6
2026-06-04,SHW,9.8,,1,UBS:9.8
2026-06-04,SNDK,0.8,,1,Morgan Stanley:0.8
2026-06-04,SNPS,24.8,,1,B of A Securities:24.8
2026-06-04,SPG,6.6,,1,JP Morgan:6.6
2026-06-04,SWK,6.5,,1,Morgan Stanley:6.5
2026-06-04,TMO,15.1,,1,HSBC:15.1
2026-06-04,TTWO,26,,1,Piper Sandler:26
2026-06-04,ULTA,32.1,15.4926,7,B. Riley Securities:4.4|Canaccord Genuity:52.7|Evercore ISI Group:32.6|JP Morgan:31.8|Morgan Stanley:31.6|Piper Sandler:25.3|Baird:46.3
2026-06-04,WAT,7.4,,1,B of A Securities:7.4
2026-06-04,WST,14.8,,1,Stephens & Co.:14.8
2026-06-04,YUM,23.3,,1,Morgan Stanley:23.3
2026-06-05,ACN,47.4,,1,Stifel:47.4
2026-06-05,ALB,23.2,,1,Wells Fargo:23.2
2026-06-05,ATO,6.7,,1,Mizuho:6.7
2026-06-05,AVGO,27.8,5.7866,5,B of A Securities:29.6|Oppenheimer:30.8|UBS:18.6|Benchmark:33.7|Deutsche Bank:26.3
2026-06-05,CF,0.9,,1,JP Morgan:0.9
2026-06-05,CHRW,28.8,,1,UBS:28.8
2026-06-05,CIEN,-4.1,,1,Raymond James:-4.1
2026-06-05,CMI,20.5,,1,Argus Research:20.5
2026-06-05,CNC,7.45,19.7283,2,B of A Securities:21.4|Morgan Stanley:-6.5
2026-06-05,COST,23.3,,1,TD Cowen:23.3
2026-06-05,CRWD,14.8,,1,Susquehanna:14.8
2026-06-05,CVS,18.7,,1,Morgan Stanley:18.7
2026-06-05,DOV,6.1,,1,Morgan Stanley:6.1
2026-06-05,DRI,41.5,,1,B of A Securities:41.5
2026-06-05,ED,0.7,,1,Mizuho:0.7
2026-06-05,ETR,8.5,,1,Barclays:8.5
2026-06-05,FTV,-2,,1,Morgan Stanley:-2
2026-06-05,GIS,-5.95,6.2933,2,UBS:-10.4|Morgan Stanley:-1.5
2026-06-05,GLW,20.4,,1,UBS:20.4
2026-06-05,GM,57,,1,Citigroup:57
2026-06-05,GOOGL,25.4,,1,Needham:25.4
2026-06-05,GPN,52.1,,1,Susquehanna:52.1
2026-06-05,HAL,29.6,,1,Citigroup:29.6
2026-06-05,HCA,13.1,,1,Bernstein:13.1
2026-06-05,HON,125,,1,Goldman Sachs:125
2026-06-05,HPE,14.78,18.947,5,Bernstein:-1.7|JP Morgan:7.8|Loop Capital:18.9|Susquehanna:3.1|Goldman Sachs:45.8
2026-06-05,HST,-2,,1,UBS:-2
2026-06-05,IBM,15.4,,1,Wedbush:15.4
2026-06-05,INTC,-8.6,,1,Barclays:-8.6
2026-06-05,IR,12.3,,1,Morgan Stanley:12.3
2026-06-05,JCI,26.6,,1,UBS:26.6
2026-06-05,KHC,-8.9,,1,Bernstein:-8.9
2026-06-05,LULU,4.1,0,2,Evercore ISI Group:4.1|Jefferies:4.1
2026-06-05,LVS,22.7,,1,UBS:22.7
2026-06-05,MDT,23.9,8.2024,2,Mizuho:29.7|Bernstein:18.1
2026-06-05,META,34.3,,1,RBC Capital:34.3
2026-06-05,MNST,15.5,,1,Morgan Stanley:15.5
2026-06-05,NTAP,16.5,,1,Argus Research:16.5
2026-06-05,OMC,93.9,,1,Goldman Sachs:93.9
2026-06-05,PANW,7.7,3.4044,3,Baird:4.4|Loop Capital:7.5|Stephens & Co.:11.2
2026-06-05,RDDT,52.6,,1,Loop Capital:52.6
2026-06-05,RTX,24.6,,1,Jefferies:24.6
2026-06-05,SHW,9.8,,1,UBS:9.8
2026-06-05,SNDK,0.8,,1,Morgan Stanley:0.8
2026-06-05,SPG,6.6,,1,JP Morgan:6.6
2026-06-05,TMO,15.1,,1,HSBC:15.1
2026-06-05,TTWO,26,,1,Piper Sandler:26
2026-06-05,ULTA,32.1,15.4926,7,B. Riley Securities:4.4|Canaccord Genuity:52.7|Evercore ISI Group:32.6|JP Morgan:31.8|Morgan Stanley:31.6|Piper Sandler:25.3|Baird:46.3
2026-06-05,VEEV,87.6,,1,BTIG:87.6
2026-06-05,WAT,7.4,,1,B of A Securities:7.4
2026-06-05,WST,14.8,,1,Stephens & Co.:14.8
2026-06-05,YUM,23.3,,1,Morgan Stanley:23.3
2026-06-06,ACN,47.4,,1,Stifel:47.4
2026-06-06,ALB,23.2,,1,Wells Fargo:23.2
2026-06-06,AVGO,27.8,5.7866,5,B of A Securities:29.6|Oppenheimer:30.8|UBS:18.6|Benchmark:33.7|Deutsche Bank:26.3
2026-06-06,CF,0.9,,1,JP Morgan:0.9
2026-06-06,CHRW,28.8,,1,UBS:28.8
2026-06-06,CIEN,-4.1,,1,Raymond James:-4.1
2026-06-06,CMI,20.5,,1,Argus Research:20.5
2026-06-06,CNC,7.45,19.7283,2,B of A Securities:21.4|Morgan Stanley:-6.5
2026-06-06,COST,23.3,,1,TD Cowen:23.3
2026-06-06,CRWD,14.8,,1,Susquehanna:14.8
2026-06-06,CVS,18.7,,1,Morgan Stanley:18.7
2026-06-06,DOV,6.1,,1,Morgan Stanley:6.1
2026-06-06,DRI,41.5,,1,B of A Securities:41.5
2026-06-06,ED,0.7,,1,Mizuho:0.7
2026-06-06,ETR,8.5,,1,Barclays:8.5
2026-06-06,FTV,-2,,1,Morgan Stanley:-2
2026-06-06,GIS,-5.95,6.2933,2,UBS:-10.4|Morgan Stanley:-1.5
2026-06-06,GLW,20.4,,1,UBS:20.4
2026-06-06,GM,57,,1,Citigroup:57
2026-06-06,GOOGL,25.4,,1,Needham:25.4
2026-06-06,GPN,52.1,,1,Susquehanna:52.1
2026-06-06,HAL,29.6,,1,Citigroup:29.6
2026-06-06,HCA,13.1,,1,Bernstein:13.1
2026-06-06,HON,125,,1,Goldman Sachs:125
2026-06-06,HPE,14.78,18.947,5,Bernstein:-1.7|JP Morgan:7.8|Loop Capital:18.9|Susquehanna:3.1|Goldman Sachs:45.8
2026-06-06,HST,-2,,1,UBS:-2
2026-06-06,INTC,-8.6,,1,Barclays:-8.6
2026-06-06,IR,12.3,,1,Morgan Stanley:12.3
2026-06-06,JBHT,12.1,,1,BMO Capital:12.1
2026-06-06,JCI,26.6,,1,UBS:26.6
2026-06-06,KHC,-8.9,,1,Bernstein:-8.9
2026-06-06,LULU,4.1,0,2,Evercore ISI Group:4.1|Jefferies:4.1
2026-06-06,LVS,22.7,,1,UBS:22.7
2026-06-06,MDT,23.9,8.2024,2,Mizuho:29.7|Bernstein:18.1
2026-06-06,META,34.3,,1,RBC Capital:34.3
2026-06-06,MNST,15.5,,1,Morgan Stanley:15.5
2026-06-06,NTAP,16.5,,1,Argus Research:16.5
2026-06-06,OMC,93.9,,1,Goldman Sachs:93.9
2026-06-06,PANW,7.7,3.4044,3,Baird:4.4|Loop Capital:7.5|Stephens & Co.:11.2
2026-06-06,PLTR,63.9,,1,Wedbush:63.9
2026-06-06,PPL,4.9,,1,Mizuho:4.9
2026-06-06,RDDT,52.6,,1,Loop Capital:52.6
2026-06-06,RTX,24.6,,1,Jefferies:24.6
2026-06-06,SHW,9.8,,1,UBS:9.8
2026-06-06,SNDK,0.8,,1,Morgan Stanley:0.8
2026-06-06,SPG,6.6,,1,JP Morgan:6.6
2026-06-06,TMO,15.1,,1,HSBC:15.1
2026-06-06,TTWO,26,,1,Piper Sandler:26
2026-06-06,ULTA,32.1,15.4926,7,B. Riley Securities:4.4|Canaccord Genuity:52.7|Evercore ISI Group:32.6|JP Morgan:31.8|Morgan Stanley:31.6|Piper Sandler:25.3|Baird:46.3
2026-06-06,VEEV,87.6,,1,BTIG:87.6
2026-06-06,WAT,7.4,,1,B of A Securities:7.4
2026-06-06,WST,14.8,,1,Stephens & Co.:14.8
2026-06-06,YUM,23.3,,1,Morgan Stanley:23.3
2026-06-08,ACN,30.5,23.9002,2,Stifel:47.4|JP Morgan:13.6
2026-06-08,ALB,23.2,,1,Wells Fargo:23.2
2026-06-08,AVGO,27.8,5.7866,5,B of A Securities:29.6|Oppenheimer:30.8|UBS:18.6|Benchmark:33.7|Deutsche Bank:26.3
2026-06-08,CF,0.9,,1,JP Morgan:0.9
2026-06-08,CI,18.3,,1,Mizuho:18.3
2026-06-08,CIEN,-4.1,,1,Raymond James:-4.1
2026-06-08,CNC,7.45,19.7283,2,B of A Securities:21.4|Morgan Stanley:-6.5
2026-06-08,COST,23.3,,1,TD Cowen:23.3
2026-06-08,CRWD,14.8,,1,Susquehanna:14.8
2026-06-08,CSCO,21.4,,1,B of A Securities:21.4
2026-06-08,CVS,19.3,0.8485,2,Morgan Stanley:18.7|Mizuho:19.9
2026-06-08,DOV,6.1,,1,Morgan Stanley:6.1
2026-06-08,DRI,41.5,,1,B of A Securities:41.5
2026-06-08,ED,0.7,,1,Mizuho:0.7
2026-06-08,ELV,14.35,1.9092,2,JP Morgan:15.7|Mizuho:13
2026-06-08,ETR,8.5,,1,Barclays:8.5
2026-06-08,F,13.4,,1,UBS:13.4
2026-06-08,FRT,-3.8,,1,Truist Securities:-3.8
2026-06-08,FTV,-2,,1,Morgan Stanley:-2
2026-06-08,GIS,-5.95,6.2933,2,UBS:-10.4|Morgan Stanley:-1.5
2026-06-08,GLW,20.4,,1,UBS:20.4
2026-06-08,GOOGL,25.4,,1,Needham:25.4
2026-06-08,GPN,52.1,,1,Susquehanna:52.1
2026-06-08,HAL,29.6,,1,Citigroup:29.6
2026-06-08,HCA,13.1,,1,Bernstein:13.1
2026-06-08,HON,125,,1,Goldman Sachs:125
2026-06-08,HPE,14.78,18.947,5,Bernstein:-1.7|JP Morgan:7.8|Loop Capital:18.9|Susquehanna:3.1|Goldman Sachs:45.8
2026-06-08,HST,-2,,1,UBS:-2
2026-06-08,HUM,12.8,,1,Mizuho:12.8
2026-06-08,IR,12.3,,1,Morgan Stanley:12.3
2026-06-08,JBHT,12.1,,1,BMO Capital:12.1
2026-06-08,JCI,26.6,,1,UBS:26.6
2026-06-08,KHC,-8.9,,1,Bernstein:-8.9
2026-06-08,LULU,4.1,0,2,Evercore ISI Group:4.1|Jefferies:4.1
2026-06-08,LVS,22.7,,1,UBS:22.7
2026-06-08,MDT,23.9,8.2024,2,Mizuho:29.7|Bernstein:18.1
2026-06-08,META,34.3,,1,RBC Capital:34.3
2026-06-08,MNST,15.5,,1,Morgan Stanley:15.5
2026-06-08,ODFL,-4.5,,1,JP Morgan:-4.5
2026-06-08,OMC,93.9,,1,Goldman Sachs:93.9
2026-06-08,PANW,7.7,3.4044,3,Baird:4.4|Loop Capital:7.5|Stephens & Co.:11.2
2026-06-08,PLTR,63.9,,1,Wedbush:63.9
2026-06-08,PPL,4.9,,1,Mizuho:4.9
2026-06-08,RDDT,52.6,,1,Loop Capital:52.6
2026-06-08,RTX,24.6,,1,Jefferies:24.6
2026-06-08,SHW,9.8,,1,UBS:9.8
2026-06-08,SNDK,0.8,,1,Morgan Stanley:0.8
2026-06-08,STX,23.5,,1,Mizuho:23.5
2026-06-08,TMO,15.1,,1,HSBC:15.1
2026-06-08,TTWO,26,,1,Piper Sandler:26
2026-06-08,ULTA,32.1,15.4926,7,B. Riley Securities:4.4|Canaccord Genuity:52.7|Evercore ISI Group:32.6|JP Morgan:31.8|Morgan Stanley:31.6|Piper Sandler:25.3|Baird:46.3
2026-06-08,VEEV,87.6,,1,BTIG:87.6
2026-06-08,WAT,7.4,,1,B of A Securities:7.4
2026-06-08,WDC,26.8,,1,Mizuho:26.8
2026-06-08,WRB,7.7,,1,Goldman Sachs:7.7
2026-06-08,WST,14.8,,1,Stephens & Co.:14.8
2026-06-08,YUM,23.3,,1,Morgan Stanley:23.3
2026-06-09,ACN,30.5,23.9002,2,Stifel:47.4|JP Morgan:13.6
2026-06-09,ALB,23.2,,1,Wells Fargo:23.2
2026-06-09,AVGO,27.8,5.7866,5,B of A Securities:29.6|Oppenheimer:30.8|UBS:18.6|Benchmark:33.7|Deutsche Bank:26.3
2026-06-09,CDNS,8.9,,1,Stifel:8.9
2026-06-09,CF,0.9,,1,JP Morgan:0.9
2026-06-09,CI,18.3,,1,Mizuho:18.3
2026-06-09,CIEN,-4.1,,1,Raymond James:-4.1
2026-06-09,CNC,7.45,19.7283,2,B of A Securities:21.4|Morgan Stanley:-6.5
2026-06-09,COST,23.3,,1,TD Cowen:23.3
2026-06-09,CRWD,14.8,,1,Susquehanna:14.8
2026-06-09,CSCO,21.4,,1,B of A Securities:21.4
2026-06-09,CTSH,33.3,,1,Wedbush:33.3
2026-06-09,CVS,19.3,0.8485,2,Morgan Stanley:18.7|Mizuho:19.9
2026-06-09,DOV,6.1,,1,Morgan Stanley:6.1
2026-06-09,DRI,41.5,,1,B of A Securities:41.5
2026-06-09,ED,0.7,,1,Mizuho:0.7
2026-06-09,ELV,14.35,1.9092,2,JP Morgan:15.7|Mizuho:13
2026-06-09,ETR,8.5,,1,Barclays:8.5
2026-06-09,F,13.4,,1,UBS:13.4
2026-06-09,FFIV,12.6,,1,RBC Capital:12.6
2026-06-09,FRT,-3.8,,1,Truist Securities:-3.8
2026-06-09,FTV,-2,,1,Morgan Stanley:-2
2026-06-09,GIS,-1.5,,1,Morgan Stanley:-1.5
2026-06-09,GLW,20.4,,1,UBS:20.4
2026-06-09,GOOGL,25.4,,1,Needham:25.4
2026-06-09,GPN,52.1,,1,Susquehanna:52.1
2026-06-09,HAL,29.6,,1,Citigroup:29.6
2026-06-09,HCA,13.1,,1,Bernstein:13.1
2026-06-09,HON,125,,1,Goldman Sachs:125
2026-06-09,HPE,45.8,,1,Goldman Sachs:45.8
2026-06-09,HST,-2,,1,UBS:-2
2026-06-09,HUM,12.8,,1,Mizuho:12.8
2026-06-09,IR,12.3,,1,Morgan Stanley:12.3
2026-06-09,JBHT,12.1,,1,BMO Capital:12.1
2026-06-09,JCI,26.6,,1,UBS:26.6
2026-06-09,KHC,-8.9,,1,Bernstein:-8.9
2026-06-09,LEN,-5.7,,1,Keefe; Bruyette & Woods:-5.7
2026-06-09,LULU,4.1,0,2,Evercore ISI Group:4.1|Jefferies:4.1
2026-06-09,LVS,22.7,,1,UBS:22.7
2026-06-09,MDT,23.9,8.2024,2,Mizuho:29.7|Bernstein:18.1
2026-06-09,ODFL,-1.75,3.8891,2,JP Morgan:-4.5|Jefferies:1
2026-06-09,OMC,93.9,,1,Goldman Sachs:93.9
2026-06-09,PANW,9.35,2.6163,2,Loop Capital:7.5|Stephens & Co.:11.2
2026-06-09,PLTR,63.9,,1,Wedbush:63.9
2026-06-09,PPL,4.9,,1,Mizuho:4.9
2026-06-09,RDDT,52.6,,1,Loop Capital:52.6
2026-06-09,RTX,24.6,,1,Jefferies:24.6
2026-06-09,SHW,9.8,,1,UBS:9.8
2026-06-09,SNDK,0.8,,1,Morgan Stanley:0.8
2026-06-09,STX,23.5,,1,Mizuho:23.5
2026-06-09,TMO,15.1,,1,HSBC:15.1
2026-06-09,ULTA,31.7625,14.3751,8,B. Riley Securities:4.4|Canaccord Genuity:52.7|Evercore ISI Group:32.6|JP Morgan:31.8|Morgan Stanley:31.6|Piper Sandler:25.3|Baird:46.3|TD Cowen:29.4
2026-06-09,VEEV,87.6,,1,BTIG:87.6
2026-06-09,WDC,26.8,,1,Mizuho:26.8
2026-06-09,WRB,7.7,,1,Goldman Sachs:7.7
2026-06-09,WST,14.8,,1,Stephens & Co.:14.8
2026-06-09,YUM,23.3,,1,Morgan Stanley:23.3
2026-06-10,ACN,13.6,,1,JP Morgan:13.6
2026-06-10,ALB,23.2,,1,Wells Fargo:23.2
2026-06-10,AOS,28.1,,1,Oppenheimer:28.1
2026-06-10,AVGO,27.8,5.7866,5,B of A Securities:29.6|Oppenheimer:30.8|UBS:18.6|Benchmark:33.7|Deutsche Bank:26.3
2026-06-10,CDNS,8.9,,1,Stifel:8.9
2026-06-10,CI,18.3,,1,Mizuho:18.3
2026-06-10,CIEN,-4.1,,1,Raymond James:-4.1
2026-06-10,CNC,7.45,19.7283,2,B of A Securities:21.4|Morgan Stanley:-6.5
2026-06-10,COR,24.7,,1,Barclays:24.7
2026-06-10,CRWD,14.8,,1,Susquehanna:14.8
2026-06-10,CSCO,21.4,,1,B of A Securities:21.4
2026-06-10,CTSH,33.3,,1,Wedbush:33.3
2026-06-10,CVS,19.3,0.8485,2,Morgan Stanley:18.7|Mizuho:19.9
2026-06-10,DOV,6.1,,1,Morgan Stanley:6.1
2026-06-10,DRI,41.5,,1,B of A Securities:41.5
2026-06-10,ELV,14.35,1.9092,2,JP Morgan:15.7|Mizuho:13
2026-06-10,ETR,8.5,,1,Barclays:8.5
2026-06-10,F,13.4,,1,UBS:13.4
2026-06-10,FFIV,12.6,,1,RBC Capital:12.6
2026-06-10,FRT,-3.8,,1,Truist Securities:-3.8
2026-06-10,GIS,-1.5,,1,Morgan Stanley:-1.5
2026-06-10,GLW,20.4,,1,UBS:20.4
2026-06-10,GOOGL,25.4,,1,Needham:25.4
2026-06-10,HCA,13.1,,1,Bernstein:13.1
2026-06-10,HON,110.1,3.8184,2,Barclays:112.8|Bernstein:107.4
2026-06-10,HUM,12.8,,1,Mizuho:12.8
2026-06-10,JBHT,12.1,,1,BMO Capital:12.1
2026-06-10,LEN,-5.7,,1,Keefe; Bruyette & Woods:-5.7
2026-06-10,LITE,24.7,,1,Needham:24.7
2026-06-10,LULU,4.1,0,2,Evercore ISI Group:4.1|Jefferies:4.1
2026-06-10,LVS,22.7,,1,UBS:22.7
2026-06-10,LYV,22.5,,1,Morgan Stanley:22.5
2026-06-10,MDT,18.1,,1,Bernstein:18.1
2026-06-10,ODFL,-1.75,3.8891,2,JP Morgan:-4.5|Jefferies:1
2026-06-10,OMC,93.9,,1,Goldman Sachs:93.9
2026-06-10,PANW,9.35,2.6163,2,Loop Capital:7.5|Stephens & Co.:11.2
2026-06-10,PFE,-3.1,,1,RBC Capital:-3.1
2026-06-10,PLTR,63.9,,1,Wedbush:63.9
2026-06-10,PPL,4.9,,1,Mizuho:4.9
2026-06-10,RDDT,52.6,,1,Loop Capital:52.6
2026-06-10,RTX,24.6,,1,Jefferies:24.6
2026-06-10,SPG,-2.6,,1,Morgan Stanley:-2.6
2026-06-10,STX,23.5,,1,Mizuho:23.5
2026-06-10,TYL,41.9,7.9196,2,Barclays:36.3|DA Davidson:47.5
2026-06-10,ULTA,37.85,11.9501,2,Baird:46.3|TD Cowen:29.4
2026-06-10,VEEV,87.6,,1,BTIG:87.6
2026-06-10,WDC,26.8,,1,Mizuho:26.8
2026-06-10,WRB,7.7,,1,Goldman Sachs:7.7
2026-06-10,WST,21,,1,Barclays:21
2026-06-10,YUM,23.3,,1,Morgan Stanley:23.3
2026-06-11,ACN,13.6,,1,JP Morgan:13.6
2026-06-11,ALB,23.2,,1,Wells Fargo:23.2
2026-06-11,AOS,28.1,,1,Oppenheimer:28.1
2026-06-11,AVGO,30,5.2326,2,Benchmark:33.7|Deutsche Bank:26.3
2026-06-11,CDNS,8.9,,1,Stifel:8.9
2026-06-11,CI,18.3,,1,Mizuho:18.3
2026-06-11,COR,24.7,,1,Barclays:24.7
2026-06-11,CPT,6.7,,1,Truist Securities:6.7
2026-06-11,CRWD,14.8,,1,Susquehanna:14.8
2026-06-11,CSCO,21.4,,1,B of A Securities:21.4
2026-06-11,CTSH,33.3,,1,Wedbush:33.3
2026-06-11,CVS,19.9,,1,Mizuho:19.9
2026-06-11,DOC,8.4,,1,Morgan Stanley:8.4
2026-06-11,DRI,41.5,,1,B of A Securities:41.5
2026-06-11,ELV,14.35,1.9092,2,JP Morgan:15.7|Mizuho:13
2026-06-11,ETR,9.5,,1,Mizuho:9.5
2026-06-11,F,13.4,,1,UBS:13.4
2026-06-11,FE,9.3,,1,UBS:9.3
2026-06-11,FFIV,12.6,,1,RBC Capital:12.6
2026-06-11,FRT,-3.8,,1,Truist Securities:-3.8
2026-06-11,GIS,-1.5,,1,Morgan Stanley:-1.5
2026-06-11,GLW,20.4,,1,UBS:20.4
2026-06-11,HON,110.1,3.8184,2,Barclays:112.8|Bernstein:107.4
2026-06-11,HUM,12.8,,1,Mizuho:12.8
2026-06-11,JBHT,12.1,,1,BMO Capital:12.1
2026-06-11,KR,9,,1,JP Morgan:9
2026-06-11,LEN,-5.7,,1,Keefe; Bruyette & Woods:-5.7
2026-06-11,LITE,24.7,,1,Needham:24.7
2026-06-11,LULU,4.1,0,2,Evercore ISI Group:4.1|Jefferies:4.1
2026-06-11,LVS,22.7,,1,UBS:22.7
2026-06-11,LYV,22.5,,1,Morgan Stanley:22.5
2026-06-11,MDT,18.1,,1,Bernstein:18.1
2026-06-11,MU,38.2,,1,Wolfe Research:38.2
2026-06-11,ODFL,-1.75,3.8891,2,JP Morgan:-4.5|Jefferies:1
2026-06-11,ORCL,80.9,,1,Bernstein:80.9
2026-06-11,PFE,-3.1,,1,RBC Capital:-3.1
2026-06-11,PLTR,63.9,,1,Wedbush:63.9
2026-06-11,PPL,4.9,,1,Mizuho:4.9
2026-06-11,SJM,3.85,13.3643,2,B of A Securities:13.3|Morgan Stanley:-5.6
2026-06-11,SPG,-2.6,,1,Morgan Stanley:-2.6
2026-06-11,STX,23.5,,1,Mizuho:23.5
2026-06-11,TYL,41.9,7.9196,2,Barclays:36.3|DA Davidson:47.5
2026-06-11,ULTA,29.4,,1,TD Cowen:29.4
2026-06-11,VEEV,87.6,,1,BTIG:87.6
2026-06-11,WDC,26.8,,1,Mizuho:26.8
2026-06-11,WRB,7.7,,1,Goldman Sachs:7.7
2026-06-11,WST,21,,1,Barclays:21
2026-06-12,ACN,13.6,,1,JP Morgan:13.6
2026-06-12,ADBE,-6.1,,1,Goldman Sachs:-6.1
2026-06-12,AJG,20,,1,Jefferies:20
2026-06-12,AOS,28.1,,1,Oppenheimer:28.1
2026-06-12,CB,13,,1,Barclays:13
2026-06-12,CDNS,8.9,,1,Stifel:8.9
2026-06-12,CI,18.3,,1,Mizuho:18.3
2026-06-12,COR,24.7,,1,Barclays:24.7
2026-06-12,CPT,6.7,,1,Truist Securities:6.7
2026-06-12,CSCO,21.4,,1,B of A Securities:21.4
2026-06-12,CTSH,33.3,,1,Wedbush:33.3
2026-06-12,CVS,19.9,,1,Mizuho:19.9
2026-06-12,DOC,8.4,,1,Morgan Stanley:8.4
2026-06-12,ELV,14.35,1.9092,2,JP Morgan:15.7|Mizuho:13
2026-06-12,ETR,9.5,,1,Mizuho:9.5
2026-06-12,F,13.4,,1,UBS:13.4
2026-06-12,FE,9.3,,1,UBS:9.3
2026-06-12,FFIV,12.6,,1,RBC Capital:12.6
2026-06-12,FRT,-3.8,,1,Truist Securities:-3.8
2026-06-12,HIG,20.6,,1,Barclays:20.6
2026-06-12,HON,110.1,3.8184,2,Barclays:112.8|Bernstein:107.4
2026-06-12,HUM,12.8,,1,Mizuho:12.8
2026-06-12,JBHT,12.1,,1,BMO Capital:12.1
2026-06-12,KR,9,,1,JP Morgan:9
2026-06-12,LEN,-5.7,,1,Keefe; Bruyette & Woods:-5.7
2026-06-12,LITE,24.7,,1,Needham:24.7
2026-06-12,LRCX,-6.8,,1,Barclays:-6.8
2026-06-12,LYV,22.5,,1,Morgan Stanley:22.5
2026-06-12,MGM,10.1,,1,JP Morgan:10.1
2026-06-12,MU,38.2,,1,Wolfe Research:38.2
2026-06-12,ODFL,-1.75,3.8891,2,JP Morgan:-4.5|Jefferies:1
2026-06-12,ORCL,51.25,41.9314,2,Bernstein:80.9|Piper Sandler:21.6
2026-06-12,PEP,23.8,,1,Piper Sandler:23.8
2026-06-12,PFE,-3.1,,1,RBC Capital:-3.1
2026-06-12,PLTR,63.9,,1,Wedbush:63.9
2026-06-12,PPL,4.9,,1,Mizuho:4.9
2026-06-12,SJM,3.85,13.3643,2,B of A Securities:13.3|Morgan Stanley:-5.6
2026-06-12,SPG,-2.6,,1,Morgan Stanley:-2.6
2026-06-12,STX,23.5,,1,Mizuho:23.5
2026-06-12,TYL,41.9,7.9196,2,Barclays:36.3|DA Davidson:47.5
2026-06-12,UBER,64.2,,1,Tigress Financial:64.2
2026-06-12,ULTA,29.4,,1,TD Cowen:29.4
2026-06-12,WDC,23.35,4.879,2,Mizuho:26.8|JP Morgan:19.9
2026-06-12,WRB,0,10.8894,2,Goldman Sachs:7.7|Barclays:-7.7
2026-06-12,WST,21,,1,Barclays:21
2026-06-13,ACN,13.6,,1,JP Morgan:13.6
2026-06-13,ADBE,-4.9,1.6971,2,Goldman Sachs:-6.1|Keybanc:-3.7
2026-06-13,AJG,20,,1,Jefferies:20
2026-06-13,AOS,28.1,,1,Oppenheimer:28.1
2026-06-13,CB,13,,1,Barclays:13
2026-06-13,CDNS,8.9,,1,Stifel:8.9
2026-06-13,CI,18.3,,1,Mizuho:18.3
2026-06-13,COR,24.7,,1,Barclays:24.7
2026-06-13,CPT,6.7,,1,Truist Securities:6.7
2026-06-13,CSCO,21.4,,1,B of A Securities:21.4
2026-06-13,CTSH,33.3,,1,Wedbush:33.3
2026-06-13,CVS,19.9,,1,Mizuho:19.9
2026-06-13,DIS,23.7,,1,Needham:23.7
2026-06-13,DOC,8.4,,1,Morgan Stanley:8.4
2026-06-13,ELV,14.35,1.9092,2,JP Morgan:15.7|Mizuho:13
2026-06-13,ETR,9.5,,1,Mizuho:9.5
2026-06-13,F,13.4,,1,UBS:13.4
2026-06-13,FDX,24.3,,1,Barclays:24.3
2026-06-13,FE,9.3,,1,UBS:9.3
2026-06-13,FFIV,12.6,,1,RBC Capital:12.6
2026-06-13,FRT,-3.8,,1,Truist Securities:-3.8
2026-06-13,HIG,20.6,,1,Barclays:20.6
2026-06-13,HON,110.1,3.8184,2,Barclays:112.8|Bernstein:107.4
2026-06-13,HUM,12.8,,1,Mizuho:12.8
2026-06-13,KR,9,,1,JP Morgan:9
2026-06-13,LEN,-5.7,,1,Keefe; Bruyette & Woods:-5.7
2026-06-13,LITE,24.7,,1,Needham:24.7
2026-06-13,LRCX,-6.8,,1,Barclays:-6.8
2026-06-13,LYV,22.5,,1,Morgan Stanley:22.5
2026-06-13,MGM,10.1,,1,JP Morgan:10.1
2026-06-13,MNST,2.6,,1,Bernstein:2.6
2026-06-13,MU,38.2,,1,Wolfe Research:38.2
2026-06-13,ODFL,-1.75,3.8891,2,JP Morgan:-4.5|Jefferies:1
2026-06-13,ORCL,51.25,41.9314,2,Bernstein:80.9|Piper Sandler:21.6
2026-06-13,PEP,23.8,,1,Piper Sandler:23.8
2026-06-13,PFE,-3.1,,1,RBC Capital:-3.1
2026-06-13,SJM,3.85,13.3643,2,B of A Securities:13.3|Morgan Stanley:-5.6
2026-06-13,SPG,-2.6,,1,Morgan Stanley:-2.6
2026-06-13,STX,23.5,,1,Mizuho:23.5
2026-06-13,TYL,41.9,7.9196,2,Barclays:36.3|DA Davidson:47.5
2026-06-13,UBER,64.2,,1,Tigress Financial:64.2
2026-06-13,ULTA,29.4,,1,TD Cowen:29.4
2026-06-13,WDC,23.35,4.879,2,Mizuho:26.8|JP Morgan:19.9
2026-06-13,WRB,0,10.8894,2,Goldman Sachs:7.7|Barclays:-7.7
2026-06-13,WST,21,,1,Barclays:21
2026-06-15,ADBE,-4.9,1.6971,2,Goldman Sachs:-6.1|Keybanc:-3.7
2026-06-15,AJG,20,,1,Jefferies:20
2026-06-15,AOS,28.1,,1,Oppenheimer:28.1
2026-06-15,CB,13,,1,Barclays:13
2026-06-15,CDNS,8.9,,1,Stifel:8.9
2026-06-15,COR,24.7,,1,Barclays:24.7
2026-06-15,CPT,6.7,,1,Truist Securities:6.7
2026-06-15,CTSH,33.3,,1,Wedbush:33.3
2026-06-15,DIS,23.7,,1,Needham:23.7
2026-06-15,DOC,12.2,5.374,2,Morgan Stanley:8.4|BMO Capital:16
2026-06-15,ETR,9.5,,1,Mizuho:9.5
2026-06-15,FDX,24.3,,1,Barclays:24.3
2026-06-15,FE,9.3,,1,UBS:9.3
2026-06-15,FFIV,12.6,,1,RBC Capital:12.6
2026-06-15,FOXA,5.3,,1,Barclays:5.3
2026-06-15,FSLR,10,,1,Mizuho:10
2026-06-15,HIG,20.6,,1,Barclays:20.6
2026-06-15,HON,110.1,3.8184,2,Barclays:112.8|Bernstein:107.4
2026-06-15,KR,9,,1,JP Morgan:9
2026-06-15,LEN,-5.7,,1,Keefe; Bruyette & Woods:-5.7
2026-06-15,LITE,24.7,,1,Needham:24.7
2026-06-15,LRCX,-1.6,7.3539,2,Barclays:-6.8|Oppenheimer:3.6
2026-06-15,LYV,22.5,,1,Morgan Stanley:22.5
2026-06-15,MGM,4.8,7.4953,2,JP Morgan:10.1|Stifel:-0.5
2026-06-15,MNST,2.6,,1,Bernstein:2.6
2026-06-15,MU,38.2,,1,Wolfe Research:38.2
2026-06-15,ODFL,1,,1,Jefferies:1
2026-06-15,ORCL,51.25,41.9314,2,Bernstein:80.9|Piper Sandler:21.6
2026-06-15,PEP,23.8,,1,Piper Sandler:23.8
2026-06-15,PFE,-3.1,,1,RBC Capital:-3.1
2026-06-15,RF,5.1,,1,Stephens & Co.:5.1
2026-06-15,SJM,3.85,13.3643,2,B of A Securities:13.3|Morgan Stanley:-5.6
2026-06-15,SPG,-2.6,,1,Morgan Stanley:-2.6
2026-06-15,TXN,11.3,,1,Citigroup:11.3
2026-06-15,TYL,41.9,7.9196,2,Barclays:36.3|DA Davidson:47.5
2026-06-15,UBER,64.2,,1,Tigress Financial:64.2
2026-06-15,ULTA,29.4,,1,TD Cowen:29.4
2026-06-15,WDC,12.45,10.5359,2,JP Morgan:19.9|Morgan Stanley:5
2026-06-15,WRB,-7.7,,1,Barclays:-7.7
2026-06-15,WST,21,,1,Barclays:21
2026-06-16,ADBE,-4.9,1.6971,2,Goldman Sachs:-6.1|Keybanc:-3.7
2026-06-16,AJG,20,,1,Jefferies:20
2026-06-16,AOS,28.1,,1,Oppenheimer:28.1
2026-06-16,CB,13,,1,Barclays:13
2026-06-16,CCL,21.3,,1,Citigroup:21.3
2026-06-16,COR,24.7,,1,Barclays:24.7
2026-06-16,CPT,6.7,,1,Truist Securities:6.7
2026-06-16,CTAS,27.9,,1,Truist Securities:27.9
2026-06-16,DIS,23.7,,1,Needham:23.7
2026-06-16,DOC,12.2,5.374,2,Morgan Stanley:8.4|BMO Capital:16
2026-06-16,ETR,9.5,,1,Mizuho:9.5
2026-06-16,FDX,24.3,,1,Barclays:24.3
2026-06-16,FE,9.3,,1,UBS:9.3
2026-06-16,FOXA,5.3,,1,Barclays:5.3
2026-06-16,FSLR,10,,1,Mizuho:10
2026-06-16,HIG,20.6,,1,Barclays:20.6
2026-06-16,HON,110.1,3.8184,2,Barclays:112.8|Bernstein:107.4
2026-06-16,KR,9,,1,JP Morgan:9
2026-06-16,LITE,24.7,,1,Needham:24.7
2026-06-16,LRCX,-1.6,7.3539,2,Barclays:-6.8|Oppenheimer:3.6
2026-06-16,LUV,-6.4,,1,Jefferies:-6.4
2026-06-16,LYV,22.5,,1,Morgan Stanley:22.5
2026-06-16,MGM,4.8,7.4953,2,JP Morgan:10.1|Stifel:-0.5
2026-06-16,MNST,2.6,,1,Bernstein:2.6
2026-06-16,MU,38.2,,1,Wolfe Research:38.2
2026-06-16,ORCL,51.25,41.9314,2,Bernstein:80.9|Piper Sandler:21.6
2026-06-16,PEP,23.8,,1,Piper Sandler:23.8
2026-06-16,PFE,-3.1,,1,RBC Capital:-3.1
2026-06-16,PSA,12.6,,1,Citigroup:12.6
2026-06-16,RF,5.1,,1,Stephens & Co.:5.1
2026-06-16,SJM,3.85,13.3643,2,B of A Securities:13.3|Morgan Stanley:-5.6
2026-06-16,SPG,-2.6,,1,Morgan Stanley:-2.6
2026-06-16,TEL,38.3,,1,Barclays:38.3
2026-06-16,TSCO,4.9,,1,Truist Securities:4.9
2026-06-16,TXN,11.3,,1,Citigroup:11.3
2026-06-16,TYL,41.9,7.9196,2,Barclays:36.3|DA Davidson:47.5
2026-06-16,UBER,64.2,,1,Tigress Financial:64.2
2026-06-16,WDC,12.45,10.5359,2,JP Morgan:19.9|Morgan Stanley:5
2026-06-16,WRB,-7.7,,1,Barclays:-7.7
2026-06-16,WST,21,,1,Barclays:21
2026-06-16,YUM,13.4,,1,TD Cowen:13.4
2026-06-17,ADBE,-4.9,1.6971,2,Goldman Sachs:-6.1|Keybanc:-3.7
2026-06-17,AJG,20,,1,Jefferies:20
2026-06-17,AMAT,19.9,,1,Citigroup:19.9
2026-06-17,CB,13,,1,Barclays:13
2026-06-17,CCL,21.3,,1,Citigroup:21.3
2026-06-17,CMI,22.3,,1,Wells Fargo:22.3
2026-06-17,CPT,6.7,,1,Truist Securities:6.7
2026-06-17,CTAS,27.9,,1,Truist Securities:27.9
2026-06-17,DIS,23.7,,1,Needham:23.7
2026-06-17,DOC,12.2,5.374,2,Morgan Stanley:8.4|BMO Capital:16
2026-06-17,ETR,9.5,,1,Mizuho:9.5
2026-06-17,EXR,7.2,,1,B of A Securities:7.2
2026-06-17,FDX,24.3,,1,Barclays:24.3
2026-06-17,FE,9.3,,1,UBS:9.3
2026-06-17,FOXA,5.3,,1,Barclays:5.3
2026-06-17,FSLR,10,,1,Mizuho:10
2026-06-17,HIG,20.6,,1,Barclays:20.6
2026-06-17,INVH,6.7,,1,Mizuho:6.7
2026-06-17,KR,9,,1,JP Morgan:9
2026-06-17,LEN,-4.05,13.5057,2,JP Morgan:-13.6|UBS:5.5
2026-06-17,LRCX,4.8667,12.3488,3,Barclays:-6.8|Oppenheimer:3.6|Citigroup:17.8
2026-06-17,LUV,-6.4,,1,Jefferies:-6.4
2026-06-17,MGM,4.8,7.4953,2,JP Morgan:10.1|Stifel:-0.5
2026-06-17,MNST,2.6,,1,Bernstein:2.6
2026-06-17,MU,38.2,,1,Wolfe Research:38.2
2026-06-17,ORCL,51.25,41.9314,2,Bernstein:80.9|Piper Sandler:21.6
2026-06-17,PEP,23.8,,1,Piper Sandler:23.8
2026-06-17,PSA,12.6,,1,Citigroup:12.6
2026-06-17,RF,5.1,,1,Stephens & Co.:5.1
2026-06-17,SJM,3.85,13.3643,2,B of A Securities:13.3|Morgan Stanley:-5.6
2026-06-17,SLB,15.4,,1,RBC Capital:15.4
2026-06-17,STZ,22.8,,1,UBS:22.8
2026-06-17,TEL,38.3,,1,Barclays:38.3
2026-06-17,TSCO,4.9,,1,Truist Securities:4.9
2026-06-17,TXN,11.3,,1,Citigroup:11.3
2026-06-17,UBER,64.2,,1,Tigress Financial:64.2
2026-06-17,VTR,12.4,,1,Raymond James:12.4
2026-06-17,WDC,12.45,10.5359,2,JP Morgan:19.9|Morgan Stanley:5
2026-06-17,WELL,6,,1,Raymond James:6
2026-06-17,WRB,-7.7,,1,Barclays:-7.7
2026-06-17,YUM,13.4,,1,TD Cowen:13.4
2026-06-18,ACN,42.3,,1,Evercore ISI Group:42.3
2026-06-18,ADBE,-4.9,1.6971,2,Goldman Sachs:-6.1|Keybanc:-3.7
2026-06-18,AEP,11.1,,1,Ladenburg Thalmann:11.1
2026-06-18,AJG,20,,1,Jefferies:20
2026-06-18,AMAT,19.9,,1,Citigroup:19.9
2026-06-18,CB,13,,1,Barclays:13
2026-06-18,CCL,21.3,,1,Citigroup:21.3
2026-06-18,CMI,22.3,,1,Wells Fargo:22.3
2026-06-18,CTAS,27.9,,1,Truist Securities:27.9
2026-06-18,DAL,10.5,,1,Bernstein:10.5
2026-06-18,DIS,23.7,,1,Needham:23.7
2026-06-18,DOC,16,,1,BMO Capital:16
2026-06-18,EXR,4.6,3.677,2,B of A Securities:7.2|Truist Securities:2
2026-06-18,FDX,24.3,,1,Barclays:24.3
2026-06-18,FOXA,5.3,,1,Barclays:5.3
2026-06-18,FSLR,10,,1,Mizuho:10
2026-06-18,GDDY,62.3,,1,JP Morgan:62.3
2026-06-18,HIG,20.6,,1,Barclays:20.6
2026-06-18,INVH,6.7,,1,Mizuho:6.7
2026-06-18,JBL,14.7,4.5211,3,Barclays:9.7|JP Morgan:15.9|Stifel:18.5
2026-06-18,LEN,-4.05,13.5057,2,JP Morgan:-13.6|UBS:5.5
2026-06-18,LRCX,4.8667,12.3488,3,Barclays:-6.8|Oppenheimer:3.6|Citigroup:17.8
2026-06-18,LUV,-6.4,,1,Jefferies:-6.4
2026-06-18,MGM,4.8,7.4953,2,JP Morgan:10.1|Stifel:-0.5
2026-06-18,MNST,2.6,,1,Bernstein:2.6
2026-06-18,MU,35.4,,1,Stifel:35.4
2026-06-18,O,10.2,,1,Scotiabank:10.2
2026-06-18,ORCL,21.6,,1,Piper Sandler:21.6
2026-06-18,PEP,21.45,3.3234,2,Piper Sandler:23.8|Deutsche Bank:19.1
2026-06-18,PSA,12.6,,1,Citigroup:12.6
2026-06-18,RF,5.1,,1,Stephens & Co.:5.1
2026-06-18,RMD,21.7,,1,Morgan Stanley:21.7
2026-06-18,SLB,21.55,8.6974,2,RBC Capital:15.4|Stifel:27.7
2026-06-18,SO,5.9,,1,Barclays:5.9
2026-06-18,STZ,22.8,,1,UBS:22.8
2026-06-18,TEL,38.3,,1,Barclays:38.3
2026-06-18,TSCO,4.9,,1,Truist Securities:4.9
2026-06-18,TXN,11.3,,1,Citigroup:11.3
2026-06-18,UBER,64.2,,1,Tigress Financial:64.2
2026-06-18,VICI,7.8,,1,Scotiabank:7.8
2026-06-18,VTR,12.4,,1,Raymond James:12.4
2026-06-18,WDC,12.45,10.5359,2,JP Morgan:19.9|Morgan Stanley:5
2026-06-18,WELL,6,,1,Raymond James:6
2026-06-18,WRB,-7.7,,1,Barclays:-7.7
2026-06-18,YUM,13.4,,1,TD Cowen:13.4
2026-06-19,ACN,42.3,,1,Evercore ISI Group:42.3
2026-06-19,ADBE,-3.7,,1,Keybanc:-3.7
2026-06-19,AEP,11.1,,1,Ladenburg Thalmann:11.1
2026-06-19,AMAT,19.9,,1,Citigroup:19.9
2026-06-19,C,12.6,,1,Wells Fargo:12.6
2026-06-19,CCL,21.3,,1,Citigroup:21.3
2026-06-19,CEG,13.5,,1,Goldman Sachs:13.5
2026-06-19,CMI,22.3,,1,Wells Fargo:22.3
2026-06-19,CTAS,27.9,,1,Truist Securities:27.9
2026-06-19,DAL,10.5,,1,Bernstein:10.5
2026-06-19,DIS,23.7,,1,Needham:23.7
2026-06-19,DOC,16,,1,BMO Capital:16
2026-06-19,DUK,9.8,,1,Mizuho:9.8
2026-06-19,EXR,4.6,3.677,2,B of A Securities:7.2|Truist Securities:2
2026-06-19,FDX,24.3,,1,Barclays:24.3
2026-06-19,FOXA,5.3,,1,Barclays:5.3
2026-06-19,FSLR,10,,1,Mizuho:10
2026-06-19,GDDY,62.3,,1,JP Morgan:62.3
2026-06-19,INVH,6.7,,1,Mizuho:6.7
2026-06-19,JBL,15,3.7399,4,Barclays:9.7|JP Morgan:15.9|Stifel:18.5|Raymond James:15.9
2026-06-19,LEN,-4.05,13.5057,2,JP Morgan:-13.6|UBS:5.5
2026-06-19,LRCX,10.7,10.0409,2,Oppenheimer:3.6|Citigroup:17.8
2026-06-19,LUV,-6.4,,1,Jefferies:-6.4
2026-06-19,MGM,-0.5,,1,Stifel:-0.5
2026-06-19,MNST,2.6,,1,Bernstein:2.6
2026-06-19,MU,35.4,,1,Stifel:35.4
2026-06-19,O,10.2,,1,Scotiabank:10.2
2026-06-19,PEP,19.1,,1,Deutsche Bank:19.1
2026-06-19,PSA,12.6,,1,Citigroup:12.6
2026-06-19,RF,5.1,,1,Stephens & Co.:5.1
2026-06-19,RMD,21.7,,1,Morgan Stanley:21.7
2026-06-19,SLB,21.55,8.6974,2,RBC Capital:15.4|Stifel:27.7
2026-06-19,SO,5.9,,1,Barclays:5.9
2026-06-19,STZ,22.8,,1,UBS:22.8
2026-06-19,TEL,38.3,,1,Barclays:38.3
2026-06-19,TSCO,4.9,,1,Truist Securities:4.9
2026-06-19,TXN,11.3,,1,Citigroup:11.3
2026-06-19,VICI,7.8,,1,Scotiabank:7.8
2026-06-19,VTR,12.4,,1,Raymond James:12.4
2026-06-19,WDC,5,,1,Morgan Stanley:5
2026-06-19,WELL,6,,1,Raymond James:6
2026-06-19,YUM,13.4,,1,TD Cowen:13.4
2026-06-22,ACN,31.4333,16.869,3,Evercore ISI Group:42.3|RBC Capital:40|Susquehanna:12
2026-06-22,AEP,11.1,,1,Ladenburg Thalmann:11.1
2026-06-22,AMAT,19.9,,1,Citigroup:19.9
2026-06-22,BEN,19.4,,1,TD Cowen:19.4
2026-06-22,C,12.6,,1,Wells Fargo:12.6
2026-06-22,CCL,21.3,,1,Citigroup:21.3
2026-06-22,CEG,13.5,,1,Goldman Sachs:13.5
2026-06-22,CMI,22.3,,1,Wells Fargo:22.3
2026-06-22,CTAS,27.9,,1,Truist Securities:27.9
2026-06-22,DAL,10.5,,1,Bernstein:10.5
2026-06-22,DUK,9.8,,1,Mizuho:9.8
2026-06-22,EXR,4.6,3.677,2,B of A Securities:7.2|Truist Securities:2
2026-06-22,GDDY,62.3,,1,JP Morgan:62.3
2026-06-22,HCA,15.4,,1,TD Cowen:15.4
2026-06-22,INCY,5.2,,1,Truist Securities:5.2
2026-06-22,INVH,6.7,,1,Mizuho:6.7
2026-06-22,JBL,15,3.7399,4,Barclays:9.7|JP Morgan:15.9|Stifel:18.5|Raymond James:15.9
2026-06-22,KR,11.4,,1,UBS:11.4
2026-06-22,LEN,-4.05,13.5057,2,JP Morgan:-13.6|UBS:5.5
2026-06-22,LRCX,17.8,,1,Citigroup:17.8
2026-06-22,LUV,-6.4,,1,Jefferies:-6.4
2026-06-22,MU,35.4,,1,Stifel:35.4
2026-06-22,O,10.2,,1,Scotiabank:10.2
2026-06-22,PEP,19.1,,1,Deutsche Bank:19.1
2026-06-22,PSA,12.6,,1,Citigroup:12.6
2026-06-22,RMD,21.7,,1,Morgan Stanley:21.7
2026-06-22,SLB,21.55,8.6974,2,RBC Capital:15.4|Stifel:27.7
2026-06-22,SO,5.9,,1,Barclays:5.9
2026-06-22,STZ,22.8,,1,UBS:22.8
2026-06-22,TEL,38.3,,1,Barclays:38.3
2026-06-22,TSCO,4.9,,1,Truist Securities:4.9
2026-06-22,UHS,39.5,,1,TD Cowen:39.5
2026-06-22,VICI,7.8,,1,Scotiabank:7.8
2026-06-22,VTR,12.4,,1,Raymond James:12.4
2026-06-22,WELL,6,,1,Raymond James:6
2026-06-22,YUM,13.4,,1,TD Cowen:13.4
2026-06-23,ACN,43.85,28.3972,4,Evercore ISI Group:42.3|RBC Capital:40|Susquehanna:12|Mizuho:81.1
2026-06-23,AEP,11.1,,1,Ladenburg Thalmann:11.1
2026-06-23,AMAT,19.9,,1,Citigroup:19.9
2026-06-23,BEN,19.4,,1,TD Cowen:19.4
2026-06-23,C,12.6,,1,Wells Fargo:12.6
2026-06-23,CEG,13.5,,1,Goldman Sachs:13.5
2026-06-23,CMI,22.3,,1,Wells Fargo:22.3
2026-06-23,DAL,10.5,,1,Bernstein:10.5
2026-06-23,DUK,9.8,,1,Mizuho:9.8
2026-06-23,EXR,4.6,3.677,2,B of A Securities:7.2|Truist Securities:2
2026-06-23,GDDY,62.3,,1,JP Morgan:62.3
2026-06-23,HCA,15.4,,1,TD Cowen:15.4
2026-06-23,INCY,5.2,,1,Truist Securities:5.2
2026-06-23,INVH,6.7,,1,Mizuho:6.7
2026-06-23,JBL,15,3.7399,4,Barclays:9.7|JP Morgan:15.9|Stifel:18.5|Raymond James:15.9
2026-06-23,KR,12.6,5.4009,3,UBS:11.4|Barclays:7.9|Morgan Stanley:18.5
2026-06-23,LEN,-4.05,13.5057,2,JP Morgan:-13.6|UBS:5.5
2026-06-23,LRCX,17.8,,1,Citigroup:17.8
2026-06-23,MU,35.4,,1,Stifel:35.4
2026-06-23,NKE,8.5,,1,Goldman Sachs:8.5
2026-06-23,NUE,7.4,,1,Morgan Stanley:7.4
2026-06-23,NXPI,20.3,,1,Citigroup:20.3
2026-06-23,O,10.2,,1,Scotiabank:10.2
2026-06-23,ODFL,5.7,,1,Goldman Sachs:5.7
2026-06-23,PEP,19.1,,1,Deutsche Bank:19.1
2026-06-23,PSA,4.8,,1,Truist Securities:4.8
2026-06-23,RMD,21.7,,1,Morgan Stanley:21.7
2026-06-23,SLB,21.55,8.6974,2,RBC Capital:15.4|Stifel:27.7
2026-06-23,SO,5.9,,1,Barclays:5.9
2026-06-23,SPG,0,,1,Truist Securities:0
2026-06-23,STZ,22.8,,1,UBS:22.8
2026-06-23,TEL,11.5,,1,Evercore ISI Group:11.5
2026-06-23,TSCO,32.9,,1,DA Davidson:32.9
2026-06-23,UHS,39.5,,1,TD Cowen:39.5
2026-06-23,VICI,7.8,,1,Scotiabank:7.8
2026-06-23,VTR,12.4,,1,Raymond James:12.4
2026-06-23,WELL,6,,1,Raymond James:6
2026-06-23,XEL,14.7,,1,Mizuho:14.7
2026-06-24,ACN,43.85,28.3972,4,Evercore ISI Group:42.3|RBC Capital:40|Susquehanna:12|Mizuho:81.1
2026-06-24,ADI,22.3,,1,Stifel:22.3
2026-06-24,AEP,11.1,,1,Ladenburg Thalmann:11.1
2026-06-24,AXP,11.3,,1,Truist Securities:11.3
2026-06-24,BEN,19.4,,1,TD Cowen:19.4
2026-06-24,C,12.6,,1,Wells Fargo:12.6
2026-06-24,CAT,17.7,,1,Wells Fargo:17.7
2026-06-24,CEG,13.5,,1,Goldman Sachs:13.5
2026-06-24,COR,0.6,,1,B of A Securities:0.6
2026-06-24,CVS,8,,1,B of A Securities:8
2026-06-24,D,0.6,,1,Barclays:0.6
2026-06-24,DAL,10.5,,1,Bernstein:10.5
2026-06-24,DOW,16.7,,1,Citigroup:16.7
2026-06-24,DUK,9.8,,1,Mizuho:9.8
2026-06-24,ECL,21,,1,Citigroup:21
2026-06-24,EXR,2,,1,Truist Securities:2
2026-06-24,FDX,8.85,7.4246,2,Citigroup:14.1|Stifel:3.6
2026-06-24,FITB,9.3,,1,Truist Securities:9.3
2026-06-24,GDDY,62.3,,1,JP Morgan:62.3
2026-06-24,HCA,15.4,,1,TD Cowen:15.4
2026-06-24,HUM,5,,1,B of A Securities:5
2026-06-24,IFF,15.8,,1,Citigroup:15.8
2026-06-24,INCY,5.2,,1,Truist Securities:5.2
2026-06-24,JBL,15,3.7399,4,Barclays:9.7|JP Morgan:15.9|Stifel:18.5|Raymond James:15.9
2026-06-24,KEY,3.9,,1,Truist Securities:3.9
2026-06-24,KLAC,30.9,,1,B of A Securities:30.9
2026-06-24,KR,12.6,5.4009,3,UBS:11.4|Barclays:7.9|Morgan Stanley:18.5
2026-06-24,LRCX,30.8,,1,B of A Securities:30.8
2026-06-24,LYB,15.8,,1,Citigroup:15.8
2026-06-24,MET,2.2,,1,Piper Sandler:2.2
2026-06-24,MRVL,26.8,3.8184,2,B of A Securities:29.5|Stifel:24.1
2026-06-24,MU,35.4,,1,Stifel:35.4
2026-06-24,NKE,8.95,0.6364,2,Goldman Sachs:8.5|Evercore ISI Group:9.4
2026-06-24,NUE,7.4,,1,Morgan Stanley:7.4
2026-06-24,NXPI,20.3,,1,Citigroup:20.3
2026-06-24,O,10.2,,1,Scotiabank:10.2
2026-06-24,ODFL,5.7,,1,Goldman Sachs:5.7
2026-06-24,PEP,19.1,,1,Deutsche Bank:19.1
2026-06-24,PFG,14.9,,1,Piper Sandler:14.9
2026-06-24,PSA,4.8,,1,Truist Securities:4.8
2026-06-24,RMD,21.7,,1,Morgan Stanley:21.7
2026-06-24,SHW,16.1,,1,Citigroup:16.1
2026-06-24,SLB,27.7,,1,Stifel:27.7
2026-06-24,SNPS,19.5,,1,Piper Sandler:19.5
2026-06-24,SO,5.9,,1,Barclays:5.9
2026-06-24,SPG,0,,1,Truist Securities:0
2026-06-24,TEL,11.5,,1,Evercore ISI Group:11.5
2026-06-24,TER,24.1,,1,B of A Securities:24.1
2026-06-24,TSCO,32.9,,1,DA Davidson:32.9
2026-06-24,TTWO,49,,1,B of A Securities:49
2026-06-24,TXN,18.8,,1,Stifel:18.8
2026-06-24,UHS,39.5,,1,TD Cowen:39.5
2026-06-24,UNH,15.7,,1,B of A Securities:15.7
2026-06-24,VICI,7.8,,1,Scotiabank:7.8
2026-06-24,XEL,14.7,,1,Mizuho:14.7
2026-06-25,ACN,44.3667,34.7563,3,RBC Capital:40|Susquehanna:12|Mizuho:81.1
2026-06-25,ADI,22.3,,1,Stifel:22.3
2026-06-25,AXP,11.3,,1,Truist Securities:11.3
2026-06-25,BEN,19.4,,1,TD Cowen:19.4
2026-06-25,BSX,47,,1,Stifel:47
2026-06-25,C,12.6,,1,Wells Fargo:12.6
2026-06-25,CAT,17.7,,1,Wells Fargo:17.7
2026-06-25,CCL,12.6,,1,Susquehanna:12.6
2026-06-25,CEG,13.5,,1,Goldman Sachs:13.5
2026-06-25,COR,0.6,,1,B of A Securities:0.6
2026-06-25,CSGP,22.8,48.2247,2,Goldman Sachs:56.9|Wells Fargo:-11.3
2026-06-25,CVS,8,,1,B of A Securities:8
2026-06-25,D,0.6,,1,Barclays:0.6
2026-06-25,DOW,16.7,,1,Citigroup:16.7
2026-06-25,DUK,9.8,,1,Mizuho:9.8
2026-06-25,ECL,21,,1,Citigroup:21
2026-06-25,ESS,7.1,,1,Morgan Stanley:7.1
2026-06-25,F,-21,,1,Wells Fargo:-21
2026-06-25,FDX,10.45,5.0468,4,Citigroup:14.1|Stifel:3.6|Truist Securities:14.4|UBS:9.7
2026-06-25,FITB,9.3,,1,Truist Securities:9.3
2026-06-25,HCA,15.4,,1,TD Cowen:15.4
2026-06-25,HUM,5,,1,B of A Securities:5
2026-06-25,IFF,15.8,,1,Citigroup:15.8
2026-06-25,INCY,5.2,,1,Truist Securities:5.2
2026-06-25,INVH,12.6,,1,Wells Fargo:12.6
2026-06-25,JBL,15.9,,1,Raymond James:15.9
2026-06-25,KEY,3.9,,1,Truist Securities:3.9
2026-06-25,KLAC,30.9,,1,B of A Securities:30.9
2026-06-25,KR,12.6,5.4009,3,UBS:11.4|Barclays:7.9|Morgan Stanley:18.5
2026-06-25,LRCX,30.8,,1,B of A Securities:30.8
2026-06-25,LYB,15.8,,1,Citigroup:15.8
2026-06-25,MET,2.2,,1,Piper Sandler:2.2
2026-06-25,MRVL,26.8,3.8184,2,B of A Securities:29.5|Stifel:24.1
2026-06-25,MU,20.3875,22.1389,8,Deutsche Bank:25.7|Goldman Sachs:-10.8|Morgan Stanley:-2.7|Raymond James:21.7|Susquehanna:62.2|TD Cowen:29.8|Wedbush:13.5|Wells Fargo:23.7
2026-06-25,NKE,8.95,0.6364,2,Goldman Sachs:8.5|Evercore ISI Group:9.4
2026-06-25,NUE,10.25,4.0305,2,Morgan Stanley:7.4|Keybanc:13.1
2026-06-25,NXPI,20.3,,1,Citigroup:20.3
2026-06-25,ODFL,5.7,,1,Goldman Sachs:5.7
2026-06-25,PAYX,9.1,,1,JP Morgan:9.1
2026-06-25,PFG,14.9,,1,Piper Sandler:14.9
2026-06-25,PSA,4.8,,1,Truist Securities:4.8
2026-06-25,QCOM,7.1,,1,Bernstein:7.1
2026-06-25,RDDT,87.1,,1,Needham:87.1
2026-06-25,SHW,16.1,,1,Citigroup:16.1
2026-06-25,SNPS,19.5,,1,Piper Sandler:19.5
2026-06-25,SPG,0,,1,Truist Securities:0
2026-06-25,STLD,7.6,,1,Keybanc:7.6
2026-06-25,TEL,11.5,,1,Evercore ISI Group:11.5
2026-06-25,TER,24.1,,1,B of A Securities:24.1
2026-06-25,TSCO,32.9,,1,DA Davidson:32.9
2026-06-25,TTWO,49,,1,B of A Securities:49
2026-06-25,TXN,18.8,,1,Stifel:18.8
2026-06-25,UHS,39.5,,1,TD Cowen:39.5
2026-06-25,UNH,15.7,,1,B of A Securities:15.7
2026-06-25,XEL,14.7,,1,Mizuho:14.7
2026-06-26,AAPL,45.5,,1,Wedbush:45.5
2026-06-26,ACN,44.3667,34.7563,3,RBC Capital:40|Susquehanna:12|Mizuho:81.1
2026-06-26,ADI,22.3,,1,Stifel:22.3
2026-06-26,AMAT,15.1,,1,Wells Fargo:15.1
2026-06-26,AMT,21.8,4.1012,2,Goldman Sachs:24.7|RBC Capital:18.9
2026-06-26,AXP,11.3,,1,Truist Securities:11.3
2026-06-26,BEN,19.4,,1,TD Cowen:19.4
2026-06-26,BSX,47,,1,Stifel:47
2026-06-26,CAT,17.7,,1,Wells Fargo:17.7
2026-06-26,CCI,18.2,,1,Goldman Sachs:18.2
2026-06-26,CCL,12.6,,1,Susquehanna:12.6
2026-06-26,COR,0.6,,1,B of A Securities:0.6
2026-06-26,CSGP,22.8,48.2247,2,Goldman Sachs:56.9|Wells Fargo:-11.3
2026-06-26,CVS,8,,1,B of A Securities:8
2026-06-26,D,0.6,,1,Barclays:0.6
2026-06-26,DAL,13.8,,1,Evercore ISI Group:13.8
2026-06-26,DOW,16.7,,1,Citigroup:16.7
2026-06-26,DRI,12.9,,1,UBS:12.9
2026-06-26,ECL,21,,1,Citigroup:21
2026-06-26,ESS,7.1,,1,Morgan Stanley:7.1
2026-06-26,F,-21,,1,Wells Fargo:-21
2026-06-26,FDX,10.45,5.0468,4,Citigroup:14.1|Stifel:3.6|Truist Securities:14.4|UBS:9.7
2026-06-26,FITB,9.3,,1,Truist Securities:9.3
2026-06-26,HCA,15.4,,1,TD Cowen:15.4
2026-06-26,HSY,12.6,,1,B of A Securities:12.6
2026-06-26,HUM,5,,1,B of A Securities:5
2026-06-26,IFF,15.8,,1,Citigroup:15.8
2026-06-26,INCY,4.2,1.4142,2,Truist Securities:5.2|UBS:3.2
2026-06-26,INTC,16.5,,1,Goldman Sachs:16.5
2026-06-26,INVH,12.6,,1,Wells Fargo:12.6
2026-06-26,KEY,3.9,,1,Truist Securities:3.9
2026-06-26,KLAC,30.9,,1,B of A Securities:30.9
2026-06-26,KR,12.6,5.4009,3,UBS:11.4|Barclays:7.9|Morgan Stanley:18.5
2026-06-26,LRCX,30.8,,1,B of A Securities:30.8
2026-06-26,LYB,15.8,,1,Citigroup:15.8
2026-06-26,MET,2.2,,1,Piper Sandler:2.2
2026-06-26,MKC,6.1,,1,UBS:6.1
2026-06-26,MRNA,29.5,,1,Piper Sandler:29.5
2026-06-26,MRVL,26.8,3.8184,2,B of A Securities:29.5|Stifel:24.1
2026-06-26,MU,29.2833,24.3188,12,Deutsche Bank:25.7|Goldman Sachs:-10.8|Morgan Stanley:-2.7|Raymond James:21.7|Susquehanna:62.2|TD Cowen:29.8|Wedbush:13.5|Wells Fargo:23.7|B of A Securities:36.1|Barclays:75.6|Needham:44.9|Rosenblatt:31.7
2026-06-26,NKE,8.4,1.0536,3,Goldman Sachs:8.5|Evercore ISI Group:9.4|Deutsche Bank:7.3
2026-06-26,NOC,15.6,,1,Jefferies:15.6
2026-06-26,NTRS,5.8,,1,Truist Securities:5.8
2026-06-26,NUE,10.25,4.0305,2,Morgan Stanley:7.4|Keybanc:13.1
2026-06-26,NXPI,20.3,,1,Citigroup:20.3
2026-06-26,ODFL,3.4,3.2527,2,Goldman Sachs:5.7|Barclays:1.1
2026-06-26,PAYX,9.1,,1,JP Morgan:9.1
2026-06-26,PEP,16.7,,1,B of A Securities:16.7
2026-06-26,PFG,14.9,,1,Piper Sandler:14.9
2026-06-26,PSA,4.8,,1,Truist Securities:4.8
2026-06-26,QCOM,14.3,10.1823,2,Bernstein:7.1|Barclays:21.5
2026-06-26,RDDT,87.1,,1,Needham:87.1
2026-06-26,SBAC,11.8,,1,Goldman Sachs:11.8
2026-06-26,SHW,16.1,,1,Citigroup:16.1
2026-06-26,SNPS,19.5,,1,Piper Sandler:19.5
2026-06-26,SPG,0,,1,Truist Securities:0
2026-06-26,STLD,7.6,,1,Keybanc:7.6
2026-06-26,TECH,3,,1,Stephens & Co.:3
2026-06-26,TEL,11.5,,1,Evercore ISI Group:11.5
2026-06-26,TER,24.1,,1,B of A Securities:24.1
2026-06-26,TSCO,32.9,,1,DA Davidson:32.9
2026-06-26,TTWO,49,,1,B of A Securities:49
2026-06-26,TXN,18.8,,1,Stifel:18.8
2026-06-26,UAL,27,,1,Citigroup:27
2026-06-26,UHS,39.5,,1,TD Cowen:39.5
2026-06-26,UNH,15.7,,1,B of A Securities:15.7
2026-06-26,UNP,9.1,,1,Evercore ISI Group:9.1
2026-06-26,URI,9.9,,1,Keybanc:9.9
2026-06-26,WFC,10.8,,1,Truist Securities:10.8
2026-06-26,XEL,14.7,,1,Mizuho:14.7
2026-06-27,AAPL,45.5,,1,Wedbush:45.5
2026-06-27,ACN,44.3667,34.7563,3,RBC Capital:40|Susquehanna:12|Mizuho:81.1
2026-06-27,ADI,22.3,,1,Stifel:22.3
2026-06-27,AMAT,15.1,,1,Wells Fargo:15.1
2026-06-27,AMT,21.8,4.1012,2,Goldman Sachs:24.7|RBC Capital:18.9
2026-06-27,AXP,11.3,,1,Truist Securities:11.3
2026-06-27,BEN,11.3,11.4551,2,TD Cowen:19.4|Morgan Stanley:3.2
2026-06-27,BSX,47,,1,Stifel:47
2026-06-27,CAT,17.7,,1,Wells Fargo:17.7
2026-06-27,CCI,18.2,,1,Goldman Sachs:18.2
2026-06-27,CCL,12.6,,1,Susquehanna:12.6
2026-06-27,COR,0.6,,1,B of A Securities:0.6
2026-06-27,CSGP,22.8,48.2247,2,Goldman Sachs:56.9|Wells Fargo:-11.3
2026-06-27,CVS,8,,1,B of A Securities:8
2026-06-27,D,0.6,,1,Barclays:0.6
2026-06-27,DAL,13.8,,1,Evercore ISI Group:13.8
2026-06-27,DOW,16.7,,1,Citigroup:16.7
2026-06-27,DRI,7.7,7.0314,3,UBS:12.9|BTIG:10.5|Piper Sandler:-0.3
2026-06-27,ECL,21,,1,Citigroup:21
2026-06-27,ESS,7.1,,1,Morgan Stanley:7.1
2026-06-27,F,-21,,1,Wells Fargo:-21
2026-06-27,FDX,10.45,5.0468,4,Citigroup:14.1|Stifel:3.6|Truist Securities:14.4|UBS:9.7
2026-06-27,FITB,9.3,,1,Truist Securities:9.3
2026-06-27,HCA,15.4,,1,TD Cowen:15.4
2026-06-27,HSY,12.6,,1,B of A Securities:12.6
2026-06-27,HUM,5,,1,B of A Securities:5
2026-06-27,IFF,15.8,,1,Citigroup:15.8
2026-06-27,INCY,4.2,1.4142,2,Truist Securities:5.2|UBS:3.2
2026-06-27,INTC,16.5,,1,Goldman Sachs:16.5
2026-06-27,INVH,12.6,,1,Wells Fargo:12.6
2026-06-27,JBHT,9.1,,1,Benchmark:9.1
2026-06-27,KEY,3.9,,1,Truist Securities:3.9
2026-06-27,KLAC,30.9,,1,B of A Securities:30.9
2026-06-27,KR,12.6,5.4009,3,UBS:11.4|Barclays:7.9|Morgan Stanley:18.5
2026-06-27,LRCX,30.8,,1,B of A Securities:30.8
2026-06-27,LYB,15.8,,1,Citigroup:15.8
2026-06-27,MET,2.2,,1,Piper Sandler:2.2
2026-06-27,MKC,22.4333,16.35,3,UBS:6.1|Bernstein:38.8|Deutsche Bank:22.4
2026-06-27,MRNA,29.5,,1,Piper Sandler:29.5
2026-06-27,MRVL,26.8,3.8184,2,B of A Securities:29.5|Stifel:24.1
2026-06-27,MU,29.2833,24.3188,12,Deutsche Bank:25.7|Goldman Sachs:-10.8|Morgan Stanley:-2.7|Raymond James:21.7|Susquehanna:62.2|TD Cowen:29.8|Wedbush:13.5|Wells Fargo:23.7|B of A Securities:36.1|Barclays:75.6|Needham:44.9|Rosenblatt:31.7
2026-06-27,NKE,18.725,20.6679,4,Goldman Sachs:8.5|Evercore ISI Group:9.4|Deutsche Bank:7.3|Oppenheimer:49.7
2026-06-27,NOC,15.6,,1,Jefferies:15.6
2026-06-27,NTRS,5.8,,1,Truist Securities:5.8
2026-06-27,NUE,10.25,4.0305,2,Morgan Stanley:7.4|Keybanc:13.1
2026-06-27,NXPI,20.3,,1,Citigroup:20.3
2026-06-27,ODFL,3.4,3.2527,2,Goldman Sachs:5.7|Barclays:1.1
2026-06-27,PAYX,9.1,,1,JP Morgan:9.1
2026-06-27,PEP,16.7,,1,B of A Securities:16.7
2026-06-27,PFG,14.9,,1,Piper Sandler:14.9
2026-06-27,PSA,4.8,,1,Truist Securities:4.8
2026-06-27,QCOM,14.3,10.1823,2,Bernstein:7.1|Barclays:21.5
2026-06-27,RDDT,87.1,,1,Needham:87.1
2026-06-27,SBAC,11.8,,1,Goldman Sachs:11.8
2026-06-27,SHW,16.1,,1,Citigroup:16.1
2026-06-27,SNPS,19.5,,1,Piper Sandler:19.5
2026-06-27,SPG,0,,1,Truist Securities:0
2026-06-27,STLD,7.6,,1,Keybanc:7.6
2026-06-27,TECH,3,0,2,Stephens & Co.:3|Baird:3
2026-06-27,TEL,11.5,,1,Evercore ISI Group:11.5
2026-06-27,TER,24.1,,1,B of A Securities:24.1
2026-06-27,TROW,2.4,,1,Morgan Stanley:2.4
2026-06-27,TSCO,32.9,,1,DA Davidson:32.9
2026-06-27,TTWO,49,,1,B of A Securities:49
2026-06-27,TXN,18.8,,1,Stifel:18.8
2026-06-27,UAL,27,,1,Citigroup:27
2026-06-27,UHS,39.5,,1,TD Cowen:39.5
2026-06-27,UNH,15.7,,1,B of A Securities:15.7
2026-06-27,UNP,9.1,,1,Evercore ISI Group:9.1
2026-06-27,URI,9.9,,1,Keybanc:9.9
2026-06-27,WFC,10.8,,1,Truist Securities:10.8
2026-06-27,XEL,14.7,,1,Mizuho:14.7
2026-06-29,AAPL,45.5,,1,Wedbush:45.5
2026-06-29,ACN,81.1,,1,Mizuho:81.1
2026-06-29,ADI,22.3,,1,Stifel:22.3
2026-06-29,AMAT,15.1,,1,Wells Fargo:15.1
2026-06-29,AMT,21.8,4.1012,2,Goldman Sachs:24.7|RBC Capital:18.9
2026-06-29,APA,23.8,,1,Morgan Stanley:23.8
2026-06-29,AXP,11.3,,1,Truist Securities:11.3
2026-06-29,BAC,16,,1,Morgan Stanley:16
2026-06-29,BEN,3.2,,1,Morgan Stanley:3.2
2026-06-29,BSX,47,,1,Stifel:47
2026-06-29,C,15.6,,1,Morgan Stanley:15.6
2026-06-29,CAT,17.7,,1,Wells Fargo:17.7
2026-06-29,CCI,18.2,,1,Goldman Sachs:18.2
2026-06-29,CCL,12.6,,1,Susquehanna:12.6
2026-06-29,CFG,12.7,,1,Morgan Stanley:12.7
2026-06-29,COR,0.6,,1,B of A Securities:0.6
2026-06-29,CSGP,22.8,48.2247,2,Goldman Sachs:56.9|Wells Fargo:-11.3
2026-06-29,CVS,8,,1,B of A Securities:8
2026-06-29,D,0.6,,1,Barclays:0.6
2026-06-29,DAL,13.8,,1,Evercore ISI Group:13.8
2026-06-29,DOW,16.7,,1,Citigroup:16.7
2026-06-29,DRI,7.7,7.0314,3,UBS:12.9|BTIG:10.5|Piper Sandler:-0.3
2026-06-29,DVN,49.4,,1,Morgan Stanley:49.4
2026-06-29,ECL,21,,1,Citigroup:21
2026-06-29,EQIX,14.8,,1,Citigroup:14.8
2026-06-29,ESS,7.1,,1,Morgan Stanley:7.1
2026-06-29,F,-21,,1,Wells Fargo:-21
2026-06-29,FDX,10.45,5.0468,4,Citigroup:14.1|Stifel:3.6|Truist Securities:14.4|UBS:9.7
2026-06-29,FITB,11.55,3.182,2,Truist Securities:9.3|Morgan Stanley:13.8
2026-06-29,GS,6.8,,1,Morgan Stanley:6.8
2026-06-29,HSY,12.6,,1,B of A Securities:12.6
2026-06-29,HUM,5,,1,B of A Securities:5
2026-06-29,IFF,15.8,,1,Citigroup:15.8
2026-06-29,INCY,3.2,,1,UBS:3.2
2026-06-29,INTC,16.5,,1,Goldman Sachs:16.5
2026-06-29,INVH,12.6,,1,Wells Fargo:12.6
2026-06-29,JBHT,9.1,,1,Benchmark:9.1
2026-06-29,JPM,10.3,,1,Morgan Stanley:10.3
2026-06-29,KEY,6,2.9698,2,Truist Securities:3.9|Morgan Stanley:8.1
2026-06-29,KLAC,30.9,,1,B of A Securities:30.9
2026-06-29,KR,13.2,7.4953,2,Barclays:7.9|Morgan Stanley:18.5
2026-06-29,LRCX,30.65,0.2121,2,B of A Securities:30.8|Cantor Fitzgerald:30.5
2026-06-29,LYB,15.8,,1,Citigroup:15.8
2026-06-29,MET,2.2,,1,Piper Sandler:2.2
2026-06-29,MKC,22.4333,16.35,3,UBS:6.1|Bernstein:38.8|Deutsche Bank:22.4
2026-06-29,MRNA,29.5,,1,Piper Sandler:29.5
2026-06-29,MRVL,26.8,3.8184,2,B of A Securities:29.5|Stifel:24.1
2026-06-29,MU,32.9692,26.8092,13,Deutsche Bank:25.7|Goldman Sachs:-10.8|Morgan Stanley:-2.7|Raymond James:21.7|Susquehanna:62.2|TD Cowen:29.8|Wedbush:13.5|Wells Fargo:23.7|B of A Securities:36.1|Barclays:75.6|Needham:44.9|Rosenblatt:31.7|Cantor Fitzgerald:77.2
2026-06-29,NKE,18.725,20.6679,4,Goldman Sachs:8.5|Evercore ISI Group:9.4|Deutsche Bank:7.3|Oppenheimer:49.7
2026-06-29,NOC,15.6,,1,Jefferies:15.6
2026-06-29,NTRS,5.8,,1,Truist Securities:5.8
2026-06-29,NUE,10.25,4.0305,2,Morgan Stanley:7.4|Keybanc:13.1
2026-06-29,NXPI,20.3,,1,Citigroup:20.3
2026-06-29,ODFL,3.4,3.2527,2,Goldman Sachs:5.7|Barclays:1.1
2026-06-29,OXY,36,,1,Morgan Stanley:36
2026-06-29,PAYX,9.1,,1,JP Morgan:9.1
2026-06-29,PEP,16.7,,1,B of A Securities:16.7
2026-06-29,PFG,14.9,,1,Piper Sandler:14.9
2026-06-29,PNC,13.7,,1,Morgan Stanley:13.7
2026-06-29,PSA,4.8,,1,Truist Securities:4.8
2026-06-29,QCOM,12.4667,7.8691,3,Bernstein:7.1|Barclays:21.5|Mizuho:8.8
2026-06-29,RDDT,87.1,,1,Needham:87.1
2026-06-29,SBAC,11.8,,1,Goldman Sachs:11.8
2026-06-29,SHW,16.1,,1,Citigroup:16.1
2026-06-29,SNPS,19.5,,1,Piper Sandler:19.5
2026-06-29,SPG,0,,1,Truist Securities:0
2026-06-29,STLD,7.6,,1,Keybanc:7.6
2026-06-29,TECH,3,0,2,Stephens & Co.:3|Baird:3
2026-06-29,TEL,11.5,,1,Evercore ISI Group:11.5
2026-06-29,TER,24.1,,1,B of A Securities:24.1
2026-06-29,TROW,2.4,,1,Morgan Stanley:2.4
2026-06-29,TSCO,32.9,,1,DA Davidson:32.9
2026-06-29,TTWO,49,,1,B of A Securities:49
2026-06-29,TXN,21.85,4.3134,2,Stifel:18.8|UBS:24.9
2026-06-29,UAL,27,,1,Citigroup:27
2026-06-29,UNH,15.7,,1,B of A Securities:15.7
2026-06-29,UNP,9.1,,1,Evercore ISI Group:9.1
2026-06-29,URI,9.9,,1,Keybanc:9.9
2026-06-29,USB,10.1,,1,Morgan Stanley:10.1
2026-06-29,WDC,49.9,,1,Cantor Fitzgerald:49.9
2026-06-29,WFC,16.3,7.7782,2,Truist Securities:10.8|Morgan Stanley:21.8
2026-06-29,XEL,14.7,,1,Mizuho:14.7
2026-06-30,AAPL,45.5,,1,Wedbush:45.5
2026-06-30,ADI,22.3,,1,Stifel:22.3
2026-06-30,AMAT,15.1,,1,Wells Fargo:15.1
2026-06-30,AMT,21.8,4.1012,2,Goldman Sachs:24.7|RBC Capital:18.9
2026-06-30,APA,23.8,,1,Morgan Stanley:23.8
2026-06-30,AXP,11.3,,1,Truist Securities:11.3
2026-06-30,BAC,16,,1,Morgan Stanley:16
2026-06-30,BEN,3.2,,1,Morgan Stanley:3.2
2026-06-30,BSX,47,,1,Stifel:47
2026-06-30,C,15.6,,1,Morgan Stanley:15.6
2026-06-30,CAT,17.7,,1,Wells Fargo:17.7
2026-06-30,CCI,18.2,,1,Goldman Sachs:18.2
2026-06-30,CCL,28.85,22.981,2,Susquehanna:12.6|Tigress Financial:45.1
2026-06-30,CFG,12.7,,1,Morgan Stanley:12.7
2026-06-30,COR,0.6,,1,B of A Securities:0.6
2026-06-30,CSGP,22.8,48.2247,2,Goldman Sachs:56.9|Wells Fargo:-11.3
2026-06-30,CVS,8,,1,B of A Securities:8
2026-06-30,D,0.6,,1,Barclays:0.6
2026-06-30,DAL,13.8,,1,Evercore ISI Group:13.8
2026-06-30,DIS,43.7,,1,JP Morgan:43.7
2026-06-30,DOW,10.3,9.051,2,Citigroup:16.7|B of A Securities:3.9
2026-06-30,DRI,7.7,7.0314,3,UBS:12.9|BTIG:10.5|Piper Sandler:-0.3
2026-06-30,DVN,49.4,,1,Morgan Stanley:49.4
2026-06-30,ECL,21,,1,Citigroup:21
2026-06-30,EQIX,14.8,,1,Citigroup:14.8
2026-06-30,ESS,7.1,,1,Morgan Stanley:7.1
2026-06-30,EVRG,8.1,,1,Barclays:8.1
2026-06-30,F,-21,,1,Wells Fargo:-21
2026-06-30,FCX,22.3,,1,UBS:22.3
2026-06-30,FDX,10.45,5.0468,4,Citigroup:14.1|Stifel:3.6|Truist Securities:14.4|UBS:9.7
2026-06-30,FITB,11.55,3.182,2,Truist Securities:9.3|Morgan Stanley:13.8
2026-06-30,FRT,5.6,,1,B of A Securities:5.6
2026-06-30,GS,6.8,,1,Morgan Stanley:6.8
2026-06-30,HON,13.7,,1,Deutsche Bank:13.7
2026-06-30,HRL,3.9,,1,B of A Securities:3.9
2026-06-30,HSY,12.6,,1,B of A Securities:12.6
2026-06-30,HUM,5,,1,B of A Securities:5
2026-06-30,IFF,15.8,,1,Citigroup:15.8
2026-06-30,INCY,3.2,,1,UBS:3.2
2026-06-30,INTC,16.5,,1,Goldman Sachs:16.5
2026-06-30,INVH,12.6,,1,Wells Fargo:12.6
2026-06-30,JBHT,9.1,,1,Benchmark:9.1
2026-06-30,JPM,10.3,,1,Morgan Stanley:10.3
2026-06-30,KEY,6,2.9698,2,Truist Securities:3.9|Morgan Stanley:8.1
2026-06-30,KLAC,30.9,,1,B of A Securities:30.9
2026-06-30,LRCX,25.1333,9.5563,3,B of A Securities:30.8|Cantor Fitzgerald:30.5|Susquehanna:14.1
2026-06-30,LYB,2.55,18.7383,2,Citigroup:15.8|B of A Securities:-10.7
2026-06-30,MET,2.2,,1,Piper Sandler:2.2
2026-06-30,MKC,18.475,15.5206,4,UBS:6.1|Bernstein:38.8|Deutsche Bank:22.4|Barclays:6.6
2026-06-30,MRK,9.1,,1,B of A Securities:9.1
2026-06-30,MRNA,29.5,,1,Piper Sandler:29.5
2026-06-30,MRVL,26.8,3.8184,2,B of A Securities:29.5|Stifel:24.1
2026-06-30,MU,32.9692,26.8092,13,Deutsche Bank:25.7|Goldman Sachs:-10.8|Morgan Stanley:-2.7|Raymond James:21.7|Susquehanna:62.2|TD Cowen:29.8|Wedbush:13.5|Wells Fargo:23.7|B of A Securities:36.1|Barclays:75.6|Needham:44.9|Rosenblatt:31.7|Cantor Fitzgerald:77.2
2026-06-30,NEM,27.9,,1,UBS:27.9
2026-06-30,NKE,22.1333,23.8965,3,Evercore ISI Group:9.4|Deutsche Bank:7.3|Oppenheimer:49.7
2026-06-30,NOC,15.6,,1,Jefferies:15.6
2026-06-30,NTRS,1.8,5.6569,2,Truist Securities:5.8|Citigroup:-2.2
2026-06-30,NUE,13.1,,1,Keybanc:13.1
2026-06-30,ODFL,1.1,,1,Barclays:1.1
2026-06-30,OXY,36,,1,Morgan Stanley:36
2026-06-30,PAYX,9.1,,1,JP Morgan:9.1
2026-06-30,PEP,16.7,,1,B of A Securities:16.7
2026-06-30,PFG,14.9,,1,Piper Sandler:14.9
2026-06-30,PLD,14.9,,1,BMO Capital:14.9
2026-06-30,PNC,13.7,,1,Morgan Stanley:13.7
2026-06-30,QCOM,12.4667,7.8691,3,Bernstein:7.1|Barclays:21.5|Mizuho:8.8
2026-06-30,RDDT,87.1,,1,Needham:87.1
2026-06-30,SBAC,11.8,,1,Goldman Sachs:11.8
2026-06-30,SHW,16.1,,1,Citigroup:16.1
2026-06-30,SNPS,19.5,,1,Piper Sandler:19.5
2026-06-30,STLD,7.6,,1,Keybanc:7.6
2026-06-30,STZ,21.3,,1,Wells Fargo:21.3
2026-06-30,TECH,3,0,3,Stephens & Co.:3|Baird:3|Citigroup:3
2026-06-30,TER,20.85,4.5962,2,B of A Securities:24.1|Susquehanna:17.6
2026-06-30,TFC,8,,1,Citigroup:8
2026-06-30,TROW,2.4,,1,Morgan Stanley:2.4
2026-06-30,TTWO,49,,1,B of A Securities:49
2026-06-30,TXN,21.85,4.3134,2,Stifel:18.8|UBS:24.9
2026-06-30,UAL,27,,1,Citigroup:27
2026-06-30,UNH,15.7,,1,B of A Securities:15.7
2026-06-30,UNP,9.1,,1,Evercore ISI Group:9.1
2026-06-30,URI,9.9,,1,Keybanc:9.9
2026-06-30,USB,10.1,,1,Morgan Stanley:10.1
2026-06-30,WDC,49.9,,1,Cantor Fitzgerald:49.9
2026-06-30,WFC,16.3,7.7782,2,Truist Securities:10.8|Morgan Stanley:21.8
2026-06-30,WY,26.6,,1,DA Davidson:26.6
2026-07-01,AAPL,45.5,,1,Wedbush:45.5
2026-07-01,AMAT,15.1,,1,Wells Fargo:15.1
2026-07-01,AMT,21.8,4.1012,2,Goldman Sachs:24.7|RBC Capital:18.9
2026-07-01,APA,23.8,,1,Morgan Stanley:23.8
2026-07-01,BAC,16,,1,Morgan Stanley:16
2026-07-01,BEN,3.2,,1,Morgan Stanley:3.2
2026-07-01,BSX,47,,1,Stifel:47
2026-07-01,C,15.6,,1,Morgan Stanley:15.6
2026-07-01,CCI,18.2,,1,Goldman Sachs:18.2
2026-07-01,CCL,28.85,22.981,2,Susquehanna:12.6|Tigress Financial:45.1
2026-07-01,CFG,12.7,,1,Morgan Stanley:12.7
2026-07-01,CMCSA,32,,1,Deutsche Bank:32
2026-07-01,CSGP,22.8,48.2247,2,Goldman Sachs:56.9|Wells Fargo:-11.3
2026-07-01,DAL,9.85,5.5861,2,Evercore ISI Group:13.8|B of A Securities:5.9
2026-07-01,DIS,43.7,,1,JP Morgan:43.7
2026-07-01,DOW,3.9,,1,B of A Securities:3.9
2026-07-01,DRI,10.55,8.0901,4,UBS:12.9|BTIG:10.5|Piper Sandler:-0.3|Argus Research:19.1
2026-07-01,DVN,49.4,,1,Morgan Stanley:49.4
2026-07-01,EQIX,14.8,,1,Citigroup:14.8
2026-07-01,ESS,7.1,,1,Morgan Stanley:7.1
2026-07-01,EVRG,8.1,,1,Barclays:8.1
2026-07-01,F,-21,,1,Wells Fargo:-21
2026-07-01,FCX,22.3,,1,UBS:22.3
2026-07-01,FDX,12.05,3.3234,2,Truist Securities:14.4|UBS:9.7
2026-07-01,FITB,13.8,,1,Morgan Stanley:13.8
2026-07-01,FRT,5.6,,1,B of A Securities:5.6
2026-07-01,GE,14.9,,1,Citigroup:14.9
2026-07-01,GS,6.8,,1,Morgan Stanley:6.8
2026-07-01,HON,13.7,,1,Deutsche Bank:13.7
2026-07-01,HRL,3.9,,1,B of A Securities:3.9
2026-07-01,HSY,12.6,,1,B of A Securities:12.6
2026-07-01,ICE,45.1,,1,Goldman Sachs:45.1
2026-07-01,IFF,7.3,,1,Argus Research:7.3
2026-07-01,INCY,3.2,,1,UBS:3.2
2026-07-01,INTC,16.5,,1,Goldman Sachs:16.5
2026-07-01,INVH,12.6,,1,Wells Fargo:12.6
2026-07-01,JBHT,9.1,,1,Benchmark:9.1
2026-07-01,JPM,10.3,,1,Morgan Stanley:10.3
2026-07-01,KEY,8.1,,1,Morgan Stanley:8.1
2026-07-01,LDOS,5.9,,1,Jefferies:5.9
2026-07-01,LRCX,22.3,11.5966,2,Cantor Fitzgerald:30.5|Susquehanna:14.1
2026-07-01,LUV,-13.5,,1,B of A Securities:-13.5
2026-07-01,LYB,-10.7,,1,B of A Securities:-10.7
2026-07-01,MA,15.4,,1,Piper Sandler:15.4
2026-07-01,MKC,18.475,15.5206,4,UBS:6.1|Bernstein:38.8|Deutsche Bank:22.4|Barclays:6.6
2026-07-01,MOS,23.2,,1,Morgan Stanley:23.2
2026-07-01,MRK,9.1,,1,B of A Securities:9.1
2026-07-01,MRNA,29.5,,1,Piper Sandler:29.5
2026-07-01,MU,32.9692,26.8092,13,Deutsche Bank:25.7|Goldman Sachs:-10.8|Morgan Stanley:-2.7|Raymond James:21.7|Susquehanna:62.2|TD Cowen:29.8|Wedbush:13.5|Wells Fargo:23.7|B of A Securities:36.1|Barclays:75.6|Needham:44.9|Rosenblatt:31.7|Cantor Fitzgerald:77.2
2026-07-01,NEM,27.9,,1,UBS:27.9
2026-07-01,NKE,53.025,33.3238,4,Deutsche Bank:7.3|Oppenheimer:49.7|Bernstein:73.9|Jefferies:81.2
2026-07-01,NOC,15.6,,1,Jefferies:15.6
2026-07-01,NTRS,1.8,5.6569,2,Truist Securities:5.8|Citigroup:-2.2
2026-07-01,NUE,13.1,,1,Keybanc:13.1
2026-07-01,ODFL,1.1,,1,Barclays:1.1
2026-07-01,OXY,36,,1,Morgan Stanley:36
2026-07-01,PAYX,8.6,0.7071,2,JP Morgan:9.1|Morgan Stanley:8.1
2026-07-01,PEP,16.7,,1,B of A Securities:16.7
2026-07-01,PLD,14.9,,1,BMO Capital:14.9
2026-07-01,PNC,13.7,,1,Morgan Stanley:13.7
2026-07-01,QCOM,12.4667,7.8691,3,Bernstein:7.1|Barclays:21.5|Mizuho:8.8
2026-07-01,RDDT,87.1,,1,Needham:87.1
2026-07-01,SBAC,11.8,,1,Goldman Sachs:11.8
2026-07-01,SLB,35.9,,1,Citigroup:35.9
2026-07-01,SNDK,19.9,,1,B of A Securities:19.9
2026-07-01,STLD,7.6,,1,Keybanc:7.6
2026-07-01,STT,15,,1,Goldman Sachs:15
2026-07-01,STZ,21.3,,1,Wells Fargo:21.3
2026-07-01,TECH,3,0,3,Stephens & Co.:3|Baird:3|Citigroup:3
2026-07-01,TER,17.6,,1,Susquehanna:17.6
2026-07-01,TFC,8,,1,Citigroup:8
2026-07-01,TROW,2.4,,1,Morgan Stanley:2.4
2026-07-01,TXN,24.9,,1,UBS:24.9
2026-07-01,UAL,16.5333,9.1309,3,Citigroup:27|B of A Securities:10.2|Bernstein:12.4
2026-07-01,UNP,9.1,,1,Evercore ISI Group:9.1
2026-07-01,URI,9.9,,1,Keybanc:9.9
2026-07-01,USB,10.1,,1,Morgan Stanley:10.1
2026-07-01,WDC,49.9,,1,Cantor Fitzgerald:49.9
2026-07-01,WELL,16.4,,1,Deutsche Bank:16.4
2026-07-01,WFC,16.3,7.7782,2,Truist Securities:10.8|Morgan Stanley:21.8
2026-07-01,WMB,20,,1,JP Morgan:20
2026-07-01,WY,26.6,,1,DA Davidson:26.6
2026-07-02,AAPL,45.5,,1,Wedbush:45.5
2026-07-02,AMAT,15.1,,1,Wells Fargo:15.1
2026-07-02,AMT,21.8,4.1012,2,Goldman Sachs:24.7|RBC Capital:18.9
2026-07-02,APA,23.8,,1,Morgan Stanley:23.8
2026-07-02,BAC,16,,1,Morgan Stanley:16
2026-07-02,BEN,3.2,,1,Morgan Stanley:3.2
2026-07-02,BRO,2.4,,1,Goldman Sachs:2.4
2026-07-02,C,15.6,,1,Morgan Stanley:15.6
2026-07-02,CAH,8.4,,1,B of A Securities:8.4
2026-07-02,CCI,18.2,,1,Goldman Sachs:18.2
2026-07-02,CCL,45.1,,1,Tigress Financial:45.1
2026-07-02,CFG,12.7,,1,Morgan Stanley:12.7
2026-07-02,CHTR,-11.1,,1,Goldman Sachs:-11.1
2026-07-02,CMCSA,32,,1,Deutsche Bank:32
2026-07-02,CME,38.7,,1,Raymond James:38.7
2026-07-02,DAL,9.85,5.5861,2,Evercore ISI Group:13.8|B of A Securities:5.9
2026-07-02,DIS,43.7,,1,JP Morgan:43.7
2026-07-02,DLR,11.9,,1,Barclays:11.9
2026-07-02,DOW,3.9,,1,B of A Securities:3.9
2026-07-02,DRI,10.55,8.0901,4,UBS:12.9|BTIG:10.5|Piper Sandler:-0.3|Argus Research:19.1
2026-07-02,DVN,49.4,,1,Morgan Stanley:49.4
2026-07-02,EQIX,14.8,,1,Citigroup:14.8
2026-07-02,EVRG,8.1,,1,Barclays:8.1
2026-07-02,FCX,22.3,,1,UBS:22.3
2026-07-02,FDS,1.2,,1,Jefferies:1.2
2026-07-02,FITB,13.8,,1,Morgan Stanley:13.8
2026-07-02,FRT,5.6,,1,B of A Securities:5.6
2026-07-02,GE,14.9,,1,Citigroup:14.9
2026-07-02,GIS,-10.55,3.7477,2,Deutsche Bank:-13.2|JP Morgan:-7.9
2026-07-02,GS,6.8,,1,Morgan Stanley:6.8
2026-07-02,HON,13.7,,1,Deutsche Bank:13.7
2026-07-02,HRL,3.9,,1,B of A Securities:3.9
2026-07-02,HSY,12.6,,1,B of A Securities:12.6
2026-07-02,ICE,45.1,,1,Goldman Sachs:45.1
2026-07-02,IFF,11.6,6.0811,2,Argus Research:7.3|Morgan Stanley:15.9
2026-07-02,INCY,3.2,,1,UBS:3.2
2026-07-02,INTC,16.5,,1,Goldman Sachs:16.5
2026-07-02,JBHT,9.1,,1,Benchmark:9.1
2026-07-02,JPM,10.3,,1,Morgan Stanley:10.3
2026-07-02,KEY,8.1,,1,Morgan Stanley:8.1
2026-07-02,LDOS,5.9,,1,Jefferies:5.9
2026-07-02,LRCX,22.3,11.5966,2,Cantor Fitzgerald:30.5|Susquehanna:14.1
2026-07-02,LUV,-22.75,13.0815,2,B of A Securities:-13.5|Goldman Sachs:-32
2026-07-02,LYB,-10.7,,1,B of A Securities:-10.7
2026-07-02,MA,15.4,,1,Piper Sandler:15.4
2026-07-02,MKC,18.475,15.5206,4,UBS:6.1|Bernstein:38.8|Deutsche Bank:22.4|Barclays:6.6
2026-07-02,MOS,23.2,,1,Morgan Stanley:23.2
2026-07-02,MRK,9.1,,1,B of A Securities:9.1
2026-07-02,MRNA,29.5,,1,Piper Sandler:29.5
2026-07-02,MU,53.1,21.8017,5,B of A Securities:36.1|Barclays:75.6|Needham:44.9|Rosenblatt:31.7|Cantor Fitzgerald:77.2
2026-07-02,NEM,27.9,,1,UBS:27.9
2026-07-02,NKE,26.5455,30.3172,11,Deutsche Bank:7.3|Oppenheimer:49.7|Bernstein:73.9|Jefferies:81.2|B of A Securities:6.6|Barclays:17.9|BTIG:24.7|Guggenheim:36|Piper Sandler:2|Stifel:2|Wells Fargo:-9.3
2026-07-02,NOC,15.6,,1,Jefferies:15.6
2026-07-02,NOW,17.7,,1,Guggenheim:17.7
2026-07-02,NTRS,1.8,5.6569,2,Truist Securities:5.8|Citigroup:-2.2
2026-07-02,ODFL,1.1,,1,Barclays:1.1
2026-07-02,OXY,36,,1,Morgan Stanley:36
2026-07-02,PAYX,8.1,,1,Morgan Stanley:8.1
2026-07-02,PEP,17.7,1.4142,2,B of A Securities:16.7|JP Morgan:18.7
2026-07-02,PLD,18.9,5.6569,2,BMO Capital:14.9|BTIG:22.9
2026-07-02,PNC,13.7,,1,Morgan Stanley:13.7
2026-07-02,PNW,1,,1,Barclays:1
2026-07-02,PPG,9.3,,1,Mizuho:9.3
2026-07-02,QCOM,15.15,8.9803,2,Barclays:21.5|Mizuho:8.8
2026-07-02,SBAC,11.8,,1,Goldman Sachs:11.8
2026-07-02,SLB,35.9,,1,Citigroup:35.9
2026-07-02,SNDK,19.9,,1,B of A Securities:19.9
2026-07-02,STT,15,,1,Goldman Sachs:15
2026-07-02,STX,27.7,,1,B of A Securities:27.7
2026-07-02,STZ,16.5667,8.4595,3,Wells Fargo:21.3|B of A Securities:6.8|JP Morgan:21.6
2026-07-02,TECH,3,0,3,Stephens & Co.:3|Baird:3|Citigroup:3
2026-07-02,TER,17.6,,1,Susquehanna:17.6
2026-07-02,TFC,8,,1,Citigroup:8
2026-07-02,TROW,2.4,,1,Morgan Stanley:2.4
2026-07-02,TSLA,-1.9,,1,Freedom Broker:-1.9
2026-07-02,TSN,17.9,,1,B of A Securities:17.9
2026-07-02,TXN,24.9,,1,UBS:24.9
2026-07-02,UAL,16.5333,9.1309,3,Citigroup:27|B of A Securities:10.2|Bernstein:12.4
2026-07-02,UNP,9.1,,1,Evercore ISI Group:9.1
2026-07-02,URI,9.9,,1,Keybanc:9.9
2026-07-02,USB,10.1,,1,Morgan Stanley:10.1
2026-07-02,VTR,6.1,,1,Evercore ISI Group:6.1
2026-07-02,WDC,36.4,19.0919,2,Cantor Fitzgerald:49.9|B of A Securities:22.9
2026-07-02,WELL,16.4,,1,Deutsche Bank:16.4
2026-07-02,WFC,16.3,7.7782,2,Truist Securities:10.8|Morgan Stanley:21.8
2026-07-02,WMB,17.8,3.1113,2,JP Morgan:20|Jefferies:15.6
2026-07-02,WY,26.6,,1,DA Davidson:26.6
2026-07-03,APA,23.8,,1,Morgan Stanley:23.8
2026-07-03,ATO,6.1,,1,Argus Research:6.1
2026-07-03,BAC,16,,1,Morgan Stanley:16
2026-07-03,BEN,3.2,,1,Morgan Stanley:3.2
2026-07-03,BRO,2.4,,1,Goldman Sachs:2.4
2026-07-03,C,15.6,,1,Morgan Stanley:15.6
2026-07-03,CAH,8.4,,1,B of A Securities:8.4
2026-07-03,CCL,45.1,,1,Tigress Financial:45.1
2026-07-03,CFG,12.7,,1,Morgan Stanley:12.7
2026-07-03,CHRW,5,,1,Raymond James:5
2026-07-03,CHTR,-11.1,,1,Goldman Sachs:-11.1
2026-07-03,CMCSA,32,,1,Deutsche Bank:32
2026-07-03,CME,38.7,,1,Raymond James:38.7
2026-07-03,CMI,31.9,,1,Truist Securities:31.9
2026-07-03,COHR,21.5,,1,Raymond James:21.5
2026-07-03,DAL,5.9,,1,B of A Securities:5.9
2026-07-03,DD,21.5,,1,Citigroup:21.5
2026-07-03,DIS,29.4,20.2233,2,JP Morgan:43.7|Raymond James:15.1
2026-07-03,DLR,11.9,,1,Barclays:11.9
2026-07-03,DOW,3.9,,1,B of A Securities:3.9
2026-07-03,DRI,9.7667,9.7208,3,BTIG:10.5|Piper Sandler:-0.3|Argus Research:19.1
2026-07-03,DVN,49.4,,1,Morgan Stanley:49.4
2026-07-03,EOG,35.2,,1,Jefferies:35.2
2026-07-03,EQIX,14.8,,1,Citigroup:14.8
2026-07-03,EQT,42,,1,Jefferies:42
2026-07-03,ES,3.7,,1,Wells Fargo:3.7
2026-07-03,EVRG,8.1,,1,Barclays:8.1
2026-07-03,FCX,22.3,,1,UBS:22.3
2026-07-03,FDS,7.8,21.6801,4,Jefferies:1.2|BMO Capital:10|UBS:36|Wells Fargo:-16
2026-07-03,FITB,13.8,,1,Morgan Stanley:13.8
2026-07-03,FRT,5.6,,1,B of A Securities:5.6
2026-07-03,GE,17.35,3.4648,2,Citigroup:14.9|Jefferies:19.8
2026-07-03,GIS,-11.08,4.324,5,Deutsche Bank:-13.2|JP Morgan:-7.9|Jefferies:-5.3|TD Cowen:-15.8|Wells Fargo:-13.2
2026-07-03,GNRC,11,,1,Citigroup:11
2026-07-03,GS,6.8,,1,Morgan Stanley:6.8
2026-07-03,HON,13.7,,1,Deutsche Bank:13.7
2026-07-03,HRL,3.9,,1,B of A Securities:3.9
2026-07-03,ICE,45.1,,1,Goldman Sachs:45.1
2026-07-03,IFF,11.6,6.0811,2,Argus Research:7.3|Morgan Stanley:15.9
2026-07-03,ITW,11,,1,Truist Securities:11
2026-07-03,J,18.7,,1,Truist Securities:18.7
2026-07-03,JBHT,9.1,,1,Benchmark:9.1
2026-07-03,JPM,10.3,,1,Morgan Stanley:10.3
2026-07-03,KEY,8.1,,1,Morgan Stanley:8.1
2026-07-03,LDOS,5.9,,1,Jefferies:5.9
2026-07-03,LRCX,22.3,11.5966,2,Cantor Fitzgerald:30.5|Susquehanna:14.1
2026-07-03,LUV,-22.75,13.0815,2,B of A Securities:-13.5|Goldman Sachs:-32
2026-07-03,LYB,-10.7,,1,B of A Securities:-10.7
2026-07-03,MA,15.4,,1,Piper Sandler:15.4
2026-07-03,MKC,22.6,16.1009,3,Bernstein:38.8|Deutsche Bank:22.4|Barclays:6.6
2026-07-03,MOS,23.2,,1,Morgan Stanley:23.2
2026-07-03,MRK,9.1,,1,B of A Securities:9.1
2026-07-03,MU,77.2,,1,Cantor Fitzgerald:77.2
2026-07-03,NEM,27.9,,1,UBS:27.9
2026-07-03,NKE,28.47,31.2408,10,Oppenheimer:49.7|Bernstein:73.9|Jefferies:81.2|B of A Securities:6.6|Barclays:17.9|BTIG:24.7|Guggenheim:36|Piper Sandler:2|Stifel:2|Wells Fargo:-9.3
2026-07-03,NOW,17.7,,1,Guggenheim:17.7
2026-07-03,NTRS,-2.2,,1,Citigroup:-2.2
2026-07-03,OXY,36,,1,Morgan Stanley:36
2026-07-03,PAYX,8.1,,1,Morgan Stanley:8.1
2026-07-03,PCAR,8.1,,1,Truist Securities:8.1
2026-07-03,PEG,0.7,,1,RBC Capital:0.7
2026-07-03,PEP,19.4,0.9899,2,JP Morgan:18.7|UBS:20.1
2026-07-03,PLD,18.9,5.6569,2,BMO Capital:14.9|BTIG:22.9
2026-07-03,PM,0.5,,1,UBS:0.5
2026-07-03,PNC,13.7,,1,Morgan Stanley:13.7
2026-07-03,PNW,1,,1,Barclays:1
2026-07-03,PPG,9.3,,1,Mizuho:9.3
2026-07-03,QCOM,8.8,,1,Mizuho:8.8
2026-07-03,SLB,35.9,,1,Citigroup:35.9
2026-07-03,SNDK,19.9,,1,B of A Securities:19.9
2026-07-03,STT,15,,1,Goldman Sachs:15
2026-07-03,STX,27.7,,1,B of A Securities:27.7
2026-07-03,STZ,20.48,10.6769,5,Wells Fargo:21.3|B of A Securities:6.8|JP Morgan:21.6|Morgan Stanley:16.4|RBC Capital:36.3
2026-07-03,TECH,3,0,2,Baird:3|Citigroup:3
2026-07-03,TER,17.6,,1,Susquehanna:17.6
2026-07-03,TFC,8,,1,Citigroup:8
2026-07-03,TROW,2.4,,1,Morgan Stanley:2.4
2026-07-03,TSLA,-1.9,,1,Freedom Broker:-1.9
2026-07-03,TSN,13.6,6.0811,2,B of A Securities:17.9|Bernstein:9.3
2026-07-03,TXN,24.9,,1,UBS:24.9
2026-07-03,UAL,13.3333,3.6896,3,B of A Securities:10.2|Bernstein:12.4|Goldman Sachs:17.4
2026-07-03,USB,10.1,,1,Morgan Stanley:10.1
2026-07-03,VTR,6.1,,1,Evercore ISI Group:6.1
2026-07-03,WDC,36.4,19.0919,2,Cantor Fitzgerald:49.9|B of A Securities:22.9
2026-07-03,WELL,16.4,,1,Deutsche Bank:16.4
2026-07-03,WFC,21.8,,1,Morgan Stanley:21.8
2026-07-03,WMB,17.8,3.1113,2,JP Morgan:20|Jefferies:15.6
2026-07-03,WST,6.5,,1,Keybanc:6.5
2026-07-03,WY,26.6,,1,DA Davidson:26.6
2026-07-06,ADP,-8.4,,1,TD Cowen:-8.4
2026-07-06,ALL,20.5,,1,Raymond James:20.5
2026-07-06,ATO,6.1,,1,Argus Research:6.1
2026-07-06,BAX,5.4,,1,Evercore ISI Group:5.4
2026-07-06,BDX,14,,1,Evercore ISI Group:14
2026-07-06,BRO,2.4,,1,Goldman Sachs:2.4
2026-07-06,BXP,-2.2,,1,Evercore ISI Group:-2.2
2026-07-06,CAH,8.4,,1,B of A Securities:8.4
2026-07-06,CCL,45.1,,1,Tigress Financial:45.1
2026-07-06,CHRW,5,,1,Raymond James:5
2026-07-06,CHTR,-11.1,,1,Goldman Sachs:-11.1
2026-07-06,CMCSA,32,,1,Deutsche Bank:32
2026-07-06,CME,38.7,,1,Raymond James:38.7
2026-07-06,CMI,31.9,,1,Truist Securities:31.9
2026-07-06,COHR,21.5,,1,Raymond James:21.5
2026-07-06,DAL,5.9,,1,B of A Securities:5.9
2026-07-06,DD,21.5,,1,Citigroup:21.5
2026-07-06,DIS,29.4,20.2233,2,JP Morgan:43.7|Raymond James:15.1
2026-07-06,DLR,11.9,,1,Barclays:11.9
2026-07-06,DOW,3.9,,1,B of A Securities:3.9
2026-07-06,DRI,19.1,,1,Argus Research:19.1
2026-07-06,EOG,35.2,,1,Jefferies:35.2
2026-07-06,EQT,42,,1,Jefferies:42
2026-07-06,ES,3.7,,1,Wells Fargo:3.7
2026-07-06,EVRG,8.1,,1,Barclays:8.1
2026-07-06,FCX,22.3,,1,UBS:22.3
2026-07-06,FDS,7.8,21.6801,4,Jefferies:1.2|BMO Capital:10|UBS:36|Wells Fargo:-16
2026-07-06,FRT,5.6,,1,B of A Securities:5.6
2026-07-06,GE,17.35,3.4648,2,Citigroup:14.9|Jefferies:19.8
2026-07-06,GIS,-11.08,4.324,5,Deutsche Bank:-13.2|JP Morgan:-7.9|Jefferies:-5.3|TD Cowen:-15.8|Wells Fargo:-13.2
2026-07-06,GNRC,11,,1,Citigroup:11
2026-07-06,HON,13.7,,1,Deutsche Bank:13.7
2026-07-06,HRL,3.9,,1,B of A Securities:3.9
2026-07-06,ICE,45.1,,1,Goldman Sachs:45.1
2026-07-06,IFF,11.6,6.0811,2,Argus Research:7.3|Morgan Stanley:15.9
2026-07-06,ITW,11,,1,Truist Securities:11
2026-07-06,J,18.7,,1,Truist Securities:18.7
2026-07-06,LDOS,5.9,,1,Jefferies:5.9
2026-07-06,LRCX,14.1,,1,Susquehanna:14.1
2026-07-06,LUV,-6,30.4508,3,B of A Securities:-13.5|Goldman Sachs:-32|Morgan Stanley:27.5
2026-07-06,LYB,-10.7,,1,B of A Securities:-10.7
2026-07-06,MA,15.4,,1,Piper Sandler:15.4
2026-07-06,MDT,26.1,,1,Evercore ISI Group:26.1
2026-07-06,MKC,6.6,,1,Barclays:6.6
2026-07-06,MOS,23.2,,1,Morgan Stanley:23.2
2026-07-06,MRK,9.1,,1,B of A Securities:9.1
2026-07-06,MS,7.4,,1,Goldman Sachs:7.4
2026-07-06,MSFT,35.6,,1,Wolfe Research:35.6
2026-07-06,MTB,9.6,,1,Evercore ISI Group:9.6
2026-07-06,NEM,27.9,,1,UBS:27.9
2026-07-06,NKE,26.1111,32.1774,9,Bernstein:73.9|Jefferies:81.2|B of A Securities:6.6|Barclays:17.9|BTIG:24.7|Guggenheim:36|Piper Sandler:2|Stifel:2|Wells Fargo:-9.3
2026-07-06,NOW,17.7,,1,Guggenheim:17.7
2026-07-06,NTRS,-0.45,2.4749,2,Citigroup:-2.2|Evercore ISI Group:1.3
2026-07-06,PAYX,8.1,,1,Morgan Stanley:8.1
2026-07-06,PCAR,8.1,,1,Truist Securities:8.1
2026-07-06,PEG,0.7,,1,RBC Capital:0.7
2026-07-06,PEP,19.4,0.9899,2,JP Morgan:18.7|UBS:20.1
2026-07-06,PFG,0.9,,1,Morgan Stanley:0.9
2026-07-06,PLD,18.9,5.6569,2,BMO Capital:14.9|BTIG:22.9
2026-07-06,PM,0.5,,1,UBS:0.5
2026-07-06,PNW,1,,1,Barclays:1
2026-07-06,PPG,9.3,,1,Mizuho:9.3
2026-07-06,SLB,35.9,,1,Citigroup:35.9
2026-07-06,SNDK,19.9,,1,B of A Securities:19.9
2026-07-06,STT,15,,1,Goldman Sachs:15
2026-07-06,STX,27.7,,1,B of A Securities:27.7
2026-07-06,STZ,20.48,10.6769,5,Wells Fargo:21.3|B of A Securities:6.8|JP Morgan:21.6|Morgan Stanley:16.4|RBC Capital:36.3
2026-07-06,SYK,6.9,,1,Evercore ISI Group:6.9
2026-07-06,TECH,3,,1,Citigroup:3
2026-07-06,TER,18.95,1.9092,2,Susquehanna:17.6|Goldman Sachs:20.3
2026-07-06,TFC,8,,1,Citigroup:8
2026-07-06,TMO,9.6,,1,Evercore ISI Group:9.6
2026-07-06,TRV,17.1,,1,Raymond James:17.1
2026-07-06,TSLA,-1.9,,1,Freedom Broker:-1.9
2026-07-06,TSN,13.6,6.0811,2,B of A Securities:17.9|Bernstein:9.3
2026-07-06,UAL,13.3333,3.6896,3,B of A Securities:10.2|Bernstein:12.4|Goldman Sachs:17.4
2026-07-06,UNH,-10.3,,1,HSBC:-10.3
2026-07-06,UPS,-31.4,,1,Morgan Stanley:-31.4
2026-07-06,VTR,6.1,,1,Evercore ISI Group:6.1
2026-07-06,WDC,22.9,,1,B of A Securities:22.9
2026-07-06,WELL,16.4,,1,Deutsche Bank:16.4
2026-07-06,WMB,17.8,3.1113,2,JP Morgan:20|Jefferies:15.6
2026-07-06,WRB,4.2,,1,Morgan Stanley:4.2
2026-07-06,WST,6.5,,1,Keybanc:6.5
2026-07-06,WY,26.6,,1,DA Davidson:26.6
2026-07-07,ADP,-8.4,,1,TD Cowen:-8.4
2026-07-07,AJG,15,,1,Barclays:15
2026-07-07,ALL,20.5,,1,Raymond James:20.5
2026-07-07,APTV,27,,1,Deutsche Bank:27
2026-07-07,ARE,19.9,,1,Mizuho:19.9
2026-07-07,ATO,6.1,,1,Argus Research:6.1
2026-07-07,AXON,17.6,,1,Needham:17.6
2026-07-07,BAX,5.4,,1,Evercore ISI Group:5.4
2026-07-07,BDX,14,,1,Evercore ISI Group:14
2026-07-07,BRO,2.4,,1,Goldman Sachs:2.4
2026-07-07,BXP,-2.2,,1,Evercore ISI Group:-2.2
2026-07-07,C,22.2,,1,B of A Securities:22.2
2026-07-07,CAH,8.4,,1,B of A Securities:8.4
2026-07-07,CHRW,-23.5,40.3051,2,Raymond James:5|Morgan Stanley:-52
2026-07-07,CHTR,-11.1,,1,Goldman Sachs:-11.1
2026-07-07,CMCSA,28.85,4.4548,2,Deutsche Bank:32|Morgan Stanley:25.7
2026-07-07,CME,24.2,20.5061,2,Raymond James:38.7|UBS:9.7
2026-07-07,CMI,31.9,,1,Truist Securities:31.9
2026-07-07,COHR,21.5,,1,Raymond James:21.5
2026-07-07,DAL,5.9,,1,B of A Securities:5.9
2026-07-07,DD,21.5,,1,Citigroup:21.5
2026-07-07,DIS,15.1,,1,Raymond James:15.1
2026-07-07,DLR,11.9,,1,Barclays:11.9
2026-07-07,DLTR,37.6,,1,JP Morgan:37.6
2026-07-07,DOW,19.8,,1,BMO Capital:19.8
2026-07-07,DRI,19.1,,1,Argus Research:19.1
2026-07-07,EG,-4,,1,Morgan Stanley:-4
2026-07-07,EOG,35.2,,1,Jefferies:35.2
2026-07-07,EQT,42,,1,Jefferies:42
2026-07-07,ES,3.7,,1,Wells Fargo:3.7
2026-07-07,FDS,7.8,21.6801,4,Jefferies:1.2|BMO Capital:10|UBS:36|Wells Fargo:-16
2026-07-07,FITB,14.7,,1,Wells Fargo:14.7
2026-07-07,GE,17.35,3.4648,2,Citigroup:14.9|Jefferies:19.8
2026-07-07,GIS,-11.08,4.324,5,Deutsche Bank:-13.2|JP Morgan:-7.9|Jefferies:-5.3|TD Cowen:-15.8|Wells Fargo:-13.2
2026-07-07,GL,17.1,,1,Morgan Stanley:17.1
2026-07-07,GLW,29.9,,1,B of A Securities:29.9
2026-07-07,GNRC,11,,1,Citigroup:11
2026-07-07,HBAN,7.1,1.9799,2,Jefferies:5.7|JP Morgan:8.5
2026-07-07,IBM,8,,1,B of A Securities:8
2026-07-07,ICE,45.1,,1,Goldman Sachs:45.1
2026-07-07,IFF,11.6,6.0811,2,Argus Research:7.3|Morgan Stanley:15.9
2026-07-07,ITW,11,,1,Truist Securities:11
2026-07-07,J,18.7,,1,Truist Securities:18.7
2026-07-07,JBHT,-28,,1,Morgan Stanley:-28
2026-07-07,KEY,9.6,7.4953,2,JP Morgan:4.3|Wells Fargo:14.9
2026-07-07,LDOS,5.9,,1,Jefferies:5.9
2026-07-07,LUV,-6,30.4508,3,B of A Securities:-13.5|Goldman Sachs:-32|Morgan Stanley:27.5
2026-07-07,MA,15.4,,1,Piper Sandler:15.4
2026-07-07,MCO,-1.1,,1,Morgan Stanley:-1.1
2026-07-07,MDT,26.1,,1,Evercore ISI Group:26.1
2026-07-07,MGM,3,,1,Wells Fargo:3
2026-07-07,MOS,23.2,,1,Morgan Stanley:23.2
2026-07-07,MRK,-6.8,,1,Cantor Fitzgerald:-6.8
2026-07-07,MRNA,-49.45,6.0104,2,B of A Securities:-53.7|RBC Capital:-45.2
2026-07-07,MS,10.1,3.8184,2,Goldman Sachs:7.4|B of A Securities:12.8
2026-07-07,MSFT,33.4,3.1113,2,Wolfe Research:35.6|BMO Capital:31.2
2026-07-07,MTB,9.6,,1,Evercore ISI Group:9.6
2026-07-07,NEE,3.3,,1,Barclays:3.3
2026-07-07,NEM,52,,1,Jefferies:52
2026-07-07,NKE,26.1111,32.1774,9,Bernstein:73.9|Jefferies:81.2|B of A Securities:6.6|Barclays:17.9|BTIG:24.7|Guggenheim:36|Piper Sandler:2|Stifel:2|Wells Fargo:-9.3
2026-07-07,NOW,17.7,,1,Guggenheim:17.7
2026-07-07,NTRS,1.3,,1,Evercore ISI Group:1.3
2026-07-07,O,2.1,,1,Baird:2.1
2026-07-07,ODFL,11.4,,1,Morgan Stanley:11.4
2026-07-07,PAYX,8.1,,1,Morgan Stanley:8.1
2026-07-07,PCAR,8.1,,1,Truist Securities:8.1
2026-07-07,PEG,0.7,,1,RBC Capital:0.7
2026-07-07,PEP,19.4,0.9899,2,JP Morgan:18.7|UBS:20.1
2026-07-07,PFE,12.3,,1,Cantor Fitzgerald:12.3
2026-07-07,PFG,-8.95,13.93,2,Morgan Stanley:0.9|Barclays:-18.8
2026-07-07,PLD,22.9,,1,BTIG:22.9
2026-07-07,PM,0.5,,1,UBS:0.5
2026-07-07,PNW,1,,1,Barclays:1
2026-07-07,PPG,9.9,0.8485,2,Mizuho:9.3|BMO Capital:10.5
2026-07-07,PRU,-19.9,,1,Barclays:-19.9
2026-07-07,SLB,35.9,,1,Citigroup:35.9
2026-07-07,SNDK,19.9,,1,B of A Securities:19.9
2026-07-07,SPGI,17.4,,1,Morgan Stanley:17.4
2026-07-07,STT,15,,1,Goldman Sachs:15
2026-07-07,STX,27.7,,1,B of A Securities:27.7
2026-07-07,STZ,20.275,12.3173,4,B of A Securities:6.8|JP Morgan:21.6|Morgan Stanley:16.4|RBC Capital:36.3
2026-07-07,SYF,16.4,,1,TD Cowen:16.4
2026-07-07,SYK,6.9,,1,Evercore ISI Group:6.9
2026-07-07,TER,20.3,,1,Goldman Sachs:20.3
2026-07-07,TFC,5.3,,1,Morgan Stanley:5.3
2026-07-07,TMO,9.6,,1,Evercore ISI Group:9.6
2026-07-07,TMUS,21.05,3.7477,2,B of A Securities:18.4|Morgan Stanley:23.7
2026-07-07,TRMB,49.3,,1,Oppenheimer:49.3
2026-07-07,TRV,17.1,,1,Raymond James:17.1
2026-07-07,TSLA,-1.9,,1,Freedom Broker:-1.9
2026-07-07,TSN,13.6,6.0811,2,B of A Securities:17.9|Bernstein:9.3
2026-07-07,UAL,13.3333,3.6896,3,B of A Securities:10.2|Bernstein:12.4|Goldman Sachs:17.4
2026-07-07,UNH,-10.3,,1,HSBC:-10.3
2026-07-07,UPS,-31.4,,1,Morgan Stanley:-31.4
2026-07-07,VRTX,7.5,,1,RBC Capital:7.5
2026-07-07,VTR,6.1,,1,Evercore ISI Group:6.1
2026-07-07,WDC,22.9,,1,B of A Securities:22.9
2026-07-07,WELL,16.4,,1,Deutsche Bank:16.4
2026-07-07,WFC,15.9,,1,B of A Securities:15.9
2026-07-07,WMB,17.8,3.1113,2,JP Morgan:20|Jefferies:15.6
2026-07-07,WRB,4.2,,1,Morgan Stanley:4.2
2026-07-07,WST,6.5,,1,Keybanc:6.5
2026-07-08,ACGL,9.35,9.5459,2,Barclays:2.6|UBS:16.1
2026-07-08,ADP,-8.4,,1,TD Cowen:-8.4
2026-07-08,AFL,1.6,,1,UBS:1.6
2026-07-08,AIG,20.8,,1,UBS:20.8
2026-07-08,AJG,15,,1,Barclays:15
2026-07-08,ALL,20.5,,1,Raymond James:20.5
2026-07-08,APTV,27,,1,Deutsche Bank:27
2026-07-08,ARE,19.9,,1,Mizuho:19.9
2026-07-08,ATO,6.1,,1,Argus Research:6.1
2026-07-08,AWK,8.1,,1,JP Morgan:8.1
2026-07-08,AXON,17.6,,1,Needham:17.6
2026-07-08,BAX,5.4,,1,Evercore ISI Group:5.4
2026-07-08,BDX,14,,1,Evercore ISI Group:14
2026-07-08,BKR,34.3,,1,Citigroup:34.3
2026-07-08,BRO,6.1,3.8588,3,Goldman Sachs:2.4|Barclays:10.1|UBS:5.8
2026-07-08,BXP,-2.2,,1,Evercore ISI Group:-2.2
2026-07-08,C,22.2,,1,B of A Securities:22.2
2026-07-08,CAH,8.4,,1,B of A Securities:8.4
2026-07-08,CF,-1.1,,1,Morgan Stanley:-1.1
2026-07-08,CFG,15.8,,1,UBS:15.8
2026-07-08,CHRW,-23.5,40.3051,2,Raymond James:5|Morgan Stanley:-52
2026-07-08,CHTR,-11.1,,1,Goldman Sachs:-11.1
2026-07-08,CMCSA,25.7,,1,Morgan Stanley:25.7
2026-07-08,CME,24.2,20.5061,2,Raymond James:38.7|UBS:9.7
2026-07-08,CMI,31.9,,1,Truist Securities:31.9
2026-07-08,CNC,13.1,,1,Cantor Fitzgerald:13.1
2026-07-08,COHR,21.5,,1,Raymond James:21.5
2026-07-08,COP,32.7,,1,Mizuho:32.7
2026-07-08,CSX,8.5,,1,Baird:8.5
2026-07-08,DAL,24.4,,1,Susquehanna:24.4
2026-07-08,DD,21.5,,1,Citigroup:21.5
2026-07-08,DIS,15.1,,1,Raymond James:15.1
2026-07-08,DLR,11.9,,1,Barclays:11.9
2026-07-08,DLTR,37.6,,1,JP Morgan:37.6
2026-07-08,DOW,19.8,,1,BMO Capital:19.8
2026-07-08,DVN,27.2,,1,JP Morgan:27.2
2026-07-08,ECL,21.1,,1,RBC Capital:21.1
2026-07-08,EFX,27.1,,1,UBS:27.1
2026-07-08,EG,-4,,1,Morgan Stanley:-4
2026-07-08,ELV,7.6,,1,Cantor Fitzgerald:7.6
2026-07-08,EOG,35.2,,1,Jefferies:35.2
2026-07-08,EQT,42,,1,Jefferies:42
2026-07-08,ES,3.7,,1,Wells Fargo:3.7
2026-07-08,FDS,7.8,21.6801,4,Jefferies:1.2|BMO Capital:10|UBS:36|Wells Fargo:-16
2026-07-08,FITB,13.9,1.1314,2,Wells Fargo:14.7|UBS:13.1
2026-07-08,FRT,-0.3,,1,Evercore ISI Group:-0.3
2026-07-08,GE,19.8,,1,Jefferies:19.8
2026-07-08,GILD,14.2,,1,Truist Securities:14.2
2026-07-08,GIS,-11.08,4.324,5,Deutsche Bank:-13.2|JP Morgan:-7.9|Jefferies:-5.3|TD Cowen:-15.8|Wells Fargo:-13.2
2026-07-08,GL,17.1,,1,Morgan Stanley:17.1
2026-07-08,GLW,29.9,,1,B of A Securities:29.9
2026-07-08,GNRC,11,,1,Citigroup:11
2026-07-08,HBAN,12.3667,9.2289,3,Jefferies:5.7|JP Morgan:8.5|UBS:22.9
2026-07-08,HCA,25.3,,1,Cantor Fitzgerald:25.3
2026-07-08,HUM,-24.3,,1,Cantor Fitzgerald:-24.3
2026-07-08,IBM,8,,1,B of A Securities:8
2026-07-08,IFF,15.9,,1,Morgan Stanley:15.9
2026-07-08,INVH,15.9,,1,UBS:15.9
2026-07-08,ITW,11,,1,Truist Securities:11
2026-07-08,J,18.7,,1,Truist Securities:18.7
2026-07-08,JBHT,-28,,1,Morgan Stanley:-28
2026-07-08,JNJ,10.9,,1,Citigroup:10.9
2026-07-08,KEY,11.7667,6.4941,3,JP Morgan:4.3|Wells Fargo:14.9|UBS:16.1
2026-07-08,LLY,12.5,3.1113,2,JP Morgan:14.7|Morgan Stanley:10.3
2026-07-08,LUV,3.0667,31.1426,3,Goldman Sachs:-32|Morgan Stanley:27.5|Susquehanna:13.7
2026-07-08,MA,28,,1,Baird:28
2026-07-08,MCO,1.35,3.4648,2,Morgan Stanley:-1.1|BMO Capital:3.8
2026-07-08,MDT,26.1,,1,Evercore ISI Group:26.1
2026-07-08,MET,14.6,,1,UBS:14.6
2026-07-08,MGM,3,,1,Wells Fargo:3
2026-07-08,MO,8.3,,1,UBS:8.3
2026-07-08,MRK,-6.8,,1,Cantor Fitzgerald:-6.8
2026-07-08,MRNA,-49.45,6.0104,2,B of A Securities:-53.7|RBC Capital:-45.2
2026-07-08,MS,10.1,3.8184,2,Goldman Sachs:7.4|B of A Securities:12.8
2026-07-08,MSFT,33.4,3.1113,2,Wolfe Research:35.6|BMO Capital:31.2
2026-07-08,MTB,9.6,,1,Evercore ISI Group:9.6
2026-07-08,NEE,3.3,,1,Barclays:3.3
2026-07-08,NEM,52,,1,Jefferies:52
2026-07-08,NKE,11.4143,15.5593,7,B of A Securities:6.6|Barclays:17.9|BTIG:24.7|Guggenheim:36|Piper Sandler:2|Stifel:2|Wells Fargo:-9.3
2026-07-08,NOW,17.7,,1,Guggenheim:17.7
2026-07-08,NTRS,5.9,6.5054,2,Evercore ISI Group:1.3|B of A Securities:10.5
2026-07-08,O,2.1,,1,Baird:2.1
2026-07-08,ODFL,11.4,,1,Morgan Stanley:11.4
2026-07-08,PANW,-5,,1,Evercore ISI Group:-5
2026-07-08,PCAR,8.1,,1,Truist Securities:8.1
2026-07-08,PEG,0.7,,1,RBC Capital:0.7
2026-07-08,PEP,19.4,0.9899,2,JP Morgan:18.7|UBS:20.1
2026-07-08,PFE,14.35,2.8991,2,Cantor Fitzgerald:12.3|JP Morgan:16.4
2026-07-08,PFG,-8.95,13.93,2,Morgan Stanley:0.9|Barclays:-18.8
2026-07-08,PLD,22.9,,1,BTIG:22.9
2026-07-08,PM,0.5,,1,UBS:0.5
2026-07-08,PNC,13.9,,1,UBS:13.9
2026-07-08,PNW,1,,1,Barclays:1
2026-07-08,PODD,7.2,,1,Citigroup:7.2
2026-07-08,PPG,9.9,0.8485,2,Mizuho:9.3|BMO Capital:10.5
2026-07-08,PRU,-19.9,,1,Barclays:-19.9
2026-07-08,RF,8.4,,1,UBS:8.4
2026-07-08,SHW,21.7,,1,RBC Capital:21.7
2026-07-08,SPGI,16.8333,2.3029,3,Morgan Stanley:17.4|BMO Capital:14.3|UBS:18.8
2026-07-08,STT,6.1,,1,B of A Securities:6.1
2026-07-08,STX,27.7,,1,B of A Securities:27.7
2026-07-08,STZ,20.275,12.3173,4,B of A Securities:6.8|JP Morgan:21.6|Morgan Stanley:16.4|RBC Capital:36.3
2026-07-08,SYF,16.4,,1,TD Cowen:16.4
2026-07-08,SYK,6.9,,1,Evercore ISI Group:6.9
2026-07-08,TER,20.3,,1,Goldman Sachs:20.3
2026-07-08,TFC,6.95,2.3335,2,Morgan Stanley:5.3|UBS:8.6
2026-07-08,TMO,9.6,,1,Evercore ISI Group:9.6
2026-07-08,TMUS,21.05,3.7477,2,B of A Securities:18.4|Morgan Stanley:23.7
2026-07-08,TRMB,49.3,,1,Oppenheimer:49.3
2026-07-08,TRV,17.1,,1,Raymond James:17.1
2026-07-08,TSCO,31.7,,1,Evercore ISI Group:31.7
2026-07-08,TSLA,-1.9,,1,Freedom Broker:-1.9
2026-07-08,TSN,13.6,6.0811,2,B of A Securities:17.9|Bernstein:9.3
2026-07-08,UAL,17.4,,1,Goldman Sachs:17.4
2026-07-08,UNH,-10.3,,1,HSBC:-10.3
2026-07-08,UPS,-31.4,,1,Morgan Stanley:-31.4
2026-07-08,VMC,18.6,,1,UBS:18.6
2026-07-08,VRTX,-12.8,28.7085,2,RBC Capital:7.5|Baird:-33.1
2026-07-08,VTR,6.1,,1,Evercore ISI Group:6.1
2026-07-08,WDC,22.9,,1,B of A Securities:22.9
2026-07-08,WELL,14.5,,1,UBS:14.5
2026-07-08,WFC,15.9,,1,B of A Securities:15.9
2026-07-08,WM,7.1,5.6569,2,CIBC:3.1|Oppenheimer:11.1
2026-07-08,WMB,15.6,,1,Jefferies:15.6
2026-07-08,WRB,0.3,5.5154,2,Morgan Stanley:4.2|Keefe; Bruyette & Woods:-3.6
2026-07-08,WST,6.5,,1,Keybanc:6.5
2026-07-09,ACGL,9.35,9.5459,2,Barclays:2.6|UBS:16.1
2026-07-09,ADP,-8.4,,1,TD Cowen:-8.4
2026-07-09,AFL,1.6,,1,UBS:1.6
2026-07-09,AIG,20.8,,1,UBS:20.8
2026-07-09,AJG,15,,1,Barclays:15
2026-07-09,ALL,20.5,,1,Raymond James:20.5
2026-07-09,APTV,27,,1,Deutsche Bank:27
2026-07-09,ARE,19.9,,1,Mizuho:19.9
2026-07-09,ATO,6.1,,1,Argus Research:6.1
2026-07-09,AWK,8.1,,1,JP Morgan:8.1
2026-07-09,AXON,17.6,,1,Needham:17.6
2026-07-09,BALL,22,5.7983,2,Citigroup:17.9|RBC Capital:26.1
2026-07-09,BAX,5.4,,1,Evercore ISI Group:5.4
2026-07-09,BDX,14,,1,Evercore ISI Group:14
2026-07-09,BKR,34.3,,1,Citigroup:34.3
2026-07-09,BRO,8.3667,2.2679,3,Barclays:10.1|UBS:5.8|Keefe; Bruyette & Woods:9.2
2026-07-09,BXP,-2.2,,1,Evercore ISI Group:-2.2
2026-07-09,C,22.2,,1,B of A Securities:22.2
2026-07-09,CB,9.8,,1,Keefe; Bruyette & Woods:9.8
2026-07-09,CF,-1.1,,1,Morgan Stanley:-1.1
2026-07-09,CFG,15.8,,1,UBS:15.8
2026-07-09,CHD,15.1,,1,Wells Fargo:15.1
2026-07-09,CHRW,-23.5,40.3051,2,Raymond James:5|Morgan Stanley:-52
2026-07-09,CL,3.9,,1,Piper Sandler:3.9
2026-07-09,CMCSA,25.7,,1,Morgan Stanley:25.7
2026-07-09,CME,9.7,,1,UBS:9.7
2026-07-09,CMI,31.9,,1,Truist Securities:31.9
2026-07-09,CNC,13.1,,1,Cantor Fitzgerald:13.1
2026-07-09,COHR,21.5,,1,Raymond James:21.5
2026-07-09,COP,32.7,,1,Mizuho:32.7
2026-07-09,CSX,8.5,,1,Baird:8.5
2026-07-09,CVS,7.9,,1,RBC Capital:7.9
2026-07-09,DAL,24.4,,1,Susquehanna:24.4
2026-07-09,DD,21.5,,1,Citigroup:21.5
2026-07-09,DIS,15.1,,1,Raymond James:15.1
2026-07-09,DLTR,17.5333,18.4177,3,JP Morgan:37.6|Goldman Sachs:1.4|Raymond James:13.6
2026-07-09,DOW,19.8,,1,BMO Capital:19.8
2026-07-09,DVN,27.2,,1,JP Morgan:27.2
2026-07-09,ECL,21.75,0.9192,2,RBC Capital:21.1|Deutsche Bank:22.4
2026-07-09,EFX,27.1,,1,UBS:27.1
2026-07-09,EG,4.35,11.8087,2,Morgan Stanley:-4|Keefe; Bruyette & Woods:12.7
2026-07-09,ELV,7.6,,1,Cantor Fitzgerald:7.6
2026-07-09,EOG,35.2,,1,Jefferies:35.2
2026-07-09,EQT,42,,1,Jefferies:42
2026-07-09,ES,3.7,,1,Wells Fargo:3.7
2026-07-09,EW,18.2,,1,Citigroup:18.2
2026-07-09,FCX,20.65,4.7376,2,Goldman Sachs:24|Morgan Stanley:17.3
2026-07-09,FDS,10,26,3,BMO Capital:10|UBS:36|Wells Fargo:-16
2026-07-09,FITB,13.9,1.1314,2,Wells Fargo:14.7|UBS:13.1
2026-07-09,FRT,-0.3,,1,Evercore ISI Group:-0.3
2026-07-09,GD,18.5,,1,Jefferies:18.5
2026-07-09,GE,19.8,,1,Jefferies:19.8
2026-07-09,GILD,14.2,,1,Truist Securities:14.2
2026-07-09,GIS,-11.4333,5.4684,3,Jefferies:-5.3|TD Cowen:-15.8|Wells Fargo:-13.2
2026-07-09,GL,12.8,6.0811,2,Morgan Stanley:17.1|Wells Fargo:8.5
2026-07-09,GLW,29.9,,1,B of A Securities:29.9
2026-07-09,GNRC,11,,1,Citigroup:11
2026-07-09,HAL,21.7,,1,Susquehanna:21.7
2026-07-09,HBAN,12.3667,9.2289,3,Jefferies:5.7|JP Morgan:8.5|UBS:22.9
2026-07-09,HCA,25.3,,1,Cantor Fitzgerald:25.3
2026-07-09,HSY,15.5,,1,Piper Sandler:15.5
2026-07-09,HUM,-9.6,20.7889,2,Cantor Fitzgerald:-24.3|RBC Capital:5.1
2026-07-09,IBM,8,,1,B of A Securities:8
2026-07-09,INVH,15.9,,1,UBS:15.9
2026-07-09,ITW,11,,1,Truist Securities:11
2026-07-09,J,18.7,,1,Truist Securities:18.7
2026-07-09,JBHT,-21.1,9.7581,2,Morgan Stanley:-28|Goldman Sachs:-14.2
2026-07-09,JNJ,10.9,,1,Citigroup:10.9
2026-07-09,KEY,11.7667,6.4941,3,JP Morgan:4.3|Wells Fargo:14.9|UBS:16.1
2026-07-09,KHC,0.9,,1,Wells Fargo:0.9
2026-07-09,KIM,15.3,,1,UBS:15.3
2026-07-09,LLY,12.5,3.1113,2,JP Morgan:14.7|Morgan Stanley:10.3
2026-07-09,LRCX,9.6,,1,TD Cowen:9.6
2026-07-09,LUV,20.6,9.7581,2,Morgan Stanley:27.5|Susquehanna:13.7
2026-07-09,LYV,11,,1,Goldman Sachs:11
2026-07-09,MA,28,,1,Baird:28
2026-07-09,MCO,1.35,3.4648,2,Morgan Stanley:-1.1|BMO Capital:3.8
2026-07-09,MDT,26.1,,1,Evercore ISI Group:26.1
2026-07-09,MET,14.6,,1,UBS:14.6
2026-07-09,MGM,3,,1,Wells Fargo:3
2026-07-09,MNST,10.7,,1,Wells Fargo:10.7
2026-07-09,MO,8.3,,1,UBS:8.3
2026-07-09,MRK,-6.8,,1,Cantor Fitzgerald:-6.8
2026-07-09,MRNA,-49.45,6.0104,2,B of A Securities:-53.7|RBC Capital:-45.2
2026-07-09,MS,10.1,3.8184,2,Goldman Sachs:7.4|B of A Securities:12.8
2026-07-09,MSCI,26.2,,1,Raymond James:26.2
2026-07-09,MSFT,33.4,3.1113,2,Wolfe Research:35.6|BMO Capital:31.2
2026-07-09,MTB,9.6,,1,Evercore ISI Group:9.6
2026-07-09,NCLH,17,,1,Morgan Stanley:17
2026-07-09,NDAQ,33.9,,1,Raymond James:33.9
2026-07-09,NEE,3.3,,1,Barclays:3.3
2026-07-09,NEM,52,,1,Jefferies:52
2026-07-09,NOW,42.1,,1,Goldman Sachs:42.1
2026-07-09,NTRS,2.8,7.0704,3,Evercore ISI Group:1.3|B of A Securities:10.5|Keefe; Bruyette & Woods:-3.4
2026-07-09,O,2.1,,1,Baird:2.1
2026-07-09,ODFL,12.55,1.6263,2,Morgan Stanley:11.4|Wells Fargo:13.7
2026-07-09,OKE,-3.2,,1,Barclays:-3.2
2026-07-09,ON,53.1,,1,Susquehanna:53.1
2026-07-09,PANW,-5,,1,Evercore ISI Group:-5
2026-07-09,PCAR,8.1,,1,Truist Securities:8.1
2026-07-09,PEG,0.7,,1,RBC Capital:0.7
2026-07-09,PEP,20.1,,1,UBS:20.1
2026-07-09,PFE,14.35,2.8991,2,Cantor Fitzgerald:12.3|JP Morgan:16.4
2026-07-09,PFG,-8.95,13.93,2,Morgan Stanley:0.9|Barclays:-18.8
2026-07-09,PM,0.5,,1,UBS:0.5
2026-07-09,PNC,13.9,,1,UBS:13.9
2026-07-09,PODD,7.2,,1,Citigroup:7.2
2026-07-09,PPG,10.5,,1,BMO Capital:10.5
2026-07-09,PRU,-19.9,,1,Barclays:-19.9
2026-07-09,REG,6.4,,1,UBS:6.4
2026-07-09,RF,8.4,,1,UBS:8.4
2026-07-09,ROL,45.6,,1,Morgan Stanley:45.6
2026-07-09,SHW,21.7,,1,RBC Capital:21.7
2026-07-09,SPG,1.2,,1,UBS:1.2
2026-07-09,SPGI,16.8333,2.3029,3,Morgan Stanley:17.4|BMO Capital:14.3|UBS:18.8
2026-07-09,STT,6.1,,1,B of A Securities:6.1
2026-07-09,STZ,26.35,14.0714,2,Morgan Stanley:16.4|RBC Capital:36.3
2026-07-09,SYF,16.4,,1,TD Cowen:16.4
2026-07-09,SYK,6.9,,1,Evercore ISI Group:6.9
2026-07-09,T,14.7,,1,Barclays:14.7
2026-07-09,TAP,6.1,,1,Wells Fargo:6.1
2026-07-09,TECH,3.2,,1,RBC Capital:3.2
2026-07-09,TER,20.3,,1,Goldman Sachs:20.3
2026-07-09,TFC,8.7,3.4511,3,Morgan Stanley:5.3|UBS:8.6|B of A Securities:12.2
2026-07-09,TMO,9.6,,1,Evercore ISI Group:9.6
2026-07-09,TMUS,21.05,3.7477,2,B of A Securities:18.4|Morgan Stanley:23.7
2026-07-09,TRMB,49.3,,1,Oppenheimer:49.3
2026-07-09,TRV,10.8,8.9095,2,Raymond James:17.1|Keefe; Bruyette & Woods:4.5
2026-07-09,TSCO,31.7,,1,Evercore ISI Group:31.7
2026-07-09,TSN,9.3,,1,Bernstein:9.3
2026-07-09,UAL,17.4,,1,Goldman Sachs:17.4
2026-07-09,UDR,2.6,,1,Truist Securities:2.6
2026-07-09,UNH,-10.3,,1,HSBC:-10.3
2026-07-09,UPS,-6.15,35.7089,2,Morgan Stanley:-31.4|Citigroup:19.1
2026-07-09,USB,17.6,,1,Raymond James:17.6
2026-07-09,V,21.6,,1,Barclays:21.6
2026-07-09,VMC,18.6,,1,UBS:18.6
2026-07-09,VRTX,-12.8,28.7085,2,RBC Capital:7.5|Baird:-33.1
2026-07-09,WAT,4.9,,1,Morgan Stanley:4.9
2026-07-09,WDC,-15.8,,1,Susquehanna:-15.8
2026-07-09,WELL,14.5,,1,UBS:14.5
2026-07-09,WFC,15.9,,1,B of A Securities:15.9
2026-07-09,WM,7.1,5.6569,2,CIBC:3.1|Oppenheimer:11.1
2026-07-09,WMB,-0.8,,1,Barclays:-0.8
2026-07-09,WRB,0.3,5.5154,2,Morgan Stanley:4.2|Keefe; Bruyette & Woods:-3.6
2026-07-09,WST,6.5,,1,Keybanc:6.5
2026-07-09,XYZ,31.6,,1,Barclays:31.6
2026-07-10,ACGL,9.35,9.5459,2,Barclays:2.6|UBS:16.1
2026-07-10,ADP,-8.4,,1,TD Cowen:-8.4
2026-07-10,AEE,4.6,,1,Barclays:4.6
2026-07-10,AFL,-5,9.3338,2,UBS:1.6|Jefferies:-11.6
2026-07-10,AIG,20.8,,1,UBS:20.8
2026-07-10,AJG,15,,1,Barclays:15
2026-07-10,ALL,20.5,,1,Raymond James:20.5
2026-07-10,APH,14.5,,1,B of A Securities:14.5
2026-07-10,APTV,27,,1,Deutsche Bank:27
2026-07-10,ARE,19.9,,1,Mizuho:19.9
2026-07-10,AWK,8.1,,1,JP Morgan:8.1
2026-07-10,AXON,17.6,,1,Needham:17.6
2026-07-10,AXP,11.3,,1,B of A Securities:11.3
2026-07-10,BALL,22,5.7983,2,Citigroup:17.9|RBC Capital:26.1
2026-07-10,BAX,5.4,,1,Evercore ISI Group:5.4
2026-07-10,BDX,14,,1,Evercore ISI Group:14
2026-07-10,BKR,34.3,,1,Citigroup:34.3
2026-07-10,BMY,14.2,,1,B of A Securities:14.2
2026-07-10,BRO,8.3667,2.2679,3,Barclays:10.1|UBS:5.8|Keefe; Bruyette & Woods:9.2
2026-07-10,BXP,-2.2,,1,Evercore ISI Group:-2.2
2026-07-10,C,22.2,,1,B of A Securities:22.2
2026-07-10,CB,8.5,1.8385,2,Keefe; Bruyette & Woods:9.8|Evercore ISI Group:7.2
2026-07-10,CF,-1.1,,1,Morgan Stanley:-1.1
2026-07-10,CFG,15.8,,1,UBS:15.8
2026-07-10,CHD,15.1,,1,Wells Fargo:15.1
2026-07-10,CHRW,-52,,1,Morgan Stanley:-52
2026-07-10,CL,3.9,,1,Piper Sandler:3.9
2026-07-10,CMCSA,25.7,,1,Morgan Stanley:25.7
2026-07-10,CME,10.95,1.7678,2,UBS:9.7|Barclays:12.2
2026-07-10,CNC,13.1,,1,Cantor Fitzgerald:13.1
2026-07-10,COF,14.5,,1,B of A Securities:14.5
2026-07-10,COP,32.7,,1,Mizuho:32.7
2026-07-10,COST,20.4,,1,JP Morgan:20.4
2026-07-10,CSX,8.5,,1,Baird:8.5
2026-07-10,CVS,7.9,,1,RBC Capital:7.9
2026-07-10,DAL,24.4,,1,Susquehanna:24.4
2026-07-10,DLTR,17.5333,18.4177,3,JP Morgan:37.6|Goldman Sachs:1.4|Raymond James:13.6
2026-07-10,DOW,19.8,,1,BMO Capital:19.8
2026-07-10,DVA,16.9,,1,UBS:16.9
2026-07-10,DVN,27.2,,1,JP Morgan:27.2
2026-07-10,ECL,21.75,0.9192,2,RBC Capital:21.1|Deutsche Bank:22.4
2026-07-10,EFX,27.1,,1,UBS:27.1
2026-07-10,EG,4.35,11.8087,2,Morgan Stanley:-4|Keefe; Bruyette & Woods:12.7
2026-07-10,ELV,7.6,,1,Cantor Fitzgerald:7.6
2026-07-10,EW,18.2,,1,Citigroup:18.2
2026-07-10,EXR,13.8,,1,UBS:13.8
2026-07-10,F,2.7,,1,Barclays:2.7
2026-07-10,FCX,25.325,6.3866,4,Goldman Sachs:24|Morgan Stanley:17.3|B of A Securities:32.5|JP Morgan:27.5
2026-07-10,FITB,13.9,1.1314,2,Wells Fargo:14.7|UBS:13.1
2026-07-10,FRT,-0.3,,1,Evercore ISI Group:-0.3
2026-07-10,GD,18.5,,1,Jefferies:18.5
2026-07-10,GILD,14.2,,1,Truist Securities:14.2
2026-07-10,GL,12.8,6.0811,2,Morgan Stanley:17.1|Wells Fargo:8.5
2026-07-10,GLW,29.9,,1,B of A Securities:29.9
2026-07-10,GPN,25.6,,1,Wells Fargo:25.6
2026-07-10,HAL,21.7,,1,Susquehanna:21.7
2026-07-10,HAS,30.5,,1,Citigroup:30.5
2026-07-10,HBAN,12.3667,9.2289,3,Jefferies:5.7|JP Morgan:8.5|UBS:22.9
2026-07-10,HCA,25.3,,1,Cantor Fitzgerald:25.3
2026-07-10,HIG,5.4,,1,Evercore ISI Group:5.4
2026-07-10,HRL,2.5,,1,Stephens & Co.:2.5
2026-07-10,HSY,15.5,,1,Piper Sandler:15.5
2026-07-10,HUM,-9.6,20.7889,2,Cantor Fitzgerald:-24.3|RBC Capital:5.1
2026-07-10,IBM,8,,1,B of A Securities:8
2026-07-10,INVH,15.9,,1,UBS:15.9
2026-07-10,JBHT,-21.1,9.7581,2,Morgan Stanley:-28|Goldman Sachs:-14.2
2026-07-10,JNJ,6,6.9296,2,Citigroup:10.9|B of A Securities:1.1
2026-07-10,KEY,11.7667,6.4941,3,JP Morgan:4.3|Wells Fargo:14.9|UBS:16.1
2026-07-10,KHC,0.9,,1,Wells Fargo:0.9
2026-07-10,KIM,15.3,,1,UBS:15.3
2026-07-10,KO,14.8,,1,B of A Securities:14.8
2026-07-10,LDOS,46.9,,1,Truist Securities:46.9
2026-07-10,LIN,0,,1,Evercore ISI Group:0
2026-07-10,LLY,12.5,3.1113,2,JP Morgan:14.7|Morgan Stanley:10.3
2026-07-10,LRCX,9.6,,1,TD Cowen:9.6
2026-07-10,LUV,20.6,9.7581,2,Morgan Stanley:27.5|Susquehanna:13.7
2026-07-10,LYV,11,,1,Goldman Sachs:11
2026-07-10,MA,28,,1,Baird:28
2026-07-10,MCO,1.35,3.4648,2,Morgan Stanley:-1.1|BMO Capital:3.8
2026-07-10,MDT,26.1,,1,Evercore ISI Group:26.1
2026-07-10,MET,14.6,,1,UBS:14.6
2026-07-10,MGM,2.8,0.2828,2,Wells Fargo:3|Barclays:2.6
2026-07-10,MNST,10.7,,1,Wells Fargo:10.7
2026-07-10,MO,8.3,,1,UBS:8.3
2026-07-10,MRK,-6.8,,1,Cantor Fitzgerald:-6.8
2026-07-10,MRNA,-49.45,6.0104,2,B of A Securities:-53.7|RBC Capital:-45.2
2026-07-10,MS,10.1,3.8184,2,Goldman Sachs:7.4|B of A Securities:12.8
2026-07-10,MSCI,26.2,,1,Raymond James:26.2
2026-07-10,MSFT,32.7667,2.4583,3,Wolfe Research:35.6|BMO Capital:31.2|Argus Research:31.5
2026-07-10,MTB,9.6,,1,Evercore ISI Group:9.6
2026-07-10,NCLH,17,,1,Morgan Stanley:17
2026-07-10,NDAQ,33.9,,1,Raymond James:33.9
2026-07-10,NEE,3.3,,1,Barclays:3.3
2026-07-10,NEM,46.35,7.9903,2,Jefferies:52|B of A Securities:40.7
2026-07-10,NOW,42.1,,1,Goldman Sachs:42.1
2026-07-10,NTRS,2.8,7.0704,3,Evercore ISI Group:1.3|B of A Securities:10.5|Keefe; Bruyette & Woods:-3.4
2026-07-10,NUE,25.6,,1,B of A Securities:25.6
2026-07-10,O,2.1,,1,Baird:2.1
2026-07-10,ODFL,12.55,1.6263,2,Morgan Stanley:11.4|Wells Fargo:13.7
2026-07-10,OKE,-3.2,,1,Barclays:-3.2
2026-07-10,ON,53.1,,1,Susquehanna:53.1
2026-07-10,PANW,-5,,1,Evercore ISI Group:-5
2026-07-10,PEP,11.9,,1,Jefferies:11.9
2026-07-10,PFE,11.8333,4.817,3,Cantor Fitzgerald:12.3|JP Morgan:16.4|B of A Securities:6.8
2026-07-10,PFG,-8.95,13.93,2,Morgan Stanley:0.9|Barclays:-18.8
2026-07-10,PKG,9,,1,Wells Fargo:9
2026-07-10,PNC,13.9,,1,UBS:13.9
2026-07-10,PODD,7.2,,1,Citigroup:7.2
2026-07-10,PPG,10.5,,1,BMO Capital:10.5
2026-07-10,PRU,-13,9.7581,2,Barclays:-19.9|Mizuho:-6.1
2026-07-10,PWR,18.4,,1,Jefferies:18.4
2026-07-10,REG,6.4,,1,UBS:6.4
2026-07-10,RF,8.4,,1,UBS:8.4
2026-07-10,RMD,7.9,,1,Jefferies:7.9
2026-07-10,ROL,45.6,,1,Morgan Stanley:45.6
2026-07-10,RSG,18,,1,Citigroup:18
2026-07-10,SHW,21.7,,1,RBC Capital:21.7
2026-07-10,SLB,28.7,,1,Raymond James:28.7
2026-07-10,SPG,1.2,,1,UBS:1.2
2026-07-10,SPGI,16.8333,2.3029,3,Morgan Stanley:17.4|BMO Capital:14.3|UBS:18.8
2026-07-10,SRE,8.9,,1,Barclays:8.9
2026-07-10,STLD,17.1,,1,B of A Securities:17.1
2026-07-10,STT,6.1,,1,B of A Securities:6.1
2026-07-10,SYF,16.4,,1,TD Cowen:16.4
2026-07-10,SYK,6.9,,1,Evercore ISI Group:6.9
2026-07-10,T,14.7,,1,Barclays:14.7
2026-07-10,TAP,6.1,,1,Wells Fargo:6.1
2026-07-10,TECH,3.2,,1,RBC Capital:3.2
2026-07-10,TER,20.3,,1,Goldman Sachs:20.3
2026-07-10,TFC,8.7,3.4511,3,Morgan Stanley:5.3|UBS:8.6|B of A Securities:12.2
2026-07-10,TMO,9.6,,1,Evercore ISI Group:9.6
2026-07-10,TMUS,21.05,3.7477,2,B of A Securities:18.4|Morgan Stanley:23.7
2026-07-10,TRGP,15.2,,1,JP Morgan:15.2
2026-07-10,TRMB,49.3,,1,Oppenheimer:49.3
2026-07-10,TRV,10.8,8.9095,2,Raymond James:17.1|Keefe; Bruyette & Woods:4.5
2026-07-10,TSCO,31.7,,1,Evercore ISI Group:31.7
2026-07-10,UDR,2.6,,1,Truist Securities:2.6
2026-07-10,UNH,-10.3,,1,HSBC:-10.3
2026-07-10,UPS,-6.15,35.7089,2,Morgan Stanley:-31.4|Citigroup:19.1
2026-07-10,USB,17.6,,1,Raymond James:17.6
2026-07-10,V,21.6,,1,Barclays:21.6
2026-07-10,VMC,18.6,,1,UBS:18.6
2026-07-10,VRTX,-12.8,28.7085,2,RBC Capital:7.5|Baird:-33.1
2026-07-10,WAT,4.9,,1,Morgan Stanley:4.9
2026-07-10,WDC,-15.8,,1,Susquehanna:-15.8
2026-07-10,WELL,14.5,,1,UBS:14.5
2026-07-10,WFC,15.9,,1,B of A Securities:15.9
2026-07-10,WM,10,6.4211,3,CIBC:3.1|Oppenheimer:11.1|Citigroup:15.8
2026-07-10,WMB,-0.8,,1,Barclays:-0.8
2026-07-10,WRB,-1.5333,5.0292,3,Morgan Stanley:4.2|Keefe; Bruyette & Woods:-3.6|Evercore ISI Group:-5.2
2026-07-10,XEL,13.9,,1,Barclays:13.9
2026-07-10,XYZ,31.6,,1,Barclays:31.6
2026-07-11,ABBV,3.6,,1,RBC Capital:3.6
2026-07-11,ACGL,9.35,9.5459,2,Barclays:2.6|UBS:16.1
2026-07-11,ADP,-8.4,,1,TD Cowen:-8.4
2026-07-11,AEE,4.6,,1,Barclays:4.6
2026-07-11,AFL,-5,9.3338,2,UBS:1.6|Jefferies:-11.6
2026-07-11,AIG,20.8,,1,UBS:20.8
2026-07-11,AJG,15,,1,Barclays:15
2026-07-11,ALL,20.5,,1,Raymond James:20.5
2026-07-11,AMD,16.7,,1,Stifel:16.7
2026-07-11,AME,4.6,,1,Morgan Stanley:4.6
2026-07-11,AMP,11.45,21.7082,2,Jefferies:26.8|Morgan Stanley:-3.9
2026-07-11,APH,14.5,,1,B of A Securities:14.5
2026-07-11,APTV,27,,1,Deutsche Bank:27
2026-07-11,ARE,19.9,,1,Mizuho:19.9
2026-07-11,AWK,8.1,,1,JP Morgan:8.1
2026-07-11,AXON,17.6,,1,Needham:17.6
2026-07-11,AXP,11.3,,1,B of A Securities:11.3
2026-07-11,BALL,22,5.7983,2,Citigroup:17.9|RBC Capital:26.1
2026-07-11,BAX,5.4,,1,Evercore ISI Group:5.4
2026-07-11,BDX,14,,1,Evercore ISI Group:14
2026-07-11,BKR,34.3,,1,Citigroup:34.3
2026-07-11,BMY,14.2,,1,B of A Securities:14.2
2026-07-11,BRO,8.3667,2.2679,3,Barclays:10.1|UBS:5.8|Keefe; Bruyette & Woods:9.2
2026-07-11,BXP,-2.2,,1,Evercore ISI Group:-2.2
2026-07-11,C,22.2,,1,B of A Securities:22.2
2026-07-11,CB,8.5,1.8385,2,Keefe; Bruyette & Woods:9.8|Evercore ISI Group:7.2
2026-07-11,CF,-1.1,,1,Morgan Stanley:-1.1
2026-07-11,CFG,15.8,,1,UBS:15.8
2026-07-11,CHD,15.1,,1,Wells Fargo:15.1
2026-07-11,CHRW,-52,,1,Morgan Stanley:-52
2026-07-11,CL,3.9,,1,Piper Sandler:3.9
2026-07-11,CMCSA,25.7,,1,Morgan Stanley:25.7
2026-07-11,CME,10.95,1.7678,2,UBS:9.7|Barclays:12.2
2026-07-11,CNC,13.1,,1,Cantor Fitzgerald:13.1
2026-07-11,COF,14.5,,1,B of A Securities:14.5
2026-07-11,COP,32.7,,1,Mizuho:32.7
2026-07-11,COST,20.4,,1,JP Morgan:20.4
2026-07-11,CSX,8.5,,1,Baird:8.5
2026-07-11,CTSH,23.5,,1,Baird:23.5
2026-07-11,CVS,7.9,,1,RBC Capital:7.9
2026-07-11,DAL,24.4,,1,Susquehanna:24.4
2026-07-11,DLTR,17.5333,18.4177,3,JP Morgan:37.6|Goldman Sachs:1.4|Raymond James:13.6
2026-07-11,DOW,19.8,,1,BMO Capital:19.8
2026-07-11,DVA,16.9,,1,UBS:16.9
2026-07-11,DVN,27.2,,1,JP Morgan:27.2
2026-07-11,ECL,21.75,0.9192,2,RBC Capital:21.1|Deutsche Bank:22.4
2026-07-11,EFX,27.1,,1,UBS:27.1
2026-07-11,EG,4.35,11.8087,2,Morgan Stanley:-4|Keefe; Bruyette & Woods:12.7
2026-07-11,ELV,7.6,,1,Cantor Fitzgerald:7.6
2026-07-11,EW,18.2,,1,Citigroup:18.2
2026-07-11,EXR,16.95,4.4548,2,UBS:13.8|Barclays:20.1
2026-07-11,F,2.7,,1,Barclays:2.7
2026-07-11,FCX,25.325,6.3866,4,Goldman Sachs:24|Morgan Stanley:17.3|B of A Securities:32.5|JP Morgan:27.5
2026-07-11,FITB,13.9,1.1314,2,Wells Fargo:14.7|UBS:13.1
2026-07-11,FRT,-0.3,,1,Evercore ISI Group:-0.3
2026-07-11,FSLR,17.5,,1,Susquehanna:17.5
2026-07-11,GD,18.5,,1,Jefferies:18.5
2026-07-11,GILD,14.2,,1,Truist Securities:14.2
2026-07-11,GL,6.1333,12.3217,3,Morgan Stanley:17.1|Wells Fargo:8.5|Jefferies:-7.2
2026-07-11,GLW,29.9,,1,B of A Securities:29.9
2026-07-11,GOOGL,24.5,,1,Keybanc:24.5
2026-07-11,GPN,25.6,,1,Wells Fargo:25.6
2026-07-11,HAL,21.7,,1,Susquehanna:21.7
2026-07-11,HAS,30.5,,1,Citigroup:30.5
2026-07-11,HBAN,12.3667,9.2289,3,Jefferies:5.7|JP Morgan:8.5|UBS:22.9
2026-07-11,HCA,25.3,,1,Cantor Fitzgerald:25.3
2026-07-11,HIG,5.4,,1,Evercore ISI Group:5.4
2026-07-11,HRL,2.5,,1,Stephens & Co.:2.5
2026-07-11,HSY,15.5,,1,Piper Sandler:15.5
2026-07-11,HUM,-9.6,20.7889,2,Cantor Fitzgerald:-24.3|RBC Capital:5.1
2026-07-11,IBM,8,,1,B of A Securities:8
2026-07-11,ICE,19.6,,1,Morgan Stanley:19.6
2026-07-11,INVH,15.9,,1,UBS:15.9
2026-07-11,IT,27.5,,1,Morgan Stanley:27.5
2026-07-11,JBHT,-9.2667,21.6262,3,Morgan Stanley:-28|Goldman Sachs:-14.2|Bernstein:14.4
2026-07-11,JNJ,6,6.9296,2,Citigroup:10.9|B of A Securities:1.1
2026-07-11,KEY,11.7667,6.4941,3,JP Morgan:4.3|Wells Fargo:14.9|UBS:16.1
2026-07-11,KHC,0.9,,1,Wells Fargo:0.9
2026-07-11,KIM,15.3,,1,UBS:15.3
2026-07-11,KO,14.8,,1,B of A Securities:14.8
2026-07-11,LDOS,46.9,,1,Truist Securities:46.9
2026-07-11,LIN,0,,1,Evercore ISI Group:0
2026-07-11,LLY,12.5,3.1113,2,JP Morgan:14.7|Morgan Stanley:10.3
2026-07-11,LRCX,17.05,10.5359,2,TD Cowen:9.6|Stifel:24.5
2026-07-11,LUV,20.6,9.7581,2,Morgan Stanley:27.5|Susquehanna:13.7
2026-07-11,LVS,55.7,,1,Citigroup:55.7
2026-07-11,LYV,11,,1,Goldman Sachs:11
2026-07-11,MA,28,,1,Baird:28
2026-07-11,MCO,6.5667,9.3618,3,Morgan Stanley:-1.1|BMO Capital:3.8|Barclays:17
2026-07-11,MDT,26.1,,1,Evercore ISI Group:26.1
2026-07-11,MET,13.25,1.9092,2,UBS:14.6|Jefferies:11.9
2026-07-11,MGM,2.8,0.2828,2,Wells Fargo:3|Barclays:2.6
2026-07-11,MNST,10.7,,1,Wells Fargo:10.7
2026-07-11,MO,8.3,,1,UBS:8.3
2026-07-11,MRK,-6.8,,1,Cantor Fitzgerald:-6.8
2026-07-11,MRNA,-49.45,6.0104,2,B of A Securities:-53.7|RBC Capital:-45.2
2026-07-11,MS,10.1,3.8184,2,Goldman Sachs:7.4|B of A Securities:12.8
2026-07-11,MSCI,21.6667,3.9463,3,Raymond James:26.2|B of A Securities:19|Barclays:19.8
2026-07-11,MSFT,32.7667,2.4583,3,Wolfe Research:35.6|BMO Capital:31.2|Argus Research:31.5
2026-07-11,MTB,9.6,,1,Evercore ISI Group:9.6
2026-07-11,NCLH,17,,1,Morgan Stanley:17
2026-07-11,NDAQ,30.25,5.1619,2,Raymond James:33.9|Morgan Stanley:26.6
2026-07-11,NEE,3.3,,1,Barclays:3.3
2026-07-11,NEM,46.35,7.9903,2,Jefferies:52|B of A Securities:40.7
2026-07-11,NOW,42.1,,1,Goldman Sachs:42.1
2026-07-11,NTRS,2.8,7.0704,3,Evercore ISI Group:1.3|B of A Securities:10.5|Keefe; Bruyette & Woods:-3.4
2026-07-11,NUE,25.6,,1,B of A Securities:25.6
2026-07-11,O,2.1,,1,Baird:2.1
2026-07-11,ODFL,12.55,1.6263,2,Morgan Stanley:11.4|Wells Fargo:13.7
2026-07-11,OKE,-3.2,,1,Barclays:-3.2
2026-07-11,ON,53.1,,1,Susquehanna:53.1
2026-07-11,PANW,-5,,1,Evercore ISI Group:-5
2026-07-11,PEP,10.7667,6.3868,6,Jefferies:11.9|Citigroup:6.7|Morgan Stanley:17.8|RBC Capital:18.5|TD Cowen:6.7|Wells Fargo:3
2026-07-11,PFE,11.8333,4.817,3,Cantor Fitzgerald:12.3|JP Morgan:16.4|B of A Securities:6.8
2026-07-11,PFG,-8.95,13.93,2,Morgan Stanley:0.9|Barclays:-18.8
2026-07-11,PG,12.8,,1,B of A Securities:12.8
2026-07-11,PKG,9,,1,Wells Fargo:9
2026-07-11,PNC,13.9,,1,UBS:13.9
2026-07-11,PODD,7.2,,1,Citigroup:7.2
2026-07-11,PPG,10.5,,1,BMO Capital:10.5
2026-07-11,PRU,-10.4333,8.2081,3,Barclays:-19.9|Mizuho:-6.1|Jefferies:-5.3
2026-07-11,PWR,18.4,,1,Jefferies:18.4
2026-07-11,REG,6.4,,1,UBS:6.4
2026-07-11,RF,8.4,,1,UBS:8.4
2026-07-11,RJF,2.4,,1,Morgan Stanley:2.4
2026-07-11,RMD,7.9,,1,Jefferies:7.9
2026-07-11,ROL,45.6,,1,Morgan Stanley:45.6
2026-07-11,RSG,18,,1,Citigroup:18
2026-07-11,SBAC,15,,1,RBC Capital:15
2026-07-11,SHW,21.7,,1,RBC Capital:21.7
2026-07-11,SLB,28.7,,1,Raymond James:28.7
2026-07-11,SPG,1.2,,1,UBS:1.2
2026-07-11,SPGI,16.8333,2.3029,3,Morgan Stanley:17.4|BMO Capital:14.3|UBS:18.8
2026-07-11,SRE,8.9,,1,Barclays:8.9
2026-07-11,STLD,17.1,,1,B of A Securities:17.1
2026-07-11,STT,6.1,,1,B of A Securities:6.1
2026-07-11,SYF,16.4,,1,TD Cowen:16.4
2026-07-11,SYK,6.9,,1,Evercore ISI Group:6.9
2026-07-11,T,14.7,,1,Barclays:14.7
2026-07-11,TAP,6.1,,1,Wells Fargo:6.1
2026-07-11,TECH,3.2,,1,RBC Capital:3.2
2026-07-11,TER,20.3,,1,Goldman Sachs:20.3
2026-07-11,TFC,8.7,3.4511,3,Morgan Stanley:5.3|UBS:8.6|B of A Securities:12.2
2026-07-11,TMO,9.6,,1,Evercore ISI Group:9.6
2026-07-11,TMUS,21.05,3.7477,2,B of A Securities:18.4|Morgan Stanley:23.7
2026-07-11,TRGP,15.2,,1,JP Morgan:15.2
2026-07-11,TRMB,49.3,,1,Oppenheimer:49.3
2026-07-11,TRV,10.8,8.9095,2,Raymond James:17.1|Keefe; Bruyette & Woods:4.5
2026-07-11,TSCO,31.7,,1,Evercore ISI Group:31.7
2026-07-11,UDR,2.6,,1,Truist Securities:2.6
2026-07-11,UNH,-10.3,,1,HSBC:-10.3
2026-07-11,UPS,-6.15,35.7089,2,Morgan Stanley:-31.4|Citigroup:19.1
2026-07-11,USB,17.6,,1,Raymond James:17.6
2026-07-11,V,21.6,,1,Barclays:21.6
2026-07-11,VMC,18.6,,1,UBS:18.6
2026-07-11,VRTX,-12.8,28.7085,2,RBC Capital:7.5|Baird:-33.1
2026-07-11,WAT,4.9,,1,Morgan Stanley:4.9
2026-07-11,WDC,6.8,31.9612,2,Susquehanna:-15.8|Wells Fargo:29.4
2026-07-11,WELL,14.5,,1,UBS:14.5
2026-07-11,WFC,15.9,,1,B of A Securities:15.9
2026-07-11,WM,10,6.4211,3,CIBC:3.1|Oppenheimer:11.1|Citigroup:15.8
2026-07-11,WMB,-0.8,,1,Barclays:-0.8
2026-07-11,WRB,-1.5333,5.0292,3,Morgan Stanley:4.2|Keefe; Bruyette & Woods:-3.6|Evercore ISI Group:-5.2
2026-07-11,WY,31.2,,1,Raymond James:31.2
2026-07-11,XEL,13.9,,1,Barclays:13.9
2026-07-11,XYZ,31.6,,1,Barclays:31.6
2026-07-13,AAPL,15.1,,1,Citigroup:15.1
2026-07-13,ABBV,3.6,,1,RBC Capital:3.6
2026-07-13,ACGL,9.35,9.5459,2,Barclays:2.6|UBS:16.1
2026-07-13,AEE,2.2,3.3941,2,Barclays:4.6|B of A Securities:-0.2
2026-07-13,AFL,-5.5,6.6566,3,UBS:1.6|Jefferies:-11.6|Evercore ISI Group:-6.5
2026-07-13,AIG,20.8,,1,UBS:20.8
2026-07-13,AJG,15,,1,Barclays:15
2026-07-13,AMD,16.7,,1,Stifel:16.7
2026-07-13,AME,4.6,,1,Morgan Stanley:4.6
2026-07-13,AMP,15.6667,16.9989,3,Jefferies:26.8|Morgan Stanley:-3.9|Evercore ISI Group:24.1
2026-07-13,AON,14.4,,1,JP Morgan:14.4
2026-07-13,APH,14.5,,1,B of A Securities:14.5
2026-07-13,APTV,27,,1,Deutsche Bank:27
2026-07-13,ARE,19.9,,1,Mizuho:19.9
2026-07-13,AWK,8.1,,1,JP Morgan:8.1
2026-07-13,AXON,17.6,,1,Needham:17.6
2026-07-13,AXP,11.3,,1,B of A Securities:11.3
2026-07-13,BALL,22,5.7983,2,Citigroup:17.9|RBC Capital:26.1
2026-07-13,BKR,34.3,,1,Citigroup:34.3
2026-07-13,BMY,14.2,,1,B of A Securities:14.2
2026-07-13,BRO,8.3667,2.2679,3,Barclays:10.1|UBS:5.8|Keefe; Bruyette & Woods:9.2
2026-07-13,BX,13.8,,1,Evercore ISI Group:13.8
2026-07-13,C,22.2,,1,B of A Securities:22.2
2026-07-13,CARR,15.8,,1,Citigroup:15.8
2026-07-13,CAT,17.7,,1,Oppenheimer:17.7
2026-07-13,CB,8.5,1.8385,2,Keefe; Bruyette & Woods:9.8|Evercore ISI Group:7.2
2026-07-13,CDW,0,,1,Citigroup:0
2026-07-13,CF,-1.1,,1,Morgan Stanley:-1.1
2026-07-13,CFG,15.8,,1,UBS:15.8
2026-07-13,CHD,15.1,,1,Wells Fargo:15.1
2026-07-13,CHRW,-52,,1,Morgan Stanley:-52
2026-07-13,CL,3.9,,1,Piper Sandler:3.9
2026-07-13,CMCSA,25.7,,1,Morgan Stanley:25.7
2026-07-13,CME,10.95,1.7678,2,UBS:9.7|Barclays:12.2
2026-07-13,CNC,13.1,,1,Cantor Fitzgerald:13.1
2026-07-13,COF,14.5,,1,B of A Securities:14.5
2026-07-13,COP,32.7,,1,Mizuho:32.7
2026-07-13,COST,20.4,,1,JP Morgan:20.4
2026-07-13,CSGP,17.7,,1,RBC Capital:17.7
2026-07-13,CSX,8.5,,1,Baird:8.5
2026-07-13,CTSH,23.5,,1,Baird:23.5
2026-07-13,CVS,7.9,,1,RBC Capital:7.9
2026-07-13,DAL,27,3.677,2,Susquehanna:24.4|JP Morgan:29.6
2026-07-13,DLTR,17.5333,18.4177,3,JP Morgan:37.6|Goldman Sachs:1.4|Raymond James:13.6
2026-07-13,DOW,19.8,,1,BMO Capital:19.8
2026-07-13,DVA,16.9,,1,UBS:16.9
2026-07-13,DVN,27.2,,1,JP Morgan:27.2
2026-07-13,ECL,21.75,0.9192,2,RBC Capital:21.1|Deutsche Bank:22.4
2026-07-13,EFX,27.1,,1,UBS:27.1
2026-07-13,EG,4.35,11.8087,2,Morgan Stanley:-4|Keefe; Bruyette & Woods:12.7
2026-07-13,ELV,7.6,,1,Cantor Fitzgerald:7.6
2026-07-13,EW,18.7,0.7071,2,Citigroup:18.2|RBC Capital:19.2
2026-07-13,EXR,16.95,4.4548,2,UBS:13.8|Barclays:20.1
2026-07-13,F,2.7,,1,Barclays:2.7
2026-07-13,FCX,25.325,6.3866,4,Goldman Sachs:24|Morgan Stanley:17.3|B of A Securities:32.5|JP Morgan:27.5
2026-07-13,FITB,13.9,1.1314,2,Wells Fargo:14.7|UBS:13.1
2026-07-13,FRT,-0.3,,1,Evercore ISI Group:-0.3
2026-07-13,FSLR,17.5,,1,Susquehanna:17.5
2026-07-13,GD,18.5,,1,Jefferies:18.5
2026-07-13,GILD,14.2,,1,Truist Securities:14.2
2026-07-13,GL,4,10.9279,4,Morgan Stanley:17.1|Wells Fargo:8.5|Jefferies:-7.2|Evercore ISI Group:-2.4
2026-07-13,GLW,29.9,,1,B of A Securities:29.9
2026-07-13,GOOGL,24.5,,1,Keybanc:24.5
2026-07-13,GPN,25.6,,1,Wells Fargo:25.6
2026-07-13,HAL,21.7,,1,Susquehanna:21.7
2026-07-13,HAS,30.5,,1,Citigroup:30.5
2026-07-13,HBAN,12.3667,9.2289,3,Jefferies:5.7|JP Morgan:8.5|UBS:22.9
2026-07-13,HCA,25.3,,1,Cantor Fitzgerald:25.3
2026-07-13,HIG,5.4,,1,Evercore ISI Group:5.4
2026-07-13,HII,25.3,,1,TD Cowen:25.3
2026-07-13,HRL,2.5,,1,Stephens & Co.:2.5
2026-07-13,HSY,15.5,,1,Piper Sandler:15.5
2026-07-13,HUM,-9.6,20.7889,2,Cantor Fitzgerald:-24.3|RBC Capital:5.1
2026-07-13,IBM,8,,1,B of A Securities:8
2026-07-13,ICE,19.6,,1,Morgan Stanley:19.6
2026-07-13,INTC,8.5,,1,TD Cowen:8.5
2026-07-13,INVH,15.9,,1,UBS:15.9
2026-07-13,IT,27.5,,1,Morgan Stanley:27.5
2026-07-13,JBHT,-9.2667,21.6262,3,Morgan Stanley:-28|Goldman Sachs:-14.2|Bernstein:14.4
2026-07-13,JNJ,6,6.9296,2,Citigroup:10.9|B of A Securities:1.1
2026-07-13,KEY,11.7667,6.4941,3,JP Morgan:4.3|Wells Fargo:14.9|UBS:16.1
2026-07-13,KHC,0.9,,1,Wells Fargo:0.9
2026-07-13,KIM,15.3,,1,UBS:15.3
2026-07-13,KKR,18.5,,1,Evercore ISI Group:18.5
2026-07-13,KO,14.8,,1,B of A Securities:14.8
2026-07-13,LDOS,47.25,0.495,2,Truist Securities:46.9|JP Morgan:47.6
2026-07-13,LH,18.65,4.5962,2,B of A Securities:15.4|Baird:21.9
2026-07-13,LIN,0,,1,Evercore ISI Group:0
2026-07-13,LLY,15.2667,5.2729,3,JP Morgan:14.7|Morgan Stanley:10.3|UBS:20.8
2026-07-13,LMT,6.7,,1,TD Cowen:6.7
2026-07-13,LRCX,17.05,10.5359,2,TD Cowen:9.6|Stifel:24.5
2026-07-13,LUV,13.7,,1,Susquehanna:13.7
2026-07-13,LVS,55.7,,1,Citigroup:55.7
2026-07-13,LYV,11,,1,Goldman Sachs:11
2026-07-13,MA,28,,1,Baird:28
2026-07-13,MCO,6.5667,9.3618,3,Morgan Stanley:-1.1|BMO Capital:3.8|Barclays:17
2026-07-13,MET,12.6,1.7578,3,UBS:14.6|Jefferies:11.9|Evercore ISI Group:11.3
2026-07-13,MGM,2.8,0.2828,2,Wells Fargo:3|Barclays:2.6
2026-07-13,MNST,10.7,,1,Wells Fargo:10.7
2026-07-13,MO,8.3,,1,UBS:8.3
2026-07-13,MRK,3.25,14.2128,2,Cantor Fitzgerald:-6.8|JP Morgan:13.3
2026-07-13,MRNA,-49.45,6.0104,2,B of A Securities:-53.7|RBC Capital:-45.2
2026-07-13,MS,12.8,,1,B of A Securities:12.8
2026-07-13,MSCI,21.6667,3.9463,3,Raymond James:26.2|B of A Securities:19|Barclays:19.8
2026-07-13,MSFT,31.35,0.2121,2,BMO Capital:31.2|Argus Research:31.5
2026-07-13,NCLH,17,,1,Morgan Stanley:17
2026-07-13,NDAQ,30.25,5.1619,2,Raymond James:33.9|Morgan Stanley:26.6
2026-07-13,NEE,4.65,1.9092,2,Barclays:3.3|B of A Securities:6
2026-07-13,NEM,46.35,7.9903,2,Jefferies:52|B of A Securities:40.7
2026-07-13,NOW,42.1,,1,Goldman Sachs:42.1
2026-07-13,NTRS,3.55,9.8288,2,B of A Securities:10.5|Keefe; Bruyette & Woods:-3.4
2026-07-13,NUE,25.6,,1,B of A Securities:25.6
2026-07-13,NXPI,9.4,,1,B of A Securities:9.4
2026-07-13,O,2.1,,1,Baird:2.1
2026-07-13,ODFL,12.55,1.6263,2,Morgan Stanley:11.4|Wells Fargo:13.7
2026-07-13,OKE,-3.2,,1,Barclays:-3.2
2026-07-13,ON,53.1,,1,Susquehanna:53.1
2026-07-13,PANW,-5,,1,Evercore ISI Group:-5
2026-07-13,PEP,10.7667,6.3868,6,Jefferies:11.9|Citigroup:6.7|Morgan Stanley:17.8|RBC Capital:18.5|TD Cowen:6.7|Wells Fargo:3
2026-07-13,PFE,11.8333,4.817,3,Cantor Fitzgerald:12.3|JP Morgan:16.4|B of A Securities:6.8
2026-07-13,PFG,-18.8,,1,Barclays:-18.8
2026-07-13,PG,12.8,,1,B of A Securities:12.8
2026-07-13,PKG,9,,1,Wells Fargo:9
2026-07-13,PNC,13.9,,1,UBS:13.9
2026-07-13,PODD,7.2,,1,Citigroup:7.2
2026-07-13,PPG,10.5,,1,BMO Capital:10.5
2026-07-13,PRU,-9.225,7.1243,4,Barclays:-19.9|Mizuho:-6.1|Jefferies:-5.3|Evercore ISI Group:-5.6
2026-07-13,PWR,18.4,,1,Jefferies:18.4
2026-07-13,REG,6.4,,1,UBS:6.4
2026-07-13,RF,8.4,,1,UBS:8.4
2026-07-13,RJF,2.4,,1,Morgan Stanley:2.4
2026-07-13,RMD,7.9,,1,Jefferies:7.9
2026-07-13,ROL,45.6,,1,Morgan Stanley:45.6
2026-07-13,RSG,18,,1,Citigroup:18
2026-07-13,SBAC,15,,1,RBC Capital:15
2026-07-13,SHW,21.7,,1,RBC Capital:21.7
2026-07-13,SLB,28.7,,1,Raymond James:28.7
2026-07-13,SPG,1.2,,1,UBS:1.2
2026-07-13,SPGI,16.8333,2.3029,3,Morgan Stanley:17.4|BMO Capital:14.3|UBS:18.8
2026-07-13,SRE,8.9,,1,Barclays:8.9
2026-07-13,STLD,17.1,,1,B of A Securities:17.1
2026-07-13,STT,6.1,,1,B of A Securities:6.1
2026-07-13,SYF,16.4,,1,TD Cowen:16.4
2026-07-13,T,14.7,,1,Barclays:14.7
2026-07-13,TAP,6.1,,1,Wells Fargo:6.1
2026-07-13,TECH,3.2,,1,RBC Capital:3.2
2026-07-13,TEL,15.2,,1,Citigroup:15.2
2026-07-13,TFC,8.7,3.4511,3,Morgan Stanley:5.3|UBS:8.6|B of A Securities:12.2
2026-07-13,TMUS,21.05,3.7477,2,B of A Securities:18.4|Morgan Stanley:23.7
2026-07-13,TRGP,15.2,,1,JP Morgan:15.2
2026-07-13,TRMB,49.3,,1,Oppenheimer:49.3
2026-07-13,TRV,4.5,,1,Keefe; Bruyette & Woods:4.5
2026-07-13,TSCO,31.7,,1,Evercore ISI Group:31.7
2026-07-13,TSLA,-1.1,,1,Jefferies:-1.1
2026-07-13,TXT,15.9,,1,TD Cowen:15.9
2026-07-13,UDR,2.6,,1,Truist Securities:2.6
2026-07-13,UNH,13.7,,1,Wells Fargo:13.7
2026-07-13,UPS,19.1,,1,Citigroup:19.1
2026-07-13,USB,17.6,,1,Raymond James:17.6
2026-07-13,V,21.6,,1,Barclays:21.6
2026-07-13,VMC,18.6,,1,UBS:18.6
2026-07-13,VRTX,-1.7667,27.88,3,RBC Capital:7.5|Baird:-33.1|UBS:20.3
2026-07-13,WAT,4.9,,1,Morgan Stanley:4.9
2026-07-13,WDC,6.8,31.9612,2,Susquehanna:-15.8|Wells Fargo:29.4
2026-07-13,WELL,14.5,,1,UBS:14.5
2026-07-13,WFC,15.9,,1,B of A Securities:15.9
2026-07-13,WM,10,6.4211,3,CIBC:3.1|Oppenheimer:11.1|Citigroup:15.8
2026-07-13,WMB,-0.8,,1,Barclays:-0.8
2026-07-13,WRB,-4.4,1.1314,2,Keefe; Bruyette & Woods:-3.6|Evercore ISI Group:-5.2
2026-07-13,WY,31.2,,1,Raymond James:31.2
2026-07-13,XEL,13.9,,1,Barclays:13.9
2026-07-13,XYZ,31.6,,1,Barclays:31.6
2026-07-14,AAPL,15.1,,1,Citigroup:15.1
2026-07-14,ABBV,3.6,,1,RBC Capital:3.6
2026-07-14,ACGL,9.35,9.5459,2,Barclays:2.6|UBS:16.1
2026-07-14,AEE,2.2,3.3941,2,Barclays:4.6|B of A Securities:-0.2
2026-07-14,AFL,-5.5,6.6566,3,UBS:1.6|Jefferies:-11.6|Evercore ISI Group:-6.5
2026-07-14,AIG,20.8,,1,UBS:20.8
2026-07-14,AMCR,19,,1,B of A Securities:19
2026-07-14,AMD,16.7,,1,Stifel:16.7
2026-07-14,AME,4.6,,1,Morgan Stanley:4.6
2026-07-14,AMP,12.075,15.6283,4,Jefferies:26.8|Morgan Stanley:-3.9|Evercore ISI Group:24.1|Piper Sandler:1.3
2026-07-14,AON,14.4,,1,JP Morgan:14.4
2026-07-14,APH,14.5,,1,B of A Securities:14.5
2026-07-14,APO,18.6,17.8191,2,BMO Capital:6|Piper Sandler:31.2
2026-07-14,ATO,11.4,,1,Wells Fargo:11.4
2026-07-14,AVY,31.4,,1,B of A Securities:31.4
2026-07-14,AWK,8.1,,1,JP Morgan:8.1
2026-07-14,AXP,12.3,1.4142,2,B of A Securities:11.3|JP Morgan:13.3
2026-07-14,BALL,22,5.7983,2,Citigroup:17.9|RBC Capital:26.1
2026-07-14,BBY,0.4,,1,Loop Capital:0.4
2026-07-14,BIIB,17.3,,1,Truist Securities:17.3
2026-07-14,BKR,34.3,,1,Citigroup:34.3
2026-07-14,BMY,14.2,,1,B of A Securities:14.2
2026-07-14,BRO,8.3667,2.2679,3,Barclays:10.1|UBS:5.8|Keefe; Bruyette & Woods:9.2
2026-07-14,BX,13.8,,1,Evercore ISI Group:13.8
2026-07-14,CARR,15.8,,1,Citigroup:15.8
2026-07-14,CAT,16.25,2.0506,2,Oppenheimer:17.7|Citigroup:14.8
2026-07-14,CB,8.5,1.8385,2,Keefe; Bruyette & Woods:9.8|Evercore ISI Group:7.2
2026-07-14,CDW,0,,1,Citigroup:0
2026-07-14,CF,-1.1,,1,Morgan Stanley:-1.1
2026-07-14,CFG,15.8,,1,UBS:15.8
2026-07-14,CHD,15.1,,1,Wells Fargo:15.1
2026-07-14,CL,11.1,10.1823,2,Piper Sandler:3.9|Citigroup:18.3
2026-07-14,CME,12.2,,1,Barclays:12.2
2026-07-14,CMG,23,,1,Citigroup:23
2026-07-14,CMI,15.6,,1,Citigroup:15.6
2026-07-14,CNC,13.1,,1,Cantor Fitzgerald:13.1
2026-07-14,COF,17.15,3.7477,2,B of A Securities:14.5|JP Morgan:19.8
2026-07-14,COP,32.7,,1,Mizuho:32.7
2026-07-14,COST,20.4,,1,JP Morgan:20.4
2026-07-14,CRL,0.7,,1,Mizuho:0.7
2026-07-14,CSGP,17.7,,1,RBC Capital:17.7
2026-07-14,CSX,8.5,,1,Baird:8.5
2026-07-14,CTSH,23.5,,1,Baird:23.5
2026-07-14,CVS,7.9,,1,RBC Capital:7.9
2026-07-14,DAL,26.8,2.623,3,Susquehanna:24.4|JP Morgan:29.6|Citigroup:26.4
2026-07-14,DECK,19.7,,1,Jefferies:19.7
2026-07-14,DLTR,7.5,8.6267,2,Goldman Sachs:1.4|Raymond James:13.6
2026-07-14,DVA,16.9,,1,UBS:16.9
2026-07-14,DVN,27.2,,1,JP Morgan:27.2
2026-07-14,ECL,21.75,0.9192,2,RBC Capital:21.1|Deutsche Bank:22.4
2026-07-14,EFX,27.1,,1,UBS:27.1
2026-07-14,EG,12.7,,1,Keefe; Bruyette & Woods:12.7
2026-07-14,ELV,7.1,0.7071,2,Cantor Fitzgerald:7.6|TD Cowen:6.6
2026-07-14,EW,18.7,0.7071,2,Citigroup:18.2|RBC Capital:19.2
2026-07-14,EXR,16.95,4.4548,2,UBS:13.8|Barclays:20.1
2026-07-14,F,2.7,,1,Barclays:2.7
2026-07-14,FCX,25.325,6.3866,4,Goldman Sachs:24|Morgan Stanley:17.3|B of A Securities:32.5|JP Morgan:27.5
2026-07-14,FITB,13.1,,1,UBS:13.1
2026-07-14,FRT,-0.3,,1,Evercore ISI Group:-0.3
2026-07-14,FSLR,17.5,,1,Susquehanna:17.5
2026-07-14,GD,18.5,,1,Jefferies:18.5
2026-07-14,GILD,14.2,,1,Truist Securities:14.2
2026-07-14,GL,-0.3667,8.0451,3,Wells Fargo:8.5|Jefferies:-7.2|Evercore ISI Group:-2.4
2026-07-14,GOOGL,24.5,,1,Keybanc:24.5
2026-07-14,GPN,25.6,,1,Wells Fargo:25.6
2026-07-14,HAL,21.7,,1,Susquehanna:21.7
2026-07-14,HAS,30.5,,1,Citigroup:30.5
2026-07-14,HBAN,22.9,,1,UBS:22.9
2026-07-14,HCA,25.3,,1,Cantor Fitzgerald:25.3
2026-07-14,HIG,5.4,,1,Evercore ISI Group:5.4
2026-07-14,HII,25.3,,1,TD Cowen:25.3
2026-07-14,HRL,2.5,,1,Stephens & Co.:2.5
2026-07-14,HSY,15.5,,1,Piper Sandler:15.5
2026-07-14,HUM,1.0667,23.6098,3,Cantor Fitzgerald:-24.3|RBC Capital:5.1|Wells Fargo:22.4
2026-07-14,ICE,19.6,,1,Morgan Stanley:19.6
2026-07-14,INTC,8.5,,1,TD Cowen:8.5
2026-07-14,INVH,15.9,,1,UBS:15.9
2026-07-14,IQV,12.2,,1,Mizuho:12.2
2026-07-14,IT,27.5,,1,Morgan Stanley:27.5
2026-07-14,JBHT,-2.9,15.2148,3,Goldman Sachs:-14.2|Bernstein:14.4|Stifel:-8.9
2026-07-14,JNJ,6,6.9296,2,Citigroup:10.9|B of A Securities:1.1
2026-07-14,KDP,18.4,,1,Citigroup:18.4
2026-07-14,KEY,16.1,,1,UBS:16.1
2026-07-14,KHC,0.9,,1,Wells Fargo:0.9
2026-07-14,KIM,15.3,,1,UBS:15.3
2026-07-14,KKR,18.5,,1,Evercore ISI Group:18.5
2026-07-14,KO,15,0.2828,2,B of A Securities:14.8|Citigroup:15.2
2026-07-14,LDOS,47.25,0.495,2,Truist Securities:46.9|JP Morgan:47.6
2026-07-14,LH,18.65,4.5962,2,B of A Securities:15.4|Baird:21.9
2026-07-14,LIN,0,,1,Evercore ISI Group:0
2026-07-14,LLY,15.2667,5.2729,3,JP Morgan:14.7|Morgan Stanley:10.3|UBS:20.8
2026-07-14,LMT,6.7,,1,TD Cowen:6.7
2026-07-14,LRCX,17.05,10.5359,2,TD Cowen:9.6|Stifel:24.5
2026-07-14,LUV,13.7,,1,Susquehanna:13.7
2026-07-14,LVS,55.7,,1,Citigroup:55.7
2026-07-14,LYV,11,,1,Goldman Sachs:11
2026-07-14,MA,28,,1,Baird:28
2026-07-14,MCO,10.4,9.3338,2,BMO Capital:3.8|Barclays:17
2026-07-14,MET,12.6,1.7578,3,UBS:14.6|Jefferies:11.9|Evercore ISI Group:11.3
2026-07-14,MGM,2.6,,1,Barclays:2.6
2026-07-14,MNST,13.2,3.5355,2,Wells Fargo:10.7|Citigroup:15.7
2026-07-14,MO,8.3,,1,UBS:8.3
2026-07-14,MRK,13.3,,1,JP Morgan:13.3
2026-07-14,MSCI,21.6667,3.9463,3,Raymond James:26.2|B of A Securities:19|Barclays:19.8
2026-07-14,MSFT,31.5,,1,Argus Research:31.5
2026-07-14,NCLH,-0.45,24.678,2,Morgan Stanley:17|Goldman Sachs:-17.9
2026-07-14,NDAQ,30.25,5.1619,2,Raymond James:33.9|Morgan Stanley:26.6
2026-07-14,NEE,6,,1,B of A Securities:6
2026-07-14,NEM,40.7,,1,B of A Securities:40.7
2026-07-14,NOC,-0.7,,1,Goldman Sachs:-0.7
2026-07-14,NOW,42.1,,1,Goldman Sachs:42.1
2026-07-14,NTRS,3.55,9.8288,2,B of A Securities:10.5|Keefe; Bruyette & Woods:-3.4
2026-07-14,NUE,25.6,,1,B of A Securities:25.6
2026-07-14,NXPI,9.4,,1,B of A Securities:9.4
2026-07-14,ODFL,8.7,7.0711,2,Wells Fargo:13.7|Raymond James:3.7
2026-07-14,OKE,-3.2,,1,Barclays:-3.2
2026-07-14,ON,53.1,,1,Susquehanna:53.1
2026-07-14,PANW,-5,,1,Evercore ISI Group:-5
2026-07-14,PEP,10.7667,6.3868,6,Jefferies:11.9|Citigroup:6.7|Morgan Stanley:17.8|RBC Capital:18.5|TD Cowen:6.7|Wells Fargo:3
2026-07-14,PFE,15.4333,8.1929,3,JP Morgan:16.4|B of A Securities:6.8|BMO Capital:23.1
2026-07-14,PFG,-1.8,,1,Keefe; Bruyette & Woods:-1.8
2026-07-14,PG,12.8,,1,B of A Securities:12.8
2026-07-14,PKG,9,,1,Wells Fargo:9
2026-07-14,PNC,13.9,,1,UBS:13.9
2026-07-14,PODD,7.2,,1,Citigroup:7.2
2026-07-14,PRU,-5.6667,0.4041,3,Mizuho:-6.1|Jefferies:-5.3|Evercore ISI Group:-5.6
2026-07-14,PWR,18.4,,1,Jefferies:18.4
2026-07-14,Q,29.6,,1,RBC Capital:29.6
2026-07-14,REG,6.4,,1,UBS:6.4
2026-07-14,RF,8.4,,1,UBS:8.4
2026-07-14,RJF,2.4,,1,Morgan Stanley:2.4
2026-07-14,RMD,14.75,9.6874,2,Jefferies:7.9|Citigroup:21.6
2026-07-14,ROL,45.6,,1,Morgan Stanley:45.6
2026-07-14,RSG,18,,1,Citigroup:18
2026-07-14,SBAC,15,,1,RBC Capital:15
2026-07-14,SHW,21.7,,1,RBC Capital:21.7
2026-07-14,SLB,28.7,,1,Raymond James:28.7
2026-07-14,SPG,1.2,,1,UBS:1.2
2026-07-14,SPGI,16.55,3.182,2,BMO Capital:14.3|UBS:18.8
2026-07-14,SRE,8.9,,1,Barclays:8.9
2026-07-14,STLD,17.1,,1,B of A Securities:17.1
2026-07-14,STT,6.1,,1,B of A Securities:6.1
2026-07-14,SYF,6.6,,1,JP Morgan:6.6
2026-07-14,T,14.7,,1,Barclays:14.7
2026-07-14,TAP,6.05,0.0707,2,Wells Fargo:6.1|Citigroup:6
2026-07-14,TECH,3.2,,1,RBC Capital:3.2
2026-07-14,TEL,15.2,,1,Citigroup:15.2
2026-07-14,TFC,10.4,2.5456,2,UBS:8.6|B of A Securities:12.2
2026-07-14,TRGP,15.2,,1,JP Morgan:15.2
2026-07-14,TRV,4.5,,1,Keefe; Bruyette & Woods:4.5
2026-07-14,TSCO,20.5,15.8392,2,Evercore ISI Group:31.7|UBS:9.3
2026-07-14,TSLA,-1.1,,1,Jefferies:-1.1
2026-07-14,TXT,15.9,,1,TD Cowen:15.9
2026-07-14,UDR,2.6,,1,Truist Securities:2.6
2026-07-14,UHS,14.5,,1,Wells Fargo:14.5
2026-07-14,UNH,6.75,9.8288,2,Wells Fargo:13.7|TD Cowen:-0.2
2026-07-14,UNP,24.5,,1,Raymond James:24.5
2026-07-14,UPS,19.1,,1,Citigroup:19.1
2026-07-14,USB,17.6,,1,Raymond James:17.6
2026-07-14,V,21.6,,1,Barclays:21.6
2026-07-14,VLO,0.9,,1,Citigroup:0.9
2026-07-14,VMC,18.6,,1,UBS:18.6
2026-07-14,VRTX,-6.4,37.7595,2,Baird:-33.1|UBS:20.3
2026-07-14,WAT,9.65,6.7175,2,Morgan Stanley:4.9|Goldman Sachs:14.4
2026-07-14,WDC,6.8,31.9612,2,Susquehanna:-15.8|Wells Fargo:29.4
2026-07-14,WELL,14.5,,1,UBS:14.5
2026-07-14,WM,10,6.4211,3,CIBC:3.1|Oppenheimer:11.1|Citigroup:15.8
2026-07-14,WMB,-0.8,,1,Barclays:-0.8
2026-07-14,WRB,-4.4,1.1314,2,Keefe; Bruyette & Woods:-3.6|Evercore ISI Group:-5.2
2026-07-14,WY,31.2,,1,Raymond James:31.2
2026-07-14,XEL,13.9,,1,Barclays:13.9
2026-07-14,XYZ,31.6,,1,Barclays:31.6
2026-07-14,YUM,11.4,,1,Citigroup:11.4
2026-07-15,AAPL,15.1,,1,Citigroup:15.1
2026-07-15,ABBV,3.6,,1,RBC Capital:3.6
2026-07-15,ABNB,18.9,,1,Jefferies:18.9
2026-07-15,ADI,32.1,,1,Keybanc:32.1
2026-07-15,AEE,2.2,3.3941,2,Barclays:4.6|B of A Securities:-0.2
2026-07-15,AFL,-9.05,3.6062,2,Jefferies:-11.6|Evercore ISI Group:-6.5
2026-07-15,AMCR,19,,1,B of A Securities:19
2026-07-15,AMD,14.1,3.677,2,Stifel:16.7|B of A Securities:11.5
2026-07-15,AME,4.6,,1,Morgan Stanley:4.6
2026-07-15,AMP,12.075,15.6283,4,Jefferies:26.8|Morgan Stanley:-3.9|Evercore ISI Group:24.1|Piper Sandler:1.3
2026-07-15,AON,14.4,,1,JP Morgan:14.4
2026-07-15,APH,14.5,,1,B of A Securities:14.5
2026-07-15,APO,18.6,17.8191,2,BMO Capital:6|Piper Sandler:31.2
2026-07-15,ATO,7.2,5.9397,2,Wells Fargo:11.4|Barclays:3
2026-07-15,AVY,31.4,,1,B of A Securities:31.4
2026-07-15,AXP,12.3,1.4142,2,B of A Securities:11.3|JP Morgan:13.3
2026-07-15,BAC,6,,1,RBC Capital:6
2026-07-15,BALL,22,5.7983,2,Citigroup:17.9|RBC Capital:26.1
2026-07-15,BAX,-4.2,,1,Goldman Sachs:-4.2
2026-07-15,BBY,0.4,,1,Loop Capital:0.4
2026-07-15,BIIB,17.3,,1,Truist Securities:17.3
2026-07-15,BMY,14.2,,1,B of A Securities:14.2
2026-07-15,BRO,9.2,,1,Keefe; Bruyette & Woods:9.2
2026-07-15,BX,13.8,,1,Evercore ISI Group:13.8
2026-07-15,C,11.9,,1,RBC Capital:11.9
2026-07-15,CARR,15.8,,1,Citigroup:15.8
2026-07-15,CAT,16.25,2.0506,2,Oppenheimer:17.7|Citigroup:14.8
2026-07-15,CB,8.5,1.8385,2,Keefe; Bruyette & Woods:9.8|Evercore ISI Group:7.2
2026-07-15,CDW,0,,1,Citigroup:0
2026-07-15,CHD,15.1,,1,Wells Fargo:15.1
2026-07-15,CHRW,13.2,,1,Susquehanna:13.2
2026-07-15,CL,11.1,10.1823,2,Piper Sandler:3.9|Citigroup:18.3
2026-07-15,CME,12.2,,1,Barclays:12.2
2026-07-15,CMG,23,,1,Citigroup:23
2026-07-15,CMI,15.6,,1,Citigroup:15.6
2026-07-15,CMS,7.5,,1,Barclays:7.5
2026-07-15,CNC,16.5,,1,Truist Securities:16.5
2026-07-15,COF,17.15,3.7477,2,B of A Securities:14.5|JP Morgan:19.8
2026-07-15,COST,20.4,,1,JP Morgan:20.4
2026-07-15,CRL,0.7,,1,Mizuho:0.7
2026-07-15,CSGP,19.5,2.5456,2,RBC Capital:17.7|Baird:21.3
2026-07-15,CSX,8.3,,1,Benchmark:8.3
2026-07-15,CTSH,23.5,,1,Baird:23.5
2026-07-15,CTVA,15.1,,1,Mizuho:15.1
2026-07-15,CVS,9.85,2.7577,2,RBC Capital:7.9|Truist Securities:11.8
2026-07-15,DAL,28,2.2627,2,JP Morgan:29.6|Citigroup:26.4
2026-07-15,DASH,32.9,18.809,2,Jefferies:19.6|Keybanc:46.2
2026-07-15,DECK,19.7,,1,Jefferies:19.7
2026-07-15,DHI,-5.8,,1,Barclays:-5.8
2026-07-15,DLTR,7.5,8.6267,2,Goldman Sachs:1.4|Raymond James:13.6
2026-07-15,DVA,16.9,,1,UBS:16.9
2026-07-15,EBAY,10.3,,1,Baird:10.3
2026-07-15,ECL,22.4,,1,Deutsche Bank:22.4
2026-07-15,EG,12.7,,1,Keefe; Bruyette & Woods:12.7
2026-07-15,ELV,13.75,10.1116,2,TD Cowen:6.6|Truist Securities:20.9
2026-07-15,EW,18.3667,0.7638,3,Citigroup:18.2|RBC Capital:19.2|Mizuho:17.7
2026-07-15,EXR,16.95,4.4548,2,UBS:13.8|Barclays:20.1
2026-07-15,F,2.7,,1,Barclays:2.7
2026-07-15,FCX,25.325,6.3866,4,Goldman Sachs:24|Morgan Stanley:17.3|B of A Securities:32.5|JP Morgan:27.5
2026-07-15,FSLR,21.05,5.0205,2,Susquehanna:17.5|Barclays:24.6
2026-07-15,GD,18.5,,1,Jefferies:18.5
2026-07-15,GL,-0.3667,8.0451,3,Wells Fargo:8.5|Jefferies:-7.2|Evercore ISI Group:-2.4
2026-07-15,GOOGL,24.5,,1,Keybanc:24.5
2026-07-15,GPN,25.6,,1,Wells Fargo:25.6
2026-07-15,GWW,-1.1,,1,Stephens & Co.:-1.1
2026-07-15,HAL,21.4,0.4243,2,Susquehanna:21.7|Piper Sandler:21.1
2026-07-15,HAS,30.5,,1,Citigroup:30.5
2026-07-15,HIG,5.4,,1,Evercore ISI Group:5.4
2026-07-15,HII,25.3,,1,TD Cowen:25.3
2026-07-15,HRL,2.5,,1,Stephens & Co.:2.5
2026-07-15,HSY,15.5,,1,Piper Sandler:15.5
2026-07-15,HUM,10.2667,10.5462,3,RBC Capital:5.1|Wells Fargo:22.4|Truist Securities:3.3
2026-07-15,IBM,58.4,,1,Oppenheimer:58.4
2026-07-15,ICE,19.6,,1,Morgan Stanley:19.6
2026-07-15,INTC,25.15,23.5467,2,TD Cowen:8.5|Keybanc:41.8
2026-07-15,INVH,18.8,,1,Barclays:18.8
2026-07-15,IQV,12.2,,1,Mizuho:12.2
2026-07-15,IT,27.5,,1,Morgan Stanley:27.5
2026-07-15,JBHT,-2.9,15.2148,3,Goldman Sachs:-14.2|Bernstein:14.4|Stifel:-8.9
2026-07-15,JNJ,1.1,,1,B of A Securities:1.1
2026-07-15,JPM,-2.4,13.2936,2,Baird:-11.8|RBC Capital:7
2026-07-15,KDP,18.4,,1,Citigroup:18.4
2026-07-15,KHC,0.9,,1,Wells Fargo:0.9
2026-07-15,KIM,15.3,,1,UBS:15.3
2026-07-15,KKR,18.5,,1,Evercore ISI Group:18.5
2026-07-15,KO,15,0.2828,2,B of A Securities:14.8|Citigroup:15.2
2026-07-15,LDOS,47.25,0.495,2,Truist Securities:46.9|JP Morgan:47.6
2026-07-15,LEN,4.9,,1,Citigroup:4.9
2026-07-15,LH,18.65,4.5962,2,B of A Securities:15.4|Baird:21.9
2026-07-15,LIN,0,,1,Evercore ISI Group:0
2026-07-15,LLY,30.25,13.3643,2,UBS:20.8|Citigroup:39.7
2026-07-15,LMT,6.7,,1,TD Cowen:6.7
2026-07-15,LRCX,17.05,10.5359,2,TD Cowen:9.6|Stifel:24.5
2026-07-15,LVS,36.95,26.5165,2,Citigroup:55.7|Wells Fargo:18.2
2026-07-15,LYV,11,,1,Goldman Sachs:11
2026-07-15,MCO,17,,1,Barclays:17
2026-07-15,MET,11.6,0.4243,2,Jefferies:11.9|Evercore ISI Group:11.3
2026-07-15,MGM,2.6,,1,Barclays:2.6
2026-07-15,MLM,18.6,,1,Raymond James:18.6
2026-07-15,MNST,13.2,3.5355,2,Wells Fargo:10.7|Citigroup:15.7
2026-07-15,MRK,13.3,,1,JP Morgan:13.3
2026-07-15,MRVL,80.1,,1,Keybanc:80.1
2026-07-15,MSCI,21.6667,3.9463,3,Raymond James:26.2|B of A Securities:19|Barclays:19.8
2026-07-15,MSFT,28.95,3.6062,2,Argus Research:31.5|Mizuho:26.4
2026-07-15,MU,79.3,,1,Keybanc:79.3
2026-07-15,NCLH,-0.45,24.678,2,Morgan Stanley:17|Goldman Sachs:-17.9
2026-07-15,NDAQ,30.25,5.1619,2,Raymond James:33.9|Morgan Stanley:26.6
2026-07-15,NEE,6,,1,B of A Securities:6
2026-07-15,NEM,40.7,,1,B of A Securities:40.7
2026-07-15,NOC,-0.7,,1,Goldman Sachs:-0.7
2026-07-15,NOW,44.3,3.1113,2,Goldman Sachs:42.1|Citigroup:46.5
2026-07-15,NSC,10.6,,1,Susquehanna:10.6
2026-07-15,NTRS,-3.4,,1,Keefe; Bruyette & Woods:-3.4
2026-07-15,NUE,25.6,,1,B of A Securities:25.6
2026-07-15,NXPI,9.4,,1,B of A Securities:9.4
2026-07-15,ODFL,5.4667,7.5076,3,Wells Fargo:13.7|Raymond James:3.7|Susquehanna:-1
2026-07-15,OKE,-3.2,,1,Barclays:-3.2
2026-07-15,ON,53.1,,1,Susquehanna:53.1
2026-07-15,OXY,26.5,,1,Stephens & Co.:26.5
2026-07-15,PEP,10.7667,6.3868,6,Jefferies:11.9|Citigroup:6.7|Morgan Stanley:17.8|RBC Capital:18.5|TD Cowen:6.7|Wells Fargo:3
2026-07-15,PFE,14.95,11.5258,2,B of A Securities:6.8|BMO Capital:23.1
2026-07-15,PFG,-1.8,,1,Keefe; Bruyette & Woods:-1.8
2026-07-15,PG,12.8,,1,B of A Securities:12.8
2026-07-15,PKG,9,,1,Wells Fargo:9
2026-07-15,PNR,27.6,,1,RBC Capital:27.6
2026-07-15,PPL,13.7,,1,Barclays:13.7
2026-07-15,PRU,-5.6667,0.4041,3,Mizuho:-6.1|Jefferies:-5.3|Evercore ISI Group:-5.6
2026-07-15,PWR,18.4,,1,Jefferies:18.4
2026-07-15,Q,29.6,,1,RBC Capital:29.6
2026-07-15,REG,6.4,,1,UBS:6.4
2026-07-15,RJF,2.4,,1,Morgan Stanley:2.4
2026-07-15,RMD,14.1667,6.9241,3,Jefferies:7.9|Citigroup:21.6|Mizuho:13
2026-07-15,ROL,45.6,,1,Morgan Stanley:45.6
2026-07-15,RSG,18,,1,Citigroup:18
2026-07-15,SBAC,15,,1,RBC Capital:15
2026-07-15,SLB,28.7,,1,Raymond James:28.7
2026-07-15,SPG,1.2,,1,UBS:1.2
2026-07-15,SRE,8.9,,1,Barclays:8.9
2026-07-15,STLD,17.1,,1,B of A Securities:17.1
2026-07-15,SYF,6.6,,1,JP Morgan:6.6
2026-07-15,T,14.7,,1,Barclays:14.7
2026-07-15,TAP,6.05,0.0707,2,Wells Fargo:6.1|Citigroup:6
2026-07-15,TDG,12,,1,Morgan Stanley:12
2026-07-15,TECH,3.2,,1,RBC Capital:3.2
2026-07-15,TEL,15.2,,1,Citigroup:15.2
2026-07-15,TFC,12.2,,1,B of A Securities:12.2
2026-07-15,TRGP,15.2,,1,JP Morgan:15.2
2026-07-15,TRMB,17.8,,1,Wells Fargo:17.8
2026-07-15,TRV,4.5,,1,Keefe; Bruyette & Woods:4.5
2026-07-15,TSCO,12.75,4.879,2,UBS:9.3|Barclays:16.2
2026-07-15,TSLA,-25.3333,36.653,3,Jefferies:-1.1|Barclays:-7.4|Wells Fargo:-67.5
2026-07-15,TXT,15.9,,1,TD Cowen:15.9
2026-07-15,UBER,44.8,,1,Keybanc:44.8
2026-07-15,UDR,8.45,8.2731,2,Truist Securities:2.6|Barclays:14.3
2026-07-15,UHS,14.5,,1,Wells Fargo:14.5
2026-07-15,UNH,6.75,9.8288,2,Wells Fargo:13.7|TD Cowen:-0.2
2026-07-15,UNP,20,6.364,2,Raymond James:24.5|Susquehanna:15.5
2026-07-15,UPS,19.1,,1,Citigroup:19.1
2026-07-15,USB,17.6,,1,Raymond James:17.6
2026-07-15,V,21.6,,1,Barclays:21.6
2026-07-15,VLO,0.9,,1,Citigroup:0.9
2026-07-15,VRTX,20.3,,1,UBS:20.3
2026-07-15,WAT,9.65,6.7175,2,Morgan Stanley:4.9|Goldman Sachs:14.4
2026-07-15,WDC,6.8,31.9612,2,Susquehanna:-15.8|Wells Fargo:29.4
2026-07-15,WFC,7.1,,1,Baird:7.1
2026-07-15,WM,15.8,,1,Citigroup:15.8
2026-07-15,WMB,-0.8,,1,Barclays:-0.8
2026-07-15,WRB,-5.2,,1,Evercore ISI Group:-5.2
2026-07-15,WY,31.2,,1,Raymond James:31.2
2026-07-15,XEL,13.9,,1,Barclays:13.9
2026-07-15,XYZ,31.6,,1,Barclays:31.6
2026-07-15,YUM,11.4,,1,Citigroup:11.4
2026-07-16,AAPL,15.1,,1,Citigroup:15.1
2026-07-16,ABBV,3.6,,1,RBC Capital:3.6
2026-07-16,ABNB,18.9,,1,Jefferies:18.9
2026-07-16,ADI,32.1,,1,Keybanc:32.1
2026-07-16,AEE,9.0667,12.1332,3,Barclays:4.6|B of A Securities:-0.2|JP Morgan:22.8
2026-07-16,AFL,-9.05,3.6062,2,Jefferies:-11.6|Evercore ISI Group:-6.5
2026-07-16,AMCR,19,,1,B of A Securities:19
2026-07-16,AMD,14.1,3.677,2,Stifel:16.7|B of A Securities:11.5
2026-07-16,AME,4.6,,1,Morgan Stanley:4.6
2026-07-16,AMP,12.075,15.6283,4,Jefferies:26.8|Morgan Stanley:-3.9|Evercore ISI Group:24.1|Piper Sandler:1.3
2026-07-16,AON,14.4,,1,JP Morgan:14.4
2026-07-16,APH,14.5,,1,B of A Securities:14.5
2026-07-16,APO,18.6,17.8191,2,BMO Capital:6|Piper Sandler:31.2
2026-07-16,ATO,7.2,5.9397,2,Wells Fargo:11.4|Barclays:3
2026-07-16,AVY,32.1,0.9899,2,B of A Securities:31.4|Truist Securities:32.8
2026-07-16,AWK,0.4,,1,Barclays:0.4
2026-07-16,AXP,12.3,1.4142,2,B of A Securities:11.3|JP Morgan:13.3
2026-07-16,BAC,10.26,4.749,5,RBC Capital:6|Barclays:16.2|Keefe; Bruyette & Woods:12.9|Truist Securities:4.9|Wells Fargo:11.3
2026-07-16,BAX,-4.2,,1,Goldman Sachs:-4.2
2026-07-16,BBY,0.4,,1,Loop Capital:0.4
2026-07-16,BIIB,17.3,,1,Truist Securities:17.3
2026-07-16,BLK,18.8,,1,UBS:18.8
2026-07-16,BMY,14.2,,1,B of A Securities:14.2
2026-07-16,BX,13.8,,1,Evercore ISI Group:13.8
2026-07-16,C,13.1,1.6971,2,RBC Capital:11.9|Truist Securities:14.3
2026-07-16,CARR,15.8,,1,Citigroup:15.8
2026-07-16,CAT,16.25,2.0506,2,Oppenheimer:17.7|Citigroup:14.8
2026-07-16,CB,8.9,2.4042,2,Evercore ISI Group:7.2|Piper Sandler:10.6
2026-07-16,CBOE,15.2,,1,Piper Sandler:15.2
2026-07-16,CDW,0,,1,Citigroup:0
2026-07-16,CHD,7.1,,1,JP Morgan:7.1
2026-07-16,CHRW,10.25,4.1719,2,Susquehanna:13.2|Truist Securities:7.3
2026-07-16,CINF,13.5,,1,Piper Sandler:13.5
2026-07-16,CL,18.3,,1,Citigroup:18.3
2026-07-16,CME,16.1,5.5154,2,Barclays:12.2|Piper Sandler:20
2026-07-16,CMG,23,,1,Citigroup:23
2026-07-16,CMI,15.6,,1,Citigroup:15.6
2026-07-16,CMS,11.15,5.1619,2,Barclays:7.5|JP Morgan:14.8
2026-07-16,CNC,16.5,,1,Truist Securities:16.5
2026-07-16,CNP,9.9,,1,JP Morgan:9.9
2026-07-16,COF,17.15,3.7477,2,B of A Securities:14.5|JP Morgan:19.8
2026-07-16,COST,20.4,,1,JP Morgan:20.4
2026-07-16,CRL,0.7,,1,Mizuho:0.7
2026-07-16,CSGP,19.5,2.5456,2,RBC Capital:17.7|Baird:21.3
2026-07-16,CSX,8.3,,1,Benchmark:8.3
2026-07-16,CTAS,15.0667,11.0636,3,RBC Capital:3.7|UBS:15.7|Wells Fargo:25.8
2026-07-16,CTSH,23.5,,1,Baird:23.5
2026-07-16,CTVA,15.1,,1,Mizuho:15.1
2026-07-16,CVS,11.8,,1,Truist Securities:11.8
2026-07-16,DAL,28,2.2627,2,JP Morgan:29.6|Citigroup:26.4
2026-07-16,DASH,32.9,18.809,2,Jefferies:19.6|Keybanc:46.2
2026-07-16,DECK,19.7,,1,Jefferies:19.7
2026-07-16,DHI,-5.8,,1,Barclays:-5.8
2026-07-16,DOC,0.9,,1,Wells Fargo:0.9
2026-07-16,DTE,10.3,,1,JP Morgan:10.3
2026-07-16,DUK,13.1,,1,JP Morgan:13.1
2026-07-16,DVA,16.9,,1,UBS:16.9
2026-07-16,EBAY,10.3,,1,Baird:10.3
2026-07-16,ELV,13.725,7.7272,4,TD Cowen:6.6|Truist Securities:20.9|RBC Capital:7.5|Wells Fargo:19.9
2026-07-16,ETR,21.7,,1,JP Morgan:21.7
2026-07-16,EW,18.45,1.0607,2,RBC Capital:19.2|Mizuho:17.7
2026-07-16,EXPD,-7.35,6.7175,2,Stifel:-12.1|Truist Securities:-2.6
2026-07-16,EXR,16.95,4.4548,2,UBS:13.8|Barclays:20.1
2026-07-16,F,2.7,,1,Barclays:2.7
2026-07-16,FCX,30,3.5355,2,B of A Securities:32.5|JP Morgan:27.5
2026-07-16,FSLR,21.05,5.0205,2,Susquehanna:17.5|Barclays:24.6
2026-07-16,GL,0.1,8.8199,3,Jefferies:-7.2|Evercore ISI Group:-2.4|Piper Sandler:9.9
2026-07-16,GOOGL,24.5,,1,Keybanc:24.5
2026-07-16,GPN,25.6,,1,Wells Fargo:25.6
2026-07-16,GS,3.8,13.2446,5,B of A Securities:13.3|Barclays:8.5|JP Morgan:-16.8|Keefe; Bruyette & Woods:-1.5|Wells Fargo:15.5
2026-07-16,GWW,-1.1,,1,Stephens & Co.:-1.1
2026-07-16,HAL,21.1,,1,Piper Sandler:21.1
2026-07-16,HAS,30.25,0.3536,2,Citigroup:30.5|B of A Securities:30
2026-07-16,HIG,6.9,2.1213,2,Evercore ISI Group:5.4|Piper Sandler:8.4
2026-07-16,HII,25.3,,1,TD Cowen:25.3
2026-07-16,HRL,2.5,,1,Stephens & Co.:2.5
2026-07-16,HUM,12.85,13.5057,2,Wells Fargo:22.4|Truist Securities:3.3
2026-07-16,IBM,46.25,17.1827,2,Oppenheimer:58.4|Argus Research:34.1
2026-07-16,ICE,27.2,10.748,2,Morgan Stanley:19.6|Piper Sandler:34.8
2026-07-16,INTC,25.15,23.5467,2,TD Cowen:8.5|Keybanc:41.8
2026-07-16,INVH,18.8,,1,Barclays:18.8
2026-07-16,IQV,12.2,,1,Mizuho:12.2
2026-07-16,ISRG,29.4,,1,Truist Securities:29.4
2026-07-16,IT,27.5,,1,Morgan Stanley:27.5
2026-07-16,JBHT,2.24,8.5754,5,Bernstein:14.4|Stifel:-8.9|JP Morgan:5.7|TD Cowen:0.3|Truist Securities:-0.3
2026-07-16,JNJ,7.6333,7.1675,3,B of A Securities:1.1|Raymond James:6.5|RBC Capital:15.3
2026-07-16,JPM,7.7167,12.2122,6,Baird:-11.8|RBC Capital:7|B of A Securities:20.2|Barclays:20.2|Keefe; Bruyette & Woods:9.9|Truist Securities:0.8
2026-07-16,KDP,18.4,,1,Citigroup:18.4
2026-07-16,KHC,-14.5,,1,JP Morgan:-14.5
2026-07-16,KKR,18.5,,1,Evercore ISI Group:18.5
2026-07-16,KLAC,19.4,,1,Oppenheimer:19.4
2026-07-16,KO,15.8,1.4,3,B of A Securities:14.8|Citigroup:15.2|UBS:17.4
2026-07-16,LDOS,47.25,0.495,2,Truist Securities:46.9|JP Morgan:47.6
2026-07-16,LEN,4.9,,1,Citigroup:4.9
2026-07-16,LH,18.65,4.5962,2,B of A Securities:15.4|Baird:21.9
2026-07-16,LIN,0,,1,Evercore ISI Group:0
2026-07-16,LLY,30.25,13.3643,2,UBS:20.8|Citigroup:39.7
2026-07-16,LMT,6.7,,1,TD Cowen:6.7
2026-07-16,LRCX,24.5,,1,Stifel:24.5
2026-07-16,LVS,36.95,26.5165,2,Citigroup:55.7|Wells Fargo:18.2
2026-07-16,MCD,12.5,,1,Wells Fargo:12.5
2026-07-16,MCO,17,,1,Barclays:17
2026-07-16,MET,11.6,0.4243,2,Jefferies:11.9|Evercore ISI Group:11.3
2026-07-16,MGM,2.6,,1,Barclays:2.6
2026-07-16,MLM,18.6,,1,Raymond James:18.6
2026-07-16,MNST,11.4,6.0811,2,Citigroup:15.7|Stifel:7.1
2026-07-16,MRK,13.3,,1,JP Morgan:13.3
2026-07-16,MRVL,80.1,,1,Keybanc:80.1
2026-07-16,MS,-4.7,14.0007,2,JP Morgan:-14.6|Wells Fargo:5.2
2026-07-16,MSCI,19.4,0.5657,2,B of A Securities:19|Barclays:19.8
2026-07-16,MSFT,28.95,3.6062,2,Argus Research:31.5|Mizuho:26.4
2026-07-16,MTB,1.6,,1,RBC Capital:1.6
2026-07-16,MU,79.3,,1,Keybanc:79.3
2026-07-16,NCLH,-17.9,,1,Goldman Sachs:-17.9
2026-07-16,NDAQ,26.6,,1,Morgan Stanley:26.6
2026-07-16,NEE,6,,1,B of A Securities:6
2026-07-16,NEM,40.7,,1,B of A Securities:40.7
2026-07-16,NOC,-0.7,,1,Goldman Sachs:-0.7
2026-07-16,NOW,46.5,,1,Citigroup:46.5
2026-07-16,NRG,52.6,,1,Wells Fargo:52.6
2026-07-16,NSC,10.6,,1,Susquehanna:10.6
2026-07-16,NUE,25.6,,1,B of A Securities:25.6
2026-07-16,NXPI,9.4,,1,B of A Securities:9.4
2026-07-16,ODFL,3.9,5.003,3,Raymond James:3.7|Susquehanna:-1|Truist Securities:9
2026-07-16,OXY,26.5,,1,Stephens & Co.:26.5
2026-07-16,PEP,10.7667,6.3868,6,Jefferies:11.9|Citigroup:6.7|Morgan Stanley:17.8|RBC Capital:18.5|TD Cowen:6.7|Wells Fargo:3
2026-07-16,PFE,14.95,11.5258,2,B of A Securities:6.8|BMO Capital:23.1
2026-07-16,PFG,-1.8,,1,Keefe; Bruyette & Woods:-1.8
2026-07-16,PG,10.6,3.1113,2,B of A Securities:12.8|JP Morgan:8.4
2026-07-16,PGR,49.9,,1,B of A Securities:49.9
2026-07-16,PKG,13.4,6.2225,2,Wells Fargo:9|Truist Securities:17.8
2026-07-16,PNC,7.975,3.6207,4,Oppenheimer:10|RBC Capital:6.9|Truist Securities:3.4|Wells Fargo:11.6
2026-07-16,PNR,29.7667,17.4512,3,RBC Capital:27.6|Goldman Sachs:13.5|Oppenheimer:48.2
2026-07-16,PPL,13.7,,1,Barclays:13.7
2026-07-16,PRU,-5.6667,0.4041,3,Mizuho:-6.1|Jefferies:-5.3|Evercore ISI Group:-5.6
2026-07-16,PWR,18.4,,1,Jefferies:18.4
2026-07-16,Q,29.6,,1,RBC Capital:29.6
2026-07-16,RJF,2.4,,1,Morgan Stanley:2.4
2026-07-16,RMD,14.1667,6.9241,3,Jefferies:7.9|Citigroup:21.6|Mizuho:13
2026-07-16,RSG,18,,1,Citigroup:18
2026-07-16,SBAC,15,,1,RBC Capital:15
2026-07-16,SLB,28.7,,1,Raymond James:28.7
2026-07-16,SO,9.7,,1,JP Morgan:9.7
2026-07-16,SRE,8.9,,1,Barclays:8.9
2026-07-16,STLD,17.1,,1,B of A Securities:17.1
2026-07-16,SYF,6.6,,1,JP Morgan:6.6
2026-07-16,TAP,6,,1,Citigroup:6
2026-07-16,TDG,12,,1,Morgan Stanley:12
2026-07-16,TEL,15.2,,1,Citigroup:15.2
2026-07-16,TMUS,28,,1,Scotiabank:28
2026-07-16,TRGP,13.75,2.0506,2,JP Morgan:15.2|Truist Securities:12.3
2026-07-16,TRMB,17.8,,1,Wells Fargo:17.8
2026-07-16,TRV,18.2,,1,Piper Sandler:18.2
2026-07-16,TSCO,13.4333,3.6474,3,UBS:9.3|Barclays:16.2|Wells Fargo:14.8
2026-07-16,TSLA,-25.3333,36.653,3,Jefferies:-1.1|Barclays:-7.4|Wells Fargo:-67.5
2026-07-16,TXT,15.9,,1,TD Cowen:15.9
2026-07-16,UBER,44.8,,1,Keybanc:44.8
2026-07-16,UDR,14.3,,1,Barclays:14.3
2026-07-16,UHS,14.5,,1,Wells Fargo:14.5
2026-07-16,UNH,4.7667,7.7526,3,Wells Fargo:13.7|TD Cowen:-0.2|Baird:0.8
2026-07-16,UNP,20,6.364,2,Raymond James:24.5|Susquehanna:15.5
2026-07-16,VLO,0.9,,1,Citigroup:0.9
2026-07-16,VRTX,20.3,,1,UBS:20.3
2026-07-16,WAT,14.4,,1,Goldman Sachs:14.4
2026-07-16,WDC,29.4,,1,Wells Fargo:29.4
2026-07-16,WEC,9.9,,1,JP Morgan:9.9
2026-07-16,WFC,7.1,,1,Baird:7.1
2026-07-16,WM,13,3.9598,2,Citigroup:15.8|Scotiabank:10.2
2026-07-16,WRB,-5.2,,1,Evercore ISI Group:-5.2
2026-07-16,WTW,9.9,,1,Piper Sandler:9.9
2026-07-16,WY,31.2,,1,Raymond James:31.2
2026-07-16,WYNN,40.8,4.3841,2,JP Morgan:37.7|Stifel:43.9
2026-07-16,XEL,21.05,10.1116,2,Barclays:13.9|JP Morgan:28.2
2026-07-16,YUM,11.4,,1,Citigroup:11.4
2026-07-17,AAPL,15.1,,1,Citigroup:15.1
2026-07-17,ABBV,3.6,,1,RBC Capital:3.6
2026-07-17,ABNB,18.9,,1,Jefferies:18.9
2026-07-17,ABT,15.5,4.1073,3,JP Morgan:18.8|Piper Sandler:16.8|Wells Fargo:10.9
2026-07-17,ADI,32.1,,1,Keybanc:32.1
2026-07-17,AEE,11.3,16.2635,2,B of A Securities:-0.2|JP Morgan:22.8
2026-07-17,AFL,-6.5,,1,Evercore ISI Group:-6.5
2026-07-17,AMCR,19,,1,B of A Securities:19
2026-07-17,AMD,14.1,3.677,2,Stifel:16.7|B of A Securities:11.5
2026-07-17,AME,4.6,,1,Morgan Stanley:4.6
2026-07-17,AMP,12.075,15.6283,4,Jefferies:26.8|Morgan Stanley:-3.9|Evercore ISI Group:24.1|Piper Sandler:1.3
2026-07-17,AON,14.4,,1,JP Morgan:14.4
2026-07-17,APD,15.8,,1,Bernstein:15.8
2026-07-17,APO,18.6,17.8191,2,BMO Capital:6|Piper Sandler:31.2
2026-07-17,ATO,7.2,5.9397,2,Wells Fargo:11.4|Barclays:3
2026-07-17,AVY,32.1,0.9899,2,B of A Securities:31.4|Truist Securities:32.8
2026-07-17,AWK,0.4,,1,Barclays:0.4
2026-07-17,AXP,13.3,,1,JP Morgan:13.3
2026-07-17,BAC,10.26,4.749,5,RBC Capital:6|Barclays:16.2|Keefe; Bruyette & Woods:12.9|Truist Securities:4.9|Wells Fargo:11.3
2026-07-17,BAX,-4.2,,1,Goldman Sachs:-4.2
2026-07-17,BBY,0.4,,1,Loop Capital:0.4
2026-07-17,BIIB,17.3,,1,Truist Securities:17.3
2026-07-17,BKR,27.1,,1,Barclays:27.1
2026-07-17,BLK,27.8,8.1304,6,UBS:18.8|B of A Securities:23.6|Barclays:35.7|JP Morgan:27.7|Keefe; Bruyette & Woods:21.7|Morgan Stanley:39.3
2026-07-17,BX,13.8,,1,Evercore ISI Group:13.8
2026-07-17,C,13.1,1.6971,2,RBC Capital:11.9|Truist Securities:14.3
2026-07-17,CARR,15.8,,1,Citigroup:15.8
2026-07-17,CAT,16.25,2.0506,2,Oppenheimer:17.7|Citigroup:14.8
2026-07-17,CB,10.6,,1,Piper Sandler:10.6
2026-07-17,CBOE,15.2,,1,Piper Sandler:15.2
2026-07-17,CDW,0,,1,Citigroup:0
2026-07-17,CF,-4.1,,1,RBC Capital:-4.1
2026-07-17,CFG,10.5,14.0993,3,DA Davidson:15|Jefferies:21.8|Stephens & Co.:-5.3
2026-07-17,CHD,7.1,,1,JP Morgan:7.1
2026-07-17,CHRW,10.25,4.1719,2,Susquehanna:13.2|Truist Securities:7.3
2026-07-17,CINF,13.5,,1,Piper Sandler:13.5
2026-07-17,CL,18.3,,1,Citigroup:18.3
2026-07-17,CME,20,,1,Piper Sandler:20
2026-07-17,CMG,23,,1,Citigroup:23
2026-07-17,CMI,18.2,3.677,2,Citigroup:15.6|Morgan Stanley:20.8
2026-07-17,CMS,11.15,5.1619,2,Barclays:7.5|JP Morgan:14.8
2026-07-17,CNC,16.5,,1,Truist Securities:16.5
2026-07-17,CNP,9.9,,1,JP Morgan:9.9
2026-07-17,COF,19.8,,1,JP Morgan:19.8
2026-07-17,CRL,0.7,,1,Mizuho:0.7
2026-07-17,CSGP,19.5,2.5456,2,RBC Capital:17.7|Baird:21.3
2026-07-17,CSX,8.3,,1,Benchmark:8.3
2026-07-17,CTAS,11.9,9.3496,5,RBC Capital:3.7|UBS:15.7|Wells Fargo:25.8|B of A Securities:11|Baird:3.3
2026-07-17,CTSH,23.5,,1,Baird:23.5
2026-07-17,CTVA,15.1,,1,Mizuho:15.1
2026-07-17,CVS,11.8,,1,Truist Securities:11.8
2026-07-17,DAL,28,2.2627,2,JP Morgan:29.6|Citigroup:26.4
2026-07-17,DASH,32.9,18.809,2,Jefferies:19.6|Keybanc:46.2
2026-07-17,DECK,19.7,,1,Jefferies:19.7
2026-07-17,DHI,-5.8,,1,Barclays:-5.8
2026-07-17,DOC,0.9,,1,Wells Fargo:0.9
2026-07-17,DPZ,11.8,,1,Morgan Stanley:11.8
2026-07-17,DTE,10.3,,1,JP Morgan:10.3
2026-07-17,DUK,13.1,,1,JP Morgan:13.1
2026-07-17,EBAY,10.3,,1,Baird:10.3
2026-07-17,ELV,16.7,7.5559,6,TD Cowen:6.6|Truist Securities:20.9|RBC Capital:7.5|Wells Fargo:19.9|Barclays:22.9|Guggenheim:22.4
2026-07-17,ETR,21.7,,1,JP Morgan:21.7
2026-07-17,EW,18.45,1.0607,2,RBC Capital:19.2|Mizuho:17.7
2026-07-17,EXPD,-7.35,6.7175,2,Stifel:-12.1|Truist Securities:-2.6
2026-07-17,EXR,20.1,,1,Barclays:20.1
2026-07-17,FAST,4.5,9.051,2,Barclays:-1.9|Morgan Stanley:10.9
2026-07-17,FSLR,21.05,5.0205,2,Susquehanna:17.5|Barclays:24.6
2026-07-17,GL,0.1,8.8199,3,Jefferies:-7.2|Evercore ISI Group:-2.4|Piper Sandler:9.9
2026-07-17,GOOGL,24.5,,1,Keybanc:24.5
2026-07-17,GS,5.4714,11.2666,7,B of A Securities:13.3|Barclays:8.5|JP Morgan:-16.8|Keefe; Bruyette & Woods:-1.5|Wells Fargo:15.5|BMO Capital:7.3|Citigroup:12
2026-07-17,GWW,-1.1,,1,Stephens & Co.:-1.1
2026-07-17,HAL,21.1,,1,Piper Sandler:21.1
2026-07-17,HAS,32.15,3.0406,2,B of A Securities:30|Jefferies:34.3
2026-07-17,HIG,8.4,,1,Piper Sandler:8.4
2026-07-17,HII,25.3,,1,TD Cowen:25.3
2026-07-17,HLT,3,,1,Morgan Stanley:3
2026-07-17,HUM,12.85,13.5057,2,Wells Fargo:22.4|Truist Securities:3.3
2026-07-17,IBM,31.075,20.1359,4,Oppenheimer:58.4|Argus Research:34.1|Evercore ISI Group:15.9|JP Morgan:15.9
2026-07-17,ICE,27.2,10.748,2,Morgan Stanley:19.6|Piper Sandler:34.8
2026-07-17,INTC,25.0333,16.6512,3,TD Cowen:8.5|Keybanc:41.8|Susquehanna:24.8
2026-07-17,INVH,18.8,,1,Barclays:18.8
2026-07-17,IQV,12.2,,1,Mizuho:12.2
2026-07-17,ISRG,26.1333,8.8317,6,Truist Securities:29.4|JP Morgan:23.3|Mizuho:9.6|Piper Sandler:28.8|Raymond James:32.3|Wells Fargo:33.4
2026-07-17,IT,27.5,,1,Morgan Stanley:27.5
2026-07-17,IVZ,0.8,,1,Morgan Stanley:0.8
2026-07-17,JBHT,7.4889,10.1948,9,Bernstein:14.4|Stifel:-8.9|JP Morgan:5.7|TD Cowen:0.3|Truist Securities:-0.3|Citigroup:4.3|Evercore ISI Group:10.7|Stephens & Co.:24.8|Susquehanna:16.4
2026-07-17,JNJ,12.7333,5.4262,3,Raymond James:6.5|RBC Capital:15.3|Morgan Stanley:16.4
2026-07-17,JPM,7.7167,12.2122,6,Baird:-11.8|RBC Capital:7|B of A Securities:20.2|Barclays:20.2|Keefe; Bruyette & Woods:9.9|Truist Securities:0.8
2026-07-17,KDP,18.4,,1,Citigroup:18.4
2026-07-17,KHC,-14.5,,1,JP Morgan:-14.5
2026-07-17,KKR,18.5,,1,Evercore ISI Group:18.5
2026-07-17,KLAC,19.4,,1,Oppenheimer:19.4
2026-07-17,KO,16.3,1.5556,2,Citigroup:15.2|UBS:17.4
2026-07-17,LDOS,47.6,,1,JP Morgan:47.6
2026-07-17,LEN,4.9,,1,Citigroup:4.9
2026-07-17,LH,18.65,4.5962,2,B of A Securities:15.4|Baird:21.9
2026-07-17,LLY,30.25,13.3643,2,UBS:20.8|Citigroup:39.7
2026-07-17,LMT,6.7,,1,TD Cowen:6.7
2026-07-17,LRCX,24.5,,1,Stifel:24.5
2026-07-17,LVS,36.95,26.5165,2,Citigroup:55.7|Wells Fargo:18.2
2026-07-17,MAR,2.4,,1,Morgan Stanley:2.4
2026-07-17,MCD,27.15,20.7182,2,Wells Fargo:12.5|Tigress Financial:41.8
2026-07-17,MCO,17,,1,Barclays:17
2026-07-17,MET,11.6,0.4243,2,Jefferies:11.9|Evercore ISI Group:11.3
2026-07-17,MLM,18.6,,1,Raymond James:18.6
2026-07-17,MNST,11.4,6.0811,2,Citigroup:15.7|Stifel:7.1
2026-07-17,MRK,13.3,,1,JP Morgan:13.3
2026-07-17,MRVL,80.1,,1,Keybanc:80.1
2026-07-17,MS,10.05,13.2863,6,JP Morgan:-14.6|Wells Fargo:5.2|Barclays:22.2|BMO Capital:16.6|Freedom Broker:14.3|Keefe; Bruyette & Woods:16.6
2026-07-17,MSCI,19.4,0.5657,2,B of A Securities:19|Barclays:19.8
2026-07-17,MSFT,26.4,,1,Mizuho:26.4
2026-07-17,MTB,2.1667,3.3858,3,RBC Capital:1.6|Baird:-0.9|Barclays:5.8
2026-07-17,MU,79.3,,1,Keybanc:79.3
2026-07-17,NCLH,-17.9,,1,Goldman Sachs:-17.9
2026-07-17,NDAQ,26.6,,1,Morgan Stanley:26.6
2026-07-17,NEE,6,,1,B of A Securities:6
2026-07-17,NFLX,28.8,1.7321,3,JP Morgan:29.8|Morgan Stanley:26.8|Oppenheimer:29.8
2026-07-17,NI,5.4,,1,BMO Capital:5.4
2026-07-17,NOC,-0.7,,1,Goldman Sachs:-0.7
2026-07-17,NOW,46.5,,1,Citigroup:46.5
2026-07-17,NRG,52.6,,1,Wells Fargo:52.6
2026-07-17,NSC,10.6,,1,Susquehanna:10.6
2026-07-17,NXPI,9.4,,1,B of A Securities:9.4
2026-07-17,ODFL,3.9,5.003,3,Raymond James:3.7|Susquehanna:-1|Truist Securities:9
2026-07-17,OXY,18.15,11.8087,2,Stephens & Co.:26.5|Citigroup:9.8
2026-07-17,PEP,10.54,7.1136,5,Citigroup:6.7|Morgan Stanley:17.8|RBC Capital:18.5|TD Cowen:6.7|Wells Fargo:3
2026-07-17,PFE,23.1,,1,BMO Capital:23.1
2026-07-17,PFG,-1.8,,1,Keefe; Bruyette & Woods:-1.8
2026-07-17,PG,10.6,3.1113,2,B of A Securities:12.8|JP Morgan:8.4
2026-07-17,PGR,19.3667,27.1148,3,B of A Securities:49.9|BMO Capital:-1.9|Evercore ISI Group:10.1
2026-07-17,PKG,17.8,,1,Truist Securities:17.8
2026-07-17,PLD,5,1.4142,2,Barclays:4|Mizuho:6
2026-07-17,PNC,8.6333,3.1829,6,Oppenheimer:10|RBC Capital:6.9|Truist Securities:3.4|Wells Fargo:11.6|Barclays:11.7|Stephens & Co.:8.2
2026-07-17,PNR,22.35,20.5683,4,RBC Capital:27.6|Goldman Sachs:13.5|Oppenheimer:48.2|Stifel:0.1
2026-07-17,PPL,13.7,,1,Barclays:13.7
2026-07-17,PRU,-5.45,0.2121,2,Jefferies:-5.3|Evercore ISI Group:-5.6
2026-07-17,Q,29.6,,1,RBC Capital:29.6
2026-07-17,RJF,2.4,,1,Morgan Stanley:2.4
2026-07-17,RMD,17.3,6.0811,2,Citigroup:21.6|Mizuho:13
2026-07-17,SBAC,15,,1,RBC Capital:15
2026-07-17,SO,9.7,,1,JP Morgan:9.7
2026-07-17,STT,14.8333,6.3509,3,Keefe; Bruyette & Woods:18.5|Morgan Stanley:7.5|Wells Fargo:18.5
2026-07-17,SYF,6.6,,1,JP Morgan:6.6
2026-07-17,SYY,5.9,,1,Morgan Stanley:5.9
2026-07-17,TAP,6,,1,Citigroup:6
2026-07-17,TDG,12,,1,Morgan Stanley:12
2026-07-17,TEL,15.2,,1,Citigroup:15.2
2026-07-17,TMUS,28,,1,Scotiabank:28
2026-07-17,TRGP,12.3,,1,Truist Securities:12.3
2026-07-17,TRMB,17.8,,1,Wells Fargo:17.8
2026-07-17,TRV,18.2,,1,Piper Sandler:18.2
2026-07-17,TSCO,13.4333,3.6474,3,UBS:9.3|Barclays:16.2|Wells Fargo:14.8
2026-07-17,TSLA,-25.3333,36.653,3,Jefferies:-1.1|Barclays:-7.4|Wells Fargo:-67.5
2026-07-17,TXT,15.9,,1,TD Cowen:15.9
2026-07-17,UAL,75.6,,1,JP Morgan:75.6
2026-07-17,UBER,52.95,11.5258,2,Keybanc:44.8|TD Cowen:61.1
2026-07-17,UDR,14.3,,1,Barclays:14.3
2026-07-17,UHS,14.5,,1,Wells Fargo:14.5
2026-07-17,UNH,12.1167,9.7485,6,Wells Fargo:13.7|TD Cowen:-0.2|Baird:0.8|Keybanc:17.2|Morgan Stanley:24|Oppenheimer:17.2
2026-07-17,UNP,20,6.364,2,Raymond James:24.5|Susquehanna:15.5
2026-07-17,USB,13.85,8.8388,2,Oppenheimer:20.1|Wells Fargo:7.6
2026-07-17,VLO,0.9,,1,Citigroup:0.9
2026-07-17,VRTX,20.3,,1,UBS:20.3
2026-07-17,WAT,14.4,,1,Goldman Sachs:14.4
2026-07-17,WDC,29.4,,1,Wells Fargo:29.4
2026-07-17,WEC,9.9,,1,JP Morgan:9.9
2026-07-17,WFC,7.1,,1,Baird:7.1
2026-07-17,WM,10.2,,1,Scotiabank:10.2
2026-07-17,WRB,-4.5,,1,B of A Securities:-4.5
2026-07-17,WTW,9.9,,1,Piper Sandler:9.9
2026-07-17,WY,26.5,6.6468,2,Raymond James:31.2|RBC Capital:21.8
2026-07-17,WYNN,40.8,4.3841,2,JP Morgan:37.7|Stifel:43.9
2026-07-17,XEL,28.2,,1,JP Morgan:28.2
2026-07-17,XYZ,45.2,,1,Citigroup:45.2
2026-07-17,YUM,11.4,,1,Citigroup:11.4
2026-07-18,AAPL,15.1,,1,Citigroup:15.1
2026-07-18,ABNB,18.9,,1,Jefferies:18.9
2026-07-18,ABT,18.8,6.4113,5,JP Morgan:18.8|Piper Sandler:16.8|Wells Fargo:10.9|Evercore ISI Group:18.8|RBC Capital:28.7
2026-07-18,ADI,32.1,,1,Keybanc:32.1
2026-07-18,AEE,11.3,16.2635,2,B of A Securities:-0.2|JP Morgan:22.8
2026-07-18,AFL,-6.5,,1,Evercore ISI Group:-6.5
2026-07-18,AMCR,19,,1,B of A Securities:19
2026-07-18,AMD,11.5,,1,B of A Securities:11.5
2026-07-18,AMP,12.7,16.122,2,Evercore ISI Group:24.1|Piper Sandler:1.3
2026-07-18,AON,14.4,,1,JP Morgan:14.4
2026-07-18,APD,15.8,,1,Bernstein:15.8
2026-07-18,APO,18.6,17.8191,2,BMO Capital:6|Piper Sandler:31.2
2026-07-18,ATO,7.2,5.9397,2,Wells Fargo:11.4|Barclays:3
2026-07-18,AVY,32.1,0.9899,2,B of A Securities:31.4|Truist Securities:32.8
2026-07-18,AWK,0.4,,1,Barclays:0.4
2026-07-18,AXP,13.3,,1,JP Morgan:13.3
2026-07-18,BAC,10.1167,4.2621,6,RBC Capital:6|Barclays:16.2|Keefe; Bruyette & Woods:12.9|Truist Securities:4.9|Wells Fargo:11.3|Evercore ISI Group:9.4
2026-07-18,BAX,-4.2,,1,Goldman Sachs:-4.2
2026-07-18,BBY,0.4,,1,Loop Capital:0.4
2026-07-18,BIIB,17.3,,1,Truist Securities:17.3
2026-07-18,BKR,27.1,,1,Barclays:27.1
2026-07-18,BLK,27.8,8.1304,6,UBS:18.8|B of A Securities:23.6|Barclays:35.7|JP Morgan:27.7|Keefe; Bruyette & Woods:21.7|Morgan Stanley:39.3
2026-07-18,BX,13.8,,1,Evercore ISI Group:13.8
2026-07-18,C,13.1,1.6971,2,RBC Capital:11.9|Truist Securities:14.3
2026-07-18,CARR,15.8,,1,Citigroup:15.8
2026-07-18,CAT,16.25,2.0506,2,Oppenheimer:17.7|Citigroup:14.8
2026-07-18,CB,10.6,,1,Piper Sandler:10.6
2026-07-18,CBOE,15.2,,1,Piper Sandler:15.2
2026-07-18,CDW,0,,1,Citigroup:0
2026-07-18,CF,-4.1,,1,RBC Capital:-4.1
2026-07-18,CFG,10.68,10.3758,5,DA Davidson:15|Jefferies:21.8|Stephens & Co.:-5.3|Evercore ISI Group:15|RBC Capital:6.9
2026-07-18,CHD,7.1,,1,JP Morgan:7.1
2026-07-18,CHRW,10.25,4.1719,2,Susquehanna:13.2|Truist Securities:7.3
2026-07-18,CINF,13.5,,1,Piper Sandler:13.5
2026-07-18,CL,18.3,,1,Citigroup:18.3
2026-07-18,CME,20,,1,Piper Sandler:20
2026-07-18,CMG,23,,1,Citigroup:23
2026-07-18,CMI,18.2,3.677,2,Citigroup:15.6|Morgan Stanley:20.8
2026-07-18,CMS,11.15,5.1619,2,Barclays:7.5|JP Morgan:14.8
2026-07-18,CNC,16.5,,1,Truist Securities:16.5
2026-07-18,CNP,9.9,,1,JP Morgan:9.9
2026-07-18,COF,19.8,,1,JP Morgan:19.8
2026-07-18,CRL,0.7,,1,Mizuho:0.7
2026-07-18,CSGP,19.5,2.5456,2,RBC Capital:17.7|Baird:21.3
2026-07-18,CSX,8.3,,1,Benchmark:8.3
2026-07-18,CTAS,11.9,9.3496,5,RBC Capital:3.7|UBS:15.7|Wells Fargo:25.8|B of A Securities:11|Baird:3.3
2026-07-18,CTVA,15.1,,1,Mizuho:15.1
2026-07-18,CVS,11.8,,1,Truist Securities:11.8
2026-07-18,DAL,28,2.2627,2,JP Morgan:29.6|Citigroup:26.4
2026-07-18,DASH,32.9,18.809,2,Jefferies:19.6|Keybanc:46.2
2026-07-18,DECK,19.7,,1,Jefferies:19.7
2026-07-18,DHI,-5.8,,1,Barclays:-5.8
2026-07-18,DOC,0.9,,1,Wells Fargo:0.9
2026-07-18,DPZ,11.8,,1,Morgan Stanley:11.8
2026-07-18,DTE,10.3,,1,JP Morgan:10.3
2026-07-18,DUK,13.1,,1,JP Morgan:13.1
2026-07-18,EBAY,10.3,,1,Baird:10.3
2026-07-18,ECL,15.3,,1,Oppenheimer:15.3
2026-07-18,ELV,16.7,7.5559,6,TD Cowen:6.6|Truist Securities:20.9|RBC Capital:7.5|Wells Fargo:19.9|Barclays:22.9|Guggenheim:22.4
2026-07-18,EMR,13.5,,1,JP Morgan:13.5
2026-07-18,ETR,21.7,,1,JP Morgan:21.7
2026-07-18,EW,18.45,1.0607,2,RBC Capital:19.2|Mizuho:17.7
2026-07-18,EXPD,-7.35,6.7175,2,Stifel:-12.1|Truist Securities:-2.6
2026-07-18,FAST,4.5,9.051,2,Barclays:-1.9|Morgan Stanley:10.9
2026-07-18,FSLR,24.6,,1,Barclays:24.6
2026-07-18,GE,20.35,7.1418,2,RBC Capital:15.3|UBS:25.4
2026-07-18,GL,3.75,8.6974,2,Evercore ISI Group:-2.4|Piper Sandler:9.9
2026-07-18,GS,6.4,10.7564,8,B of A Securities:13.3|Barclays:8.5|JP Morgan:-16.8|Keefe; Bruyette & Woods:-1.5|Wells Fargo:15.5|BMO Capital:7.3|Citigroup:12|Evercore ISI Group:12.9
2026-07-18,GWW,-1.1,,1,Stephens & Co.:-1.1
2026-07-18,HAL,21.1,,1,Piper Sandler:21.1
2026-07-18,HAS,32.15,3.0406,2,B of A Securities:30|Jefferies:34.3
2026-07-18,HIG,8.4,,1,Piper Sandler:8.4
2026-07-18,HII,25.3,,1,TD Cowen:25.3
2026-07-18,HLT,3,,1,Morgan Stanley:3
2026-07-18,HUM,12.85,13.5057,2,Wells Fargo:22.4|Truist Securities:3.3
2026-07-18,IBM,31.075,20.1359,4,Oppenheimer:58.4|Argus Research:34.1|Evercore ISI Group:15.9|JP Morgan:15.9
2026-07-18,ICE,34.8,,1,Piper Sandler:34.8
2026-07-18,INTC,25.0333,16.6512,3,TD Cowen:8.5|Keybanc:41.8|Susquehanna:24.8
2026-07-18,INVH,18.8,,1,Barclays:18.8
2026-07-18,IQV,12.2,,1,Mizuho:12.2
2026-07-18,ISRG,35.7833,22.2295,12,Truist Securities:29.4|JP Morgan:23.3|Mizuho:9.6|Piper Sandler:28.8|Raymond James:32.3|Wells Fargo:33.4|Baird:37|Bernstein:87.7|Citigroup:37|Evercore ISI Group:2.7|RBC Capital:57.5|Stifel:50.7
2026-07-18,IVZ,0.8,,1,Morgan Stanley:0.8
2026-07-18,JBHT,6.625,10.5406,8,Stifel:-8.9|JP Morgan:5.7|TD Cowen:0.3|Truist Securities:-0.3|Citigroup:4.3|Evercore ISI Group:10.7|Stephens & Co.:24.8|Susquehanna:16.4
2026-07-18,JNJ,12.7333,5.4262,3,Raymond James:6.5|RBC Capital:15.3|Morgan Stanley:16.4
2026-07-18,JPM,7.8286,11.1521,7,Baird:-11.8|RBC Capital:7|B of A Securities:20.2|Barclays:20.2|Keefe; Bruyette & Woods:9.9|Truist Securities:0.8|Evercore ISI Group:8.5
2026-07-18,KDP,18.4,,1,Citigroup:18.4
2026-07-18,KHC,-14.5,,1,JP Morgan:-14.5
2026-07-18,KKR,18.5,,1,Evercore ISI Group:18.5
2026-07-18,KLAC,19.4,,1,Oppenheimer:19.4
2026-07-18,KO,16.3,1.5556,2,Citigroup:15.2|UBS:17.4
2026-07-18,LDOS,47.6,,1,JP Morgan:47.6
2026-07-18,LEN,4.9,,1,Citigroup:4.9
2026-07-18,LH,18.65,4.5962,2,B of A Securities:15.4|Baird:21.9
2026-07-18,LLY,30.25,13.3643,2,UBS:20.8|Citigroup:39.7
2026-07-18,LMT,6.7,,1,TD Cowen:6.7
2026-07-18,LVS,18.2,,1,Wells Fargo:18.2
2026-07-18,MAR,0.35,2.8991,2,Morgan Stanley:2.4|Stifel:-1.7
2026-07-18,MCD,27.15,20.7182,2,Wells Fargo:12.5|Tigress Financial:41.8
2026-07-18,MET,11.3,,1,Evercore ISI Group:11.3
2026-07-18,MLM,18.6,,1,Raymond James:18.6
2026-07-18,MMM,10,,1,JP Morgan:10
2026-07-18,MNST,11.4,6.0811,2,Citigroup:15.7|Stifel:7.1
2026-07-18,MRK,13.3,,1,JP Morgan:13.3
2026-07-18,MRVL,80.1,,1,Keybanc:80.1
2026-07-18,MS,10.225,11.2505,8,JP Morgan:-14.6|Wells Fargo:5.2|Barclays:22.2|BMO Capital:16.6|Freedom Broker:14.3|Keefe; Bruyette & Woods:16.6|Citigroup:9.6|Evercore ISI Group:11.9
2026-07-18,MSFT,26.4,,1,Mizuho:26.4
2026-07-18,MTB,2.1667,3.3858,3,RBC Capital:1.6|Baird:-0.9|Barclays:5.8
2026-07-18,MU,79.3,,1,Keybanc:79.3
2026-07-18,NCLH,-17.9,,1,Goldman Sachs:-17.9
2026-07-18,NEE,6,,1,B of A Securities:6
2026-07-18,NFLX,33.7286,23.3863,7,JP Morgan:29.8|Morgan Stanley:26.8|Oppenheimer:29.8|Guggenheim:14.5|Pivotal Research:6.9|TD Cowen:52.7|UBS:75.6
2026-07-18,NI,5.4,,1,BMO Capital:5.4
2026-07-18,NOC,-0.7,,1,Goldman Sachs:-0.7
2026-07-18,NOW,46.5,,1,Citigroup:46.5
2026-07-18,NRG,52.6,,1,Wells Fargo:52.6
2026-07-18,NSC,10.6,,1,Susquehanna:10.6
2026-07-18,NXPI,9.4,,1,B of A Securities:9.4
2026-07-18,ODFL,3.9,5.003,3,Raymond James:3.7|Susquehanna:-1|Truist Securities:9
2026-07-18,OXY,18.15,11.8087,2,Stephens & Co.:26.5|Citigroup:9.8
2026-07-18,PFE,23.1,,1,BMO Capital:23.1
2026-07-18,PFG,-1.8,,1,Keefe; Bruyette & Woods:-1.8
2026-07-18,PG,8.4,,1,JP Morgan:8.4
2026-07-18,PGR,19.3667,27.1148,3,B of A Securities:49.9|BMO Capital:-1.9|Evercore ISI Group:10.1
2026-07-18,PKG,17.8,,1,Truist Securities:17.8
2026-07-18,PLD,5,1.4142,2,Barclays:4|Mizuho:6
2026-07-18,PNC,9.1286,3.1873,7,Oppenheimer:10|RBC Capital:6.9|Truist Securities:3.4|Wells Fargo:11.6|Barclays:11.7|Stephens & Co.:8.2|Evercore ISI Group:12.1
2026-07-18,PNR,22.35,20.5683,4,RBC Capital:27.6|Goldman Sachs:13.5|Oppenheimer:48.2|Stifel:0.1
2026-07-18,PPG,11.5,,1,B of A Securities:11.5
2026-07-18,PPL,13.7,,1,Barclays:13.7
2026-07-18,PRU,-5.6,,1,Evercore ISI Group:-5.6
2026-07-18,Q,29.6,,1,RBC Capital:29.6
2026-07-18,RMD,17.3,6.0811,2,Citigroup:21.6|Mizuho:13
2026-07-18,SBAC,11.1,,1,Wells Fargo:11.1
2026-07-18,SO,9.7,,1,JP Morgan:9.7
2026-07-18,SPGI,14.2,,1,Stifel:14.2
2026-07-18,STT,11.9714,5.5274,7,Keefe; Bruyette & Woods:18.5|Morgan Stanley:7.5|Wells Fargo:18.5|Barclays:10.2|Citigroup:15.8|RBC Capital:8|Truist Securities:5.3
2026-07-18,SYF,6.6,,1,JP Morgan:6.6
2026-07-18,SYY,5.9,,1,Morgan Stanley:5.9
2026-07-18,TAP,6,,1,Citigroup:6
2026-07-18,TDG,12,,1,Morgan Stanley:12
2026-07-18,TEL,15.2,,1,Citigroup:15.2
2026-07-18,TMUS,28,,1,Scotiabank:28
2026-07-18,TRGP,12.3,,1,Truist Securities:12.3
2026-07-18,TRMB,17.8,,1,Wells Fargo:17.8
2026-07-18,TRV,18.2,,1,Piper Sandler:18.2
2026-07-18,TSCO,17.025,7.7762,4,UBS:9.3|Barclays:16.2|Wells Fargo:14.8|Raymond James:27.8
2026-07-18,TSLA,-25.3333,36.653,3,Jefferies:-1.1|Barclays:-7.4|Wells Fargo:-67.5
2026-07-18,TXT,15.9,,1,TD Cowen:15.9
2026-07-18,UAL,59.15,23.2638,2,JP Morgan:75.6|Susquehanna:42.7
2026-07-18,UBER,52.95,11.5258,2,Keybanc:44.8|TD Cowen:61.1
2026-07-18,UDR,14.3,,1,Barclays:14.3
2026-07-18,UHS,14.5,,1,Wells Fargo:14.5
2026-07-18,UNH,12.9667,7.9193,9,Wells Fargo:13.7|TD Cowen:-0.2|Baird:0.8|Keybanc:17.2|Morgan Stanley:24|Oppenheimer:17.2|RBC Capital:12|Truist Securities:17.2|UBS:14.8
2026-07-18,UNP,20,6.364,2,Raymond James:24.5|Susquehanna:15.5
2026-07-18,USB,13.54,5.6796,5,Oppenheimer:20.1|Wells Fargo:7.6|Barclays:17|DA Davidson:15.4|Truist Securities:7.6
2026-07-18,VLO,0.9,,1,Citigroup:0.9
2026-07-18,VRTX,20.3,,1,UBS:20.3
2026-07-18,WAT,14.4,,1,Goldman Sachs:14.4
2026-07-18,WEC,9.9,,1,JP Morgan:9.9
2026-07-18,WFC,7.1,,1,Baird:7.1
2026-07-18,WM,10.2,,1,Scotiabank:10.2
2026-07-18,WRB,-4.5,,1,B of A Securities:-4.5
2026-07-18,WTW,9.9,,1,Piper Sandler:9.9
2026-07-18,WY,21.8,,1,RBC Capital:21.8
2026-07-18,WYNN,40.8,4.3841,2,JP Morgan:37.7|Stifel:43.9
2026-07-18,XEL,28.2,,1,JP Morgan:28.2
2026-07-18,XYZ,45.2,,1,Citigroup:45.2
2026-07-18,YUM,11.4,,1,Citigroup:11.4
2026-07-20,ABNB,18.9,,1,Jefferies:18.9
2026-07-20,ABT,18.8,6.4113,5,JP Morgan:18.8|Piper Sandler:16.8|Wells Fargo:10.9|Evercore ISI Group:18.8|RBC Capital:28.7
2026-07-20,ADI,32.1,,1,Keybanc:32.1
2026-07-20,AEE,22.8,,1,JP Morgan:22.8
2026-07-20,AIG,12.4,,1,JP Morgan:12.4
2026-07-20,AMCR,19,,1,B of A Securities:19
2026-07-20,AMD,11.5,,1,B of A Securities:11.5
2026-07-20,AMP,1.3,,1,Piper Sandler:1.3
2026-07-20,APD,15.8,,1,Bernstein:15.8
2026-07-20,APO,18.6,17.8191,2,BMO Capital:6|Piper Sandler:31.2
2026-07-20,ATO,7.2,5.9397,2,Wells Fargo:11.4|Barclays:3
2026-07-20,AVY,32.1,0.9899,2,B of A Securities:31.4|Truist Securities:32.8
2026-07-20,AWK,0.4,,1,Barclays:0.4
2026-07-20,AXP,13.3,,1,JP Morgan:13.3
2026-07-20,BAC,10.1167,4.2621,6,RBC Capital:6|Barclays:16.2|Keefe; Bruyette & Woods:12.9|Truist Securities:4.9|Wells Fargo:11.3|Evercore ISI Group:9.4
2026-07-20,BAX,-4.2,,1,Goldman Sachs:-4.2
2026-07-20,BBY,0.4,,1,Loop Capital:0.4
2026-07-20,BIIB,17.3,,1,Truist Securities:17.3
2026-07-20,BKR,27.1,,1,Barclays:27.1
2026-07-20,BLK,27.8,8.1304,6,UBS:18.8|B of A Securities:23.6|Barclays:35.7|JP Morgan:27.7|Keefe; Bruyette & Woods:21.7|Morgan Stanley:39.3
2026-07-20,C,13.1,1.6971,2,RBC Capital:11.9|Truist Securities:14.3
2026-07-20,CAT,14.8,,1,Citigroup:14.8
2026-07-20,CB,10.6,,1,Piper Sandler:10.6
2026-07-20,CBOE,15.2,,1,Piper Sandler:15.2
2026-07-20,CF,-4.1,,1,RBC Capital:-4.1
2026-07-20,CFG,10.68,10.3758,5,DA Davidson:15|Jefferies:21.8|Stephens & Co.:-5.3|Evercore ISI Group:15|RBC Capital:6.9
2026-07-20,CHD,7.1,,1,JP Morgan:7.1
2026-07-20,CHRW,10.25,4.1719,2,Susquehanna:13.2|Truist Securities:7.3
2026-07-20,CINF,13.5,,1,Piper Sandler:13.5
2026-07-20,CL,18.3,,1,Citigroup:18.3
2026-07-20,CME,20,,1,Piper Sandler:20
2026-07-20,CMG,23,,1,Citigroup:23
2026-07-20,CMI,18.2,3.677,2,Citigroup:15.6|Morgan Stanley:20.8
2026-07-20,CMS,11.15,5.1619,2,Barclays:7.5|JP Morgan:14.8
2026-07-20,CNC,16.5,,1,Truist Securities:16.5
2026-07-20,CNP,9.9,,1,JP Morgan:9.9
2026-07-20,COF,19.8,,1,JP Morgan:19.8
2026-07-20,CRL,0.7,,1,Mizuho:0.7
2026-07-20,CSGP,21.3,,1,Baird:21.3
2026-07-20,CSX,8.3,,1,Benchmark:8.3
2026-07-20,CTAS,11.9,9.3496,5,RBC Capital:3.7|UBS:15.7|Wells Fargo:25.8|B of A Securities:11|Baird:3.3
2026-07-20,CTVA,12.85,3.182,2,Mizuho:15.1|B of A Securities:10.6
2026-07-20,CVS,11.8,,1,Truist Securities:11.8
2026-07-20,DAL,26.4,,1,Citigroup:26.4
2026-07-20,DASH,32.9,18.809,2,Jefferies:19.6|Keybanc:46.2
2026-07-20,DECK,19.7,,1,Jefferies:19.7
2026-07-20,DHI,-5.8,,1,Barclays:-5.8
2026-07-20,DOC,0.9,,1,Wells Fargo:0.9
2026-07-20,DOW,31.1,,1,Morgan Stanley:31.1
2026-07-20,DPZ,11.8,,1,Morgan Stanley:11.8
2026-07-20,DTE,10.3,,1,JP Morgan:10.3
2026-07-20,DUK,13.1,,1,JP Morgan:13.1
2026-07-20,EBAY,10.3,,1,Baird:10.3
2026-07-20,ECL,15.3,,1,Oppenheimer:15.3
2026-07-20,ELV,16.7,7.5559,6,TD Cowen:6.6|Truist Securities:20.9|RBC Capital:7.5|Wells Fargo:19.9|Barclays:22.9|Guggenheim:22.4
2026-07-20,EMR,13.5,,1,JP Morgan:13.5
2026-07-20,ETR,21.7,,1,JP Morgan:21.7
2026-07-20,EW,17.7,,1,Mizuho:17.7
2026-07-20,EXPD,-7.35,6.7175,2,Stifel:-12.1|Truist Securities:-2.6
2026-07-20,FAST,4.5,9.051,2,Barclays:-1.9|Morgan Stanley:10.9
2026-07-20,FSLR,24.6,,1,Barclays:24.6
2026-07-20,GE,17.9333,6.5592,3,RBC Capital:15.3|UBS:25.4|JP Morgan:13.1
2026-07-20,GL,9.9,,1,Piper Sandler:9.9
2026-07-20,GS,6.4,10.7564,8,B of A Securities:13.3|Barclays:8.5|JP Morgan:-16.8|Keefe; Bruyette & Woods:-1.5|Wells Fargo:15.5|BMO Capital:7.3|Citigroup:12|Evercore ISI Group:12.9
2026-07-20,GWW,-1.1,,1,Stephens & Co.:-1.1
2026-07-20,HAL,21.1,,1,Piper Sandler:21.1
2026-07-20,HAS,32.15,3.0406,2,B of A Securities:30|Jefferies:34.3
2026-07-20,HIG,8.35,0.0707,2,Piper Sandler:8.4|JP Morgan:8.3
2026-07-20,HLT,3,,1,Morgan Stanley:3
2026-07-20,HUM,12.85,13.5057,2,Wells Fargo:22.4|Truist Securities:3.3
2026-07-20,IBM,27.24,19.4327,5,Oppenheimer:58.4|Argus Research:34.1|Evercore ISI Group:15.9|JP Morgan:15.9|Stifel:11.9
2026-07-20,ICE,34.8,,1,Piper Sandler:34.8
2026-07-20,INTC,33.3,12.0208,2,Keybanc:41.8|Susquehanna:24.8
2026-07-20,INVH,18.8,,1,Barclays:18.8
2026-07-20,IQV,12.2,,1,Mizuho:12.2
2026-07-20,IR,2.3,,1,Stifel:2.3
2026-07-20,ISRG,35.7833,22.2295,12,Truist Securities:29.4|JP Morgan:23.3|Mizuho:9.6|Piper Sandler:28.8|Raymond James:32.3|Wells Fargo:33.4|Baird:37|Bernstein:87.7|Citigroup:37|Evercore ISI Group:2.7|RBC Capital:57.5|Stifel:50.7
2026-07-20,IVZ,0.8,,1,Morgan Stanley:0.8
2026-07-20,JBHT,6.625,10.5406,8,Stifel:-8.9|JP Morgan:5.7|TD Cowen:0.3|Truist Securities:-0.3|Citigroup:4.3|Evercore ISI Group:10.7|Stephens & Co.:24.8|Susquehanna:16.4
2026-07-20,JNJ,12.7333,5.4262,3,Raymond James:6.5|RBC Capital:15.3|Morgan Stanley:16.4
2026-07-20,JPM,7.5125,10.3635,8,Baird:-11.8|RBC Capital:7|B of A Securities:20.2|Barclays:20.2|Keefe; Bruyette & Woods:9.9|Truist Securities:0.8|Evercore ISI Group:8.5|Citigroup:5.3
2026-07-20,KDP,18.4,,1,Citigroup:18.4
2026-07-20,KHC,-14.5,,1,JP Morgan:-14.5
2026-07-20,KLAC,19.4,,1,Oppenheimer:19.4
2026-07-20,KO,16.3,1.5556,2,Citigroup:15.2|UBS:17.4
2026-07-20,LEN,4.9,,1,Citigroup:4.9
2026-07-20,LITE,30.9,,1,Barclays:30.9
2026-07-20,LLY,39.7,,1,Citigroup:39.7
2026-07-20,LVS,25.1,9.7581,2,Wells Fargo:18.2|B of A Securities:32
2026-07-20,LYB,22.2,,1,Morgan Stanley:22.2
2026-07-20,MAR,0.35,2.8991,2,Morgan Stanley:2.4|Stifel:-1.7
2026-07-20,MCD,27.15,20.7182,2,Wells Fargo:12.5|Tigress Financial:41.8
2026-07-20,MCO,18.1,,1,JP Morgan:18.1
2026-07-20,MLM,18.6,,1,Raymond James:18.6
2026-07-20,MMM,10,,1,JP Morgan:10
2026-07-20,MNST,11.4,6.0811,2,Citigroup:15.7|Stifel:7.1
2026-07-20,MRVL,80.1,,1,Keybanc:80.1
2026-07-20,MS,10.225,11.2505,8,JP Morgan:-14.6|Wells Fargo:5.2|Barclays:22.2|BMO Capital:16.6|Freedom Broker:14.3|Keefe; Bruyette & Woods:16.6|Citigroup:9.6|Evercore ISI Group:11.9
2026-07-20,MSFT,26.4,,1,Mizuho:26.4
2026-07-20,MTB,2.1667,3.3858,3,RBC Capital:1.6|Baird:-0.9|Barclays:5.8
2026-07-20,MU,79.3,,1,Keybanc:79.3
2026-07-20,NCLH,-17.9,,1,Goldman Sachs:-17.9
2026-07-20,NFLX,33.7286,23.3863,7,JP Morgan:29.8|Morgan Stanley:26.8|Oppenheimer:29.8|Guggenheim:14.5|Pivotal Research:6.9|TD Cowen:52.7|UBS:75.6
2026-07-20,NI,5.4,,1,BMO Capital:5.4
2026-07-20,NOC,-0.7,,1,Goldman Sachs:-0.7
2026-07-20,NOW,46.5,,1,Citigroup:46.5
2026-07-20,NRG,52.6,,1,Wells Fargo:52.6
2026-07-20,NSC,10.6,,1,Susquehanna:10.6
2026-07-20,NVR,10.6,,1,B of A Securities:10.6
2026-07-20,ODFL,3.9,5.003,3,Raymond James:3.7|Susquehanna:-1|Truist Securities:9
2026-07-20,OXY,18.15,11.8087,2,Stephens & Co.:26.5|Citigroup:9.8
2026-07-20,PEG,-0.5,,1,Jefferies:-0.5
2026-07-20,PFE,23.1,,1,BMO Capital:23.1
2026-07-20,PFG,-1.8,,1,Keefe; Bruyette & Woods:-1.8
2026-07-20,PG,8.4,,1,JP Morgan:8.4
2026-07-20,PGR,19.3667,27.1148,3,B of A Securities:49.9|BMO Capital:-1.9|Evercore ISI Group:10.1
2026-07-20,PKG,17.8,,1,Truist Securities:17.8
2026-07-20,PLD,5,1.4142,2,Barclays:4|Mizuho:6
2026-07-20,PNC,9.8875,3.649,8,Oppenheimer:10|RBC Capital:6.9|Truist Securities:3.4|Wells Fargo:11.6|Barclays:11.7|Stephens & Co.:8.2|Evercore ISI Group:12.1|Citigroup:15.2
2026-07-20,PNR,22.35,20.5683,4,RBC Capital:27.6|Goldman Sachs:13.5|Oppenheimer:48.2|Stifel:0.1
2026-07-20,PPG,11.5,,1,B of A Securities:11.5
2026-07-20,PPL,11.1,3.677,2,Barclays:13.7|B of A Securities:8.5
2026-07-20,Q,29.6,,1,RBC Capital:29.6
2026-07-20,RF,11.05,4.4548,2,Citigroup:14.2|DA Davidson:7.9
2026-07-20,RMD,17.3,6.0811,2,Citigroup:21.6|Mizuho:13
2026-07-20,SBAC,11.1,,1,Wells Fargo:11.1
2026-07-20,SO,9.7,,1,JP Morgan:9.7
2026-07-20,SPGI,14.2,,1,Stifel:14.2
2026-07-20,STT,11.9714,5.5274,7,Keefe; Bruyette & Woods:18.5|Morgan Stanley:7.5|Wells Fargo:18.5|Barclays:10.2|Citigroup:15.8|RBC Capital:8|Truist Securities:5.3
2026-07-20,SYF,6.6,,1,JP Morgan:6.6
2026-07-20,SYY,5.9,,1,Morgan Stanley:5.9
2026-07-20,TAP,6,,1,Citigroup:6
2026-07-20,TDG,12,,1,Morgan Stanley:12
2026-07-20,TER,49.2,,1,UBS:49.2
2026-07-20,TMUS,24.25,5.3033,2,Scotiabank:28|RBC Capital:20.5
2026-07-20,TRGP,12.3,,1,Truist Securities:12.3
2026-07-20,TRMB,17.8,,1,Wells Fargo:17.8
2026-07-20,TRV,11.45,9.5459,2,Piper Sandler:18.2|Citigroup:4.7
2026-07-20,TSCO,17.025,7.7762,4,UBS:9.3|Barclays:16.2|Wells Fargo:14.8|Raymond James:27.8
2026-07-20,TSLA,-37.45,42.4971,2,Barclays:-7.4|Wells Fargo:-67.5
2026-07-20,UAL,59.15,23.2638,2,JP Morgan:75.6|Susquehanna:42.7
2026-07-20,UBER,52.95,11.5258,2,Keybanc:44.8|TD Cowen:61.1
2026-07-20,UDR,14.3,,1,Barclays:14.3
2026-07-20,UHS,14.5,,1,Wells Fargo:14.5
2026-07-20,UNH,12.875,8.461,8,TD Cowen:-0.2|Baird:0.8|Keybanc:17.2|Morgan Stanley:24|Oppenheimer:17.2|RBC Capital:12|Truist Securities:17.2|UBS:14.8
2026-07-20,UNP,20,6.364,2,Raymond James:24.5|Susquehanna:15.5
2026-07-20,USB,13.54,5.6796,5,Oppenheimer:20.1|Wells Fargo:7.6|Barclays:17|DA Davidson:15.4|Truist Securities:7.6
2026-07-20,VLO,0.9,,1,Citigroup:0.9
2026-07-20,WAT,14.4,,1,Goldman Sachs:14.4
2026-07-20,WEC,9.9,,1,JP Morgan:9.9
2026-07-20,WFC,7.1,,1,Baird:7.1
2026-07-20,WM,10.2,,1,Scotiabank:10.2
2026-07-20,WRB,-4.5,,1,B of A Securities:-4.5
2026-07-20,WTW,9.9,,1,Piper Sandler:9.9
2026-07-20,WY,21.8,,1,RBC Capital:21.8
2026-07-20,WYNN,40.8,4.3841,2,JP Morgan:37.7|Stifel:43.9
2026-07-20,XEL,28.2,,1,JP Morgan:28.2
2026-07-20,XYZ,45.2,,1,Citigroup:45.2
2026-07-20,YUM,11.4,,1,Citigroup:11.4
2026-07-21,ABNB,18.9,,1,Jefferies:18.9
2026-07-21,ABT,18.8,6.4113,5,JP Morgan:18.8|Piper Sandler:16.8|Wells Fargo:10.9|Evercore ISI Group:18.8|RBC Capital:28.7
2026-07-21,ADI,32.1,,1,Keybanc:32.1
2026-07-21,AEE,22.8,,1,JP Morgan:22.8
2026-07-21,AIG,12.4,,1,JP Morgan:12.4
2026-07-21,AMD,11.5,,1,B of A Securities:11.5
2026-07-21,APD,15.8,,1,Bernstein:15.8
2026-07-21,APO,37.4,,1,Morgan Stanley:37.4
2026-07-21,ATO,3,,1,Barclays:3
2026-07-21,AVY,32.8,,1,Truist Securities:32.8
2026-07-21,AWK,0.4,,1,Barclays:0.4
2026-07-21,BAC,10.1167,4.2621,6,RBC Capital:6|Barclays:16.2|Keefe; Bruyette & Woods:12.9|Truist Securities:4.9|Wells Fargo:11.3|Evercore ISI Group:9.4
2026-07-21,BAX,-4.2,,1,Goldman Sachs:-4.2
2026-07-21,BKR,27.1,,1,Barclays:27.1
2026-07-21,BLK,27.8,8.1304,6,UBS:18.8|B of A Securities:23.6|Barclays:35.7|JP Morgan:27.7|Keefe; Bruyette & Woods:21.7|Morgan Stanley:39.3
2026-07-21,C,13.1,1.6971,2,RBC Capital:11.9|Truist Securities:14.3
2026-07-21,CB,10.6,,1,Piper Sandler:10.6
2026-07-21,CBOE,15.2,,1,Piper Sandler:15.2
2026-07-21,CF,-4.1,,1,RBC Capital:-4.1
2026-07-21,CFG,10.68,10.3758,5,DA Davidson:15|Jefferies:21.8|Stephens & Co.:-5.3|Evercore ISI Group:15|RBC Capital:6.9
2026-07-21,CHD,7.1,,1,JP Morgan:7.1
2026-07-21,CHRW,10.25,4.1719,2,Susquehanna:13.2|Truist Securities:7.3
2026-07-21,CINF,13.5,,1,Piper Sandler:13.5
2026-07-21,CME,20,,1,Piper Sandler:20
2026-07-21,CMI,20.8,,1,Morgan Stanley:20.8
2026-07-21,CMS,11.15,5.1619,2,Barclays:7.5|JP Morgan:14.8
2026-07-21,CNC,16.5,,1,Truist Securities:16.5
2026-07-21,CNP,9.9,,1,JP Morgan:9.9
2026-07-21,CPT,5.6,,1,Piper Sandler:5.6
2026-07-21,CSGP,21.3,,1,Baird:21.3
2026-07-21,CSX,8.3,,1,Benchmark:8.3
2026-07-21,CTAS,11.9,9.3496,5,RBC Capital:3.7|UBS:15.7|Wells Fargo:25.8|B of A Securities:11|Baird:3.3
2026-07-21,CTVA,12.85,3.182,2,Mizuho:15.1|B of A Securities:10.6
2026-07-21,CVS,11.8,,1,Truist Securities:11.8
2026-07-21,DASH,32.9,18.809,2,Jefferies:19.6|Keybanc:46.2
2026-07-21,DDOG,8.3,,1,Evercore ISI Group:8.3
2026-07-21,DHI,-5.8,,1,Barclays:-5.8
2026-07-21,DIS,38.5,,1,UBS:38.5
2026-07-21,DOC,0.9,,1,Wells Fargo:0.9
2026-07-21,DOW,31.1,,1,Morgan Stanley:31.1
2026-07-21,DPZ,15,8.4723,4,Morgan Stanley:11.8|Evercore ISI Group:14.5|Oppenheimer:26.8|RBC Capital:6.9
2026-07-21,DTE,10.3,,1,JP Morgan:10.3
2026-07-21,DUK,13.1,,1,JP Morgan:13.1
2026-07-21,DVN,42.7,,1,Susquehanna:42.7
2026-07-21,EBAY,10.3,,1,Baird:10.3
2026-07-21,ECL,15.3,,1,Oppenheimer:15.3
2026-07-21,ELV,18.72,6.3845,5,Truist Securities:20.9|RBC Capital:7.5|Wells Fargo:19.9|Barclays:22.9|Guggenheim:22.4
2026-07-21,EMR,13.5,,1,JP Morgan:13.5
2026-07-21,EOG,19.6,,1,Susquehanna:19.6
2026-07-21,ESS,19.7,,1,Piper Sandler:19.7
2026-07-21,ETR,21.7,,1,JP Morgan:21.7
2026-07-21,EW,17.7,,1,Mizuho:17.7
2026-07-21,EXPD,-7.35,6.7175,2,Stifel:-12.1|Truist Securities:-2.6
2026-07-21,FANG,29.4,,1,Susquehanna:29.4
2026-07-21,FAST,4.5,9.051,2,Barclays:-1.9|Morgan Stanley:10.9
2026-07-21,FITB,8.2667,4.3776,3,DA Davidson:12.9|Keefe; Bruyette & Woods:4.2|RBC Capital:7.7
2026-07-21,FRT,18.2,,1,Piper Sandler:18.2
2026-07-21,FSLR,24.6,,1,Barclays:24.6
2026-07-21,GE,17.9333,6.5592,3,RBC Capital:15.3|UBS:25.4|JP Morgan:13.1
2026-07-21,GL,9.3,0.8485,2,Piper Sandler:9.9|JP Morgan:8.7
2026-07-21,GPN,22,,1,Morgan Stanley:22
2026-07-21,GS,6.4,10.7564,8,B of A Securities:13.3|Barclays:8.5|JP Morgan:-16.8|Keefe; Bruyette & Woods:-1.5|Wells Fargo:15.5|BMO Capital:7.3|Citigroup:12|Evercore ISI Group:12.9
2026-07-21,GWW,-1.1,,1,Stephens & Co.:-1.1
2026-07-21,HAL,21.1,,1,Piper Sandler:21.1
2026-07-21,HAS,32.15,3.0406,2,B of A Securities:30|Jefferies:34.3
2026-07-21,HIG,8.35,0.0707,2,Piper Sandler:8.4|JP Morgan:8.3
2026-07-21,HLT,9.1,5.3357,3,Morgan Stanley:3|Evercore ISI Group:12.9|JP Morgan:11.4
2026-07-21,HST,3.4,,1,JP Morgan:3.4
2026-07-21,HUM,3.3,,1,Truist Securities:3.3
2026-07-21,IBM,27.24,19.4327,5,Oppenheimer:58.4|Argus Research:34.1|Evercore ISI Group:15.9|JP Morgan:15.9|Stifel:11.9
2026-07-21,ICE,34.8,,1,Piper Sandler:34.8
2026-07-21,INTC,33.3,12.0208,2,Keybanc:41.8|Susquehanna:24.8
2026-07-21,INVH,18.8,,1,Barclays:18.8
2026-07-21,IR,2.3,,1,Stifel:2.3
2026-07-21,ISRG,35.7833,22.2295,12,Truist Securities:29.4|JP Morgan:23.3|Mizuho:9.6|Piper Sandler:28.8|Raymond James:32.3|Wells Fargo:33.4|Baird:37|Bernstein:87.7|Citigroup:37|Evercore ISI Group:2.7|RBC Capital:57.5|Stifel:50.7
2026-07-21,IVZ,0.8,,1,Morgan Stanley:0.8
2026-07-21,JBHT,8.8429,9.1495,7,JP Morgan:5.7|TD Cowen:0.3|Truist Securities:-0.3|Citigroup:4.3|Evercore ISI Group:10.7|Stephens & Co.:24.8|Susquehanna:16.4
2026-07-21,JNJ,12.7333,5.4262,3,Raymond James:6.5|RBC Capital:15.3|Morgan Stanley:16.4
2026-07-21,JPM,7.5125,10.3635,8,Baird:-11.8|RBC Capital:7|B of A Securities:20.2|Barclays:20.2|Keefe; Bruyette & Woods:9.9|Truist Securities:0.8|Evercore ISI Group:8.5|Citigroup:5.3
2026-07-21,KHC,-14.5,,1,JP Morgan:-14.5
2026-07-21,KIM,18.7,,1,Piper Sandler:18.7
2026-07-21,KKR,51.5,,1,Morgan Stanley:51.5
2026-07-21,KLAC,19.4,,1,Oppenheimer:19.4
2026-07-21,KO,17.4,,1,UBS:17.4
2026-07-21,LEN,4.9,,1,Citigroup:4.9
2026-07-21,LITE,30.9,,1,Barclays:30.9
2026-07-21,LLY,39.7,,1,Citigroup:39.7
2026-07-21,LRCX,8.2,,1,Evercore ISI Group:8.2
2026-07-21,LVS,25.1,9.7581,2,Wells Fargo:18.2|B of A Securities:32
2026-07-21,LYB,22.2,,1,Morgan Stanley:22.2
2026-07-21,LYV,15.5,,1,JP Morgan:15.5
2026-07-21,MAR,5.475,6.5332,4,Morgan Stanley:2.4|Stifel:-1.7|JP Morgan:7.9|TD Cowen:13.3
2026-07-21,MCD,27.15,20.7182,2,Wells Fargo:12.5|Tigress Financial:41.8
2026-07-21,MCHP,5.8,,1,Wells Fargo:5.8
2026-07-21,MCO,18.1,,1,JP Morgan:18.1
2026-07-21,META,29.9,,1,Raymond James:29.9
2026-07-21,MLM,18.6,,1,Raymond James:18.6
2026-07-21,MMM,10,,1,JP Morgan:10
2026-07-21,MNST,2.6667,4.1405,3,Stifel:7.1|BMO Capital:-1.1|Deutsche Bank:2
2026-07-21,MRVL,80.1,,1,Keybanc:80.1
2026-07-21,MS,10.225,11.2505,8,JP Morgan:-14.6|Wells Fargo:5.2|Barclays:22.2|BMO Capital:16.6|Freedom Broker:14.3|Keefe; Bruyette & Woods:16.6|Citigroup:9.6|Evercore ISI Group:11.9
2026-07-21,MSFT,26.4,,1,Mizuho:26.4
2026-07-21,MTB,3.425,3.7384,4,RBC Capital:1.6|Baird:-0.9|Barclays:5.8|Truist Securities:7.2
2026-07-21,MU,79.3,,1,Keybanc:79.3
2026-07-21,NFLX,33.7286,23.3863,7,JP Morgan:29.8|Morgan Stanley:26.8|Oppenheimer:29.8|Guggenheim:14.5|Pivotal Research:6.9|TD Cowen:52.7|UBS:75.6
2026-07-21,NI,5.4,,1,BMO Capital:5.4
2026-07-21,NOW,46.5,,1,Citigroup:46.5
2026-07-21,NRG,52.6,,1,Wells Fargo:52.6
2026-07-21,NSC,10.6,,1,Susquehanna:10.6
2026-07-21,NVR,10.6,,1,B of A Securities:10.6
2026-07-21,ODFL,4,7.0711,2,Susquehanna:-1|Truist Securities:9
2026-07-21,OKE,-3.8,,1,RBC Capital:-3.8
2026-07-21,OXY,18.15,11.8087,2,Stephens & Co.:26.5|Citigroup:9.8
2026-07-21,PEG,-0.5,,1,Jefferies:-0.5
2026-07-21,PG,8.4,,1,JP Morgan:8.4
2026-07-21,PGR,19.3667,27.1148,3,B of A Securities:49.9|BMO Capital:-1.9|Evercore ISI Group:10.1
2026-07-21,PKG,17.8,,1,Truist Securities:17.8
2026-07-21,PLD,6.4667,2.7301,3,Barclays:4|Mizuho:6|Truist Securities:9.4
2026-07-21,PNC,9.8875,3.649,8,Oppenheimer:10|RBC Capital:6.9|Truist Securities:3.4|Wells Fargo:11.6|Barclays:11.7|Stephens & Co.:8.2|Evercore ISI Group:12.1|Citigroup:15.2
2026-07-21,PNR,22.35,20.5683,4,RBC Capital:27.6|Goldman Sachs:13.5|Oppenheimer:48.2|Stifel:0.1
2026-07-21,PPG,11.5,,1,B of A Securities:11.5
2026-07-21,PPL,11.1,3.677,2,Barclays:13.7|B of A Securities:8.5
2026-07-21,PWR,11.8,,1,JP Morgan:11.8
2026-07-21,RF,9.325,3.5056,4,Citigroup:14.2|DA Davidson:7.9|Keefe; Bruyette & Woods:6|Truist Securities:9.2
2026-07-21,RL,10.2,,1,Wells Fargo:10.2
2026-07-21,RMD,13,,1,Mizuho:13
2026-07-21,SBAC,11.1,,1,Wells Fargo:11.1
2026-07-21,SO,9.7,,1,JP Morgan:9.7
2026-07-21,SPG,24,,1,Piper Sandler:24
2026-07-21,SPGI,14.2,,1,Stifel:14.2
2026-07-21,STT,11.55,5.2544,8,Keefe; Bruyette & Woods:18.5|Morgan Stanley:7.5|Wells Fargo:18.5|Barclays:10.2|Citigroup:15.8|RBC Capital:8|Truist Securities:5.3|Evercore ISI Group:8.6
2026-07-21,SYY,5.9,,1,Morgan Stanley:5.9
2026-07-21,TDG,12,,1,Morgan Stanley:12
2026-07-21,TER,49.2,,1,UBS:49.2
2026-07-21,TFC,9.9,1.633,4,Baird:9.9|Evercore ISI Group:9.9|Keefe; Bruyette & Woods:7.9|Stephens & Co.:11.9
2026-07-21,TMUS,24.25,5.3033,2,Scotiabank:28|RBC Capital:20.5
2026-07-21,TRGP,12.3,,1,Truist Securities:12.3
2026-07-21,TRMB,17.8,,1,Wells Fargo:17.8
2026-07-21,TRV,-2.9,14.2715,5,Piper Sandler:18.2|Citigroup:4.7|B of A Securities:-16.3|Barclays:-13.3|Evercore ISI Group:-7.8
2026-07-21,TSCO,21.3,6.7459,4,Barclays:16.2|Wells Fargo:14.8|Raymond James:27.8|Baird:26.4
2026-07-21,TSLA,-37.45,42.4971,2,Barclays:-7.4|Wells Fargo:-67.5
2026-07-21,TXN,14.8,,1,Susquehanna:14.8
2026-07-21,UAL,59.15,23.2638,2,JP Morgan:75.6|Susquehanna:42.7
2026-07-21,UBER,52.95,11.5258,2,Keybanc:44.8|TD Cowen:61.1
2026-07-21,UDR,14.3,,1,Barclays:14.3
2026-07-21,UNH,14.4111,7.6309,9,Baird:0.8|Keybanc:17.2|Morgan Stanley:24|Oppenheimer:17.2|RBC Capital:12|Truist Securities:17.2|UBS:14.8|Barclays:4.4|JP Morgan:22.1
2026-07-21,UNP,15.5,,1,Susquehanna:15.5
2026-07-21,UPS,2.2,,1,Evercore ISI Group:2.2
2026-07-21,USB,13.54,5.6796,5,Oppenheimer:20.1|Wells Fargo:7.6|Barclays:17|DA Davidson:15.4|Truist Securities:7.6
2026-07-21,WEC,9.9,,1,JP Morgan:9.9
2026-07-21,WFC,7.1,,1,Baird:7.1
2026-07-21,WM,10.2,,1,Scotiabank:10.2
2026-07-21,WRB,2.2333,12.0106,3,B of A Securities:-4.5|Truist Securities:16.1|Wells Fargo:-4.9
2026-07-21,WTW,9.9,,1,Piper Sandler:9.9
2026-07-21,WY,21.8,,1,RBC Capital:21.8
2026-07-21,WYNN,40.8,4.3841,2,JP Morgan:37.7|Stifel:43.9
2026-07-21,XEL,28.2,,1,JP Morgan:28.2
2026-07-21,XYZ,45.2,,1,Citigroup:45.2
2026-07-22,ABT,18.8,6.4113,5,JP Morgan:18.8|Piper Sandler:16.8|Wells Fargo:10.9|Evercore ISI Group:18.8|RBC Capital:28.7
2026-07-22,ADP,8.3,,1,UBS:8.3
2026-07-22,AEE,14.95,11.1016,2,JP Morgan:22.8|BMO Capital:7.1
2026-07-22,AEP,5.5,,1,BMO Capital:5.5
2026-07-22,AIG,12.4,,1,JP Morgan:12.4
2026-07-22,APD,15.8,,1,Bernstein:15.8
2026-07-22,APO,37.4,,1,Morgan Stanley:37.4
2026-07-22,AVY,32.8,,1,Truist Securities:32.8
2026-07-22,AWK,0.4,,1,Barclays:0.4
2026-07-22,BAC,10.94,4.198,5,Barclays:16.2|Keefe; Bruyette & Woods:12.9|Truist Securities:4.9|Wells Fargo:11.3|Evercore ISI Group:9.4
2026-07-22,BIIB,21.5,22.6274,2,B of A Securities:5.5|Guggenheim:37.5
2026-07-22,BKR,27.1,,1,Barclays:27.1
2026-07-22,BLK,27.8,8.1304,6,UBS:18.8|B of A Securities:23.6|Barclays:35.7|JP Morgan:27.7|Keefe; Bruyette & Woods:21.7|Morgan Stanley:39.3
2026-07-22,BXP,6.6,11.3137,2,Barclays:14.6|Mizuho:-1.4
2026-07-22,C,14.3,,1,Truist Securities:14.3
2026-07-22,CB,13.2,3.677,2,Piper Sandler:10.6|Citizens:15.8
2026-07-22,CBOE,15.2,,1,Piper Sandler:15.2
2026-07-22,CF,-4.1,,1,RBC Capital:-4.1
2026-07-22,CFG,10.68,10.3758,5,DA Davidson:15|Jefferies:21.8|Stephens & Co.:-5.3|Evercore ISI Group:15|RBC Capital:6.9
2026-07-22,CHD,-1.95,12.7986,2,JP Morgan:7.1|Barclays:-11
2026-07-22,CHRW,7.3,,1,Truist Securities:7.3
2026-07-22,CINF,13.5,,1,Piper Sandler:13.5
2026-07-22,CLX,-11.7,,1,Barclays:-11.7
2026-07-22,CME,20,,1,Piper Sandler:20
2026-07-22,CMI,20.8,,1,Morgan Stanley:20.8
2026-07-22,CMS,14.8,,1,JP Morgan:14.8
2026-07-22,CNP,9.4,0.7071,2,JP Morgan:9.9|BMO Capital:8.9
2026-07-22,CPT,5.6,,1,Piper Sandler:5.6
2026-07-22,CTAS,11.9,9.3496,5,RBC Capital:3.7|UBS:15.7|Wells Fargo:25.8|B of A Securities:11|Baird:3.3
2026-07-22,CTVA,10.6,,1,B of A Securities:10.6
2026-07-22,D,-0.6,,1,BMO Capital:-0.6
2026-07-22,DDOG,12.9,5.6454,3,Evercore ISI Group:8.3|Jefferies:11.2|TD Cowen:19.2
2026-07-22,DHI,1.7,20.6475,2,Keefe; Bruyette & Woods:16.3|RBC Capital:-12.9
2026-07-22,DHR,13.9667,5.8287,3,Guggenheim:12.1|RBC Capital:20.5|Wells Fargo:9.3
2026-07-22,DIS,38.5,,1,UBS:38.5
2026-07-22,DOC,0.9,,1,Wells Fargo:0.9
2026-07-22,DOW,31.1,,1,Morgan Stanley:31.1
2026-07-22,DPZ,17.32,8.9859,5,Morgan Stanley:11.8|Evercore ISI Group:14.5|Oppenheimer:26.8|RBC Capital:6.9|BMO Capital:26.6
2026-07-22,DTE,10.3,,1,JP Morgan:10.3
2026-07-22,DUK,13.1,,1,JP Morgan:13.1
2026-07-22,DVN,42.7,,1,Susquehanna:42.7
2026-07-22,ECL,15.3,,1,Oppenheimer:15.3
2026-07-22,EFX,22.4,10.9055,3,Baird:33.5|RBC Capital:11.7|Wells Fargo:22
2026-07-22,ELV,18.175,7.2367,4,RBC Capital:7.5|Wells Fargo:19.9|Barclays:22.9|Guggenheim:22.4
2026-07-22,EMR,13.5,,1,JP Morgan:13.5
2026-07-22,EOG,19.6,,1,Susquehanna:19.6
2026-07-22,ES,-2.3,,1,BMO Capital:-2.3
2026-07-22,ESS,10.15,13.5057,2,Piper Sandler:19.7|Wells Fargo:0.6
2026-07-22,ETR,15.5,8.7681,2,JP Morgan:21.7|BMO Capital:9.3
2026-07-22,EXPD,-3,8.9067,3,Stifel:-12.1|Truist Securities:-2.6|B of A Securities:5.7
2026-07-22,FANG,29.4,,1,Susquehanna:29.4
2026-07-22,FAST,4.5,9.051,2,Barclays:-1.9|Morgan Stanley:10.9
2026-07-22,FITB,8.2667,4.3776,3,DA Davidson:12.9|Keefe; Bruyette & Woods:4.2|RBC Capital:7.7
2026-07-22,FRT,18.2,,1,Piper Sandler:18.2
2026-07-22,GE,17.9333,6.5592,3,RBC Capital:15.3|UBS:25.4|JP Morgan:13.1
2026-07-22,GL,9.3,0.8485,2,Piper Sandler:9.9|JP Morgan:8.7
2026-07-22,GM,20.52,26.9768,5,Goldman Sachs:28|JP Morgan:49.1|Morgan Stanley:25.5|RBC Capital:24.2|Wells Fargo:-24.2
2026-07-22,GPC,14.15,14.0714,2,Evercore ISI Group:24.1|Truist Securities:4.2
2026-07-22,GPN,22,,1,Morgan Stanley:22
2026-07-22,GS,4.8333,11.1053,9,B of A Securities:13.3|Barclays:8.5|JP Morgan:-16.8|Keefe; Bruyette & Woods:-1.5|Wells Fargo:15.5|BMO Capital:7.3|Citigroup:12|Evercore ISI Group:12.9|HSBC:-7.7
2026-07-22,HAL,29.1,10.436,3,Evercore ISI Group:28.1|Morgan Stanley:19.2|TD Cowen:40
2026-07-22,HAS,23.975,12.0909,4,B of A Securities:30|Jefferies:34.3|DA Davidson:6.8|JP Morgan:24.8
2026-07-22,HIG,8.35,0.0707,2,Piper Sandler:8.4|JP Morgan:8.3
2026-07-22,HLT,9.1,5.3357,3,Morgan Stanley:3|Evercore ISI Group:12.9|JP Morgan:11.4
2026-07-22,HST,0.8,3.677,2,JP Morgan:3.4|Barclays:-1.8
2026-07-22,HSY,5.2,,1,Stifel:5.2
2026-07-22,IBM,20.6,8.99,5,Argus Research:34.1|Evercore ISI Group:15.9|JP Morgan:15.9|Stifel:11.9|Jefferies:25.2
2026-07-22,ICE,34.8,,1,Piper Sandler:34.8
2026-07-22,INTC,24.8,,1,Susquehanna:24.8
2026-07-22,IR,2.3,,1,Stifel:2.3
2026-07-22,ISRG,35.7833,22.2295,12,Truist Securities:29.4|JP Morgan:23.3|Mizuho:9.6|Piper Sandler:28.8|Raymond James:32.3|Wells Fargo:33.4|Baird:37|Bernstein:87.7|Citigroup:37|Evercore ISI Group:2.7|RBC Capital:57.5|Stifel:50.7
2026-07-22,IVZ,0.8,,1,Morgan Stanley:0.8
2026-07-22,JBHT,8.8429,9.1495,7,JP Morgan:5.7|TD Cowen:0.3|Truist Securities:-0.3|Citigroup:4.3|Evercore ISI Group:10.7|Stephens & Co.:24.8|Susquehanna:16.4
2026-07-22,JNJ,12.7333,5.4262,3,Raymond James:6.5|RBC Capital:15.3|Morgan Stanley:16.4
2026-07-22,JPM,10.8167,7.9129,6,B of A Securities:20.2|Barclays:20.2|Keefe; Bruyette & Woods:9.9|Truist Securities:0.8|Evercore ISI Group:8.5|Citigroup:5.3
2026-07-22,KEY,15.6667,6.7211,3,DA Davidson:23|Keefe; Bruyette & Woods:14.2|RBC Capital:9.8
2026-07-22,KHC,-14.5,,1,JP Morgan:-14.5
2026-07-22,KIM,18.7,,1,Piper Sandler:18.7
2026-07-22,KKR,51.5,,1,Morgan Stanley:51.5
2026-07-22,KLAC,19.4,,1,Oppenheimer:19.4
2026-07-22,KMB,5.5,,1,Barclays:5.5
2026-07-22,KO,17.4,,1,UBS:17.4
2026-07-22,KVUE,-1.1,,1,Barclays:-1.1
2026-07-22,LITE,30.9,,1,Barclays:30.9
2026-07-22,LRCX,8.2,,1,Evercore ISI Group:8.2
2026-07-22,LVS,32,,1,B of A Securities:32
2026-07-22,LYB,22.2,,1,Morgan Stanley:22.2
2026-07-22,LYV,15.5,,1,JP Morgan:15.5
2026-07-22,MAR,5.475,6.5332,4,Morgan Stanley:2.4|Stifel:-1.7|JP Morgan:7.9|TD Cowen:13.3
2026-07-22,MCD,27.15,20.7182,2,Wells Fargo:12.5|Tigress Financial:41.8
2026-07-22,MCHP,5.8,,1,Wells Fargo:5.8
2026-07-22,MCO,18.1,,1,JP Morgan:18.1
2026-07-22,META,29.9,,1,Raymond James:29.9
2026-07-22,MMM,6.85,17.4418,4,JP Morgan:10|Bernstein:-15.7|Citigroup:6.4|UBS:26.7
2026-07-22,MNST,2.6667,4.1405,3,Stifel:7.1|BMO Capital:-1.1|Deutsche Bank:2
2026-07-22,MPC,15.1,,1,Goldman Sachs:15.1
2026-07-22,MS,9.0667,11.0828,9,JP Morgan:-14.6|Wells Fargo:5.2|Barclays:22.2|BMO Capital:16.6|Freedom Broker:14.3|Keefe; Bruyette & Woods:16.6|Citigroup:9.6|Evercore ISI Group:11.9|HSBC:-0.2
2026-07-22,MSCI,26.8333,2.9687,3,Evercore ISI Group:30.1|JP Morgan:26.1|Wells Fargo:24.3
2026-07-22,MSFT,36.4,10.6066,2,Oppenheimer:28.9|Truist Securities:43.9
2026-07-22,MTB,3.425,3.7384,4,RBC Capital:1.6|Baird:-0.9|Barclays:5.8|Truist Securities:7.2
2026-07-22,NFLX,33.7286,23.3863,7,JP Morgan:29.8|Morgan Stanley:26.8|Oppenheimer:29.8|Guggenheim:14.5|Pivotal Research:6.9|TD Cowen:52.7|UBS:75.6
2026-07-22,NI,5.4,,1,BMO Capital:5.4
2026-07-22,NOC,25.2,,1,Susquehanna:25.2
2026-07-22,NRG,52.6,,1,Wells Fargo:52.6
2026-07-22,NVR,10.6,,1,B of A Securities:10.6
2026-07-22,ODFL,9,,1,Truist Securities:9
2026-07-22,OKE,-3.8,,1,RBC Capital:-3.8
2026-07-22,OXY,9.8,,1,Citigroup:9.8
2026-07-22,PAYX,1.7,,1,UBS:1.7
2026-07-22,PEG,-0.5,,1,Jefferies:-0.5
2026-07-22,PEP,4.1,,1,Barclays:4.1
2026-07-22,PFG,3.3,,1,Wells Fargo:3.3
2026-07-22,PG,5.05,4.7376,2,JP Morgan:8.4|Barclays:1.7
2026-07-22,PGR,19.3667,27.1148,3,B of A Securities:49.9|BMO Capital:-1.9|Evercore ISI Group:10.1
2026-07-22,PKG,17.8,,1,Truist Securities:17.8
2026-07-22,PLD,6.4667,2.7301,3,Barclays:4|Mizuho:6|Truist Securities:9.4
2026-07-22,PNC,9.8875,3.649,8,Oppenheimer:10|RBC Capital:6.9|Truist Securities:3.4|Wells Fargo:11.6|Barclays:11.7|Stephens & Co.:8.2|Evercore ISI Group:12.1|Citigroup:15.2
2026-07-22,PNR,24.975,22.0764,4,Goldman Sachs:13.5|Oppenheimer:48.2|Stifel:0.1|Mizuho:38.1
2026-07-22,PNW,-2.4,,1,BMO Capital:-2.4
2026-07-22,PPG,11.5,,1,B of A Securities:11.5
2026-07-22,PPL,8.5,,1,B of A Securities:8.5
2026-07-22,PSX,8.8,,1,Goldman Sachs:8.8
2026-07-22,PWR,11.8,,1,JP Morgan:11.8
2026-07-22,RF,9.325,3.5056,4,Citigroup:14.2|DA Davidson:7.9|Keefe; Bruyette & Woods:6|Truist Securities:9.2
2026-07-22,RL,10.2,,1,Wells Fargo:10.2
2026-07-22,SBAC,11.1,,1,Wells Fargo:11.1
2026-07-22,SCHW,26.3,,1,UBS:26.3
2026-07-22,SO,9.7,,1,JP Morgan:9.7
2026-07-22,SPG,24,,1,Piper Sandler:24
2026-07-22,SPGI,14.2,,1,Stifel:14.2
2026-07-22,SRE,11.3,,1,BMO Capital:11.3
2026-07-22,STLD,10.2,,1,Morgan Stanley:10.2
2026-07-22,STT,11.55,5.2544,8,Keefe; Bruyette & Woods:18.5|Morgan Stanley:7.5|Wells Fargo:18.5|Barclays:10.2|Citigroup:15.8|RBC Capital:8|Truist Securities:5.3|Evercore ISI Group:8.6
2026-07-22,STZ,0,,1,Barclays:0
2026-07-22,SYF,17.5,7.9196,2,RBC Capital:11.9|Wells Fargo:23.1
2026-07-22,SYY,5.9,,1,Morgan Stanley:5.9
2026-07-22,TER,49.2,,1,UBS:49.2
2026-07-22,TFC,9.9,1.633,4,Baird:9.9|Evercore ISI Group:9.9|Keefe; Bruyette & Woods:7.9|Stephens & Co.:11.9
2026-07-22,TMUS,24.25,5.3033,2,Scotiabank:28|RBC Capital:20.5
2026-07-22,TRGP,12.3,,1,Truist Securities:12.3
2026-07-22,TRV,-3.1429,12.2758,7,Piper Sandler:18.2|Citigroup:4.7|B of A Securities:-16.3|Barclays:-13.3|Evercore ISI Group:-7.8|BMO Capital:2.9|Morgan Stanley:-10.4
2026-07-22,TSCO,23,7.1358,3,Wells Fargo:14.8|Raymond James:27.8|Baird:26.4
2026-07-22,TXN,14.8,,1,Susquehanna:14.8
2026-07-22,UAL,59.15,23.2638,2,JP Morgan:75.6|Susquehanna:42.7
2026-07-22,UBER,61.1,,1,TD Cowen:61.1
2026-07-22,UNH,14.3,7.2031,10,Baird:0.8|Keybanc:17.2|Morgan Stanley:24|Oppenheimer:17.2|RBC Capital:12|Truist Securities:17.2|UBS:14.8|Barclays:4.4|JP Morgan:22.1|Mizuho:13.3
2026-07-22,UPS,2.2,,1,Evercore ISI Group:2.2
2026-07-22,USB,13.54,5.6796,5,Oppenheimer:20.1|Wells Fargo:7.6|Barclays:17|DA Davidson:15.4|Truist Securities:7.6
2026-07-22,VLO,11.8,,1,Goldman Sachs:11.8
2026-07-22,VTR,6.3,,1,Mizuho:6.3
2026-07-22,WEC,6.8,4.3841,2,JP Morgan:9.9|BMO Capital:3.7
2026-07-22,WELL,5.2,,1,Mizuho:5.2
2026-07-22,WM,10.2,,1,Scotiabank:10.2
2026-07-22,WRB,2.2333,12.0106,3,B of A Securities:-4.5|Truist Securities:16.1|Wells Fargo:-4.9
2026-07-22,WTW,9.9,,1,Piper Sandler:9.9
2026-07-22,WY,21.8,,1,RBC Capital:21.8
2026-07-22,WYNN,40.8,4.3841,2,JP Morgan:37.7|Stifel:43.9
2026-07-22,XEL,22.05,8.6974,2,JP Morgan:28.2|BMO Capital:15.9
2026-07-22,XYZ,45.2,,1,Citigroup:45.2
2026-07-23,ABT,18.8,6.4113,5,JP Morgan:18.8|Piper Sandler:16.8|Wells Fargo:10.9|Evercore ISI Group:18.8|RBC Capital:28.7
2026-07-23,ADP,8.3,,1,UBS:8.3
2026-07-23,AEE,7.1,,1,BMO Capital:7.1
2026-07-23,AEP,5.5,,1,BMO Capital:5.5
2026-07-23,AIG,12.4,,1,JP Morgan:12.4
2026-07-23,ALGN,11.6,,1,UBS:11.6
2026-07-23,AMD,25.7,,1,Benchmark:25.7
2026-07-23,APD,15.8,,1,Bernstein:15.8
2026-07-23,APO,37.4,,1,Morgan Stanley:37.4
2026-07-23,BAC,9.4,,1,Evercore ISI Group:9.4
2026-07-23,BIIB,21.5,22.6274,2,B of A Securities:5.5|Guggenheim:37.5
2026-07-23,BKR,27.1,,1,Barclays:27.1
2026-07-23,BLDR,43.8,,1,Benchmark:43.8
2026-07-23,BLK,29.6,7.6374,5,B of A Securities:23.6|Barclays:35.7|JP Morgan:27.7|Keefe; Bruyette & Woods:21.7|Morgan Stanley:39.3
2026-07-23,BXP,6.6,11.3137,2,Barclays:14.6|Mizuho:-1.4
2026-07-23,CB,15.8,,1,Citizens:15.8
2026-07-23,CCI,17,1.8385,2,RBC Capital:15.7|TD Cowen:18.3
2026-07-23,CF,-4.1,,1,RBC Capital:-4.1
2026-07-23,CFG,10.68,10.3758,5,DA Davidson:15|Jefferies:21.8|Stephens & Co.:-5.3|Evercore ISI Group:15|RBC Capital:6.9
2026-07-23,CHD,-11,,1,Barclays:-11
2026-07-23,CLX,-11.7,,1,Barclays:-11.7
2026-07-23,CME,11.85,28.2136,2,B of A Securities:-8.1|Morgan Stanley:31.8
2026-07-23,CMI,20.8,,1,Morgan Stanley:20.8
2026-07-23,CNP,8.9,,1,BMO Capital:8.9
2026-07-23,COF,20,,1,Barclays:20
2026-07-23,COIN,44.1,,1,Citigroup:44.1
2026-07-23,CPT,5.6,,1,Piper Sandler:5.6
2026-07-23,CSX,11.6333,3.8501,3,B of A Securities:7.8|Barclays:15.5|JP Morgan:11.6
2026-07-23,CTAS,7.15,5.4447,2,B of A Securities:11|Baird:3.3
2026-07-23,CTVA,8.75,2.6163,2,B of A Securities:10.6|Oppenheimer:6.9
2026-07-23,D,-0.6,,1,BMO Capital:-0.6
2026-07-23,DDOG,12.9,5.6454,3,Evercore ISI Group:8.3|Jefferies:11.2|TD Cowen:19.2
2026-07-23,DHI,1.7,20.6475,2,Keefe; Bruyette & Woods:16.3|RBC Capital:-12.9
2026-07-23,DHR,13.9667,5.8287,3,Guggenheim:12.1|RBC Capital:20.5|Wells Fargo:9.3
2026-07-23,DIS,38.5,,1,UBS:38.5
2026-07-23,DOW,31.1,,1,Morgan Stanley:31.1
2026-07-23,DPZ,17.32,8.9859,5,Morgan Stanley:11.8|Evercore ISI Group:14.5|Oppenheimer:26.8|RBC Capital:6.9|BMO Capital:26.6
2026-07-23,DVN,42.7,,1,Susquehanna:42.7
2026-07-23,ECL,15.3,,1,Oppenheimer:15.3
2026-07-23,EFX,26.28,13.3219,5,Baird:33.5|RBC Capital:11.7|Wells Fargo:22|Barclays:18.7|Needham:45.5
2026-07-23,ELV,22.65,0.3536,2,Barclays:22.9|Guggenheim:22.4
2026-07-23,EMR,13.5,,1,JP Morgan:13.5
2026-07-23,EOG,19.6,,1,Susquehanna:19.6
2026-07-23,ES,-2.3,,1,BMO Capital:-2.3
2026-07-23,ESS,10.15,13.5057,2,Piper Sandler:19.7|Wells Fargo:0.6
2026-07-23,ETR,9.3,,1,BMO Capital:9.3
2026-07-23,EXPD,5.7,,1,B of A Securities:5.7
2026-07-23,FANG,29.4,,1,Susquehanna:29.4
2026-07-23,FAST,4.5,9.051,2,Barclays:-1.9|Morgan Stanley:10.9
2026-07-23,FITB,8.2667,4.3776,3,DA Davidson:12.9|Keefe; Bruyette & Woods:4.2|RBC Capital:7.7
2026-07-23,FRT,12.2,8.4853,2,Piper Sandler:18.2|Wells Fargo:6.2
2026-07-23,GE,19.4,6.1063,4,RBC Capital:15.3|UBS:25.4|JP Morgan:13.1|Bernstein:23.8
2026-07-23,GEV,32.6333,6.8646,3,JP Morgan:35.5|Morgan Stanley:37.6|RBC Capital:24.8
2026-07-23,GL,8.7,,1,JP Morgan:8.7
2026-07-23,GM,22.9667,24.8619,6,Goldman Sachs:28|JP Morgan:49.1|Morgan Stanley:25.5|RBC Capital:24.2|Wells Fargo:-24.2|Barclays:35.2
2026-07-23,GOOG,34.2333,12.0674,3,JP Morgan:30.6|Oppenheimer:24.4|TD Cowen:47.7
2026-07-23,GOOGL,37.8,1.1314,2,Roth Capital:37|Wedbush:38.6
2026-07-23,GPC,14.15,14.0714,2,Evercore ISI Group:24.1|Truist Securities:4.2
2026-07-23,GPN,22,,1,Morgan Stanley:22
2026-07-23,GS,6.125,9.5381,4,BMO Capital:7.3|Citigroup:12|Evercore ISI Group:12.9|HSBC:-7.7
2026-07-23,HAL,32.98,16.4579,5,Evercore ISI Group:28.1|Morgan Stanley:19.2|TD Cowen:40|Argus Research:19.4|Barclays:58.2
2026-07-23,HAS,21.275,11.4878,4,Jefferies:34.3|DA Davidson:6.8|JP Morgan:24.8|Argus Research:19.2
2026-07-23,HIG,8.3,,1,JP Morgan:8.3
2026-07-23,HLT,9.1,5.3357,3,Morgan Stanley:3|Evercore ISI Group:12.9|JP Morgan:11.4
2026-07-23,HOOD,22.7,,1,Keybanc:22.7
2026-07-23,HST,0.8,3.677,2,JP Morgan:3.4|Barclays:-1.8
2026-07-23,HSY,5.2,,1,Stifel:5.2
2026-07-23,IBM,17.3375,12.2997,8,Evercore ISI Group:15.9|JP Morgan:15.9|Stifel:11.9|Jefferies:25.2|Barclays:29.3|BMO Capital:13.5|Morgan Stanley:-6.2|RBC Capital:33.2
2026-07-23,INCY,-7,3.677,2,JP Morgan:-4.4|Morgan Stanley:-9.6
2026-07-23,INTC,24.8,,1,Susquehanna:24.8
2026-07-23,IR,2.3,,1,Stifel:2.3
2026-07-23,ISRG,36.3636,23.219,11,JP Morgan:23.3|Mizuho:9.6|Piper Sandler:28.8|Raymond James:32.3|Wells Fargo:33.4|Baird:37|Bernstein:87.7|Citigroup:37|Evercore ISI Group:2.7|RBC Capital:57.5|Stifel:50.7
2026-07-23,IVZ,0.8,,1,Morgan Stanley:0.8
2026-07-23,JBHT,14.05,8.7057,4,Citigroup:4.3|Evercore ISI Group:10.7|Stephens & Co.:24.8|Susquehanna:16.4
2026-07-23,JNJ,16.4,,1,Morgan Stanley:16.4
2026-07-23,JPM,6.9,2.2627,2,Evercore ISI Group:8.5|Citigroup:5.3
2026-07-23,KDP,26.7,,1,JP Morgan:26.7
2026-07-23,KEY,11.925,9.2799,4,DA Davidson:23|Keefe; Bruyette & Woods:14.2|RBC Capital:9.8|Baird:0.7
2026-07-23,KIM,9.2,13.435,2,Piper Sandler:18.7|Wells Fargo:-0.3
2026-07-23,KKR,51.5,,1,Morgan Stanley:51.5
2026-07-23,KMB,5.5,,1,Barclays:5.5
2026-07-23,KVUE,-1.1,,1,Barclays:-1.1
2026-07-23,LITE,30.9,,1,Barclays:30.9
2026-07-23,LRCX,8.2,,1,Evercore ISI Group:8.2
2026-07-23,LVS,32.26,5.1199,5,B of A Securities:32|Barclays:32.9|Goldman Sachs:23.9|JP Morgan:35.1|Mizuho:37.4
2026-07-23,LYB,22.2,,1,Morgan Stanley:22.2
2026-07-23,LYV,15.5,,1,JP Morgan:15.5
2026-07-23,MAR,5.475,6.5332,4,Morgan Stanley:2.4|Stifel:-1.7|JP Morgan:7.9|TD Cowen:13.3
2026-07-23,MCD,41.8,,1,Tigress Financial:41.8
2026-07-23,MCHP,5.8,,1,Wells Fargo:5.8
2026-07-23,MCO,18.65,0.7778,2,JP Morgan:18.1|Baird:19.2
2026-07-23,META,29.9,,1,Raymond James:29.9
2026-07-23,MMM,1.65,18.0662,6,JP Morgan:10|Bernstein:-15.7|Citigroup:6.4|UBS:26.7|Mizuho:5.3|RBC Capital:-22.8
2026-07-23,MNST,0.45,2.192,2,BMO Capital:-1.1|Deutsche Bank:2
2026-07-23,MPC,15.1,,1,Goldman Sachs:15.1
2026-07-23,MS,13,7.0623,7,Barclays:22.2|BMO Capital:16.6|Freedom Broker:14.3|Keefe; Bruyette & Woods:16.6|Citigroup:9.6|Evercore ISI Group:11.9|HSBC:-0.2
2026-07-23,MSCI,26.8333,2.9687,3,Evercore ISI Group:30.1|JP Morgan:26.1|Wells Fargo:24.3
2026-07-23,MSFT,36.4,10.6066,2,Oppenheimer:28.9|Truist Securities:43.9
2026-07-23,MTB,4.0333,4.3294,3,Baird:-0.9|Barclays:5.8|Truist Securities:7.2
2026-07-23,NCLH,8.2,,1,Truist Securities:8.2
2026-07-23,NFLX,33.7286,23.3863,7,JP Morgan:29.8|Morgan Stanley:26.8|Oppenheimer:29.8|Guggenheim:14.5|Pivotal Research:6.9|TD Cowen:52.7|UBS:75.6
2026-07-23,NI,5.4,,1,BMO Capital:5.4
2026-07-23,NOC,18.45,9.5459,2,Susquehanna:25.2|JP Morgan:11.7
2026-07-23,NTRS,0.25,2.0506,2,Morgan Stanley:-1.2|RBC Capital:1.7
2026-07-23,NVR,10.6,,1,B of A Securities:10.6
2026-07-23,OKE,-3.8,,1,RBC Capital:-3.8
2026-07-23,OXY,9.8,,1,Citigroup:9.8
2026-07-23,PAYX,1.7,,1,UBS:1.7
2026-07-23,PEG,-0.5,,1,Jefferies:-0.5
2026-07-23,PEP,4.1,,1,Barclays:4.1
2026-07-23,PFG,3.3,,1,Wells Fargo:3.3
2026-07-23,PG,1.7,,1,Barclays:1.7
2026-07-23,PGR,4.1,8.4853,2,BMO Capital:-1.9|Evercore ISI Group:10.1
2026-07-23,PHM,-3.45,4.5962,2,Barclays:-0.2|RBC Capital:-6.7
2026-07-23,PLD,6.4667,2.7301,3,Barclays:4|Mizuho:6|Truist Securities:9.4
2026-07-23,PM,12,,1,Morgan Stanley:12
2026-07-23,PNC,11.8,2.8647,4,Barclays:11.7|Stephens & Co.:8.2|Evercore ISI Group:12.1|Citigroup:15.2
2026-07-23,PNR,19.1,26.8701,2,Stifel:0.1|Mizuho:38.1
2026-07-23,PNW,-2.4,,1,BMO Capital:-2.4
2026-07-23,PPG,11.5,,1,B of A Securities:11.5
2026-07-23,PPL,8.5,,1,B of A Securities:8.5
2026-07-23,PSX,8.8,,1,Goldman Sachs:8.8
2026-07-23,PWR,11.8,,1,JP Morgan:11.8
2026-07-23,RF,9.325,3.5056,4,Citigroup:14.2|DA Davidson:7.9|Keefe; Bruyette & Woods:6|Truist Securities:9.2
2026-07-23,RJF,5.7,,1,JP Morgan:5.7
2026-07-23,RL,10.2,,1,Wells Fargo:10.2
2026-07-23,ROL,7.2,,1,RBC Capital:7.2
2026-07-23,SBAC,11.1,,1,Wells Fargo:11.1
2026-07-23,SCHW,21.5667,6.8595,3,UBS:26.3|Argus Research:13.7|Barclays:24.7
2026-07-23,SPG,24,,1,Piper Sandler:24
2026-07-23,SPGI,14.2,,1,Stifel:14.2
2026-07-23,SRE,11.3,,1,BMO Capital:11.3
2026-07-23,STLD,11.65,2.0506,2,Morgan Stanley:10.2|Barclays:13.1
2026-07-23,STT,11.55,5.2544,8,Keefe; Bruyette & Woods:18.5|Morgan Stanley:7.5|Wells Fargo:18.5|Barclays:10.2|Citigroup:15.8|RBC Capital:8|Truist Securities:5.3|Evercore ISI Group:8.6
2026-07-23,STZ,0,,1,Barclays:0
2026-07-23,SYF,20.2333,7.333,3,RBC Capital:11.9|Wells Fargo:23.1|Baird:25.7
2026-07-23,SYY,5.9,,1,Morgan Stanley:5.9
2026-07-23,T,21.475,6.45,4,Argus Research:29|Morgan Stanley:16.1|RBC Capital:16.1|Wolfe Research:24.7
2026-07-23,TEL,13.6,,1,Baird:13.6
2026-07-23,TER,49.2,,1,UBS:49.2
2026-07-23,TFC,9.9,1.633,4,Baird:9.9|Evercore ISI Group:9.9|Keefe; Bruyette & Woods:7.9|Stephens & Co.:11.9
2026-07-23,TMUS,20.5,,1,RBC Capital:20.5
2026-07-23,TRV,-6.7,8.6341,6,Citigroup:4.7|B of A Securities:-16.3|Barclays:-13.3|Evercore ISI Group:-7.8|BMO Capital:2.9|Morgan Stanley:-10.4
2026-07-23,TSCO,27.1,0.9899,2,Raymond James:27.8|Baird:26.4
2026-07-23,TSLA,27.8889,14.1568,9,Canaccord Genuity:20.2|JP Morgan:30.5|Mizuho:32|Morgan Stanley:17.3|RBC Capital:46.6|Roth Capital:48.1|TD Cowen:34.9|Truist Securities:8.5|UBS:12.9
2026-07-23,TXN,12.3909,16.4134,11,Susquehanna:14.8|Baird:38.8|Benchmark:29.8|Bernstein:4.6|Goldman Sachs:-18.9|JP Morgan:22.6|Mizuho:10|Morgan Stanley:-8|TD Cowen:22.6|Truist Securities:8.2|Wells Fargo:11.8
2026-07-23,UAL,59.15,23.2638,2,JP Morgan:75.6|Susquehanna:42.7
2026-07-23,UBER,61.1,,1,TD Cowen:61.1
2026-07-23,UNH,15.8,5.7496,9,Keybanc:17.2|Morgan Stanley:24|Oppenheimer:17.2|RBC Capital:12|Truist Securities:17.2|UBS:14.8|Barclays:4.4|JP Morgan:22.1|Mizuho:13.3
2026-07-23,UNP,7.8,,1,B of A Securities:7.8
2026-07-23,UPS,2.2,,1,Evercore ISI Group:2.2
2026-07-23,URI,18.6,,1,B of A Securities:18.6
2026-07-23,USB,13.54,5.6796,5,Oppenheimer:20.1|Wells Fargo:7.6|Barclays:17|DA Davidson:15.4|Truist Securities:7.6
2026-07-23,VICI,16.7,,1,Barclays:16.7
2026-07-23,VLO,11.8,,1,Goldman Sachs:11.8
2026-07-23,VTR,6.3,,1,Mizuho:6.3
2026-07-23,WAB,13.5667,6.9241,3,JP Morgan:7.3|Morgan Stanley:21|Stephens & Co.:12.4
2026-07-23,WEC,3.7,,1,BMO Capital:3.7
2026-07-23,WELL,5.2,,1,Mizuho:5.2
2026-07-23,WRB,2.2333,12.0106,3,B of A Securities:-4.5|Truist Securities:16.1|Wells Fargo:-4.9
2026-07-23,WY,21.8,,1,RBC Capital:21.8
2026-07-23,XEL,15.9,,1,BMO Capital:15.9
2026-07-23,XYZ,45.2,,1,Citigroup:45.2
2026-07-24,ABT,23.75,7.0004,2,Evercore ISI Group:18.8|RBC Capital:28.7
2026-07-24,ADP,8.3,,1,UBS:8.3
2026-07-24,AEE,7.1,0,2,BMO Capital:7.1|Keybanc:7.1
2026-07-24,AEP,5.5,,1,BMO Capital:5.5
2026-07-24,AIG,12.4,,1,JP Morgan:12.4
2026-07-24,ALGN,11.6,,1,UBS:11.6
2026-07-24,ALLE,11.7,,1,JP Morgan:11.7
2026-07-24,AMD,22.25,4.879,2,Benchmark:25.7|Roth Capital:18.8
2026-07-24,AMP,4.9,,1,Keefe; Bruyette & Woods:4.9
2026-07-24,APO,37.4,,1,Morgan Stanley:37.4
2026-07-24,BAC,9.4,,1,Evercore ISI Group:9.4
2026-07-24,BIIB,21.5,22.6274,2,B of A Securities:5.5|Guggenheim:37.5
2026-07-24,BLDR,21.25,31.8905,2,Benchmark:43.8|Stifel:-1.3
2026-07-24,BX,18.2,23.7588,2,Goldman Sachs:1.4|RBC Capital:35
2026-07-24,BXP,6.6,11.3137,2,Barclays:14.6|Mizuho:-1.4
2026-07-24,CB,7.95,11.1016,2,Citizens:15.8|Wells Fargo:0.1
2026-07-24,CCI,21.2333,7.4467,3,RBC Capital:15.7|TD Cowen:18.3|Citigroup:29.7
2026-07-24,CFG,10.95,5.7276,2,Evercore ISI Group:15|RBC Capital:6.9
2026-07-24,CHD,-11,,1,Barclays:-11
2026-07-24,CLX,-11.7,,1,Barclays:-11.7
2026-07-24,CMCSA,8,,1,Wells Fargo:8
2026-07-24,CME,11.85,28.2136,2,B of A Securities:-8.1|Morgan Stanley:31.8
2026-07-24,CNP,6.05,4.0305,2,BMO Capital:8.9|Keybanc:3.2
2026-07-24,COF,20,,1,Barclays:20
2026-07-24,COIN,44.1,,1,Citigroup:44.1
2026-07-24,CPT,5.6,,1,Piper Sandler:5.6
2026-07-24,CSX,6.76,7.4835,5,B of A Securities:7.8|Barclays:15.5|JP Morgan:11.6|Citigroup:2.3|Evercore ISI Group:-3.4
2026-07-24,CTSH,26.7,,1,JP Morgan:26.7
2026-07-24,CTVA,8.75,2.6163,2,B of A Securities:10.6|Oppenheimer:6.9
2026-07-24,D,-0.6,,1,BMO Capital:-0.6
2026-07-24,DDOG,12.9,5.6454,3,Evercore ISI Group:8.3|Jefferies:11.2|TD Cowen:19.2
2026-07-24,DECK,26.6,21.0718,2,Stifel:41.5|Truist Securities:11.7
2026-07-24,DGX,11.0667,2.5403,3,Barclays:9.6|Mizuho:14|Truist Securities:9.6
2026-07-24,DHI,1.7,20.6475,2,Keefe; Bruyette & Woods:16.3|RBC Capital:-12.9
2026-07-24,DHR,13.9667,5.8287,3,Guggenheim:12.1|RBC Capital:20.5|Wells Fargo:9.3
2026-07-24,DIS,38.5,,1,UBS:38.5
2026-07-24,DLR,23.7,,1,JP Morgan:23.7
2026-07-24,DOW,30.9,0.2828,2,Morgan Stanley:31.1|JP Morgan:30.7
2026-07-24,DPZ,18.7,9.7451,4,Evercore ISI Group:14.5|Oppenheimer:26.8|RBC Capital:6.9|BMO Capital:26.6
2026-07-24,DUK,7.5,,1,Keybanc:7.5
2026-07-24,DVN,42.7,,1,Susquehanna:42.7
2026-07-24,ECL,15.3,,1,Oppenheimer:15.3
2026-07-24,ED,-17,,1,Keybanc:-17
2026-07-24,EFX,26.28,13.3219,5,Baird:33.5|RBC Capital:11.7|Wells Fargo:22|Barclays:18.7|Needham:45.5
2026-07-24,EMR,13.5,,1,JP Morgan:13.5
2026-07-24,EOG,19.6,,1,Susquehanna:19.6
2026-07-24,ES,-2.3,,1,BMO Capital:-2.3
2026-07-24,ESS,10.15,13.5057,2,Piper Sandler:19.7|Wells Fargo:0.6
2026-07-24,ETR,9.3,,1,BMO Capital:9.3
2026-07-24,EVRG,11.4,,1,Citigroup:11.4
2026-07-24,EW,14.8,,1,Piper Sandler:14.8
2026-07-24,EXPD,5.7,,1,B of A Securities:5.7
2026-07-24,FANG,29.4,,1,Susquehanna:29.4
2026-07-24,FCX,11.9,,1,Wells Fargo:11.9
2026-07-24,FITB,8.2667,4.3776,3,DA Davidson:12.9|Keefe; Bruyette & Woods:4.2|RBC Capital:7.7
2026-07-24,FRT,12.2,8.4853,2,Piper Sandler:18.2|Wells Fargo:6.2
2026-07-24,GE,19.4,6.1063,4,RBC Capital:15.3|UBS:25.4|JP Morgan:13.1|Bernstein:23.8
2026-07-24,GEV,32.6333,6.8646,3,JP Morgan:35.5|Morgan Stanley:37.6|RBC Capital:24.8
2026-07-24,GL,9.85,1.6263,2,JP Morgan:8.7|Keefe; Bruyette & Woods:11
2026-07-24,GM,22.9667,24.8619,6,Goldman Sachs:28|JP Morgan:49.1|Morgan Stanley:25.5|RBC Capital:24.2|Wells Fargo:-24.2|Barclays:35.2
2026-07-24,GOOG,34.2333,12.0674,3,JP Morgan:30.6|Oppenheimer:24.4|TD Cowen:47.7
2026-07-24,GOOGL,37.8,1.1314,2,Roth Capital:37|Wedbush:38.6
2026-07-24,GPC,14.15,14.0714,2,Evercore ISI Group:24.1|Truist Securities:4.2
2026-07-24,GPN,22,,1,Morgan Stanley:22
2026-07-24,GS,2.6,14.5664,2,Evercore ISI Group:12.9|HSBC:-7.7
2026-07-24,HAL,32.98,16.4579,5,Evercore ISI Group:28.1|Morgan Stanley:19.2|TD Cowen:40|Argus Research:19.4|Barclays:58.2
2026-07-24,HAS,16.9333,9.2116,3,DA Davidson:6.8|JP Morgan:24.8|Argus Research:19.2
2026-07-24,HIG,8.3,,1,JP Morgan:8.3
2026-07-24,HLT,12.15,1.0607,2,Evercore ISI Group:12.9|JP Morgan:11.4
2026-07-24,HON,13,,1,Citigroup:13
2026-07-24,HOOD,22.7,,1,Keybanc:22.7
2026-07-24,HST,3.2333,4.9521,3,JP Morgan:3.4|Barclays:-1.8|Wells Fargo:8.1
2026-07-24,HSY,17.65,17.607,2,Stifel:5.2|Evercore ISI Group:30.1
2026-07-24,IBM,17.7143,13.2534,7,Stifel:11.9|Jefferies:25.2|Barclays:29.3|BMO Capital:13.5|Morgan Stanley:-6.2|RBC Capital:33.2|Citigroup:17.1
2026-07-24,INCY,-7,3.677,2,JP Morgan:-4.4|Morgan Stanley:-9.6
2026-07-24,INTC,1.04,16.0347,5,JP Morgan:-15.3|Morgan Stanley:-16.3|Roth Capital:19.6|Stifel:9.6|Truist Securities:7.6
2026-07-24,IR,2.3,,1,Stifel:2.3
2026-07-24,ISRG,45.4333,28.0292,6,Baird:37|Bernstein:87.7|Citigroup:37|Evercore ISI Group:2.7|RBC Capital:57.5|Stifel:50.7
2026-07-24,JPM,6.9,2.2627,2,Evercore ISI Group:8.5|Citigroup:5.3
2026-07-24,KDP,26.7,,1,JP Morgan:26.7
2026-07-24,KEY,11.925,9.2799,4,DA Davidson:23|Keefe; Bruyette & Woods:14.2|RBC Capital:9.8|Baird:0.7
2026-07-24,KIM,9.2,13.435,2,Piper Sandler:18.7|Wells Fargo:-0.3
2026-07-24,KKR,51.5,,1,Morgan Stanley:51.5
2026-07-24,KMB,5.5,,1,Barclays:5.5
2026-07-24,KMI,9.4,,1,Wells Fargo:9.4
2026-07-24,KVUE,-1.1,,1,Barclays:-1.1
2026-07-24,LITE,30.9,,1,Barclays:30.9
2026-07-24,LMT,21.4,,1,Morgan Stanley:21.4
2026-07-24,LRCX,8.2,,1,Evercore ISI Group:8.2
2026-07-24,LVS,32.2875,4.2428,8,B of A Securities:32|Barclays:32.9|Goldman Sachs:23.9|JP Morgan:35.1|Mizuho:37.4|Macquarie:33|Stifel:28.8|Susquehanna:35.2
2026-07-24,LYB,22.2,,1,Morgan Stanley:22.2
2026-07-24,LYV,15.5,,1,JP Morgan:15.5
2026-07-24,MAR,6.5,7.5974,3,Stifel:-1.7|JP Morgan:7.9|TD Cowen:13.3
2026-07-24,MCD,21.3,,1,Evercore ISI Group:21.3
2026-07-24,MCHP,5.8,,1,Wells Fargo:5.8
2026-07-24,MCK,20.5,,1,Citigroup:20.5
2026-07-24,MCO,20.9,3.9357,3,JP Morgan:18.1|Baird:19.2|Wells Fargo:25.4
2026-07-24,META,29.9,,1,Raymond James:29.9
2026-07-24,MMM,1.65,18.0662,6,JP Morgan:10|Bernstein:-15.7|Citigroup:6.4|UBS:26.7|Mizuho:5.3|RBC Capital:-22.8
2026-07-24,MNST,0.45,2.192,2,BMO Capital:-1.1|Deutsche Bank:2
2026-07-24,MPC,15.1,,1,Goldman Sachs:15.1
2026-07-24,MS,7.1,6.4257,3,Citigroup:9.6|Evercore ISI Group:11.9|HSBC:-0.2
2026-07-24,MSCI,26.8333,2.9687,3,Evercore ISI Group:30.1|JP Morgan:26.1|Wells Fargo:24.3
2026-07-24,MSFT,36.4,10.6066,2,Oppenheimer:28.9|Truist Securities:43.9
2026-07-24,MTB,7.2,,1,Truist Securities:7.2
2026-07-24,NCLH,8.2,,1,Truist Securities:8.2
2026-07-24,NDAQ,16.9667,4.9973,3,Barclays:21.3|Keefe; Bruyette & Woods:11.5|TD Cowen:18.1
2026-07-24,NFLX,37.425,32.3934,4,Guggenheim:14.5|Pivotal Research:6.9|TD Cowen:52.7|UBS:75.6
2026-07-24,NI,6.4,,1,Keybanc:6.4
2026-07-24,NOC,18.45,9.5459,2,Susquehanna:25.2|JP Morgan:11.7
2026-07-24,NOW,42.25,37.2645,2,Evercore ISI Group:68.6|Macquarie:15.9
2026-07-24,NSC,5.9333,6.0935,6,Barclays:13.8|Citigroup:6.9|JP Morgan:-3.9|RBC Capital:2.4|TD Cowen:6.9|Wells Fargo:9.5
2026-07-24,NTRS,3.0667,5.0895,3,Morgan Stanley:-1.2|RBC Capital:1.7|Wells Fargo:8.7
2026-07-24,NVR,10.6,,1,B of A Securities:10.6
2026-07-24,NXPI,18.7,,1,Oppenheimer:18.7
2026-07-24,OKE,-3.8,,1,RBC Capital:-3.8
2026-07-24,PAYX,1.7,,1,UBS:1.7
2026-07-24,PEG,-0.5,,1,Jefferies:-0.5
2026-07-24,PEP,4.1,,1,Barclays:4.1
2026-07-24,PFG,3.3,,1,Wells Fargo:3.3
2026-07-24,PG,1.7,,1,Barclays:1.7
2026-07-24,PHM,6.925,15.2546,4,Barclays:-0.2|RBC Capital:-6.7|Citigroup:6.2|Evercore ISI Group:28.4
2026-07-24,PLD,6.4,4.2426,2,Truist Securities:9.4|Scotiabank:3.4
2026-07-24,PM,10,3.1241,3,Morgan Stanley:12|Needham:11.6|Stifel:6.4
2026-07-24,PNC,13.65,2.192,2,Evercore ISI Group:12.1|Citigroup:15.2
2026-07-24,PNR,38.1,,1,Mizuho:38.1
2026-07-24,PNW,-2.4,,1,BMO Capital:-2.4
2026-07-24,PPG,11.5,,1,B of A Securities:11.5
2026-07-24,PPL,8.5,,1,B of A Securities:8.5
2026-07-24,PSX,8.8,,1,Goldman Sachs:8.8
2026-07-24,PWR,11.8,,1,JP Morgan:11.8
2026-07-24,RF,9.325,3.5056,4,Citigroup:14.2|DA Davidson:7.9|Keefe; Bruyette & Woods:6|Truist Securities:9.2
2026-07-24,RJF,5.7,,1,JP Morgan:5.7
2026-07-24,RL,10.2,,1,Wells Fargo:10.2
2026-07-24,ROL,11.6,6.2225,2,RBC Capital:7.2|Barclays:16
2026-07-24,RTX,17.4,1.6971,2,RBC Capital:18.6|Susquehanna:16.2
2026-07-24,SBAC,11.1,,1,Wells Fargo:11.1
2026-07-24,SCHW,21.5667,6.8595,3,UBS:26.3|Argus Research:13.7|Barclays:24.7
2026-07-24,SNDK,96.6,,1,Susquehanna:96.6
2026-07-24,SO,-18.6,,1,Keybanc:-18.6
2026-07-24,SPG,24,,1,Piper Sandler:24
2026-07-24,SPGI,14.2,,1,Stifel:14.2
2026-07-24,SRE,11.3,,1,BMO Capital:11.3
2026-07-24,STLD,11.65,2.0506,2,Morgan Stanley:10.2|Barclays:13.1
2026-07-24,STT,9.58,3.9003,5,Barclays:10.2|Citigroup:15.8|RBC Capital:8|Truist Securities:5.3|Evercore ISI Group:8.6
2026-07-24,STZ,0,,1,Barclays:0
2026-07-24,SYF,20.2333,7.333,3,RBC Capital:11.9|Wells Fargo:23.1|Baird:25.7
2026-07-24,T,14.58,16.3984,5,Argus Research:29|Morgan Stanley:16.1|RBC Capital:16.1|Wolfe Research:24.7|Wells Fargo:-13
2026-07-24,TDY,8.2,14.5664,2,Barclays:-2.1|Stifel:18.5
2026-07-24,TEL,13.6,,1,Baird:13.6
2026-07-24,TER,49.2,,1,UBS:49.2
2026-07-24,TFC,9.9,1.633,4,Baird:9.9|Evercore ISI Group:9.9|Keefe; Bruyette & Woods:7.9|Stephens & Co.:11.9
2026-07-24,TMO,7.9,8.6267,2,Barclays:14|RBC Capital:1.8
2026-07-24,TMUS,23.65,21.658,4,RBC Capital:20.5|Barclays:24.9|TD Cowen:51|Wells Fargo:-1.8
2026-07-24,TRV,-6.7,8.6341,6,Citigroup:4.7|B of A Securities:-16.3|Barclays:-13.3|Evercore ISI Group:-7.8|BMO Capital:2.9|Morgan Stanley:-10.4
2026-07-24,TSCO,14.5,16.5616,5,Raymond James:27.8|Baird:26.4|Goldman Sachs:24.7|Mizuho:-8.1|Piper Sandler:1.7
2026-07-24,TSLA,31.1364,14.7809,11,Canaccord Genuity:20.2|JP Morgan:30.5|Mizuho:32|Morgan Stanley:17.3|RBC Capital:46.6|Roth Capital:48.1|TD Cowen:34.9|Truist Securities:8.5|UBS:12.9|Cantor Fitzgerald:51.2|Piper Sandler:40.3
2026-07-24,TXN,15.0769,17.1266,13,Susquehanna:14.8|Baird:38.8|Benchmark:29.8|Bernstein:4.6|Goldman Sachs:-18.9|JP Morgan:22.6|Mizuho:10|Morgan Stanley:-8|TD Cowen:22.6|Truist Securities:8.2|Wells Fargo:11.8|Evercore ISI Group:17.4|Keybanc:42.3
2026-07-24,UAL,42.7,,1,Susquehanna:42.7
2026-07-24,UNH,13.9667,5.8844,6,RBC Capital:12|Truist Securities:17.2|UBS:14.8|Barclays:4.4|JP Morgan:22.1|Mizuho:13.3
2026-07-24,UNP,10.0143,3.8011,7,B of A Securities:7.8|Barclays:14.9|BMO Capital:5.1|Citigroup:14.6|JP Morgan:9.7|RBC Capital:11.3|TD Cowen:6.7
2026-07-24,UPS,2.2,,1,Evercore ISI Group:2.2
2026-07-24,URI,22.6,6.0008,3,B of A Securities:18.6|Truist Securities:29.5|Wells Fargo:19.7
2026-07-24,USB,13.3333,5.0292,3,Barclays:17|DA Davidson:15.4|Truist Securities:7.6
2026-07-24,VICI,16.7,,1,Barclays:16.7
2026-07-24,VLO,11.8,,1,Goldman Sachs:11.8
2026-07-24,VRSN,19.8,,1,JP Morgan:19.8
2026-07-24,VTR,6.3,,1,Mizuho:6.3
2026-07-24,WAB,12.2833,5.5283,6,JP Morgan:7.3|Morgan Stanley:21|Stephens & Co.:12.4|Keybanc:13.8|Susquehanna:13.8|Wells Fargo:5.4
2026-07-24,WEC,2.5,1.6971,2,BMO Capital:3.7|Keybanc:1.3
2026-07-24,WELL,5.2,,1,Mizuho:5.2
2026-07-24,WRB,5.6,14.8492,2,Truist Securities:16.1|Wells Fargo:-4.9
2026-07-24,XEL,15.9,,1,BMO Capital:15.9
2026-07-25,ADP,8.3,,1,UBS:8.3
2026-07-25,AEE,7.1,0,2,BMO Capital:7.1|Keybanc:7.1
2026-07-25,AEP,5.5,,1,BMO Capital:5.5
2026-07-25,AIG,12.4,,1,JP Morgan:12.4
2026-07-25,ALGN,11.6,,1,UBS:11.6
2026-07-25,ALLE,10.3667,2.3094,3,JP Morgan:11.7|B of A Securities:7.7|Baird:11.7
2026-07-25,AMD,22.25,4.879,2,Benchmark:25.7|Roth Capital:18.8
2026-07-25,AMP,9.75,6.8589,2,Keefe; Bruyette & Woods:4.9|RBC Capital:14.6
2026-07-25,APO,37.4,,1,Morgan Stanley:37.4
2026-07-25,BIIB,21.5,22.6274,2,B of A Securities:5.5|Guggenheim:37.5
2026-07-25,BLDR,21.25,31.8905,2,Benchmark:43.8|Stifel:-1.3
2026-07-25,BX,18.2,23.7588,2,Goldman Sachs:1.4|RBC Capital:35
2026-07-25,BXP,6.6,11.3137,2,Barclays:14.6|Mizuho:-1.4
2026-07-25,CB,7.95,11.1016,2,Citizens:15.8|Wells Fargo:0.1
2026-07-25,CCI,21.2333,7.4467,3,RBC Capital:15.7|TD Cowen:18.3|Citigroup:29.7
2026-07-25,CHD,-11,,1,Barclays:-11
2026-07-25,CLX,-11.7,,1,Barclays:-11.7
2026-07-25,CMCSA,8,,1,Wells Fargo:8
2026-07-25,CME,11.85,28.2136,2,B of A Securities:-8.1|Morgan Stanley:31.8
2026-07-25,CNP,6.05,4.0305,2,BMO Capital:8.9|Keybanc:3.2
2026-07-25,COF,20,,1,Barclays:20
2026-07-25,COIN,44.1,,1,Citigroup:44.1
2026-07-25,CPT,5.6,,1,Piper Sandler:5.6
2026-07-25,CSX,6.76,7.4835,5,B of A Securities:7.8|Barclays:15.5|JP Morgan:11.6|Citigroup:2.3|Evercore ISI Group:-3.4
2026-07-25,CTSH,17.5,13.0108,2,JP Morgan:26.7|RBC Capital:8.3
2026-07-25,CTVA,8.75,2.6163,2,B of A Securities:10.6|Oppenheimer:6.9
2026-07-25,D,-0.6,,1,BMO Capital:-0.6
2026-07-25,DDOG,12.9,5.6454,3,Evercore ISI Group:8.3|Jefferies:11.2|TD Cowen:19.2
2026-07-25,DECK,21.8,14.0518,4,Stifel:41.5|Truist Securities:11.7|Baird:22.3|Telsey Advisory Group:11.7
2026-07-25,DGX,11.25,2.1063,4,Barclays:9.6|Mizuho:14|Truist Securities:9.6|Baird:11.8
2026-07-25,DHI,1.7,20.6475,2,Keefe; Bruyette & Woods:16.3|RBC Capital:-12.9
2026-07-25,DHR,13.9667,5.8287,3,Guggenheim:12.1|RBC Capital:20.5|Wells Fargo:9.3
2026-07-25,DIS,38.5,,1,UBS:38.5
2026-07-25,DLR,23.7,,1,JP Morgan:23.7
2026-07-25,DOV,19.6,,1,BMO Capital:19.6
2026-07-25,DOW,22.1,15.2434,3,Morgan Stanley:31.1|JP Morgan:30.7|UBS:4.5
2026-07-25,DPZ,18.7,9.7451,4,Evercore ISI Group:14.5|Oppenheimer:26.8|RBC Capital:6.9|BMO Capital:26.6
2026-07-25,DUK,7.5,,1,Keybanc:7.5
2026-07-25,DVN,42.7,,1,Susquehanna:42.7
2026-07-25,ED,-17,,1,Keybanc:-17
2026-07-25,EFX,26.28,13.3219,5,Baird:33.5|RBC Capital:11.7|Wells Fargo:22|Barclays:18.7|Needham:45.5
2026-07-25,EOG,19.6,,1,Susquehanna:19.6
2026-07-25,ES,-2.3,,1,BMO Capital:-2.3
2026-07-25,ESS,10.15,13.5057,2,Piper Sandler:19.7|Wells Fargo:0.6
2026-07-25,ETR,9.3,,1,BMO Capital:9.3
2026-07-25,EVRG,11.4,,1,Citigroup:11.4
2026-07-25,EW,14.8,,1,Piper Sandler:14.8
2026-07-25,EXPD,5.7,,1,B of A Securities:5.7
2026-07-25,FANG,29.4,,1,Susquehanna:29.4
2026-07-25,FCX,11.9,,1,Wells Fargo:11.9
2026-07-25,FITB,8.2667,4.3776,3,DA Davidson:12.9|Keefe; Bruyette & Woods:4.2|RBC Capital:7.7
2026-07-25,FRT,12.2,8.4853,2,Piper Sandler:18.2|Wells Fargo:6.2
2026-07-25,GE,18.45,7.566,2,JP Morgan:13.1|Bernstein:23.8
2026-07-25,GEV,32.6333,6.8646,3,JP Morgan:35.5|Morgan Stanley:37.6|RBC Capital:24.8
2026-07-25,GL,9.85,1.6263,2,JP Morgan:8.7|Keefe; Bruyette & Woods:11
2026-07-25,GM,22.9667,24.8619,6,Goldman Sachs:28|JP Morgan:49.1|Morgan Stanley:25.5|RBC Capital:24.2|Wells Fargo:-24.2|Barclays:35.2
2026-07-25,GOOG,34.2333,12.0674,3,JP Morgan:30.6|Oppenheimer:24.4|TD Cowen:47.7
2026-07-25,GOOGL,37.8,1.1314,2,Roth Capital:37|Wedbush:38.6
2026-07-25,GPC,14.15,14.0714,2,Evercore ISI Group:24.1|Truist Securities:4.2
2026-07-25,GPN,22,,1,Morgan Stanley:22
2026-07-25,GS,-7.7,,1,HSBC:-7.7
2026-07-25,HAL,32.98,16.4579,5,Evercore ISI Group:28.1|Morgan Stanley:19.2|TD Cowen:40|Argus Research:19.4|Barclays:58.2
2026-07-25,HAS,16.9333,9.2116,3,DA Davidson:6.8|JP Morgan:24.8|Argus Research:19.2
2026-07-25,HBAN,10.6,,1,Morgan Stanley:10.6
2026-07-25,HIG,8.3,,1,JP Morgan:8.3
2026-07-25,HLT,12.15,1.0607,2,Evercore ISI Group:12.9|JP Morgan:11.4
2026-07-25,HON,13,,1,Citigroup:13
2026-07-25,HOOD,22.7,,1,Keybanc:22.7
2026-07-25,HST,3.2333,4.9521,3,JP Morgan:3.4|Barclays:-1.8|Wells Fargo:8.1
2026-07-25,HSY,17.65,17.607,2,Stifel:5.2|Evercore ISI Group:30.1
2026-07-25,IBM,17.7143,13.2534,7,Stifel:11.9|Jefferies:25.2|Barclays:29.3|BMO Capital:13.5|Morgan Stanley:-6.2|RBC Capital:33.2|Citigroup:17.1
2026-07-25,INCY,-7,3.677,2,JP Morgan:-4.4|Morgan Stanley:-9.6
2026-07-25,INTC,2.9667,17.1822,9,JP Morgan:-15.3|Morgan Stanley:-16.3|Roth Capital:19.6|Stifel:9.6|Truist Securities:7.6|Cantor Fitzgerald:24.6|Rosenblatt:-20.3|Wedbush:-2.4|Wells Fargo:19.6
2026-07-25,IR,2.3,,1,Stifel:2.3
2026-07-25,JPM,5.3,,1,Citigroup:5.3
2026-07-25,KDP,26.7,,1,JP Morgan:26.7
2026-07-25,KEY,11.925,9.2799,4,DA Davidson:23|Keefe; Bruyette & Woods:14.2|RBC Capital:9.8|Baird:0.7
2026-07-25,KIM,9.2,13.435,2,Piper Sandler:18.7|Wells Fargo:-0.3
2026-07-25,KKR,51.5,,1,Morgan Stanley:51.5
2026-07-25,KMB,5.5,,1,Barclays:5.5
2026-07-25,KMI,9.4,,1,Wells Fargo:9.4
2026-07-25,KVUE,-1.1,,1,Barclays:-1.1
2026-07-25,LITE,30.9,,1,Barclays:30.9
2026-07-25,LMT,21.4,,1,Morgan Stanley:21.4
2026-07-25,LRCX,8.2,,1,Evercore ISI Group:8.2
2026-07-25,LUV,11.9,,1,Citigroup:11.9
2026-07-25,LVS,32.2875,4.2428,8,B of A Securities:32|Barclays:32.9|Goldman Sachs:23.9|JP Morgan:35.1|Mizuho:37.4|Macquarie:33|Stifel:28.8|Susquehanna:35.2
2026-07-25,LYB,22.2,,1,Morgan Stanley:22.2
2026-07-25,LYV,15.5,,1,JP Morgan:15.5
2026-07-25,MAR,10.6,3.8184,2,JP Morgan:7.9|TD Cowen:13.3
2026-07-25,MCD,21.3,,1,Evercore ISI Group:21.3
2026-07-25,MCHP,5.8,,1,Wells Fargo:5.8
2026-07-25,MCK,20.5,,1,Citigroup:20.5
2026-07-25,MCO,20.9,3.9357,3,JP Morgan:18.1|Baird:19.2|Wells Fargo:25.4
2026-07-25,META,29.9,,1,Raymond James:29.9
2026-07-25,MMM,-0.02,19.674,5,Bernstein:-15.7|Citigroup:6.4|UBS:26.7|Mizuho:5.3|RBC Capital:-22.8
2026-07-25,MNST,0.45,2.192,2,BMO Capital:-1.1|Deutsche Bank:2
2026-07-25,MPC,15.1,,1,Goldman Sachs:15.1
2026-07-25,MS,-0.2,,1,HSBC:-0.2
2026-07-25,MSCI,26.8333,2.9687,3,Evercore ISI Group:30.1|JP Morgan:26.1|Wells Fargo:24.3
2026-07-25,MSFT,36.4,10.6066,2,Oppenheimer:28.9|Truist Securities:43.9
2026-07-25,MTB,7.2,,1,Truist Securities:7.2
2026-07-25,NCLH,8.2,,1,Truist Securities:8.2
2026-07-25,NDAQ,16.9667,4.9973,3,Barclays:21.3|Keefe; Bruyette & Woods:11.5|TD Cowen:18.1
2026-07-25,NI,6.4,,1,Keybanc:6.4
2026-07-25,NOC,18.45,9.5459,2,Susquehanna:25.2|JP Morgan:11.7
2026-07-25,NOW,42.25,37.2645,2,Evercore ISI Group:68.6|Macquarie:15.9
2026-07-25,NSC,5.9333,6.0935,6,Barclays:13.8|Citigroup:6.9|JP Morgan:-3.9|RBC Capital:2.4|TD Cowen:6.9|Wells Fargo:9.5
2026-07-25,NTRS,3.0667,5.0895,3,Morgan Stanley:-1.2|RBC Capital:1.7|Wells Fargo:8.7
2026-07-25,NVR,15.45,6.8589,2,B of A Securities:10.6|UBS:20.3
2026-07-25,NXPI,18.7,,1,Oppenheimer:18.7
2026-07-25,OKE,-3.8,,1,RBC Capital:-3.8
2026-07-25,PAYX,1.7,,1,UBS:1.7
2026-07-25,PEG,-0.5,,1,Jefferies:-0.5
2026-07-25,PEP,4.1,,1,Barclays:4.1
2026-07-25,PFG,3.3,,1,Wells Fargo:3.3
2026-07-25,PG,1.7,,1,Barclays:1.7
2026-07-25,PGR,-0.3,,1,Morgan Stanley:-0.3
2026-07-25,PHM,6.925,15.2546,4,Barclays:-0.2|RBC Capital:-6.7|Citigroup:6.2|Evercore ISI Group:28.4
2026-07-25,PLD,6.4,4.2426,2,Truist Securities:9.4|Scotiabank:3.4
2026-07-25,PM,10,3.1241,3,Morgan Stanley:12|Needham:11.6|Stifel:6.4
2026-07-25,PNC,15.2,,1,Citigroup:15.2
2026-07-25,PNR,38.1,,1,Mizuho:38.1
2026-07-25,PNW,-2.4,,1,BMO Capital:-2.4
2026-07-25,PPL,8.5,,1,B of A Securities:8.5
2026-07-25,PSX,8.8,,1,Goldman Sachs:8.8
2026-07-25,PWR,11.8,,1,JP Morgan:11.8
2026-07-25,RF,9.325,3.5056,4,Citigroup:14.2|DA Davidson:7.9|Keefe; Bruyette & Woods:6|Truist Securities:9.2
2026-07-25,RJF,5.7,,1,JP Morgan:5.7
2026-07-25,RL,10.2,,1,Wells Fargo:10.2
2026-07-25,ROL,6.5,13.9237,5,RBC Capital:7.2|Barclays:16|Canaccord Genuity:16|UBS:10.8|Wells Fargo:-17.5
2026-07-25,RTX,11.475,7.4946,4,RBC Capital:18.6|Susquehanna:16.2|UBS:2|Wells Fargo:9.1
2026-07-25,SCHW,21.5667,6.8595,3,UBS:26.3|Argus Research:13.7|Barclays:24.7
2026-07-25,SNDK,96.6,,1,Susquehanna:96.6
2026-07-25,SO,-18.6,,1,Keybanc:-18.6
2026-07-25,SPG,24,,1,Piper Sandler:24
2026-07-25,SRE,11.3,,1,BMO Capital:11.3
2026-07-25,STLD,11.65,2.0506,2,Morgan Stanley:10.2|Barclays:13.1
2026-07-25,STT,8.6,,1,Evercore ISI Group:8.6
2026-07-25,STZ,0,,1,Barclays:0
2026-07-25,SYF,20.2333,7.333,3,RBC Capital:11.9|Wells Fargo:23.1|Baird:25.7
2026-07-25,T,14.58,16.3984,5,Argus Research:29|Morgan Stanley:16.1|RBC Capital:16.1|Wolfe Research:24.7|Wells Fargo:-13
2026-07-25,TDY,8.2,14.5664,2,Barclays:-2.1|Stifel:18.5
2026-07-25,TEL,13.6,,1,Baird:13.6
2026-07-25,TER,49.2,,1,UBS:49.2
2026-07-25,TFC,9.9,1.633,4,Baird:9.9|Evercore ISI Group:9.9|Keefe; Bruyette & Woods:7.9|Stephens & Co.:11.9
2026-07-25,TMO,7.9,8.6267,2,Barclays:14|RBC Capital:1.8
2026-07-25,TMUS,34.1286,21.5454,7,RBC Capital:20.5|Barclays:24.9|TD Cowen:51|Wells Fargo:-1.8|Benchmark:62.6|Keybanc:45.2|UBS:36.5
2026-07-25,TRV,-6.7,8.6341,6,Citigroup:4.7|B of A Securities:-16.3|Barclays:-13.3|Evercore ISI Group:-7.8|BMO Capital:2.9|Morgan Stanley:-10.4
2026-07-25,TSCO,16.7833,15.9703,6,Baird:26.4|Goldman Sachs:24.7|Mizuho:-8.1|Piper Sandler:1.7|Guggenheim:31.3|Telsey Advisory Group:24.7
2026-07-25,TSLA,31.1364,14.7809,11,Canaccord Genuity:20.2|JP Morgan:30.5|Mizuho:32|Morgan Stanley:17.3|RBC Capital:46.6|Roth Capital:48.1|TD Cowen:34.9|Truist Securities:8.5|UBS:12.9|Cantor Fitzgerald:51.2|Piper Sandler:40.3
2026-07-25,TXN,15.75,16.6464,14,Susquehanna:14.8|Baird:38.8|Benchmark:29.8|Bernstein:4.6|Goldman Sachs:-18.9|JP Morgan:22.6|Mizuho:10|Morgan Stanley:-8|TD Cowen:22.6|Truist Securities:8.2|Wells Fargo:11.8|Evercore ISI Group:17.4|Keybanc:42.3|Rosenblatt:24.5
2026-07-25,UNH,13.2667,8.85,3,Barclays:4.4|JP Morgan:22.1|Mizuho:13.3
2026-07-25,UNP,10.0111,3.2918,9,B of A Securities:7.8|Barclays:14.9|BMO Capital:5.1|Citigroup:14.6|JP Morgan:9.7|RBC Capital:11.3|TD Cowen:6.7|Benchmark:10|Wells Fargo:10
2026-07-25,UPS,2.2,,1,Evercore ISI Group:2.2
2026-07-25,URI,20.92,4.8685,5,B of A Securities:18.6|Truist Securities:29.5|Wells Fargo:19.7|Citigroup:17.5|UBS:19.3
2026-07-25,VICI,16.7,,1,Barclays:16.7
2026-07-25,VLO,11.8,,1,Goldman Sachs:11.8
2026-07-25,VRSN,19.8,,1,JP Morgan:19.8
2026-07-25,VTR,6.3,,1,Mizuho:6.3
2026-07-25,WAB,12.2833,5.5283,6,JP Morgan:7.3|Morgan Stanley:21|Stephens & Co.:12.4|Keybanc:13.8|Susquehanna:13.8|Wells Fargo:5.4
2026-07-25,WEC,2.5,1.6971,2,BMO Capital:3.7|Keybanc:1.3
2026-07-25,WELL,5.2,,1,Mizuho:5.2
2026-07-25,WRB,5.6,14.8492,2,Truist Securities:16.1|Wells Fargo:-4.9
2026-07-25,XEL,15.9,,1,BMO Capital:15.9
2026-07-27,ADP,8.3,,1,UBS:8.3
2026-07-27,AEE,7.1,0,2,BMO Capital:7.1|Keybanc:7.1
2026-07-27,AEP,5.5,,1,BMO Capital:5.5
2026-07-27,AKAM,49.6,,1,Evercore ISI Group:49.6
2026-07-27,ALGN,11.6,,1,UBS:11.6
2026-07-27,ALLE,10.3667,2.3094,3,JP Morgan:11.7|B of A Securities:7.7|Baird:11.7
2026-07-27,AMD,21,4.0731,3,Benchmark:25.7|Roth Capital:18.8|Mizuho:18.5
2026-07-27,AMP,9.75,6.8589,2,Keefe; Bruyette & Woods:4.9|RBC Capital:14.6
2026-07-27,APO,37.4,,1,Morgan Stanley:37.4
2026-07-27,AXP,15.2,,1,Morgan Stanley:15.2
2026-07-27,BIIB,21.5,22.6274,2,B of A Securities:5.5|Guggenheim:37.5
2026-07-27,BLDR,21.25,31.8905,2,Benchmark:43.8|Stifel:-1.3
2026-07-27,BX,18.2,23.7588,2,Goldman Sachs:1.4|RBC Capital:35
2026-07-27,BXP,6.6,11.3137,2,Barclays:14.6|Mizuho:-1.4
2026-07-27,CB,7.95,11.1016,2,Citizens:15.8|Wells Fargo:0.1
2026-07-27,CCI,21.2333,7.4467,3,RBC Capital:15.7|TD Cowen:18.3|Citigroup:29.7
2026-07-27,CHD,-11,,1,Barclays:-11
2026-07-27,CHTR,11.6,,1,UBS:11.6
2026-07-27,CLX,-11.7,,1,Barclays:-11.7
2026-07-27,CMCSA,8,,1,Wells Fargo:8
2026-07-27,CME,11.85,28.2136,2,B of A Securities:-8.1|Morgan Stanley:31.8
2026-07-27,CNP,6.05,4.0305,2,BMO Capital:8.9|Keybanc:3.2
2026-07-27,COF,20,,1,Barclays:20
2026-07-27,COIN,44.1,,1,Citigroup:44.1
2026-07-27,CPT,5.6,,1,Piper Sandler:5.6
2026-07-27,CSX,6.76,7.4835,5,B of A Securities:7.8|Barclays:15.5|JP Morgan:11.6|Citigroup:2.3|Evercore ISI Group:-3.4
2026-07-27,CTSH,17.5,13.0108,2,JP Morgan:26.7|RBC Capital:8.3
2026-07-27,CTVA,6.9,,1,Oppenheimer:6.9
2026-07-27,D,-0.6,,1,BMO Capital:-0.6
2026-07-27,DDOG,12.9,5.6454,3,Evercore ISI Group:8.3|Jefferies:11.2|TD Cowen:19.2
2026-07-27,DECK,21.8,14.0518,4,Stifel:41.5|Truist Securities:11.7|Baird:22.3|Telsey Advisory Group:11.7
2026-07-27,DGX,11.25,2.1063,4,Barclays:9.6|Mizuho:14|Truist Securities:9.6|Baird:11.8
2026-07-27,DHI,1.7,20.6475,2,Keefe; Bruyette & Woods:16.3|RBC Capital:-12.9
2026-07-27,DHR,13.9667,5.8287,3,Guggenheim:12.1|RBC Capital:20.5|Wells Fargo:9.3
2026-07-27,DIS,38.5,,1,UBS:38.5
2026-07-27,DLR,18.6,7.2125,2,JP Morgan:23.7|RBC Capital:13.5
2026-07-27,DOV,19.6,,1,BMO Capital:19.6
2026-07-27,DOW,17.6,18.5262,2,JP Morgan:30.7|UBS:4.5
2026-07-27,DPZ,18.7,9.7451,4,Evercore ISI Group:14.5|Oppenheimer:26.8|RBC Capital:6.9|BMO Capital:26.6
2026-07-27,DUK,7.5,,1,Keybanc:7.5
2026-07-27,DVN,42.7,,1,Susquehanna:42.7
2026-07-27,ED,-17,,1,Keybanc:-17
2026-07-27,EFX,26.28,13.3219,5,Baird:33.5|RBC Capital:11.7|Wells Fargo:22|Barclays:18.7|Needham:45.5
2026-07-27,EOG,19.6,,1,Susquehanna:19.6
2026-07-27,ES,-2.3,,1,BMO Capital:-2.3
2026-07-27,ESS,10.15,13.5057,2,Piper Sandler:19.7|Wells Fargo:0.6
2026-07-27,ETR,9.3,,1,BMO Capital:9.3
2026-07-27,EVRG,11.4,,1,Citigroup:11.4
2026-07-27,EW,14.8,,1,Piper Sandler:14.8
2026-07-27,EXPD,5.7,,1,B of A Securities:5.7
2026-07-27,FANG,29.4,,1,Susquehanna:29.4
2026-07-27,FCX,11.9,,1,Wells Fargo:11.9
2026-07-27,FITB,8.2667,4.3776,3,DA Davidson:12.9|Keefe; Bruyette & Woods:4.2|RBC Capital:7.7
2026-07-27,FIX,28.2,,1,UBS:28.2
2026-07-27,FRT,12.2,8.4853,2,Piper Sandler:18.2|Wells Fargo:6.2
2026-07-27,GE,23.8,,1,Bernstein:23.8
2026-07-27,GEV,32.6333,6.8646,3,JP Morgan:35.5|Morgan Stanley:37.6|RBC Capital:24.8
2026-07-27,GILD,26,,1,Morgan Stanley:26
2026-07-27,GL,9.85,1.6263,2,JP Morgan:8.7|Keefe; Bruyette & Woods:11
2026-07-27,GM,22.9667,24.8619,6,Goldman Sachs:28|JP Morgan:49.1|Morgan Stanley:25.5|RBC Capital:24.2|Wells Fargo:-24.2|Barclays:35.2
2026-07-27,GOOG,34.2333,12.0674,3,JP Morgan:30.6|Oppenheimer:24.4|TD Cowen:47.7
2026-07-27,GOOGL,37.8,1.1314,2,Roth Capital:37|Wedbush:38.6
2026-07-27,GPC,14.15,14.0714,2,Evercore ISI Group:24.1|Truist Securities:4.2
2026-07-27,GPN,22,,1,Morgan Stanley:22
2026-07-27,GS,-7.7,,1,HSBC:-7.7
2026-07-27,HAL,32.98,16.4579,5,Evercore ISI Group:28.1|Morgan Stanley:19.2|TD Cowen:40|Argus Research:19.4|Barclays:58.2
2026-07-27,HAS,16.9333,9.2116,3,DA Davidson:6.8|JP Morgan:24.8|Argus Research:19.2
2026-07-27,HBAN,10.6,,1,Morgan Stanley:10.6
2026-07-27,HCA,25,36.6281,2,Morgan Stanley:-0.9|UBS:50.9
2026-07-27,HIG,6.5,,1,RBC Capital:6.5
2026-07-27,HLT,12.15,1.0607,2,Evercore ISI Group:12.9|JP Morgan:11.4
2026-07-27,HON,10.7,3.2527,2,Citigroup:13|Mizuho:8.4
2026-07-27,HOOD,22.7,,1,Keybanc:22.7
2026-07-27,HST,3.2333,4.9521,3,JP Morgan:3.4|Barclays:-1.8|Wells Fargo:8.1
2026-07-27,HSY,17.65,17.607,2,Stifel:5.2|Evercore ISI Group:30.1
2026-07-27,IBM,18.6833,14.2441,6,Jefferies:25.2|Barclays:29.3|BMO Capital:13.5|Morgan Stanley:-6.2|RBC Capital:33.2|Citigroup:17.1
2026-07-27,INCY,-7,3.677,2,JP Morgan:-4.4|Morgan Stanley:-9.6
2026-07-27,INTC,2.9667,17.1822,9,JP Morgan:-15.3|Morgan Stanley:-16.3|Roth Capital:19.6|Stifel:9.6|Truist Securities:7.6|Cantor Fitzgerald:24.6|Rosenblatt:-20.3|Wedbush:-2.4|Wells Fargo:19.6
2026-07-27,KDP,26.7,,1,JP Morgan:26.7
2026-07-27,KEY,11.925,9.2799,4,DA Davidson:23|Keefe; Bruyette & Woods:14.2|RBC Capital:9.8|Baird:0.7
2026-07-27,KIM,9.2,13.435,2,Piper Sandler:18.7|Wells Fargo:-0.3
2026-07-27,KKR,51.5,,1,Morgan Stanley:51.5
2026-07-27,KMB,5.5,,1,Barclays:5.5
2026-07-27,KMI,9.4,,1,Wells Fargo:9.4
2026-07-27,KVUE,-1.1,,1,Barclays:-1.1
2026-07-27,LMT,21.4,,1,Morgan Stanley:21.4
2026-07-27,LRCX,8.2,,1,Evercore ISI Group:8.2
2026-07-27,LUV,11.9,,1,Citigroup:11.9
2026-07-27,LVS,32.0375,4.3204,8,Barclays:32.9|Goldman Sachs:23.9|JP Morgan:35.1|Mizuho:37.4|Macquarie:33|Stifel:28.8|Susquehanna:35.2|Morgan Stanley:30
2026-07-27,LYV,15.5,,1,JP Morgan:15.5
2026-07-27,MAR,10.6,3.8184,2,JP Morgan:7.9|TD Cowen:13.3
2026-07-27,MCD,24.2,4.1012,2,Evercore ISI Group:21.3|UBS:27.1
2026-07-27,MCHP,5.8,,1,Wells Fargo:5.8
2026-07-27,MCK,20.5,,1,Citigroup:20.5
2026-07-27,MCO,18.4333,7.3799,3,Baird:19.2|Wells Fargo:25.4|Mizuho:10.7
2026-07-27,META,29.9,,1,Raymond James:29.9
2026-07-27,MMM,-0.02,19.674,5,Bernstein:-15.7|Citigroup:6.4|UBS:26.7|Mizuho:5.3|RBC Capital:-22.8
2026-07-27,MNST,0.45,2.192,2,BMO Capital:-1.1|Deutsche Bank:2
2026-07-27,MPC,15.1,,1,Goldman Sachs:15.1
2026-07-27,MS,-0.2,,1,HSBC:-0.2
2026-07-27,MSCI,26.8333,2.9687,3,Evercore ISI Group:30.1|JP Morgan:26.1|Wells Fargo:24.3
2026-07-27,MSFT,31.9667,10.7337,3,Oppenheimer:28.9|Truist Securities:43.9|UBS:23.1
2026-07-27,MTB,7.2,,1,Truist Securities:7.2
2026-07-27,NCLH,8.2,,1,Truist Securities:8.2
2026-07-27,NDAQ,16.9667,4.9973,3,Barclays:21.3|Keefe; Bruyette & Woods:11.5|TD Cowen:18.1
2026-07-27,NI,6.4,,1,Keybanc:6.4
2026-07-27,NOC,18.45,9.5459,2,Susquehanna:25.2|JP Morgan:11.7
2026-07-27,NOW,42.25,37.2645,2,Evercore ISI Group:68.6|Macquarie:15.9
2026-07-27,NSC,5.9333,6.0935,6,Barclays:13.8|Citigroup:6.9|JP Morgan:-3.9|RBC Capital:2.4|TD Cowen:6.9|Wells Fargo:9.5
2026-07-27,NTRS,3.0667,5.0895,3,Morgan Stanley:-1.2|RBC Capital:1.7|Wells Fargo:8.7
2026-07-27,NVR,20.3,,1,UBS:20.3
2026-07-27,NXPI,18.7,,1,Oppenheimer:18.7
2026-07-27,OKE,-3.8,,1,RBC Capital:-3.8
2026-07-27,PAYX,1.7,,1,UBS:1.7
2026-07-27,PEP,4.1,,1,Barclays:4.1
2026-07-27,PFG,3.3,,1,Wells Fargo:3.3
2026-07-27,PG,1.7,,1,Barclays:1.7
2026-07-27,PGR,-0.3,,1,Morgan Stanley:-0.3
2026-07-27,PHM,6.925,15.2546,4,Barclays:-0.2|RBC Capital:-6.7|Citigroup:6.2|Evercore ISI Group:28.4
2026-07-27,PLD,6.4,4.2426,2,Truist Securities:9.4|Scotiabank:3.4
2026-07-27,PM,10,3.1241,3,Morgan Stanley:12|Needham:11.6|Stifel:6.4
2026-07-27,PNR,38.1,,1,Mizuho:38.1
2026-07-27,PNW,-2.4,,1,BMO Capital:-2.4
2026-07-27,PSX,8.8,,1,Goldman Sachs:8.8
2026-07-27,PWR,11.8,,1,JP Morgan:11.8
2026-07-27,RF,7.6,2.2627,2,Keefe; Bruyette & Woods:6|Truist Securities:9.2
2026-07-27,RJF,6.7,1.4142,2,JP Morgan:5.7|UBS:7.7
2026-07-27,RL,10.2,,1,Wells Fargo:10.2
2026-07-27,ROL,6.5,13.9237,5,RBC Capital:7.2|Barclays:16|Canaccord Genuity:16|UBS:10.8|Wells Fargo:-17.5
2026-07-27,RTX,11.475,7.4946,4,RBC Capital:18.6|Susquehanna:16.2|UBS:2|Wells Fargo:9.1
2026-07-27,SCHW,24.3,7.8265,4,UBS:26.3|Argus Research:13.7|Barclays:24.7|Morgan Stanley:32.5
2026-07-27,SLB,19.05,9.4055,4,Evercore ISI Group:26.2|Morgan Stanley:5.2|Piper Sandler:22.4|TD Cowen:22.4
2026-07-27,SNDK,96.6,,1,Susquehanna:96.6
2026-07-27,SO,-18.6,,1,Keybanc:-18.6
2026-07-27,SPG,24,,1,Piper Sandler:24
2026-07-27,SRE,11.3,,1,BMO Capital:11.3
2026-07-27,STLD,11.65,2.0506,2,Morgan Stanley:10.2|Barclays:13.1
2026-07-27,STT,8.6,,1,Evercore ISI Group:8.6
2026-07-27,STZ,0,,1,Barclays:0
2026-07-27,SYF,20.2333,7.333,3,RBC Capital:11.9|Wells Fargo:23.1|Baird:25.7
2026-07-27,T,14.58,16.3984,5,Argus Research:29|Morgan Stanley:16.1|RBC Capital:16.1|Wolfe Research:24.7|Wells Fargo:-13
2026-07-27,TDY,8.2,14.5664,2,Barclays:-2.1|Stifel:18.5
2026-07-27,TEL,13.6,,1,Baird:13.6
2026-07-27,TFC,9.9,1.633,4,Baird:9.9|Evercore ISI Group:9.9|Keefe; Bruyette & Woods:7.9|Stephens & Co.:11.9
2026-07-27,TMO,10.2667,7.3494,3,Barclays:14|RBC Capital:1.8|Morgan Stanley:15
2026-07-27,TMUS,36.4,22.6651,6,Barclays:24.9|TD Cowen:51|Wells Fargo:-1.8|Benchmark:62.6|Keybanc:45.2|UBS:36.5
2026-07-27,TRV,-8.98,7.3619,5,B of A Securities:-16.3|Barclays:-13.3|Evercore ISI Group:-7.8|BMO Capital:2.9|Morgan Stanley:-10.4
2026-07-27,TSCO,16.7833,15.9703,6,Baird:26.4|Goldman Sachs:24.7|Mizuho:-8.1|Piper Sandler:1.7|Guggenheim:31.3|Telsey Advisory Group:24.7
2026-07-27,TSLA,31.1364,14.7809,11,Canaccord Genuity:20.2|JP Morgan:30.5|Mizuho:32|Morgan Stanley:17.3|RBC Capital:46.6|Roth Capital:48.1|TD Cowen:34.9|Truist Securities:8.5|UBS:12.9|Cantor Fitzgerald:51.2|Piper Sandler:40.3
2026-07-27,TXN,15.75,16.6464,14,Susquehanna:14.8|Baird:38.8|Benchmark:29.8|Bernstein:4.6|Goldman Sachs:-18.9|JP Morgan:22.6|Mizuho:10|Morgan Stanley:-8|TD Cowen:22.6|Truist Securities:8.2|Wells Fargo:11.8|Evercore ISI Group:17.4|Keybanc:42.3|Rosenblatt:24.5
2026-07-27,UNH,13.2667,8.85,3,Barclays:4.4|JP Morgan:22.1|Mizuho:13.3
2026-07-27,UNP,10.0111,3.2918,9,B of A Securities:7.8|Barclays:14.9|BMO Capital:5.1|Citigroup:14.6|JP Morgan:9.7|RBC Capital:11.3|TD Cowen:6.7|Benchmark:10|Wells Fargo:10
2026-07-27,UPS,2.2,,1,Evercore ISI Group:2.2
2026-07-27,URI,20.92,4.8685,5,B of A Securities:18.6|Truist Securities:29.5|Wells Fargo:19.7|Citigroup:17.5|UBS:19.3
2026-07-27,VICI,16.7,,1,Barclays:16.7
2026-07-27,VLO,11.8,,1,Goldman Sachs:11.8
2026-07-27,VRSN,19.8,,1,JP Morgan:19.8
2026-07-27,VTR,6.3,,1,Mizuho:6.3
2026-07-27,VZ,6.7,7.6368,2,Morgan Stanley:12.1|RBC Capital:1.3
2026-07-27,WAB,12.2833,5.5283,6,JP Morgan:7.3|Morgan Stanley:21|Stephens & Co.:12.4|Keybanc:13.8|Susquehanna:13.8|Wells Fargo:5.4
2026-07-27,WEC,2.5,1.6971,2,BMO Capital:3.7|Keybanc:1.3
2026-07-27,WELL,5.2,,1,Mizuho:5.2
2026-07-27,WRB,4.6,10.6419,3,Truist Securities:16.1|Wells Fargo:-4.9|UBS:2.6
2026-07-27,WST,29.1,,1,Evercore ISI Group:29.1
2026-07-27,XEL,15.9,,1,BMO Capital:15.9
2026-07-28,ABT,17.8,,1,UBS:17.8
2026-07-28,ADP,8.3,,1,UBS:8.3
2026-07-28,ADSK,29.6,,1,Oppenheimer:29.6
2026-07-28,AEE,7.1,0,2,BMO Capital:7.1|Keybanc:7.1
2026-07-28,AEP,5.5,,1,BMO Capital:5.5
2026-07-28,AKAM,49.6,,1,Evercore ISI Group:49.6
2026-07-28,ALGN,11.6,,1,UBS:11.6
2026-07-28,ALLE,10.3667,2.3094,3,JP Morgan:11.7|B of A Securities:7.7|Baird:11.7
2026-07-28,AMD,21,4.0731,3,Benchmark:25.7|Roth Capital:18.8|Mizuho:18.5
2026-07-28,AMP,9.75,6.8589,2,Keefe; Bruyette & Woods:4.9|RBC Capital:14.6
2026-07-28,AXP,4.55,15.0614,2,Morgan Stanley:15.2|BTIG:-6.1
2026-07-28,BAX,4.8,,1,UBS:4.8
2026-07-28,BDX,17.3,,1,UBS:17.3
2026-07-28,BIIB,21.5,22.6274,2,B of A Securities:5.5|Guggenheim:37.5
2026-07-28,BKR,25.3667,4.1789,3,Piper Sandler:21.5|Stifel:24.8|TD Cowen:29.8
2026-07-28,BLDR,19.1333,22.8461,3,Benchmark:43.8|Stifel:-1.3|BMO Capital:14.9
2026-07-28,BX,18.2,23.7588,2,Goldman Sachs:1.4|RBC Capital:35
2026-07-28,BXP,6.6,11.3137,2,Barclays:14.6|Mizuho:-1.4
2026-07-28,CB,7.95,11.1016,2,Citizens:15.8|Wells Fargo:0.1
2026-07-28,CCI,21.2333,7.4467,3,RBC Capital:15.7|TD Cowen:18.3|Citigroup:29.7
2026-07-28,CDNS,25.3,,1,B of A Securities:25.3
2026-07-28,CEG,40.9,4.8083,2,UBS:44.3|Wells Fargo:37.5
2026-07-28,CHD,-11,,1,Barclays:-11
2026-07-28,CHTR,10.8333,24.3591,3,UBS:11.6|Barclays:-13.9|Citigroup:34.8
2026-07-28,CLX,-11.7,,1,Barclays:-11.7
2026-07-28,CMCSA,8,,1,Wells Fargo:8
2026-07-28,CME,11.85,28.2136,2,B of A Securities:-8.1|Morgan Stanley:31.8
2026-07-28,CNP,6.05,4.0305,2,BMO Capital:8.9|Keybanc:3.2
2026-07-28,COF,31.1,15.6978,2,Barclays:20|Citigroup:42.2
2026-07-28,COIN,44.1,,1,Citigroup:44.1
2026-07-28,CPAY,8.2,,1,Morgan Stanley:8.2
2026-07-28,CSX,6.76,7.4835,5,B of A Securities:7.8|Barclays:15.5|JP Morgan:11.6|Citigroup:2.3|Evercore ISI Group:-3.4
2026-07-28,CTSH,23.1333,13.4106,3,JP Morgan:26.7|RBC Capital:8.3|Guggenheim:34.4
2026-07-28,CTVA,6.9,,1,Oppenheimer:6.9
2026-07-28,CVX,18.6,,1,B of A Securities:18.6
2026-07-28,D,-0.6,,1,BMO Capital:-0.6
2026-07-28,DDOG,15.2,5.6569,2,Jefferies:11.2|TD Cowen:19.2
2026-07-28,DECK,21.8,14.0518,4,Stifel:41.5|Truist Securities:11.7|Baird:22.3|Telsey Advisory Group:11.7
2026-07-28,DGX,11.25,2.1063,4,Barclays:9.6|Mizuho:14|Truist Securities:9.6|Baird:11.8
2026-07-28,DHI,1.7,20.6475,2,Keefe; Bruyette & Woods:16.3|RBC Capital:-12.9
2026-07-28,DHR,13.9667,5.8287,3,Guggenheim:12.1|RBC Capital:20.5|Wells Fargo:9.3
2026-07-28,DLR,18.6,7.2125,2,JP Morgan:23.7|RBC Capital:13.5
2026-07-28,DOV,19.6,,1,BMO Capital:19.6
2026-07-28,DOW,17.6,18.5262,2,JP Morgan:30.7|UBS:4.5
2026-07-28,DPZ,26.6,,1,BMO Capital:26.6
2026-07-28,DUK,7.5,,1,Keybanc:7.5
2026-07-28,ED,-17,,1,Keybanc:-17
2026-07-28,EFX,26.28,13.3219,5,Baird:33.5|RBC Capital:11.7|Wells Fargo:22|Barclays:18.7|Needham:45.5
2026-07-28,EQT,28.6,,1,Citigroup:28.6
2026-07-28,ES,2.7,7.0711,2,BMO Capital:-2.3|Citigroup:7.7
2026-07-28,ESS,0.6,,1,Wells Fargo:0.6
2026-07-28,ETR,9.3,,1,BMO Capital:9.3
2026-07-28,EVRG,11.4,,1,Citigroup:11.4
2026-07-28,EW,14.8,,1,Piper Sandler:14.8
2026-07-28,EXPD,5.7,,1,B of A Securities:5.7
2026-07-28,F,18.6,,1,Jefferies:18.6
2026-07-28,FCX,22.65,15.2028,2,Wells Fargo:11.9|Barclays:33.4
2026-07-28,FFIV,11.15,8.2731,2,Morgan Stanley:5.3|Piper Sandler:17
2026-07-28,FIX,27.45,1.0607,2,UBS:28.2|Keybanc:26.7
2026-07-28,FRT,6.2,,1,Wells Fargo:6.2
2026-07-28,GE,23.8,,1,Bernstein:23.8
2026-07-28,GEV,32.6333,6.8646,3,JP Morgan:35.5|Morgan Stanley:37.6|RBC Capital:24.8
2026-07-28,GILD,26,,1,Morgan Stanley:26
2026-07-28,GL,11,,1,Keefe; Bruyette & Woods:11
2026-07-28,GM,21.5429,23.0062,7,Goldman Sachs:28|JP Morgan:49.1|Morgan Stanley:25.5|RBC Capital:24.2|Wells Fargo:-24.2|Barclays:35.2|Jefferies:13
2026-07-28,GOOG,34.2333,12.0674,3,JP Morgan:30.6|Oppenheimer:24.4|TD Cowen:47.7
2026-07-28,GOOGL,37.8,1.1314,2,Roth Capital:37|Wedbush:38.6
2026-07-28,GPC,14.15,14.0714,2,Evercore ISI Group:24.1|Truist Securities:4.2
2026-07-28,GS,-7.7,,1,HSBC:-7.7
2026-07-28,HAL,32.98,16.4579,5,Evercore ISI Group:28.1|Morgan Stanley:19.2|TD Cowen:40|Argus Research:19.4|Barclays:58.2
2026-07-28,HAS,16.9333,9.2116,3,DA Davidson:6.8|JP Morgan:24.8|Argus Research:19.2
2026-07-28,HBAN,10.6,,1,Morgan Stanley:10.6
2026-07-28,HCA,15.8,18.2052,8,Morgan Stanley:-0.9|UBS:50.9|Baird:-0.8|Barclays:-2.3|Goldman Sachs:22.4|Keybanc:9.8|Oppenheimer:22.4|Truist Securities:24.9
2026-07-28,HIG,11,6.364,2,RBC Capital:6.5|Wells Fargo:15.5
2026-07-28,HON,10.7,3.2527,2,Citigroup:13|Mizuho:8.4
2026-07-28,HOOD,22.7,,1,Keybanc:22.7
2026-07-28,HST,3.15,7.0004,2,Barclays:-1.8|Wells Fargo:8.1
2026-07-28,HSY,17.65,17.607,2,Stifel:5.2|Evercore ISI Group:30.1
2026-07-28,IBM,18.6833,14.2441,6,Jefferies:25.2|Barclays:29.3|BMO Capital:13.5|Morgan Stanley:-6.2|RBC Capital:33.2|Citigroup:17.1
2026-07-28,INCY,-7,3.677,2,JP Morgan:-4.4|Morgan Stanley:-9.6
2026-07-28,INTC,7.1,20.8151,10,JP Morgan:-15.3|Morgan Stanley:-16.3|Roth Capital:19.6|Stifel:9.6|Truist Securities:7.6|Cantor Fitzgerald:24.6|Rosenblatt:-20.3|Wedbush:-2.4|Wells Fargo:19.6|Baird:44.3
2026-07-28,ISRG,36.8,,1,UBS:36.8
2026-07-28,KDP,26.7,,1,JP Morgan:26.7
2026-07-28,KEY,11.925,9.2799,4,DA Davidson:23|Keefe; Bruyette & Woods:14.2|RBC Capital:9.8|Baird:0.7
2026-07-28,KIM,-0.3,,1,Wells Fargo:-0.3
2026-07-28,KMB,5.5,,1,Barclays:5.5
2026-07-28,KMI,9.4,,1,Wells Fargo:9.4
2026-07-28,KVUE,-1.1,,1,Barclays:-1.1
2026-07-28,LMT,21.4,,1,Morgan Stanley:21.4
2026-07-28,LUV,11.9,,1,Citigroup:11.9
2026-07-28,LVS,32.0375,4.3204,8,Barclays:32.9|Goldman Sachs:23.9|JP Morgan:35.1|Mizuho:37.4|Macquarie:33|Stifel:28.8|Susquehanna:35.2|Morgan Stanley:30
2026-07-28,MCD,24.2,4.1012,2,Evercore ISI Group:21.3|UBS:27.1
2026-07-28,MCK,20.5,,1,Citigroup:20.5
2026-07-28,MCO,18.4333,7.3799,3,Baird:19.2|Wells Fargo:25.4|Mizuho:10.7
2026-07-28,MMM,-0.02,19.674,5,Bernstein:-15.7|Citigroup:6.4|UBS:26.7|Mizuho:5.3|RBC Capital:-22.8
2026-07-28,MPC,15.1,,1,Goldman Sachs:15.1
2026-07-28,MS,-0.2,,1,HSBC:-0.2
2026-07-28,MSCI,26.8333,2.9687,3,Evercore ISI Group:30.1|JP Morgan:26.1|Wells Fargo:24.3
2026-07-28,MSFT,36.225,12.2206,4,Oppenheimer:28.9|Truist Securities:43.9|UBS:23.1|Guggenheim:49
2026-07-28,NCLH,8.2,,1,Truist Securities:8.2
2026-07-28,NDAQ,16.9667,4.9973,3,Barclays:21.3|Keefe; Bruyette & Woods:11.5|TD Cowen:18.1
2026-07-28,NEE,7.4,,1,BMO Capital:7.4
2026-07-28,NI,6.4,,1,Keybanc:6.4
2026-07-28,NOC,18.45,9.5459,2,Susquehanna:25.2|JP Morgan:11.7
2026-07-28,NOW,42.25,37.2645,2,Evercore ISI Group:68.6|Macquarie:15.9
2026-07-28,NRG,58.85,2.0506,2,BMO Capital:57.4|UBS:60.3
2026-07-28,NSC,5.95,5.4267,8,Barclays:13.8|Citigroup:6.9|JP Morgan:-3.9|RBC Capital:2.4|TD Cowen:6.9|Wells Fargo:9.5|Baird:9.2|BMO Capital:2.8
2026-07-28,NTRS,3.0667,5.0895,3,Morgan Stanley:-1.2|RBC Capital:1.7|Wells Fargo:8.7
2026-07-28,NUE,0.8,,1,UBS:0.8
2026-07-28,NVR,20.3,,1,UBS:20.3
2026-07-28,NXPI,18.7,,1,Oppenheimer:18.7
2026-07-28,PAYX,1.7,,1,UBS:1.7
2026-07-28,PEP,4.1,,1,Barclays:4.1
2026-07-28,PFG,-0.6333,4.9561,3,Wells Fargo:3.3|B of A Securities:-6.2|Evercore ISI Group:1
2026-07-28,PG,1.7,,1,Barclays:1.7
2026-07-28,PGR,-0.3,,1,Morgan Stanley:-0.3
2026-07-28,PHM,6.925,15.2546,4,Barclays:-0.2|RBC Capital:-6.7|Citigroup:6.2|Evercore ISI Group:28.4
2026-07-28,PKG,-1.1,,1,Citigroup:-1.1
2026-07-28,PLD,3.4,,1,Scotiabank:3.4
2026-07-28,PM,10,3.1241,3,Morgan Stanley:12|Needham:11.6|Stifel:6.4
2026-07-28,PNR,38.1,,1,Mizuho:38.1
2026-07-28,PNW,-2.4,,1,BMO Capital:-2.4
2026-07-28,PSX,8.8,,1,Goldman Sachs:8.8
2026-07-28,RJF,6.7,1.4142,2,JP Morgan:5.7|UBS:7.7
2026-07-28,ROL,6.5,13.9237,5,RBC Capital:7.2|Barclays:16|Canaccord Genuity:16|UBS:10.8|Wells Fargo:-17.5
2026-07-28,RTX,11.475,7.4946,4,RBC Capital:18.6|Susquehanna:16.2|UBS:2|Wells Fargo:9.1
2026-07-28,SCHW,24.3,7.8265,4,UBS:26.3|Argus Research:13.7|Barclays:24.7|Morgan Stanley:32.5
2026-07-28,SLB,21.1571,7.7425,7,Evercore ISI Group:26.2|Morgan Stanley:5.2|Piper Sandler:22.4|TD Cowen:22.4|Barclays:29.8|BMO Capital:22|Susquehanna:20.1
2026-07-28,SNDK,96.6,,1,Susquehanna:96.6
2026-07-28,SO,-5.85,18.0312,2,Keybanc:-18.6|BMO Capital:6.9
2026-07-28,SRE,11.3,,1,BMO Capital:11.3
2026-07-28,STLD,11.65,2.0506,2,Morgan Stanley:10.2|Barclays:13.1
2026-07-28,STZ,0,,1,Barclays:0
2026-07-28,SYF,18.7,6.7271,4,RBC Capital:11.9|Wells Fargo:23.1|Baird:25.7|Evercore ISI Group:14.1
2026-07-28,T,14.58,16.3984,5,Argus Research:29|Morgan Stanley:16.1|RBC Capital:16.1|Wolfe Research:24.7|Wells Fargo:-13
2026-07-28,TDY,8.2,14.5664,2,Barclays:-2.1|Stifel:18.5
2026-07-28,TEL,13.6,,1,Baird:13.6
2026-07-28,TMO,10.2667,7.3494,3,Barclays:14|RBC Capital:1.8|Morgan Stanley:15
2026-07-28,TMUS,36.4,22.6651,6,Barclays:24.9|TD Cowen:51|Wells Fargo:-1.8|Benchmark:62.6|Keybanc:45.2|UBS:36.5
2026-07-28,TRV,-3.75,9.4045,2,BMO Capital:2.9|Morgan Stanley:-10.4
2026-07-28,TSCO,14.86,17.0607,5,Goldman Sachs:24.7|Mizuho:-8.1|Piper Sandler:1.7|Guggenheim:31.3|Telsey Advisory Group:24.7
2026-07-28,TSLA,31.1364,14.7809,11,Canaccord Genuity:20.2|JP Morgan:30.5|Mizuho:32|Morgan Stanley:17.3|RBC Capital:46.6|Roth Capital:48.1|TD Cowen:34.9|Truist Securities:8.5|UBS:12.9|Cantor Fitzgerald:51.2|Piper Sandler:40.3
2026-07-28,TXN,15.8231,17.3237,13,Baird:38.8|Benchmark:29.8|Bernstein:4.6|Goldman Sachs:-18.9|JP Morgan:22.6|Mizuho:10|Morgan Stanley:-8|TD Cowen:22.6|Truist Securities:8.2|Wells Fargo:11.8|Evercore ISI Group:17.4|Keybanc:42.3|Rosenblatt:24.5
2026-07-28,UBER,49,,1,B of A Securities:49
2026-07-28,UNH,13.3,,1,Mizuho:13.3
2026-07-28,UNP,10.42,3.3621,10,B of A Securities:7.8|Barclays:14.9|BMO Capital:5.1|Citigroup:14.6|JP Morgan:9.7|RBC Capital:11.3|TD Cowen:6.7|Benchmark:10|Wells Fargo:10|Baird:14.1
2026-07-28,URI,20.92,4.8685,5,B of A Securities:18.6|Truist Securities:29.5|Wells Fargo:19.7|Citigroup:17.5|UBS:19.3
2026-07-28,VICI,16.7,,1,Barclays:16.7
2026-07-28,VLO,11.8,,1,Goldman Sachs:11.8
2026-07-28,VRSN,19.8,,1,JP Morgan:19.8
2026-07-28,VST,47.5,,1,UBS:47.5
2026-07-28,VTR,6.3,,1,Mizuho:6.3
2026-07-28,VZ,3.48,7.0726,5,Morgan Stanley:12.1|RBC Capital:1.3|Barclays:-3.9|Scotiabank:9.7|Wells Fargo:-1.8
2026-07-28,WAB,12.2833,5.5283,6,JP Morgan:7.3|Morgan Stanley:21|Stephens & Co.:12.4|Keybanc:13.8|Susquehanna:13.8|Wells Fargo:5.4
2026-07-28,WEC,2.5,1.6971,2,BMO Capital:3.7|Keybanc:1.3
2026-07-28,WELL,5.2,,1,Mizuho:5.2
2026-07-28,WRB,2.6,,1,UBS:2.6
2026-07-28,WST,29.1,,1,Evercore ISI Group:29.1
2026-07-28,XEL,15.9,,1,BMO Capital:15.9
2026-07-28,XOM,2.5,,1,B of A Securities:2.5
2026-07-29,ABT,17.8,,1,UBS:17.8
2026-07-29,ADSK,29.6,,1,Oppenheimer:29.6
2026-07-29,AEE,7.1,,1,Keybanc:7.1
2026-07-29,AKAM,49.6,,1,Evercore ISI Group:49.6
2026-07-29,ALGN,11.6,,1,UBS:11.6
2026-07-29,ALLE,10.3667,2.3094,3,JP Morgan:11.7|B of A Securities:7.7|Baird:11.7
2026-07-29,AMD,21,4.0731,3,Benchmark:25.7|Roth Capital:18.8|Mizuho:18.5
2026-07-29,AMP,9.75,6.8589,2,Keefe; Bruyette & Woods:4.9|RBC Capital:14.6
2026-07-29,AMT,29.7,,1,TD Cowen:29.7
2026-07-29,AXP,4.55,15.0614,2,Morgan Stanley:15.2|BTIG:-6.1
2026-07-29,BA,32.7,,1,JP Morgan:32.7
2026-07-29,BAC,8.8,,1,JP Morgan:8.8
2026-07-29,BAX,4.8,,1,UBS:4.8
2026-07-29,BDX,17.3,,1,UBS:17.3
2026-07-29,BKR,25.3667,4.1789,3,Piper Sandler:21.5|Stifel:24.8|TD Cowen:29.8
2026-07-29,BLDR,19.1333,22.8461,3,Benchmark:43.8|Stifel:-1.3|BMO Capital:14.9
2026-07-29,BX,18.2,23.7588,2,Goldman Sachs:1.4|RBC Capital:35
2026-07-29,CB,0.1,,1,Wells Fargo:0.1
2026-07-29,CBOE,-2.8,,1,JP Morgan:-2.8
2026-07-29,CCI,21.2333,7.4467,3,RBC Capital:15.7|TD Cowen:18.3|Citigroup:29.7
2026-07-29,CDNS,16.1,9.7645,5,B of A Securities:25.3|Baird:20.3|Needham:14.6|Piper Sandler:0|Rosenblatt:20.3
2026-07-29,CEG,35.3333,10.2237,3,UBS:44.3|Wells Fargo:37.5|Barclays:24.2
2026-07-29,CFG,8.2,,1,JP Morgan:8.2
2026-07-29,CHTR,10.3,19.9177,4,UBS:11.6|Barclays:-13.9|Citigroup:34.8|JP Morgan:8.7
2026-07-29,CLX,-0.3,,1,Jefferies:-0.3
2026-07-29,CMCSA,8,,1,Wells Fargo:8
2026-07-29,CME,11.85,28.2136,2,B of A Securities:-8.1|Morgan Stanley:31.8
2026-07-29,CMS,3.4,,1,Mizuho:3.4
2026-07-29,CNP,3.2,,1,Keybanc:3.2
2026-07-29,COF,31.1,15.6978,2,Barclays:20|Citigroup:42.2
2026-07-29,COIN,44.1,,1,Citigroup:44.1
2026-07-29,CPAY,8.2,,1,Morgan Stanley:8.2
2026-07-29,CSGP,63.3,51.6188,2,Citigroup:26.8|JP Morgan:99.8
2026-07-29,CSX,6.76,7.4835,5,B of A Securities:7.8|Barclays:15.5|JP Morgan:11.6|Citigroup:2.3|Evercore ISI Group:-3.4
2026-07-29,CTSH,23.1333,13.4106,3,JP Morgan:26.7|RBC Capital:8.3|Guggenheim:34.4
2026-07-29,CTVA,6.9,,1,Oppenheimer:6.9
2026-07-29,CVX,18.6,,1,B of A Securities:18.6
2026-07-29,DECK,21.8,14.0518,4,Stifel:41.5|Truist Securities:11.7|Baird:22.3|Telsey Advisory Group:11.7
2026-07-29,DGX,10.26,2.8684,5,Barclays:9.6|Mizuho:14|Truist Securities:9.6|Baird:11.8|JP Morgan:6.3
2026-07-29,DLR,18.6,7.2125,2,JP Morgan:23.7|RBC Capital:13.5
2026-07-29,DOV,19.6,,1,BMO Capital:19.6
2026-07-29,DOW,17.6,18.5262,2,JP Morgan:30.7|UBS:4.5
2026-07-29,DUK,7.5,,1,Keybanc:7.5
2026-07-29,ECL,14.5,,1,Mizuho:14.5
2026-07-29,ED,-17,,1,Keybanc:-17
2026-07-29,EFX,32.1,18.9505,2,Barclays:18.7|Needham:45.5
2026-07-29,EQT,28.6,,1,Citigroup:28.6
2026-07-29,ES,7.7,,1,Citigroup:7.7
2026-07-29,EVRG,11.4,,1,Citigroup:11.4
2026-07-29,EW,14.8,,1,Piper Sandler:14.8
2026-07-29,F,13.15,13.7216,4,Jefferies:18.6|Citigroup:28.5|JP Morgan:9.2|RBC Capital:-3.7
2026-07-29,FCX,22.65,15.2028,2,Wells Fargo:11.9|Barclays:33.4
2026-07-29,FFIV,12.075,12.8865,4,Morgan Stanley:5.3|Piper Sandler:17|Barclays:-1.6|JP Morgan:27.6
2026-07-29,FITB,7,,1,JP Morgan:7
2026-07-29,FIX,27.45,1.0607,2,UBS:28.2|Keybanc:26.7
2026-07-29,FRT,6.2,,1,Wells Fargo:6.2
2026-07-29,GE,23.8,,1,Bernstein:23.8
2026-07-29,GEV,32.6333,6.8646,3,JP Morgan:35.5|Morgan Stanley:37.6|RBC Capital:24.8
2026-07-29,GILD,26,,1,Morgan Stanley:26
2026-07-29,GL,11,,1,Keefe; Bruyette & Woods:11
2026-07-29,GLW,44.5,19.6576,2,Morgan Stanley:30.6|Oppenheimer:58.4
2026-07-29,GM,30.5,15.6873,3,Barclays:35.2|Jefferies:13|Tigress Financial:43.3
2026-07-29,GOOG,34.2333,12.0674,3,JP Morgan:30.6|Oppenheimer:24.4|TD Cowen:47.7
2026-07-29,GOOGL,37.8,1.1314,2,Roth Capital:37|Wedbush:38.6
2026-07-29,HAL,38.8,27.4357,2,Argus Research:19.4|Barclays:58.2
2026-07-29,HAS,19.2,,1,Argus Research:19.2
2026-07-29,HBAN,13.55,4.1719,2,Morgan Stanley:10.6|Truist Securities:16.5
2026-07-29,HCA,15.5556,17.0452,9,Morgan Stanley:-0.9|UBS:50.9|Baird:-0.8|Barclays:-2.3|Goldman Sachs:22.4|Keybanc:9.8|Oppenheimer:22.4|Truist Securities:24.9|Mizuho:13.6
2026-07-29,HIG,7.5667,7.4574,3,RBC Capital:6.5|Wells Fargo:15.5|Keefe; Bruyette & Woods:0.7
2026-07-29,HLT,2.6,,1,Macquarie:2.6
2026-07-29,HON,9.8,2.7785,3,Citigroup:13|Mizuho:8.4|B of A Securities:8
2026-07-29,HOOD,22.7,,1,Keybanc:22.7
2026-07-29,HSIC,10.5,,1,Piper Sandler:10.5
2026-07-29,HST,3.15,7.0004,2,Wells Fargo:8.1|Evercore ISI Group:-1.8
2026-07-29,HSY,30.1,,1,Evercore ISI Group:30.1
2026-07-29,IBM,17.38,15.5202,5,Barclays:29.3|BMO Capital:13.5|Morgan Stanley:-6.2|RBC Capital:33.2|Citigroup:17.1
2026-07-29,INCY,-3.25,13.8491,4,JP Morgan:-4.4|Morgan Stanley:-9.6|Guggenheim:16.4|RBC Capital:-15.4
2026-07-29,INTC,7.1,20.8151,10,JP Morgan:-15.3|Morgan Stanley:-16.3|Roth Capital:19.6|Stifel:9.6|Truist Securities:7.6|Cantor Fitzgerald:24.6|Rosenblatt:-20.3|Wedbush:-2.4|Wells Fargo:19.6|Baird:44.3
2026-07-29,IP,42,,1,JP Morgan:42
2026-07-29,IQV,13.325,7.7168,4,JP Morgan:17.9|RBC Capital:2.2|Stifel:14.1|TD Cowen:19.1
2026-07-29,ISRG,36.8,,1,UBS:36.8
2026-07-29,ITW,17.2,,1,JP Morgan:17.2
2026-07-29,IVZ,11.25,13.3643,2,JP Morgan:1.8|RBC Capital:20.7
2026-07-29,KDP,26.7,,1,JP Morgan:26.7
2026-07-29,KEY,0.7,,1,Baird:0.7
2026-07-29,KIM,-0.3,,1,Wells Fargo:-0.3
2026-07-29,KLAC,39.3,1.9799,2,Stifel:40.7|Wells Fargo:37.9
2026-07-29,KMI,9.4,,1,Wells Fargo:9.4
2026-07-29,KO,8.875,2.6676,4,JP Morgan:8.3|Piper Sandler:7.2|TD Cowen:12.8|Wells Fargo:7.2
2026-07-29,LMT,21.4,,1,Morgan Stanley:21.4
2026-07-29,LUV,11.9,,1,Citigroup:11.9
2026-07-29,LVS,32.0375,4.3204,8,Barclays:32.9|Goldman Sachs:23.9|JP Morgan:35.1|Mizuho:37.4|Macquarie:33|Stifel:28.8|Susquehanna:35.2|Morgan Stanley:30
2026-07-29,MCD,24.2,4.1012,2,Evercore ISI Group:21.3|UBS:27.1
2026-07-29,MCK,20.5,,1,Citigroup:20.5
2026-07-29,MCO,18.4333,7.3799,3,Baird:19.2|Wells Fargo:25.4|Mizuho:10.7
2026-07-29,MDLZ,11.3,2.2627,2,JP Morgan:12.9|TD Cowen:9.7
2026-07-29,MGM,15.1,,1,Susquehanna:15.1
2026-07-29,MMM,-8.75,19.8697,2,Mizuho:5.3|RBC Capital:-22.8
2026-07-29,MSFT,36.05,18.3141,2,UBS:23.1|Guggenheim:49
2026-07-29,NCLH,8.2,,1,Truist Securities:8.2
2026-07-29,NDAQ,16.9667,4.9973,3,Barclays:21.3|Keefe; Bruyette & Woods:11.5|TD Cowen:18.1
2026-07-29,NEE,7.4,,1,BMO Capital:7.4
2026-07-29,NEM,35.6,,1,Barclays:35.6
2026-07-29,NI,6.4,,1,Keybanc:6.4
2026-07-29,NOC,11.7,,1,JP Morgan:11.7
2026-07-29,NOW,42.25,37.2645,2,Evercore ISI Group:68.6|Macquarie:15.9
2026-07-29,NRG,59.5,1.8358,3,BMO Capital:57.4|UBS:60.3|Barclays:60.8
2026-07-29,NSC,5.95,5.4267,8,Barclays:13.8|Citigroup:6.9|JP Morgan:-3.9|RBC Capital:2.4|TD Cowen:6.9|Wells Fargo:9.5|Baird:9.2|BMO Capital:2.8
2026-07-29,NTRS,3.0667,5.0895,3,Morgan Stanley:-1.2|RBC Capital:1.7|Wells Fargo:8.7
2026-07-29,NUE,0.8,,1,UBS:0.8
2026-07-29,NVR,20.3,,1,UBS:20.3
2026-07-29,NXPI,4.775,20.0512,4,Oppenheimer:18.7|Mizuho:-24.9|TD Cowen:14.6|Wells Fargo:10.7
2026-07-29,PFG,-2.6,5.0912,2,B of A Securities:-6.2|Evercore ISI Group:1
2026-07-29,PGR,-0.3,,1,Morgan Stanley:-0.3
2026-07-29,PHM,6.925,15.2546,4,Barclays:-0.2|RBC Capital:-6.7|Citigroup:6.2|Evercore ISI Group:28.4
2026-07-29,PKG,12,18.5262,2,Citigroup:-1.1|JP Morgan:25.1
2026-07-29,PLD,3.4,,1,Scotiabank:3.4
2026-07-29,PM,10,3.1241,3,Morgan Stanley:12|Needham:11.6|Stifel:6.4
2026-07-29,PNC,7.6,,1,JP Morgan:7.6
2026-07-29,PNR,-2.3,,1,TD Cowen:-2.3
2026-07-29,PYPL,11.9,,1,JP Morgan:11.9
2026-07-29,RCL,23.7333,6.8705,3,Stifel:31.1|Susquehanna:17.5|Wells Fargo:22.6
2026-07-29,RF,3,,1,JP Morgan:3
2026-07-29,RJF,6.7,1.4142,2,JP Morgan:5.7|UBS:7.7
2026-07-29,ROL,6.5,13.9237,5,RBC Capital:7.2|Barclays:16|Canaccord Genuity:16|UBS:10.8|Wells Fargo:-17.5
2026-07-29,ROP,5.7,,1,JP Morgan:5.7
2026-07-29,RTX,11.475,7.4946,4,RBC Capital:18.6|Susquehanna:16.2|UBS:2|Wells Fargo:9.1
2026-07-29,SCHW,23.6333,9.4453,3,Argus Research:13.7|Barclays:24.7|Morgan Stanley:32.5
2026-07-29,SHW,9.4,5.5588,4,BMO Capital:15.1|JP Morgan:8|Morgan Stanley:12.2|Wells Fargo:2.3
2026-07-29,SLB,21.1571,7.7425,7,Evercore ISI Group:26.2|Morgan Stanley:5.2|Piper Sandler:22.4|TD Cowen:22.4|Barclays:29.8|BMO Capital:22|Susquehanna:20.1
2026-07-29,SNDK,96.6,,1,Susquehanna:96.6
2026-07-29,SO,-5.85,18.0312,2,Keybanc:-18.6|BMO Capital:6.9
2026-07-29,SPGI,25.9,,1,JP Morgan:25.9
2026-07-29,STLD,13.1,,1,Barclays:13.1
2026-07-29,STX,39.36,19.5088,5,JP Morgan:57.6|Morgan Stanley:50.9|Susquehanna:11.2|Wedbush:27.1|Wells Fargo:50
2026-07-29,SWKS,12.0833,12.4252,6,JP Morgan:10.9|Mizuho:-11.2|Morgan Stanley:22.9|Stifel:19.5|TD Cowen:10.9|UBS:19.5
2026-07-29,SYF,19.9,8.2024,2,Baird:25.7|Evercore ISI Group:14.1
2026-07-29,T,14.58,16.3984,5,Argus Research:29|Morgan Stanley:16.1|RBC Capital:16.1|Wolfe Research:24.7|Wells Fargo:-13
2026-07-29,TDY,8.2,14.5664,2,Barclays:-2.1|Stifel:18.5
2026-07-29,TEL,13.6,,1,Baird:13.6
2026-07-29,TFC,2.7,,1,JP Morgan:2.7
2026-07-29,TMO,10.2667,7.3494,3,Barclays:14|RBC Capital:1.8|Morgan Stanley:15
2026-07-29,TMUS,36.4,22.6651,6,Barclays:24.9|TD Cowen:51|Wells Fargo:-1.8|Benchmark:62.6|Keybanc:45.2|UBS:36.5
2026-07-29,TSCO,16.9667,16.1085,6,Goldman Sachs:24.7|Mizuho:-8.1|Piper Sandler:1.7|Guggenheim:31.3|Telsey Advisory Group:24.7|Argus Research:27.5
2026-07-29,TSLA,31.1364,14.7809,11,Canaccord Genuity:20.2|JP Morgan:30.5|Mizuho:32|Morgan Stanley:17.3|RBC Capital:46.6|Roth Capital:48.1|TD Cowen:34.9|Truist Securities:8.5|UBS:12.9|Cantor Fitzgerald:51.2|Piper Sandler:40.3
2026-07-29,TXN,15.8231,17.3237,13,Baird:38.8|Benchmark:29.8|Bernstein:4.6|Goldman Sachs:-18.9|JP Morgan:22.6|Mizuho:10|Morgan Stanley:-8|TD Cowen:22.6|Truist Securities:8.2|Wells Fargo:11.8|Evercore ISI Group:17.4|Keybanc:42.3|Rosenblatt:24.5
2026-07-29,UBER,49,,1,B of A Securities:49
2026-07-29,UHS,10.3,7.6446,3,Barclays:1.5|Guggenheim:14.1|Morgan Stanley:15.3
2026-07-29,UNP,10.42,3.3621,10,B of A Securities:7.8|Barclays:14.9|BMO Capital:5.1|Citigroup:14.6|JP Morgan:9.7|RBC Capital:11.3|TD Cowen:6.7|Benchmark:10|Wells Fargo:10|Baird:14.1
2026-07-29,UPS,13,4.5177,3,Oppenheimer:11.4|Stifel:9.5|UBS:18.1
2026-07-29,URI,20.92,4.8685,5,B of A Securities:18.6|Truist Securities:29.5|Wells Fargo:19.7|Citigroup:17.5|UBS:19.3
2026-07-29,USB,7.8,,1,JP Morgan:7.8
2026-07-29,V,17.75,3.13,4,BMO Capital:13.4|Piper Sandler:20.4|Susquehanna:19.6|UBS:17.6
2026-07-29,VICI,16.7,,1,Barclays:16.7
2026-07-29,VRSN,19.8,,1,JP Morgan:19.8
2026-07-29,VST,47.5,,1,UBS:47.5
2026-07-29,VZ,3.48,7.0726,5,Morgan Stanley:12.1|RBC Capital:1.3|Barclays:-3.9|Scotiabank:9.7|Wells Fargo:-1.8
2026-07-29,WAB,12.2833,5.5283,6,JP Morgan:7.3|Morgan Stanley:21|Stephens & Co.:12.4|Keybanc:13.8|Susquehanna:13.8|Wells Fargo:5.4
2026-07-29,WEC,1.3,,1,Keybanc:1.3
2026-07-29,WRB,2.6,,1,UBS:2.6
2026-07-29,WST,29.1,,1,Evercore ISI Group:29.1
2026-07-29,WYNN,26.5,,1,Mizuho:26.5
2026-07-29,XOM,2.5,,1,B of A Securities:2.5
2026-07-29,XYL,17.8,17.2534,2,Mizuho:5.6|Stifel:30
2026-07-30,AAPL,5.85,9.5459,2,Argus Research:12.6|Baird:-0.9
2026-07-30,ABT,17.8,,1,UBS:17.8
2026-07-30,ACGL,22.8,9.6167,2,B of A Securities:29.6|RBC Capital:16
2026-07-30,ADP,7.3667,0.7506,3,Citigroup:8.1|Stifel:7.4|Wells Fargo:6.6
2026-07-30,ADSK,29.6,,1,Oppenheimer:29.6
2026-07-30,AEE,7.1,,1,Keybanc:7.1
2026-07-30,AKAM,49.6,,1,Evercore ISI Group:49.6
2026-07-30,ALLE,10.3667,2.3094,3,JP Morgan:11.7|B of A Securities:7.7|Baird:11.7
2026-07-30,AMD,18.65,0.2121,2,Roth Capital:18.8|Mizuho:18.5
2026-07-30,AMP,9.75,6.8589,2,Keefe; Bruyette & Woods:4.9|RBC Capital:14.6
2026-07-30,AMT,19.85,13.93,2,TD Cowen:29.7|BMO Capital:10
2026-07-30,AON,18.5,,1,Citigroup:18.5
2026-07-30,APH,33.05,2.192,2,Citigroup:31.5|Truist Securities:34.6
2026-07-30,AXP,4.55,15.0614,2,Morgan Stanley:15.2|BTIG:-6.1
2026-07-30,BA,28,6.6468,2,JP Morgan:32.7|RBC Capital:23.3
2026-07-30,BAC,8.8,,1,JP Morgan:8.8
2026-07-30,BAX,4.8,,1,UBS:4.8
2026-07-30,BDX,17.3,,1,UBS:17.3
2026-07-30,BIIB,19.0333,5.2786,3,Canaccord Genuity:21.3|HC Wainwright & Co.:22.8|Morgan Stanley:13
2026-07-30,BKR,25.3667,4.1789,3,Piper Sandler:21.5|Stifel:24.8|TD Cowen:29.8
2026-07-30,BLDR,6.8,11.4551,2,Stifel:-1.3|BMO Capital:14.9
2026-07-30,BRO,3.8,4.8083,2,BMO Capital:0.4|Citigroup:7.2
2026-07-30,BSX,42.1,14.7034,3,Canaccord Genuity:45.8|RBC Capital:54.6|Truist Securities:25.9
2026-07-30,BX,16.9,16.9502,3,Goldman Sachs:1.4|RBC Capital:35|Argus Research:14.3
2026-07-30,CAT,11,,1,Baird:11
2026-07-30,CB,0.1,,1,Wells Fargo:0.1
2026-07-30,CBOE,-2.8,,1,JP Morgan:-2.8
2026-07-30,CBRE,19,,1,Evercore ISI Group:19
2026-07-30,CCI,29.7,,1,Citigroup:29.7
2026-07-30,CDNS,16.1,9.7645,5,B of A Securities:25.3|Baird:20.3|Needham:14.6|Piper Sandler:0|Rosenblatt:20.3
2026-07-30,CEG,35.3333,10.2237,3,UBS:44.3|Wells Fargo:37.5|Barclays:24.2
2026-07-30,CFG,8.2,,1,JP Morgan:8.2
2026-07-30,CHRW,46.4,,1,Evercore ISI Group:46.4
2026-07-30,CHTR,10.3,19.9177,4,UBS:11.6|Barclays:-13.9|Citigroup:34.8|JP Morgan:8.7
2026-07-30,CLX,-0.3,,1,Jefferies:-0.3
2026-07-30,CMCSA,8,,1,Wells Fargo:8
2026-07-30,CMG,20.1,,1,TD Cowen:20.1
2026-07-30,CMS,3.4,,1,Mizuho:3.4
2026-07-30,CNC,30.3,,1,Barclays:30.3
2026-07-30,CNP,3.2,,1,Keybanc:3.2
2026-07-30,COF,42.2,,1,Citigroup:42.2
2026-07-30,CPAY,8.2,,1,Morgan Stanley:8.2
2026-07-30,CSGP,42.675,41.3226,4,Citigroup:26.8|JP Morgan:99.8|Keefe; Bruyette & Woods:2.6|Needham:41.5
2026-07-30,CSX,-0.55,4.0305,2,Citigroup:2.3|Evercore ISI Group:-3.4
2026-07-30,CTSH,26.25,16.0709,6,JP Morgan:26.7|RBC Capital:8.3|Guggenheim:34.4|Citigroup:11.4|Susquehanna:52.3|Wells Fargo:24.4
2026-07-30,CVNA,39.1,,1,RBC Capital:39.1
2026-07-30,CVX,18.6,,1,B of A Securities:18.6
2026-07-30,DECK,21.8,14.0518,4,Stifel:41.5|Truist Securities:11.7|Baird:22.3|Telsey Advisory Group:11.7
2026-07-30,DGX,10.26,2.8684,5,Barclays:9.6|Mizuho:14|Truist Securities:9.6|Baird:11.8|JP Morgan:6.3
2026-07-30,DIS,38.6,,1,Citigroup:38.6
2026-07-30,DLR,16.8,5.9775,3,JP Morgan:23.7|RBC Capital:13.5|Truist Securities:13.2
2026-07-30,DOV,19.6,,1,BMO Capital:19.6
2026-07-30,DOW,17.6,18.5262,2,JP Morgan:30.7|UBS:4.5
2026-07-30,DUK,7.5,,1,Keybanc:7.5
2026-07-30,ECL,9.55,7.0004,2,Mizuho:14.5|Wells Fargo:4.6
2026-07-30,ED,-17,,1,Keybanc:-17
2026-07-30,EG,-0.4,,1,Evercore ISI Group:-0.4
2026-07-30,EQIX,16.0667,5.4271,3,Stifel:19.2|TD Cowen:9.8|UBS:19.2
2026-07-30,EQT,28.6,,1,Citigroup:28.6
2026-07-30,ES,7.7,,1,Citigroup:7.7
2026-07-30,EVRG,11.4,,1,Citigroup:11.4
2026-07-30,EW,14.8,,1,Piper Sandler:14.8
2026-07-30,F,13.15,13.7216,4,Jefferies:18.6|Citigroup:28.5|JP Morgan:9.2|RBC Capital:-3.7
2026-07-30,FCX,22.65,15.2028,2,Wells Fargo:11.9|Barclays:33.4
2026-07-30,FFIV,12.075,12.8865,4,Morgan Stanley:5.3|Piper Sandler:17|Barclays:-1.6|JP Morgan:27.6
2026-07-30,FICO,29.35,4.5962,2,RBC Capital:32.6|Wells Fargo:26.1
2026-07-30,FITB,7,,1,JP Morgan:7
2026-07-30,FIX,27.45,1.0607,2,UBS:28.2|Keybanc:26.7
2026-07-30,FLEX,44.7,,1,Goldman Sachs:44.7
2026-07-30,FTV,13.4,,1,Truist Securities:13.4
2026-07-30,GD,15.025,8.2123,4,Citigroup:7.2|Morgan Stanley:23.4|RBC Capital:8.8|Susquehanna:20.7
2026-07-30,GEHC,11.4,8.9095,2,Citigroup:5.1|Evercore ISI Group:17.7
2026-07-30,GILD,18.75,10.253,2,Morgan Stanley:26|Barclays:11.5
2026-07-30,GL,11,,1,Keefe; Bruyette & Woods:11
2026-07-30,GLW,37.38,27.3842,5,Morgan Stanley:30.6|Oppenheimer:58.4|Barclays:-1.1|Citigroup:68.7|JP Morgan:30.3
2026-07-30,GM,28.15,21.4253,2,Jefferies:13|Tigress Financial:43.3
2026-07-30,GNRC,41.6,,1,Stifel:41.6
2026-07-30,GRMN,-1.4,,1,Morgan Stanley:-1.4
2026-07-30,HBAN,13.55,4.1719,2,Morgan Stanley:10.6|Truist Securities:16.5
2026-07-30,HCA,15.5556,17.0452,9,Morgan Stanley:-0.9|UBS:50.9|Baird:-0.8|Barclays:-2.3|Goldman Sachs:22.4|Keybanc:9.8|Oppenheimer:22.4|Truist Securities:24.9|Mizuho:13.6
2026-07-30,HIG,7.5667,7.4574,3,RBC Capital:6.5|Wells Fargo:15.5|Keefe; Bruyette & Woods:0.7
2026-07-30,HLT,9.7667,6.3311,3,Macquarie:2.6|Baird:12.1|Barclays:14.6
2026-07-30,HON,9.8,2.7785,3,Citigroup:13|Mizuho:8.4|B of A Securities:8
2026-07-30,HSIC,10.5,,1,Piper Sandler:10.5
2026-07-30,HST,3.15,7.0004,2,Wells Fargo:8.1|Evercore ISI Group:-1.8
2026-07-30,HSY,30.1,,1,Evercore ISI Group:30.1
2026-07-30,IBM,17.1,,1,Citigroup:17.1
2026-07-30,IEX,18.2,2.418,4,Citigroup:16.5|RBC Capital:21.2|Stifel:16|TD Cowen:19.1
2026-07-30,INCY,4.475,14.0886,4,Guggenheim:16.4|RBC Capital:-15.4|Barclays:12.1|BMO Capital:4.8
2026-07-30,INTC,7.1,20.8151,10,JP Morgan:-15.3|Morgan Stanley:-16.3|Roth Capital:19.6|Stifel:9.6|Truist Securities:7.6|Cantor Fitzgerald:24.6|Rosenblatt:-20.3|Wedbush:-2.4|Wells Fargo:19.6|Baird:44.3
2026-07-30,IP,42,,1,JP Morgan:42
2026-07-30,IQV,14.2,6.9635,5,JP Morgan:17.9|RBC Capital:2.2|Stifel:14.1|TD Cowen:19.1|Baird:17.7
2026-07-30,ISRG,36.8,,1,UBS:36.8
2026-07-30,ITW,8.75,11.9501,2,JP Morgan:17.2|Baird:0.3
2026-07-30,IVZ,11.6,9.4694,3,JP Morgan:1.8|RBC Capital:20.7|Barclays:12.3
2026-07-30,JCI,10.4,1.9799,2,Citigroup:9|RBC Capital:11.8
2026-07-30,KLAC,32.58,12.9459,5,Stifel:40.7|Wells Fargo:37.9|Jefferies:12.4|JP Morgan:27.4|Needham:44.5
2026-07-30,KMI,9.4,,1,Wells Fargo:9.4
2026-07-30,KO,9.3,2.1964,6,JP Morgan:8.3|Piper Sandler:7.2|TD Cowen:12.8|Wells Fargo:7.2|Argus Research:10.7|RBC Capital:9.6
2026-07-30,LII,9.1,,1,RBC Capital:9.1
2026-07-30,LMT,21.4,,1,Morgan Stanley:21.4
2026-07-30,LRCX,11.7667,3.06,3,B. Riley Securities:10|Morgan Stanley:15.3|Wells Fargo:10
2026-07-30,LUV,11.9,,1,Citigroup:11.9
2026-07-30,LVS,31.75,2.9,4,Macquarie:33|Stifel:28.8|Susquehanna:35.2|Morgan Stanley:30
2026-07-30,MAS,19,,1,Truist Securities:19
2026-07-30,MCD,24.2,4.1012,2,Evercore ISI Group:21.3|UBS:27.1
2026-07-30,MCK,20.5,,1,Citigroup:20.5
2026-07-30,MCO,18.05,10.3945,2,Wells Fargo:25.4|Mizuho:10.7
2026-07-30,MDLZ,11.3,2.2627,2,JP Morgan:12.9|TD Cowen:9.7
2026-07-30,META,35.8125,9.4943,8,Baird:42.6|DA Davidson:33.1|Goldman Sachs:37.8|Piper Sandler:49.2|Susquehanna:23.6|TD Cowen:42.6|UBS:35.9|Wells Fargo:21.7
2026-07-30,MGM,15.1,,1,Susquehanna:15.1
2026-07-30,MRK,17,,1,Barclays:17
2026-07-30,MSFT,34.075,12.2862,8,UBS:23.1|Guggenheim:49|Bernstein:47.8|Citigroup:37|DA Davidson:25.6|Evercore ISI Group:20.6|RBC Capital:46.2|TD Cowen:23.3
2026-07-30,NDAQ,16.9667,4.9973,3,Barclays:21.3|Keefe; Bruyette & Woods:11.5|TD Cowen:18.1
2026-07-30,NEE,7.4,,1,BMO Capital:7.4
2026-07-30,NEM,35.6,,1,Barclays:35.6
2026-07-30,NI,6.4,,1,Keybanc:6.4
2026-07-30,NOW,42.25,37.2645,2,Evercore ISI Group:68.6|Macquarie:15.9
2026-07-30,NRG,59.5,1.8358,3,BMO Capital:57.4|UBS:60.3|Barclays:60.8
2026-07-30,NSC,5.95,5.4267,8,Barclays:13.8|Citigroup:6.9|JP Morgan:-3.9|RBC Capital:2.4|TD Cowen:6.9|Wells Fargo:9.5|Baird:9.2|BMO Capital:2.8
2026-07-30,NTRS,8.7,,1,Wells Fargo:8.7
2026-07-30,NUE,9.7333,7.7365,3,UBS:0.8|Barclays:14.2|BMO Capital:14.2
2026-07-30,NVR,20.3,,1,UBS:20.3
2026-07-30,NXPI,7.98,18.7856,5,Oppenheimer:18.7|Mizuho:-24.9|TD Cowen:14.6|Wells Fargo:10.7|Needham:20.8
2026-07-30,ODFL,13.15,6.2933,2,Evercore ISI Group:8.7|Stifel:17.6
2026-07-30,OMC,21,6.2225,2,Citigroup:25.4|Wells Fargo:16.6
2026-07-30,ORLY,21.8,,1,Morgan Stanley:21.8
2026-07-30,PAYX,26,,1,Citigroup:26
2026-07-30,PCAR,13.9,9.111,3,Citigroup:3.8|JP Morgan:21.5|Wells Fargo:16.4
2026-07-30,PFG,-2.6,5.0912,2,B of A Securities:-6.2|Evercore ISI Group:1
2026-07-30,PG,18.3,,1,Citigroup:18.3
2026-07-30,PGR,-0.3,,1,Morgan Stanley:-0.3
2026-07-30,PHM,17.3,15.6978,2,Citigroup:6.2|Evercore ISI Group:28.4
2026-07-30,PKG,12,18.5262,2,Citigroup:-1.1|JP Morgan:25.1
2026-07-30,PLD,3.4,,1,Scotiabank:3.4
2026-07-30,PM,12.75,4.8225,4,Needham:11.6|Stifel:6.4|Barclays:16.5|Citigroup:16.5
2026-07-30,PNC,7.6,,1,JP Morgan:7.6
2026-07-30,PNR,9.85,17.1827,2,TD Cowen:-2.3|Baird:22
2026-07-30,PPG,8.25,0.6364,2,Citigroup:7.8|RBC Capital:8.7
2026-07-30,PTC,21.7,,1,Stifel:21.7
2026-07-30,PYPL,5.7667,9.8427,6,JP Morgan:11.9|Baird:-0.7|Barclays:-0.7|Canaccord Genuity:-4.2|Citigroup:6.3|Keefe; Bruyette & Woods:22
2026-07-30,QCOM,32.2,34.9251,4,Benchmark:84.2|Susquehanna:9.2|TD Cowen:19.4|Wells Fargo:16
2026-07-30,RCL,21.175,7.5927,4,Stifel:31.1|Susquehanna:17.5|Wells Fargo:22.6|Citigroup:13.5
2026-07-30,REG,3.7,,1,Evercore ISI Group:3.7
2026-07-30,RF,3,,1,JP Morgan:3
2026-07-30,RJF,7.7,,1,UBS:7.7
2026-07-30,ROL,6.325,16.0714,4,Barclays:16|Canaccord Genuity:16|UBS:10.8|Wells Fargo:-17.5
2026-07-30,ROP,5.7,,1,JP Morgan:5.7
2026-07-30,RTX,11.475,7.4946,4,RBC Capital:18.6|Susquehanna:16.2|UBS:2|Wells Fargo:9.1
2026-07-30,SBUX,8.2,5.2326,2,Citigroup:4.5|Evercore ISI Group:11.9
2026-07-30,SCHW,32.5,,1,Morgan Stanley:32.5
2026-07-30,SHW,9.4,5.5588,4,BMO Capital:15.1|JP Morgan:8|Morgan Stanley:12.2|Wells Fargo:2.3
2026-07-30,SLB,21.1571,7.7425,7,Evercore ISI Group:26.2|Morgan Stanley:5.2|Piper Sandler:22.4|TD Cowen:22.4|Barclays:29.8|BMO Capital:22|Susquehanna:20.1
2026-07-30,SNDK,96.6,,1,Susquehanna:96.6
2026-07-30,SO,-5.85,18.0312,2,Keybanc:-18.6|BMO Capital:6.9
2026-07-30,SPGI,27.5,4.996,3,JP Morgan:25.9|Baird:23.5|Barclays:33.1
2026-07-30,STX,39.65,19.548,10,JP Morgan:57.6|Morgan Stanley:50.9|Susquehanna:11.2|Wedbush:27.1|Wells Fargo:50|Argus Research:2.4|Barclays:42.2|Cantor Fitzgerald:47.9|Citigroup:47.9|Rosenblatt:59.3
2026-07-30,SW,18.5,5.1856,3,RBC Capital:24|Truist Securities:17.8|Wells Fargo:13.7
2026-07-30,SWKS,10.9857,11.7085,7,JP Morgan:10.9|Mizuho:-11.2|Morgan Stanley:22.9|Stifel:19.5|TD Cowen:10.9|UBS:19.5|Citigroup:4.4
2026-07-30,SYF,14.1,,1,Evercore ISI Group:14.1
2026-07-30,T,-13,,1,Wells Fargo:-13
2026-07-30,TDY,8.2,14.5664,2,Barclays:-2.1|Stifel:18.5
2026-07-30,TER,30.9667,23.7287,3,Cantor Fitzgerald:58.1|Evercore ISI Group:20.7|Morgan Stanley:14.1
2026-07-30,TFC,2.7,,1,JP Morgan:2.7
2026-07-30,TMO,10.2667,7.3494,3,Barclays:14|RBC Capital:1.8|Morgan Stanley:15
2026-07-30,TMUS,36.4,22.6651,6,Barclays:24.9|TD Cowen:51|Wells Fargo:-1.8|Benchmark:62.6|Keybanc:45.2|UBS:36.5
2026-07-30,TSCO,16.9667,16.1085,6,Goldman Sachs:24.7|Mizuho:-8.1|Piper Sandler:1.7|Guggenheim:31.3|Telsey Advisory Group:24.7|Argus Research:27.5
2026-07-30,TSLA,45.75,7.7075,2,Cantor Fitzgerald:51.2|Piper Sandler:40.3
2026-07-30,TXN,28.0667,12.8274,3,Evercore ISI Group:17.4|Keybanc:42.3|Rosenblatt:24.5
2026-07-30,UBER,49,,1,B of A Securities:49
2026-07-30,UHS,10.7167,7.5793,6,Barclays:1.5|Guggenheim:14.1|Morgan Stanley:15.3|Baird:0.6|Cantor Fitzgerald:17.6|Goldman Sachs:15.2
2026-07-30,UNP,10.7111,3.4298,9,Barclays:14.9|BMO Capital:5.1|Citigroup:14.6|JP Morgan:9.7|RBC Capital:11.3|TD Cowen:6.7|Benchmark:10|Wells Fargo:10|Baird:14.1
2026-07-30,UPS,13,4.5177,3,Oppenheimer:11.4|Stifel:9.5|UBS:18.1
2026-07-30,URI,21.5,5.4185,4,Truist Securities:29.5|Wells Fargo:19.7|Citigroup:17.5|UBS:19.3
2026-07-30,USB,7.8,,1,JP Morgan:7.8
2026-07-30,V,18.5375,3.1677,8,BMO Capital:13.4|Piper Sandler:20.4|Susquehanna:19.6|UBS:17.6|Baird:15.1|Citigroup:20.5|JP Morgan:23.3|Wells Fargo:18.4
2026-07-30,VLTO,12.9,3.7027,3,Citigroup:9.8|RBC Capital:11.9|Stifel:17
2026-07-30,VMC,12.85,12.2329,2,Citigroup:21.5|RBC Capital:4.2
2026-07-30,VRSK,18.15,12.7986,2,Evercore ISI Group:9.1|Wells Fargo:27.2
2026-07-30,VRSN,19.8,,1,JP Morgan:19.8
2026-07-30,VRT,46.5,6.2225,2,Citigroup:50.9|RBC Capital:42.1
2026-07-30,VST,47.5,,1,UBS:47.5
2026-07-30,VZ,3.48,7.0726,5,Morgan Stanley:12.1|RBC Capital:1.3|Barclays:-3.9|Scotiabank:9.7|Wells Fargo:-1.8
2026-07-30,WAB,11,4.8497,3,Keybanc:13.8|Susquehanna:13.8|Wells Fargo:5.4
2026-07-30,WEC,1.3,,1,Keybanc:1.3
2026-07-30,WM,9.8,5.2326,2,RBC Capital:6.1|Stifel:13.5
2026-07-30,WRB,2.6,,1,UBS:2.6
2026-07-30,WST,29.1,,1,Evercore ISI Group:29.1
2026-07-30,WYNN,26.5,,1,Mizuho:26.5
2026-07-30,XOM,2.5,,1,B of A Securities:2.5
2026-07-30,XYL,26.98,12.1697,5,Mizuho:5.6|Stifel:30|Baird:35|Barclays:30.1|RBC Capital:34.2
2026-07-31,AAPL,7.7333,7.4969,3,Argus Research:12.6|Baird:-0.9|JP Morgan:11.5
2026-07-31,ABT,17.8,,1,UBS:17.8
2026-07-31,ACGL,20.7333,7.6846,3,B of A Securities:29.6|RBC Capital:16|Wells Fargo:16.6
2026-07-31,ADP,9.35,4.0137,4,Citigroup:8.1|Stifel:7.4|Wells Fargo:6.6|Guggenheim:15.3
2026-07-31,ADSK,29.6,,1,Oppenheimer:29.6
2026-07-31,AEE,5.7,,1,Goldman Sachs:5.7
2026-07-31,AJG,21.4,6.6468,2,Piper Sandler:16.7|RBC Capital:26.1
2026-07-31,AKAM,49.6,,1,Evercore ISI Group:49.6
2026-07-31,ALLE,9.7,2.8284,2,B of A Securities:7.7|Baird:11.7
2026-07-31,AMD,18.5,,1,Mizuho:18.5
2026-07-31,AMP,14.6,,1,RBC Capital:14.6
2026-07-31,AMT,19.85,13.93,2,TD Cowen:29.7|BMO Capital:10
2026-07-31,AMZN,24.5667,6.5241,3,Cantor Fitzgerald:20.8|Citigroup:32.1|Piper Sandler:20.8
2026-07-31,AON,18.5,,1,Citigroup:18.5
2026-07-31,AOS,8.2,,1,Citigroup:8.2
2026-07-31,APD,17.65,1.2021,2,Mizuho:18.5|Wells Fargo:16.8
2026-07-31,APH,28.5333,7.9752,3,Citigroup:31.5|Truist Securities:34.6|UBS:19.5
2026-07-31,AVY,9.15,1.6263,2,Citigroup:8|JP Morgan:10.3
2026-07-31,AWK,2.5,,1,Mizuho:2.5
2026-07-31,AXP,4.55,15.0614,2,Morgan Stanley:15.2|BTIG:-6.1
2026-07-31,BA,28,6.6468,2,JP Morgan:32.7|RBC Capital:23.3
2026-07-31,BAC,8.8,,1,JP Morgan:8.8
2026-07-31,BAX,-4.9,13.7179,2,UBS:4.8|Wells Fargo:-14.6
2026-07-31,BDX,17.3,,1,UBS:17.3
2026-07-31,BIIB,19.0333,5.2786,3,Canaccord Genuity:21.3|HC Wainwright & Co.:22.8|Morgan Stanley:13
2026-07-31,BKR,25.3667,4.1789,3,Piper Sandler:21.5|Stifel:24.8|TD Cowen:29.8
2026-07-31,BLDR,24.35,13.3643,2,BMO Capital:14.9|RBC Capital:33.8
2026-07-31,BMY,12.3,,1,JP Morgan:12.3
2026-07-31,BRO,3.8,4.8083,2,BMO Capital:0.4|Citigroup:7.2
2026-07-31,BSX,33.85,20.4053,4,Canaccord Genuity:45.8|RBC Capital:54.6|Truist Securities:25.9|Wells Fargo:9.1
2026-07-31,BX,14.3,,1,Argus Research:14.3
2026-07-31,CAT,11,,1,Baird:11
2026-07-31,CBOE,-2.8,,1,JP Morgan:-2.8
2026-07-31,CBRE,21.5333,5.8287,3,Evercore ISI Group:19|Keefe; Bruyette & Woods:17.4|UBS:28.2
2026-07-31,CDNS,16.1,9.7645,5,B of A Securities:25.3|Baird:20.3|Needham:14.6|Piper Sandler:0|Rosenblatt:20.3
2026-07-31,CEG,35.3333,10.2237,3,UBS:44.3|Wells Fargo:37.5|Barclays:24.2
2026-07-31,CFG,8.2,,1,JP Morgan:8.2
2026-07-31,CHRW,46.4,,1,Evercore ISI Group:46.4
2026-07-31,CHTR,10.3,19.9177,4,UBS:11.6|Barclays:-13.9|Citigroup:34.8|JP Morgan:8.7
2026-07-31,CINF,11.2,,1,B of A Securities:11.2
2026-07-31,CLX,-0.3,,1,Jefferies:-0.3
2026-07-31,CMG,20.1,,1,TD Cowen:20.1
2026-07-31,CMS,3.4,,1,Mizuho:3.4
2026-07-31,CNC,30.3,,1,Barclays:30.3
2026-07-31,COF,42.2,,1,Citigroup:42.2
2026-07-31,COIN,26.1,,1,Oppenheimer:26.1
2026-07-31,CPAY,8.2,,1,Morgan Stanley:8.2
2026-07-31,CSGP,42.675,41.3226,4,Citigroup:26.8|JP Morgan:99.8|Keefe; Bruyette & Woods:2.6|Needham:41.5
2026-07-31,CTSH,26.16,17.9662,5,RBC Capital:8.3|Guggenheim:34.4|Citigroup:11.4|Susquehanna:52.3|Wells Fargo:24.4
2026-07-31,CVNA,51.5,28.5861,4,RBC Capital:39.1|Morgan Stanley:44.9|Needham:93.2|Wells Fargo:28.8
2026-07-31,CVX,18.6,,1,B of A Securities:18.6
2026-07-31,DECK,17,7.4953,2,Baird:22.3|Telsey Advisory Group:11.7
2026-07-31,DGX,9.05,3.8891,2,Baird:11.8|JP Morgan:6.3
2026-07-31,DIS,38.6,,1,Citigroup:38.6
2026-07-31,DLR,13.35,0.2121,2,RBC Capital:13.5|Truist Securities:13.2
2026-07-31,DOV,19.6,,1,BMO Capital:19.6
2026-07-31,DOW,4.5,,1,UBS:4.5
2026-07-31,DXCM,13.3,7.6472,4,JP Morgan:2.7|Mizuho:18.9|Piper Sandler:18.9|RBC Capital:12.7
2026-07-31,ECL,9.55,7.0004,2,Mizuho:14.5|Wells Fargo:4.6
2026-07-31,EG,9.025,7.33,4,Evercore ISI Group:-0.4|Barclays:16.5|Mizuho:12.7|Wells Fargo:7.3
2026-07-31,EQIX,16.0667,5.4271,3,Stifel:19.2|TD Cowen:9.8|UBS:19.2
2026-07-31,EQT,28.6,,1,Citigroup:28.6
2026-07-31,ES,7.7,,1,Citigroup:7.7
2026-07-31,ESS,11.1,,1,RBC Capital:11.1
2026-07-31,F,13.15,13.7216,4,Jefferies:18.6|Citigroup:28.5|JP Morgan:9.2|RBC Capital:-3.7
2026-07-31,FCX,33.4,,1,Barclays:33.4
2026-07-31,FFIV,12.075,12.8865,4,Morgan Stanley:5.3|Piper Sandler:17|Barclays:-1.6|JP Morgan:27.6
2026-07-31,FICO,34.6333,9.711,3,RBC Capital:32.6|Wells Fargo:26.1|Needham:45.2
2026-07-31,FITB,7,,1,JP Morgan:7
2026-07-31,FIX,27.45,1.0607,2,UBS:28.2|Keybanc:26.7
2026-07-31,FLEX,33.4,15.9806,2,Goldman Sachs:44.7|Barclays:22.1
2026-07-31,FTV,13.4,,1,Truist Securities:13.4
2026-07-31,GD,15.025,8.2123,4,Citigroup:7.2|Morgan Stanley:23.4|RBC Capital:8.8|Susquehanna:20.7
2026-07-31,GDDY,72.45,69.0843,2,B. Riley Securities:121.3|Piper Sandler:23.6
2026-07-31,GEHC,15.4333,9.4071,3,Citigroup:5.1|Evercore ISI Group:17.7|Wells Fargo:23.5
2026-07-31,GILD,18.75,10.253,2,Morgan Stanley:26|Barclays:11.5
2026-07-31,GLW,37.38,27.3842,5,Morgan Stanley:30.6|Oppenheimer:58.4|Barclays:-1.1|Citigroup:68.7|JP Morgan:30.3
2026-07-31,GM,28.15,21.4253,2,Jefferies:13|Tigress Financial:43.3
2026-07-31,GNRC,41.2,0.5657,2,Stifel:41.6|Barclays:40.8
2026-07-31,GRMN,-0.45,1.3435,2,Morgan Stanley:-1.4|Barclays:0.5
2026-07-31,HBAN,13.55,4.1719,2,Morgan Stanley:10.6|Truist Securities:16.5
2026-07-31,HCA,15.5556,17.0452,9,Morgan Stanley:-0.9|UBS:50.9|Baird:-0.8|Barclays:-2.3|Goldman Sachs:22.4|Keybanc:9.8|Oppenheimer:22.4|Truist Securities:24.9|Mizuho:13.6
2026-07-31,HIG,7.5667,7.4574,3,RBC Capital:6.5|Wells Fargo:15.5|Keefe; Bruyette & Woods:0.7
2026-07-31,HLT,11.925,6.7347,4,Macquarie:2.6|Baird:12.1|Barclays:14.6|Wells Fargo:18.4
2026-07-31,HON,8.2,0.2828,2,Mizuho:8.4|B of A Securities:8
2026-07-31,HSIC,10.5,,1,Piper Sandler:10.5
2026-07-31,HST,-1.8,,1,Evercore ISI Group:-1.8
2026-07-31,HSY,9.5,,1,JP Morgan:9.5
2026-07-31,HUM,16.075,14.2282,4,Evercore ISI Group:29.1|Guggenheim:26.7|TD Cowen:-0.5|UBS:9
2026-07-31,ICE,14.2,,1,TD Cowen:14.2
2026-07-31,IEX,18.2,2.418,4,Citigroup:16.5|RBC Capital:21.2|Stifel:16|TD Cowen:19.1
2026-07-31,INCY,4.475,14.0886,4,Guggenheim:16.4|RBC Capital:-15.4|Barclays:12.1|BMO Capital:4.8
2026-07-31,INTC,13.16,25.0187,5,Cantor Fitzgerald:24.6|Rosenblatt:-20.3|Wedbush:-2.4|Wells Fargo:19.6|Baird:44.3
2026-07-31,IP,18.475,16.6724,4,JP Morgan:42|Citigroup:9.1|RBC Capital:18.2|Wells Fargo:4.6
2026-07-31,IQV,14.2,6.9635,5,JP Morgan:17.9|RBC Capital:2.2|Stifel:14.1|TD Cowen:19.1|Baird:17.7
2026-07-31,ISRG,36.8,,1,UBS:36.8
2026-07-31,ITW,8.75,11.9501,2,JP Morgan:17.2|Baird:0.3
2026-07-31,IVZ,11.6,9.4694,3,JP Morgan:1.8|RBC Capital:20.7|Barclays:12.3
2026-07-31,JCI,10.4,1.9799,2,Citigroup:9|RBC Capital:11.8
2026-07-31,KLAC,32.58,12.9459,5,Stifel:40.7|Wells Fargo:37.9|Jefferies:12.4|JP Morgan:27.4|Needham:44.5
2026-07-31,KO,8.8429,2.3416,7,JP Morgan:8.3|Piper Sandler:7.2|TD Cowen:12.8|Wells Fargo:7.2|Argus Research:10.7|RBC Capital:9.6|Barclays:6.1
2026-07-31,LH,8.2,,1,Morgan Stanley:8.2
2026-07-31,LII,19.35,14.4957,2,RBC Capital:9.1|Goldman Sachs:29.6
2026-07-31,LOW,21.3,,1,JP Morgan:21.3
2026-07-31,LRCX,13.04,6.7826,5,B. Riley Securities:10|Morgan Stanley:15.3|Wells Fargo:10|Jefferies:6.2|Needham:23.7
2026-07-31,LUV,11.9,,1,Citigroup:11.9
2026-07-31,LVS,30,,1,Morgan Stanley:30
2026-07-31,LYV,13.6,,1,Oppenheimer:13.6
2026-07-31,MA,18.75,1.7678,2,Morgan Stanley:20|TD Cowen:17.5
2026-07-31,MAA,5.6,,1,Piper Sandler:5.6
2026-07-31,MAS,14.7,9.9164,5,Truist Securities:19|Barclays:9.5|Citigroup:6.7|Evercore ISI Group:8.1|UBS:30.2
2026-07-31,MCD,17.85,13.0815,2,UBS:27.1|Mizuho:8.6
2026-07-31,MCO,10.7,,1,Mizuho:10.7
2026-07-31,MDLZ,11.5667,1.6653,3,JP Morgan:12.9|TD Cowen:9.7|Barclays:12.1
2026-07-31,META,36.6462,9.478,13,Baird:42.6|DA Davidson:33.1|Goldman Sachs:37.8|Piper Sandler:49.2|Susquehanna:23.6|TD Cowen:42.6|UBS:35.9|Wells Fargo:21.7|B of A Securities:49|Barclays:43.5|Cantor Fitzgerald:25.1|Guggenheim:28.8|Keybanc:43.5
2026-07-31,MGM,15.1,,1,Susquehanna:15.1
2026-07-31,MLM,26.8,,1,Stephens & Co.:26.8
2026-07-31,MPWR,20.1,,1,Wells Fargo:20.1
2026-07-31,MRK,17,,1,Barclays:17
2026-07-31,MSFT,29.5091,13.0619,11,UBS:23.1|Guggenheim:49|Bernstein:47.8|Citigroup:37|DA Davidson:25.6|Evercore ISI Group:20.6|RBC Capital:46.2|TD Cowen:23.3|Barclays:13.8|Cantor Fitzgerald:16|Piper Sandler:22.2
2026-07-31,MTD,7.8,,1,Jefferies:7.8
2026-07-31,NEE,7.4,,1,BMO Capital:7.4
2026-07-31,NEM,35.6,,1,Barclays:35.6
2026-07-31,NRG,59.5,1.8358,3,BMO Capital:57.4|UBS:60.3|Barclays:60.8
2026-07-31,NSC,6,4.5255,2,Baird:9.2|BMO Capital:2.8
2026-07-31,NUE,9.7333,7.7365,3,UBS:0.8|Barclays:14.2|BMO Capital:14.2
2026-07-31,NVR,20.3,,1,UBS:20.3
2026-07-31,NXPI,5.3,20.5584,4,Mizuho:-24.9|TD Cowen:14.6|Wells Fargo:10.7|Needham:20.8
2026-07-31,ODFL,10.9,5.9152,3,Evercore ISI Group:8.7|Stifel:17.6|UBS:6.4
2026-07-31,OMC,21,6.2225,2,Citigroup:25.4|Wells Fargo:16.6
2026-07-31,ORLY,24.05,3.182,2,Morgan Stanley:21.8|TD Cowen:26.3
2026-07-31,PAYX,26,,1,Citigroup:26
2026-07-31,PCAR,13.9,9.111,3,Citigroup:3.8|JP Morgan:21.5|Wells Fargo:16.4
2026-07-31,PFG,-2.6,5.0912,2,B of A Securities:-6.2|Evercore ISI Group:1
2026-07-31,PG,18.3,,1,Citigroup:18.3
2026-07-31,PGR,-0.3,,1,Morgan Stanley:-0.3
2026-07-31,PKG,12,18.5262,2,Citigroup:-1.1|JP Morgan:25.1
2026-07-31,PM,16.5,0,2,Barclays:16.5|Citigroup:16.5
2026-07-31,PNC,7.6,,1,JP Morgan:7.6
2026-07-31,PNR,9.85,17.1827,2,TD Cowen:-2.3|Baird:22
2026-07-31,PPG,9.6,2.3812,3,Citigroup:7.8|RBC Capital:8.7|UBS:12.3
2026-07-31,PSA,-0.1,,1,RBC Capital:-0.1
2026-07-31,PTC,22.9,11.8516,4,Stifel:21.7|Barclays:14.2|Piper Sandler:15.7|Rosenblatt:40
2026-07-31,PWR,28.3,,1,Citigroup:28.3
2026-07-31,PYPL,5.7667,9.8427,6,JP Morgan:11.9|Baird:-0.7|Barclays:-0.7|Canaccord Genuity:-4.2|Citigroup:6.3|Keefe; Bruyette & Woods:22
2026-07-31,QCOM,32.2,34.9251,4,Benchmark:84.2|Susquehanna:9.2|TD Cowen:19.4|Wells Fargo:16
2026-07-31,RCL,21.175,7.5927,4,Stifel:31.1|Susquehanna:17.5|Wells Fargo:22.6|Citigroup:13.5
2026-07-31,RDDT,34.05,36.0441,4,B. Riley Securities:82.8|JP Morgan:25.3|Piper Sandler:32|Wells Fargo:-3.9
2026-07-31,REG,3.7,,1,Evercore ISI Group:3.7
2026-07-31,RF,3,,1,JP Morgan:3
2026-07-31,RJF,7.7,,1,UBS:7.7
2026-07-31,ROL,3.1,18.0286,3,Canaccord Genuity:16|UBS:10.8|Wells Fargo:-17.5
2026-07-31,ROP,5.7,,1,JP Morgan:5.7
2026-07-31,RTX,5.55,5.0205,2,UBS:2|Wells Fargo:9.1
2026-07-31,SBUX,11.2333,6.426,3,Citigroup:4.5|Evercore ISI Group:11.9|Wells Fargo:17.3
2026-07-31,SCHW,32.5,,1,Morgan Stanley:32.5
2026-07-31,SHW,9.4,5.5588,4,BMO Capital:15.1|JP Morgan:8|Morgan Stanley:12.2|Wells Fargo:2.3
2026-07-31,SLB,21.1571,7.7425,7,Evercore ISI Group:26.2|Morgan Stanley:5.2|Piper Sandler:22.4|TD Cowen:22.4|Barclays:29.8|BMO Capital:22|Susquehanna:20.1
2026-07-31,SNA,18.5,,1,Tigress Financial:18.5
2026-07-31,SO,6.9,,1,BMO Capital:6.9
2026-07-31,SPGI,27.5,4.996,3,JP Morgan:25.9|Baird:23.5|Barclays:33.1
2026-07-31,STX,39.65,19.548,10,JP Morgan:57.6|Morgan Stanley:50.9|Susquehanna:11.2|Wedbush:27.1|Wells Fargo:50|Argus Research:2.4|Barclays:42.2|Cantor Fitzgerald:47.9|Citigroup:47.9|Rosenblatt:59.3
2026-07-31,SW,24.65,13.0083,4,RBC Capital:24|Truist Securities:17.8|Wells Fargo:13.7|JP Morgan:43.1
2026-07-31,SWKS,10.9857,11.7085,7,JP Morgan:10.9|Mizuho:-11.2|Morgan Stanley:22.9|Stifel:19.5|TD Cowen:10.9|UBS:19.5|Citigroup:4.4
2026-07-31,SYF,14.1,,1,Evercore ISI Group:14.1
2026-07-31,SYK,17.1,10.6353,3,JP Morgan:6|Piper Sandler:18.1|RBC Capital:27.2
2026-07-31,TER,30.9667,23.7287,3,Cantor Fitzgerald:58.1|Evercore ISI Group:20.7|Morgan Stanley:14.1
2026-07-31,TFC,2.7,,1,JP Morgan:2.7
2026-07-31,TMO,15,,1,Morgan Stanley:15
2026-07-31,TMUS,48.1,13.2895,3,Benchmark:62.6|Keybanc:45.2|UBS:36.5
2026-07-31,TSCO,27.8333,3.3126,3,Guggenheim:31.3|Telsey Advisory Group:24.7|Argus Research:27.5
2026-07-31,TT,17.05,10.9602,2,Citigroup:24.8|RBC Capital:9.3
2026-07-31,TXN,24.5,,1,Rosenblatt:24.5
2026-07-31,TYL,25.6,,1,BTIG:25.6
2026-07-31,UBER,49,,1,B of A Securities:49
2026-07-31,UHS,10.7167,7.5793,6,Barclays:1.5|Guggenheim:14.1|Morgan Stanley:15.3|Baird:0.6|Cantor Fitzgerald:17.6|Goldman Sachs:15.2
2026-07-31,UNP,11.3667,2.3671,3,Benchmark:10|Wells Fargo:10|Baird:14.1
2026-07-31,UPS,13,4.5177,3,Oppenheimer:11.4|Stifel:9.5|UBS:18.1
2026-07-31,URI,18.4,1.2728,2,Citigroup:17.5|UBS:19.3
2026-07-31,USB,7.8,,1,JP Morgan:7.8
2026-07-31,V,18.5375,3.1677,8,BMO Capital:13.4|Piper Sandler:20.4|Susquehanna:19.6|UBS:17.6|Baird:15.1|Citigroup:20.5|JP Morgan:23.3|Wells Fargo:18.4
2026-07-31,VLTO,14.28,5.8213,5,Citigroup:9.8|RBC Capital:11.9|Stifel:17|Barclays:23.2|UBS:9.5
2026-07-31,VMC,12.85,12.2329,2,Citigroup:21.5|RBC Capital:4.2
2026-07-31,VRSK,18.3667,9.0578,3,Evercore ISI Group:9.1|Wells Fargo:27.2|UBS:18.8
2026-07-31,VRT,46.5,6.2225,2,Citigroup:50.9|RBC Capital:42.1
2026-07-31,VST,47.5,,1,UBS:47.5
2026-07-31,VTR,10.8,,1,Cantor Fitzgerald:10.8
2026-07-31,VZ,3.48,7.0726,5,Morgan Stanley:12.1|RBC Capital:1.3|Barclays:-3.9|Scotiabank:9.7|Wells Fargo:-1.8
2026-07-31,WM,14.0667,8.2646,3,RBC Capital:6.1|Stifel:13.5|Barclays:22.6
2026-07-31,WRB,2.6,,1,UBS:2.6
2026-07-31,WST,29.1,,1,Evercore ISI Group:29.1
2026-07-31,WTW,13.6,,1,Wells Fargo:13.6
2026-07-31,WYNN,26.5,,1,Mizuho:26.5
2026-07-31,XOM,2.5,,1,B of A Securities:2.5
2026-07-31,XYL,26.98,12.1697,5,Mizuho:5.6|Stifel:30|Baird:35|Barclays:30.1|RBC Capital:34.2
2026-08-01,AAPL,7.7333,7.4969,3,Argus Research:12.6|Baird:-0.9|JP Morgan:11.5
2026-08-01,ABT,17.8,,1,UBS:17.8
2026-08-01,ACGL,20.7333,7.6846,3,B of A Securities:29.6|RBC Capital:16|Wells Fargo:16.6
2026-08-01,ADP,9.35,4.0137,4,Citigroup:8.1|Stifel:7.4|Wells Fargo:6.6|Guggenheim:15.3
2026-08-01,ADSK,29.6,,1,Oppenheimer:29.6
2026-08-01,AEE,5.7,,1,Goldman Sachs:5.7
2026-08-01,AJG,15.2,8.1817,4,Piper Sandler:16.7|RBC Capital:26.1|Keefe; Bruyette & Woods:10.2|Truist Securities:7.8
2026-08-01,AKAM,49.6,,1,Evercore ISI Group:49.6
2026-08-01,AMD,18.5,,1,Mizuho:18.5
2026-08-01,AMT,19.85,13.93,2,TD Cowen:29.7|BMO Capital:10
2026-08-01,AMZN,21.5857,6.1499,7,Cantor Fitzgerald:20.8|Citigroup:32.1|Piper Sandler:20.8|Bernstein:20.8|Needham:13.2|Telsey Advisory Group:26.4|Wedbush:17
2026-08-01,AON,18.5,,1,Citigroup:18.5
2026-08-01,AOS,13.3,7.2125,2,Citigroup:8.2|Stifel:18.4
2026-08-01,APD,15.1667,4.3844,3,Mizuho:18.5|Wells Fargo:16.8|Citigroup:10.2
2026-08-01,APH,28.5333,7.9752,3,Citigroup:31.5|Truist Securities:34.6|UBS:19.5
2026-08-01,AVY,16.3,12.4374,3,Citigroup:8|JP Morgan:10.3|UBS:30.6
2026-08-01,AWK,2.5,,1,Mizuho:2.5
2026-08-01,AXP,4.55,15.0614,2,Morgan Stanley:15.2|BTIG:-6.1
2026-08-01,BA,28,6.6468,2,JP Morgan:32.7|RBC Capital:23.3
2026-08-01,BAC,8.8,,1,JP Morgan:8.8
2026-08-01,BAX,-0.45,9.4409,4,UBS:4.8|Wells Fargo:-14.6|Citigroup:4|Stifel:4
2026-08-01,BDX,17.3,,1,UBS:17.3
2026-08-01,BIIB,19.0333,5.2786,3,Canaccord Genuity:21.3|HC Wainwright & Co.:22.8|Morgan Stanley:13
2026-08-01,BKR,25.3667,4.1789,3,Piper Sandler:21.5|Stifel:24.8|TD Cowen:29.8
2026-08-01,BLDR,27.2,10.082,4,BMO Capital:14.9|RBC Capital:33.8|Barclays:23.2|Truist Securities:36.9
2026-08-01,BMY,11.8,3.8743,3,JP Morgan:12.3|Guggenheim:15.4|Truist Securities:7.7
2026-08-01,BRO,3.8,4.8083,2,BMO Capital:0.4|Citigroup:7.2
2026-08-01,BSX,33.85,20.4053,4,Canaccord Genuity:45.8|RBC Capital:54.6|Truist Securities:25.9|Wells Fargo:9.1
2026-08-01,BX,14.3,,1,Argus Research:14.3
2026-08-01,CAT,11,,1,Baird:11
2026-08-01,CBOE,-2.8,,1,JP Morgan:-2.8
2026-08-01,CBRE,21.5333,5.8287,3,Evercore ISI Group:19|Keefe; Bruyette & Woods:17.4|UBS:28.2
2026-08-01,CDNS,16.1,9.7645,5,B of A Securities:25.3|Baird:20.3|Needham:14.6|Piper Sandler:0|Rosenblatt:20.3
2026-08-01,CEG,35.3333,10.2237,3,UBS:44.3|Wells Fargo:37.5|Barclays:24.2
2026-08-01,CFG,8.2,,1,JP Morgan:8.2
2026-08-01,CHRW,46.4,,1,Evercore ISI Group:46.4
2026-08-01,CHTR,10.3,19.9177,4,UBS:11.6|Barclays:-13.9|Citigroup:34.8|JP Morgan:8.7
2026-08-01,CINF,11.2,,1,B of A Securities:11.2
2026-08-01,CLX,-0.3,,1,Jefferies:-0.3
2026-08-01,CMG,20.1,,1,TD Cowen:20.1
2026-08-01,CMS,3.4,,1,Mizuho:3.4
2026-08-01,CNC,30.3,,1,Barclays:30.3
2026-08-01,COF,42.2,,1,Citigroup:42.2
2026-08-01,COIN,48.6,30.8831,6,Oppenheimer:26.1|Benchmark:50.2|Canaccord Genuity:96|HC Wainwright & Co.:73.1|Needham:15.6|Rosenblatt:30.6
2026-08-01,CPAY,8.2,,1,Morgan Stanley:8.2
2026-08-01,CSGP,42.675,41.3226,4,Citigroup:26.8|JP Morgan:99.8|Keefe; Bruyette & Woods:2.6|Needham:41.5
2026-08-01,CTSH,30.625,17.2473,4,Guggenheim:34.4|Citigroup:11.4|Susquehanna:52.3|Wells Fargo:24.4
2026-08-01,CVNA,50.1,22.3004,6,RBC Capital:39.1|Morgan Stanley:44.9|Needham:93.2|Wells Fargo:28.8|Barclays:49.7|Citigroup:44.9
2026-08-01,CVX,18.6,,1,B of A Securities:18.6
2026-08-01,DGX,6.3,,1,JP Morgan:6.3
2026-08-01,DIS,38.6,,1,Citigroup:38.6
2026-08-01,DLR,13.35,0.2121,2,RBC Capital:13.5|Truist Securities:13.2
2026-08-01,DXCM,13.7167,6.5631,6,JP Morgan:2.7|Mizuho:18.9|Piper Sandler:18.9|RBC Capital:12.7|Citigroup:10.2|Stifel:18.9
2026-08-01,ECL,9.55,7.0004,2,Mizuho:14.5|Wells Fargo:4.6
2026-08-01,EG,9.7,6.525,5,Evercore ISI Group:-0.4|Barclays:16.5|Mizuho:12.7|Wells Fargo:7.3|Citigroup:12.4
2026-08-01,EIX,-1.2,,1,Barclays:-1.2
2026-08-01,EQIX,15.875,4.4478,4,Stifel:19.2|TD Cowen:9.8|UBS:19.2|Truist Securities:15.3
2026-08-01,EQT,28.6,,1,Citigroup:28.6
2026-08-01,ES,7.7,,1,Citigroup:7.7
2026-08-01,ESS,11.1,,1,RBC Capital:11.1
2026-08-01,F,13.15,13.7216,4,Jefferies:18.6|Citigroup:28.5|JP Morgan:9.2|RBC Capital:-3.7
2026-08-01,FCX,33.4,,1,Barclays:33.4
2026-08-01,FE,11.2,,1,Barclays:11.2
2026-08-01,FFIV,12.075,12.8865,4,Morgan Stanley:5.3|Piper Sandler:17|Barclays:-1.6|JP Morgan:27.6
2026-08-01,FICO,34.6333,9.711,3,RBC Capital:32.6|Wells Fargo:26.1|Needham:45.2
2026-08-01,FITB,7,,1,JP Morgan:7
2026-08-01,FIX,27.45,1.0607,2,UBS:28.2|Keybanc:26.7
2026-08-01,FLEX,33.4,15.9806,2,Goldman Sachs:44.7|Barclays:22.1
2026-08-01,FSLR,7.6,,1,Truist Securities:7.6
2026-08-01,FTV,13.4,,1,Truist Securities:13.4
2026-08-01,GD,15.025,8.2123,4,Citigroup:7.2|Morgan Stanley:23.4|RBC Capital:8.8|Susquehanna:20.7
2026-08-01,GDDY,75.7,49.1733,3,B. Riley Securities:121.3|Piper Sandler:23.6|Benchmark:82.2
2026-08-01,GEHC,13.075,9.0135,4,Citigroup:5.1|Evercore ISI Group:17.7|Wells Fargo:23.5|UBS:6
2026-08-01,GILD,18.75,10.253,2,Morgan Stanley:26|Barclays:11.5
2026-08-01,GLW,37.38,27.3842,5,Morgan Stanley:30.6|Oppenheimer:58.4|Barclays:-1.1|Citigroup:68.7|JP Morgan:30.3
2026-08-01,GM,28.15,21.4253,2,Jefferies:13|Tigress Financial:43.3
2026-08-01,GNRC,41.2,0.5657,2,Stifel:41.6|Barclays:40.8
2026-08-01,GRMN,-0.45,1.3435,2,Morgan Stanley:-1.4|Barclays:0.5
2026-08-01,HBAN,16.5,,1,Truist Securities:16.5
2026-08-01,HCA,15.5556,17.0452,9,Morgan Stanley:-0.9|UBS:50.9|Baird:-0.8|Barclays:-2.3|Goldman Sachs:22.4|Keybanc:9.8|Oppenheimer:22.4|Truist Securities:24.9|Mizuho:13.6
2026-08-01,HIG,7.5667,7.4574,3,RBC Capital:6.5|Wells Fargo:15.5|Keefe; Bruyette & Woods:0.7
2026-08-01,HII,17.3,,1,Citigroup:17.3
2026-08-01,HLT,11.925,6.7347,4,Macquarie:2.6|Baird:12.1|Barclays:14.6|Wells Fargo:18.4
2026-08-01,HON,8.2,0.2828,2,Mizuho:8.4|B of A Securities:8
2026-08-01,HSIC,10.5,,1,Piper Sandler:10.5
2026-08-01,HST,-1.8,,1,Evercore ISI Group:-1.8
2026-08-01,HSY,10.95,2.0506,2,JP Morgan:9.5|UBS:12.4
2026-08-01,HUM,14.76,12.668,5,Evercore ISI Group:29.1|Guggenheim:26.7|TD Cowen:-0.5|UBS:9|Barclays:9.5
2026-08-01,ICE,19.1333,5.9911,3,TD Cowen:14.2|Barclays:17.4|UBS:25.8
2026-08-01,IEX,18.2,2.418,4,Citigroup:16.5|RBC Capital:21.2|Stifel:16|TD Cowen:19.1
2026-08-01,INCY,4.475,14.0886,4,Guggenheim:16.4|RBC Capital:-15.4|Barclays:12.1|BMO Capital:4.8
2026-08-01,INTC,44.3,,1,Baird:44.3
2026-08-01,IP,15.1286,12.6646,7,JP Morgan:42|Citigroup:9.1|RBC Capital:18.2|Wells Fargo:4.6|Deutsche Bank:13.7|Truist Securities:11.4|UBS:6.9
2026-08-01,IQV,14.2,6.9635,5,JP Morgan:17.9|RBC Capital:2.2|Stifel:14.1|TD Cowen:19.1|Baird:17.7
2026-08-01,ISRG,36.8,,1,UBS:36.8
2026-08-01,ITW,8.75,11.9501,2,JP Morgan:17.2|Baird:0.3
2026-08-01,IVZ,11.6,9.4694,3,JP Morgan:1.8|RBC Capital:20.7|Barclays:12.3
2026-08-01,JCI,10.4,1.9799,2,Citigroup:9|RBC Capital:11.8
2026-08-01,KKR,35.7,,1,Barclays:35.7
2026-08-01,KLAC,32.58,12.9459,5,Stifel:40.7|Wells Fargo:37.9|Jefferies:12.4|JP Morgan:27.4|Needham:44.5
2026-08-01,KO,8.8429,2.3416,7,JP Morgan:8.3|Piper Sandler:7.2|TD Cowen:12.8|Wells Fargo:7.2|Argus Research:10.7|RBC Capital:9.6|Barclays:6.1
2026-08-01,LH,10.15,2.7577,2,Morgan Stanley:8.2|Truist Securities:12.1
2026-08-01,LHX,28.2,,1,Susquehanna:28.2
2026-08-01,LII,19.35,14.4957,2,RBC Capital:9.1|Goldman Sachs:29.6
2026-08-01,LOW,21.3,,1,JP Morgan:21.3
2026-08-01,LRCX,13.04,6.7826,5,B. Riley Securities:10|Morgan Stanley:15.3|Wells Fargo:10|Jefferies:6.2|Needham:23.7
2026-08-01,LVS,30,,1,Morgan Stanley:30
2026-08-01,LYV,12.225,7.626,4,Oppenheimer:13.6|Benchmark:16.3|Guggenheim:17.9|Susquehanna:1.1
2026-08-01,MA,18.4,1.8019,4,Morgan Stanley:20|TD Cowen:17.5|Barclays:16.3|Keybanc:19.8
2026-08-01,MAA,5.6,,1,Piper Sandler:5.6
2026-08-01,MAS,14.7,9.9164,5,Truist Securities:19|Barclays:9.5|Citigroup:6.7|Evercore ISI Group:8.1|UBS:30.2
2026-08-01,MCD,17.85,13.0815,2,UBS:27.1|Mizuho:8.6
2026-08-01,MCO,10.7,,1,Mizuho:10.7
2026-08-01,MDLZ,11.5667,1.6653,3,JP Morgan:12.9|TD Cowen:9.7|Barclays:12.1
2026-08-01,META,36.6462,9.478,13,Baird:42.6|DA Davidson:33.1|Goldman Sachs:37.8|Piper Sandler:49.2|Susquehanna:23.6|TD Cowen:42.6|UBS:35.9|Wells Fargo:21.7|B of A Securities:49|Barclays:43.5|Cantor Fitzgerald:25.1|Guggenheim:28.8|Keybanc:43.5
2026-08-01,MGM,15.1,,1,Susquehanna:15.1
2026-08-01,MLM,26.8,,1,Stephens & Co.:26.8
2026-08-01,MPWR,24.94,13.4124,5,Wells Fargo:20.1|Keybanc:40.1|Needham:33.4|Rosenblatt:5.1|Truist Securities:26
2026-08-01,MRK,17,,1,Barclays:17
2026-08-01,MSFT,29.5091,13.0619,11,UBS:23.1|Guggenheim:49|Bernstein:47.8|Citigroup:37|DA Davidson:25.6|Evercore ISI Group:20.6|RBC Capital:46.2|TD Cowen:23.3|Barclays:13.8|Cantor Fitzgerald:16|Piper Sandler:22.2
2026-08-01,MTD,7.8,,1,Jefferies:7.8
2026-08-01,NCLH,15.2,18.6652,3,Barclays:-4.3|Citigroup:17|Stifel:32.9
2026-08-01,NEE,7.4,,1,BMO Capital:7.4
2026-08-01,NEM,35.6,,1,Barclays:35.6
2026-08-01,NRG,59.5,1.8358,3,BMO Capital:57.4|UBS:60.3|Barclays:60.8
2026-08-01,NSC,6,4.5255,2,Baird:9.2|BMO Capital:2.8
2026-08-01,NUE,9.7333,7.7365,3,UBS:0.8|Barclays:14.2|BMO Capital:14.2
2026-08-01,NXPI,5.3,20.5584,4,Mizuho:-24.9|TD Cowen:14.6|Wells Fargo:10.7|Needham:20.8
2026-08-01,ODFL,10.9,5.9152,3,Evercore ISI Group:8.7|Stifel:17.6|UBS:6.4
2026-08-01,OMC,21,6.2225,2,Citigroup:25.4|Wells Fargo:16.6
2026-08-01,ORLY,24.05,3.182,2,Morgan Stanley:21.8|TD Cowen:26.3
2026-08-01,PAYX,26,,1,Citigroup:26
2026-08-01,PCAR,13.9,9.111,3,Citigroup:3.8|JP Morgan:21.5|Wells Fargo:16.4
2026-08-01,PFG,-2.6,5.0912,2,B of A Securities:-6.2|Evercore ISI Group:1
2026-08-01,PG,18.3,,1,Citigroup:18.3
2026-08-01,PKG,12,18.5262,2,Citigroup:-1.1|JP Morgan:25.1
2026-08-01,PM,16.5,0,2,Barclays:16.5|Citigroup:16.5
2026-08-01,PNC,7.6,,1,JP Morgan:7.6
2026-08-01,PNR,9.85,17.1827,2,TD Cowen:-2.3|Baird:22
2026-08-01,PPG,9.6,2.3812,3,Citigroup:7.8|RBC Capital:8.7|UBS:12.3
2026-08-01,PSA,-0.1,,1,RBC Capital:-0.1
2026-08-01,PTC,19.1,13.3246,5,Stifel:21.7|Barclays:14.2|Piper Sandler:15.7|Rosenblatt:40|Citigroup:3.9
2026-08-01,PWR,28.3,,1,Citigroup:28.3
2026-08-01,PYPL,5.7667,9.8427,6,JP Morgan:11.9|Baird:-0.7|Barclays:-0.7|Canaccord Genuity:-4.2|Citigroup:6.3|Keefe; Bruyette & Woods:22
2026-08-01,QCOM,32.2,34.9251,4,Benchmark:84.2|Susquehanna:9.2|TD Cowen:19.4|Wells Fargo:16
2026-08-01,RCL,21.175,7.5927,4,Stifel:31.1|Susquehanna:17.5|Wells Fargo:22.6|Citigroup:13.5
2026-08-01,RDDT,44.48,38.9655,5,B. Riley Securities:82.8|JP Morgan:25.3|Piper Sandler:32|Wells Fargo:-3.9|Truist Securities:86.2
2026-08-01,REG,3.7,,1,Evercore ISI Group:3.7
2026-08-01,REGN,6.2,,1,Truist Securities:6.2
2026-08-01,RF,3,,1,JP Morgan:3
2026-08-01,RJF,7.7,,1,UBS:7.7
2026-08-01,ROP,5.7,,1,JP Morgan:5.7
2026-08-01,SBUX,10.4,5.5051,4,Citigroup:4.5|Evercore ISI Group:11.9|Wells Fargo:17.3|BTIG:7.9
2026-08-01,SCHW,32.5,,1,Morgan Stanley:32.5
2026-08-01,SHW,9.4,5.5588,4,BMO Capital:15.1|JP Morgan:8|Morgan Stanley:12.2|Wells Fargo:2.3
2026-08-01,SLB,21.1571,7.7425,7,Evercore ISI Group:26.2|Morgan Stanley:5.2|Piper Sandler:22.4|TD Cowen:22.4|Barclays:29.8|BMO Capital:22|Susquehanna:20.1
2026-08-01,SNA,18.5,,1,Tigress Financial:18.5
2026-08-01,SO,6.9,,1,BMO Capital:6.9
2026-08-01,SPGI,27.5,4.996,3,JP Morgan:25.9|Baird:23.5|Barclays:33.1
2026-08-01,STX,39.65,19.548,10,JP Morgan:57.6|Morgan Stanley:50.9|Susquehanna:11.2|Wedbush:27.1|Wells Fargo:50|Argus Research:2.4|Barclays:42.2|Cantor Fitzgerald:47.9|Citigroup:47.9|Rosenblatt:59.3
2026-08-01,SW,24.65,13.0083,4,RBC Capital:24|Truist Securities:17.8|Wells Fargo:13.7|JP Morgan:43.1
2026-08-01,SWK,12,,1,Citigroup:12
2026-08-01,SWKS,10.9857,11.7085,7,JP Morgan:10.9|Mizuho:-11.2|Morgan Stanley:22.9|Stifel:19.5|TD Cowen:10.9|UBS:19.5|Citigroup:4.4
2026-08-01,SYF,14.1,,1,Evercore ISI Group:14.1
2026-08-01,SYK,14.95,9.69,4,JP Morgan:6|Piper Sandler:18.1|RBC Capital:27.2|BTIG:8.5
2026-08-01,TER,30.9667,23.7287,3,Cantor Fitzgerald:58.1|Evercore ISI Group:20.7|Morgan Stanley:14.1
2026-08-01,TFC,2.7,,1,JP Morgan:2.7
2026-08-01,TMO,15,,1,Morgan Stanley:15
2026-08-01,TSCO,27.5,,1,Argus Research:27.5
2026-08-01,TT,17.05,10.9602,2,Citigroup:24.8|RBC Capital:9.3
2026-08-01,TYL,39.9,20.2233,2,BTIG:25.6|Piper Sandler:54.2
2026-08-01,UBER,49,,1,B of A Securities:49
2026-08-01,UHS,10.7167,7.5793,6,Barclays:1.5|Guggenheim:14.1|Morgan Stanley:15.3|Baird:0.6|Cantor Fitzgerald:17.6|Goldman Sachs:15.2
2026-08-01,UNP,14.1,,1,Baird:14.1
2026-08-01,UPS,13,4.5177,3,Oppenheimer:11.4|Stifel:9.5|UBS:18.1
2026-08-01,USB,7.8,,1,JP Morgan:7.8
2026-08-01,V,18.5375,3.1677,8,BMO Capital:13.4|Piper Sandler:20.4|Susquehanna:19.6|UBS:17.6|Baird:15.1|Citigroup:20.5|JP Morgan:23.3|Wells Fargo:18.4
2026-08-01,VLO,3.4,,1,Barclays:3.4
2026-08-01,VLTO,14.28,5.8213,5,Citigroup:9.8|RBC Capital:11.9|Stifel:17|Barclays:23.2|UBS:9.5
2026-08-01,VMC,12.85,12.2329,2,Citigroup:21.5|RBC Capital:4.2
2026-08-01,VRSK,18.3667,9.0578,3,Evercore ISI Group:9.1|Wells Fargo:27.2|UBS:18.8
2026-08-01,VRT,46.5,6.2225,2,Citigroup:50.9|RBC Capital:42.1
2026-08-01,VST,47.5,,1,UBS:47.5
2026-08-01,VTR,10.8,,1,Cantor Fitzgerald:10.8
2026-08-01,VZ,3.48,7.0726,5,Morgan Stanley:12.1|RBC Capital:1.3|Barclays:-3.9|Scotiabank:9.7|Wells Fargo:-1.8
2026-08-01,WELL,17.4,,1,Citigroup:17.4
2026-08-01,WM,14.0667,8.2646,3,RBC Capital:6.1|Stifel:13.5|Barclays:22.6
2026-08-01,WMT,28.5,,1,Bernstein:28.5
2026-08-01,WRB,2.6,,1,UBS:2.6
2026-08-01,WST,29.1,,1,Evercore ISI Group:29.1
2026-08-01,WTW,16.9,4.6669,2,Wells Fargo:13.6|Truist Securities:20.2
2026-08-01,WYNN,26.5,,1,Mizuho:26.5
2026-08-01,XOM,2.5,,1,B of A Securities:2.5
2026-08-01,XYL,26.98,12.1697,5,Mizuho:5.6|Stifel:30|Baird:35|Barclays:30.1|RBC Capital:34.2
2026-08-01,YUM,7.6,,1,RBC Capital:7.6
2026-08-03,AAPL,7.7333,7.4969,3,Argus Research:12.6|Baird:-0.9|JP Morgan:11.5
2026-08-03,ABT,17.8,,1,UBS:17.8
2026-08-03,ACGL,20.7333,7.6846,3,B of A Securities:29.6|RBC Capital:16|Wells Fargo:16.6
2026-08-03,ADP,9.35,4.0137,4,Citigroup:8.1|Stifel:7.4|Wells Fargo:6.6|Guggenheim:15.3
2026-08-03,ADSK,29.6,,1,Oppenheimer:29.6
2026-08-03,AEE,5.7,,1,Goldman Sachs:5.7
2026-08-03,AJG,15.2,8.1817,4,Piper Sandler:16.7|RBC Capital:26.1|Keefe; Bruyette & Woods:10.2|Truist Securities:7.8
2026-08-03,AMT,19.85,13.93,2,TD Cowen:29.7|BMO Capital:10
2026-08-03,AMZN,21.5857,6.1499,7,Cantor Fitzgerald:20.8|Citigroup:32.1|Piper Sandler:20.8|Bernstein:20.8|Needham:13.2|Telsey Advisory Group:26.4|Wedbush:17
2026-08-03,AON,18.5,,1,Citigroup:18.5
2026-08-03,AOS,13.3,7.2125,2,Citigroup:8.2|Stifel:18.4
2026-08-03,APD,15.1667,4.3844,3,Mizuho:18.5|Wells Fargo:16.8|Citigroup:10.2
2026-08-03,APH,28.5333,7.9752,3,Citigroup:31.5|Truist Securities:34.6|UBS:19.5
2026-08-03,AVY,16.3,12.4374,3,Citigroup:8|JP Morgan:10.3|UBS:30.6
2026-08-03,AWK,2.5,,1,Mizuho:2.5
2026-08-03,AXP,-6.1,,1,BTIG:-6.1
2026-08-03,BA,28,6.6468,2,JP Morgan:32.7|RBC Capital:23.3
2026-08-03,BAC,8.8,,1,JP Morgan:8.8
2026-08-03,BAX,-0.45,9.4409,4,UBS:4.8|Wells Fargo:-14.6|Citigroup:4|Stifel:4
2026-08-03,BDX,17.3,,1,UBS:17.3
2026-08-03,BEN,5.5,,1,Evercore ISI Group:5.5
2026-08-03,BIIB,15.7,7.9385,4,Canaccord Genuity:21.3|HC Wainwright & Co.:22.8|Morgan Stanley:13|Citigroup:5.7
2026-08-03,BKR,25.3667,4.1789,3,Piper Sandler:21.5|Stifel:24.8|TD Cowen:29.8
2026-08-03,BLDR,27.2,10.082,4,BMO Capital:14.9|RBC Capital:33.8|Barclays:23.2|Truist Securities:36.9
2026-08-03,BMY,10.325,4.3254,4,JP Morgan:12.3|Guggenheim:15.4|Truist Securities:7.7|Citigroup:5.9
2026-08-03,BRO,3.8,4.8083,2,BMO Capital:0.4|Citigroup:7.2
2026-08-03,BSX,33.85,20.4053,4,Canaccord Genuity:45.8|RBC Capital:54.6|Truist Securities:25.9|Wells Fargo:9.1
2026-08-03,BX,14.3,,1,Argus Research:14.3
2026-08-03,CAT,11,,1,Baird:11
2026-08-03,CBOE,0.65,4.879,2,JP Morgan:-2.8|TD Cowen:4.1
2026-08-03,CBRE,21.5333,5.8287,3,Evercore ISI Group:19|Keefe; Bruyette & Woods:17.4|UBS:28.2
2026-08-03,CDNS,16.1,9.7645,5,B of A Securities:25.3|Baird:20.3|Needham:14.6|Piper Sandler:0|Rosenblatt:20.3
2026-08-03,CEG,35.3333,10.2237,3,UBS:44.3|Wells Fargo:37.5|Barclays:24.2
2026-08-03,CFG,8.2,,1,JP Morgan:8.2
2026-08-03,CHD,-3.5,,1,TD Cowen:-3.5
2026-08-03,CHRW,46.4,,1,Evercore ISI Group:46.4
2026-08-03,CHTR,9.8667,24.371,3,Barclays:-13.9|Citigroup:34.8|JP Morgan:8.7
2026-08-03,CI,14.7,,1,Raymond James:14.7
2026-08-03,CINF,11.2,,1,B of A Securities:11.2
2026-08-03,CL,6.0667,7.5857,3,Evercore ISI Group:9.3|JP Morgan:11.5|TD Cowen:-2.6
2026-08-03,CLX,-0.3,,1,Jefferies:-0.3
2026-08-03,CMG,20.1,,1,TD Cowen:20.1
2026-08-03,CMS,3.4,,1,Mizuho:3.4
2026-08-03,CNC,29,1.8385,2,Barclays:30.3|Bernstein:27.7
2026-08-03,COF,42.2,,1,Citigroup:42.2
2026-08-03,COIN,48.6,30.8831,6,Oppenheimer:26.1|Benchmark:50.2|Canaccord Genuity:96|HC Wainwright & Co.:73.1|Needham:15.6|Rosenblatt:30.6
2026-08-03,CPAY,8.2,,1,Morgan Stanley:8.2
2026-08-03,CSGP,42.675,41.3226,4,Citigroup:26.8|JP Morgan:99.8|Keefe; Bruyette & Woods:2.6|Needham:41.5
2026-08-03,CTSH,30.625,17.2473,4,Guggenheim:34.4|Citigroup:11.4|Susquehanna:52.3|Wells Fargo:24.4
2026-08-03,CVNA,50.1,22.3004,6,RBC Capital:39.1|Morgan Stanley:44.9|Needham:93.2|Wells Fargo:28.8|Barclays:49.7|Citigroup:44.9
2026-08-03,CVX,12.8,8.2024,2,B of A Securities:18.6|Bernstein:7
2026-08-03,DGX,6.3,,1,JP Morgan:6.3
2026-08-03,DIS,38.6,,1,Citigroup:38.6
2026-08-03,DLR,13.2,,1,Truist Securities:13.2
2026-08-03,DXCM,13.7167,6.5631,6,JP Morgan:2.7|Mizuho:18.9|Piper Sandler:18.9|RBC Capital:12.7|Citigroup:10.2|Stifel:18.9
2026-08-03,ECL,9.55,7.0004,2,Mizuho:14.5|Wells Fargo:4.6
2026-08-03,EG,9.7,6.525,5,Evercore ISI Group:-0.4|Barclays:16.5|Mizuho:12.7|Wells Fargo:7.3|Citigroup:12.4
2026-08-03,EIX,-1.2,,1,Barclays:-1.2
2026-08-03,EQIX,15.875,4.4478,4,Stifel:19.2|TD Cowen:9.8|UBS:19.2|Truist Securities:15.3
2026-08-03,EQT,28.6,,1,Citigroup:28.6
2026-08-03,ES,7.7,,1,Citigroup:7.7
2026-08-03,ESS,11.1,,1,RBC Capital:11.1
2026-08-03,ETN,20.45,4.5962,2,Citigroup:17.2|RBC Capital:23.7
2026-08-03,EXPE,1.8,,1,Truist Securities:1.8
2026-08-03,F,13.15,13.7216,4,Jefferies:18.6|Citigroup:28.5|JP Morgan:9.2|RBC Capital:-3.7
2026-08-03,FCX,33.4,,1,Barclays:33.4
2026-08-03,FE,11.2,,1,Barclays:11.2
2026-08-03,FFIV,12.075,12.8865,4,Morgan Stanley:5.3|Piper Sandler:17|Barclays:-1.6|JP Morgan:27.6
2026-08-03,FICO,34.6333,9.711,3,RBC Capital:32.6|Wells Fargo:26.1|Needham:45.2
2026-08-03,FITB,7,,1,JP Morgan:7
2026-08-03,FIX,26.7,,1,Keybanc:26.7
2026-08-03,FLEX,33.4,15.9806,2,Goldman Sachs:44.7|Barclays:22.1
2026-08-03,FSLR,18.5,15.4149,2,Truist Securities:7.6|Guggenheim:29.4
2026-08-03,FTV,13.4,,1,Truist Securities:13.4
2026-08-03,GD,15.025,8.2123,4,Citigroup:7.2|Morgan Stanley:23.4|RBC Capital:8.8|Susquehanna:20.7
2026-08-03,GDDY,75.7,49.1733,3,B. Riley Securities:121.3|Piper Sandler:23.6|Benchmark:82.2
2026-08-03,GEHC,13.075,9.0135,4,Citigroup:5.1|Evercore ISI Group:17.7|Wells Fargo:23.5|UBS:6
2026-08-03,GILD,11.5,,1,Barclays:11.5
2026-08-03,GLW,37.38,27.3842,5,Morgan Stanley:30.6|Oppenheimer:58.4|Barclays:-1.1|Citigroup:68.7|JP Morgan:30.3
2026-08-03,GM,28.15,21.4253,2,Jefferies:13|Tigress Financial:43.3
2026-08-03,GNRC,41.2,0.5657,2,Stifel:41.6|Barclays:40.8
2026-08-03,GRMN,-0.45,1.3435,2,Morgan Stanley:-1.4|Barclays:0.5
2026-08-03,HBAN,16.5,,1,Truist Securities:16.5
2026-08-03,HCA,12.8571,11.205,7,Baird:-0.8|Barclays:-2.3|Goldman Sachs:22.4|Keybanc:9.8|Oppenheimer:22.4|Truist Securities:24.9|Mizuho:13.6
2026-08-03,HIG,8.1,10.4652,2,Wells Fargo:15.5|Keefe; Bruyette & Woods:0.7
2026-08-03,HII,17.3,,1,Citigroup:17.3
2026-08-03,HLT,11.925,6.7347,4,Macquarie:2.6|Baird:12.1|Barclays:14.6|Wells Fargo:18.4
2026-08-03,HON,8,,1,B of A Securities:8
2026-08-03,HSIC,10.5,,1,Piper Sandler:10.5
2026-08-03,HST,-1.8,,1,Evercore ISI Group:-1.8
2026-08-03,HSY,10.95,2.0506,2,JP Morgan:9.5|UBS:12.4
2026-08-03,HUM,14.76,12.668,5,Evercore ISI Group:29.1|Guggenheim:26.7|TD Cowen:-0.5|UBS:9|Barclays:9.5
2026-08-03,ICE,19.1333,5.9911,3,TD Cowen:14.2|Barclays:17.4|UBS:25.8
2026-08-03,IEX,18.2,2.418,4,Citigroup:16.5|RBC Capital:21.2|Stifel:16|TD Cowen:19.1
2026-08-03,INCY,4.475,14.0886,4,Guggenheim:16.4|RBC Capital:-15.4|Barclays:12.1|BMO Capital:4.8
2026-08-03,INTC,44.3,,1,Baird:44.3
2026-08-03,INVH,10.2,,1,Oppenheimer:10.2
2026-08-03,IP,15.1286,12.6646,7,JP Morgan:42|Citigroup:9.1|RBC Capital:18.2|Wells Fargo:4.6|Deutsche Bank:13.7|Truist Securities:11.4|UBS:6.9
2026-08-03,IQV,14.2,6.9635,5,JP Morgan:17.9|RBC Capital:2.2|Stifel:14.1|TD Cowen:19.1|Baird:17.7
2026-08-03,ISRG,36.8,,1,UBS:36.8
2026-08-03,ITW,8.75,11.9501,2,JP Morgan:17.2|Baird:0.3
2026-08-03,IVZ,11.6,9.4694,3,JP Morgan:1.8|RBC Capital:20.7|Barclays:12.3
2026-08-03,JCI,10.4,1.9799,2,Citigroup:9|RBC Capital:11.8
2026-08-03,KKR,21.75,19.7283,2,Barclays:35.7|TD Cowen:7.8
2026-08-03,KLAC,32.58,12.9459,5,Stifel:40.7|Wells Fargo:37.9|Jefferies:12.4|JP Morgan:27.4|Needham:44.5
2026-08-03,KO,8.8429,2.3416,7,JP Morgan:8.3|Piper Sandler:7.2|TD Cowen:12.8|Wells Fargo:7.2|Argus Research:10.7|RBC Capital:9.6|Barclays:6.1
2026-08-03,LH,12.1333,3.9501,3,Morgan Stanley:8.2|Truist Securities:12.1|JP Morgan:16.1
2026-08-03,LHX,17.9,14.5664,2,Susquehanna:28.2|UBS:7.6
2026-08-03,LII,19.35,14.4957,2,RBC Capital:9.1|Goldman Sachs:29.6
2026-08-03,LIN,17.3,3.9598,2,Citigroup:20.1|RBC Capital:14.5
2026-08-03,LOW,21.3,,1,JP Morgan:21.3
2026-08-03,LRCX,13.04,6.7826,5,B. Riley Securities:10|Morgan Stanley:15.3|Wells Fargo:10|Jefferies:6.2|Needham:23.7
2026-08-03,LYV,13.78,7.4637,5,Oppenheimer:13.6|Benchmark:16.3|Guggenheim:17.9|Susquehanna:1.1|Citigroup:20
2026-08-03,MA,18.4,1.8019,4,Morgan Stanley:20|TD Cowen:17.5|Barclays:16.3|Keybanc:19.8
2026-08-03,MAA,5.6,,1,Piper Sandler:5.6
2026-08-03,MAS,14.7,9.9164,5,Truist Securities:19|Barclays:9.5|Citigroup:6.7|Evercore ISI Group:8.1|UBS:30.2
2026-08-03,MCD,8.6,,1,Mizuho:8.6
2026-08-03,MDLZ,11.5667,1.6653,3,JP Morgan:12.9|TD Cowen:9.7|Barclays:12.1
2026-08-03,META,36.6462,9.478,13,Baird:42.6|DA Davidson:33.1|Goldman Sachs:37.8|Piper Sandler:49.2|Susquehanna:23.6|TD Cowen:42.6|UBS:35.9|Wells Fargo:21.7|B of A Securities:49|Barclays:43.5|Cantor Fitzgerald:25.1|Guggenheim:28.8|Keybanc:43.5
2026-08-03,MGM,15.1,,1,Susquehanna:15.1
2026-08-03,MLM,30.6333,4.0673,3,Stephens & Co.:26.8|Citigroup:30.2|UBS:34.9
2026-08-03,MPWR,24.94,13.4124,5,Wells Fargo:20.1|Keybanc:40.1|Needham:33.4|Rosenblatt:5.1|Truist Securities:26
2026-08-03,MRK,17,,1,Barclays:17
2026-08-03,MSFT,30.15,13.5849,10,Guggenheim:49|Bernstein:47.8|Citigroup:37|DA Davidson:25.6|Evercore ISI Group:20.6|RBC Capital:46.2|TD Cowen:23.3|Barclays:13.8|Cantor Fitzgerald:16|Piper Sandler:22.2
2026-08-03,MTD,5.7,2.5239,3,Jefferies:7.8|Evercore ISI Group:6.4|Wells Fargo:2.9
2026-08-03,NCLH,15.2,18.6652,3,Barclays:-4.3|Citigroup:17|Stifel:32.9
2026-08-03,NEE,7.4,,1,BMO Capital:7.4
2026-08-03,NEM,35.6,,1,Barclays:35.6
2026-08-03,NRG,59.5,1.8358,3,BMO Capital:57.4|UBS:60.3|Barclays:60.8
2026-08-03,NSC,6,4.5255,2,Baird:9.2|BMO Capital:2.8
2026-08-03,NUE,9.7333,7.7365,3,UBS:0.8|Barclays:14.2|BMO Capital:14.2
2026-08-03,NXPI,5.3,20.5584,4,Mizuho:-24.9|TD Cowen:14.6|Wells Fargo:10.7|Needham:20.8
2026-08-03,ODFL,10.9,5.9152,3,Evercore ISI Group:8.7|Stifel:17.6|UBS:6.4
2026-08-03,OMC,21,6.2225,2,Citigroup:25.4|Wells Fargo:16.6
2026-08-03,ORLY,24.05,3.182,2,Morgan Stanley:21.8|TD Cowen:26.3
2026-08-03,PAYX,26,,1,Citigroup:26
2026-08-03,PCAR,13.9,9.111,3,Citigroup:3.8|JP Morgan:21.5|Wells Fargo:16.4
2026-08-03,PFG,-3.8,4.1569,3,B of A Securities:-6.2|Evercore ISI Group:1|JP Morgan:-6.2
2026-08-03,PG,18.3,,1,Citigroup:18.3
2026-08-03,PKG,12,18.5262,2,Citigroup:-1.1|JP Morgan:25.1
2026-08-03,PM,16.5,0,2,Barclays:16.5|Citigroup:16.5
2026-08-03,PNC,7.6,,1,JP Morgan:7.6
2026-08-03,PNR,9.85,17.1827,2,TD Cowen:-2.3|Baird:22
2026-08-03,PPG,9.6,2.3812,3,Citigroup:7.8|RBC Capital:8.7|UBS:12.3
2026-08-03,PSA,-0.1,,1,RBC Capital:-0.1
2026-08-03,PTC,19.1,13.3246,5,Stifel:21.7|Barclays:14.2|Piper Sandler:15.7|Rosenblatt:40|Citigroup:3.9
2026-08-03,PWR,38.2,14.0007,2,Citigroup:28.3|Truist Securities:48.1
2026-08-03,PYPL,5.7667,9.8427,6,JP Morgan:11.9|Baird:-0.7|Barclays:-0.7|Canaccord Genuity:-4.2|Citigroup:6.3|Keefe; Bruyette & Woods:22
2026-08-03,QCOM,32.2,34.9251,4,Benchmark:84.2|Susquehanna:9.2|TD Cowen:19.4|Wells Fargo:16
2026-08-03,RCL,21.175,7.5927,4,Stifel:31.1|Susquehanna:17.5|Wells Fargo:22.6|Citigroup:13.5
2026-08-03,RDDT,44.48,38.9655,5,B. Riley Securities:82.8|JP Morgan:25.3|Piper Sandler:32|Wells Fargo:-3.9|Truist Securities:86.2
2026-08-03,REG,3.7,,1,Evercore ISI Group:3.7
2026-08-03,REGN,12.0667,19.4744,3,Truist Securities:6.2|Citigroup:-3.8|Guggenheim:33.8
2026-08-03,RF,3,,1,JP Morgan:3
2026-08-03,ROP,5.7,,1,JP Morgan:5.7
2026-08-03,SBUX,10.4,5.5051,4,Citigroup:4.5|Evercore ISI Group:11.9|Wells Fargo:17.3|BTIG:7.9
2026-08-03,SHW,9.4,5.5588,4,BMO Capital:15.1|JP Morgan:8|Morgan Stanley:12.2|Wells Fargo:2.3
2026-08-03,SLB,23.9667,5.1404,3,Barclays:29.8|BMO Capital:22|Susquehanna:20.1
2026-08-03,SNA,18.5,,1,Tigress Financial:18.5
2026-08-03,SO,6.9,,1,BMO Capital:6.9
2026-08-03,SPGI,27.5,4.996,3,JP Morgan:25.9|Baird:23.5|Barclays:33.1
2026-08-03,STX,39.65,19.548,10,JP Morgan:57.6|Morgan Stanley:50.9|Susquehanna:11.2|Wedbush:27.1|Wells Fargo:50|Argus Research:2.4|Barclays:42.2|Cantor Fitzgerald:47.9|Citigroup:47.9|Rosenblatt:59.3
2026-08-03,SW,24.65,13.0083,4,RBC Capital:24|Truist Securities:17.8|Wells Fargo:13.7|JP Morgan:43.1
2026-08-03,SWK,12,,1,Citigroup:12
2026-08-03,SWKS,10.9857,11.7085,7,JP Morgan:10.9|Mizuho:-11.2|Morgan Stanley:22.9|Stifel:19.5|TD Cowen:10.9|UBS:19.5|Citigroup:4.4
2026-08-03,SYF,14.1,,1,Evercore ISI Group:14.1
2026-08-03,SYK,14.95,9.69,4,JP Morgan:6|Piper Sandler:18.1|RBC Capital:27.2|BTIG:8.5
2026-08-03,TER,30.9667,23.7287,3,Cantor Fitzgerald:58.1|Evercore ISI Group:20.7|Morgan Stanley:14.1
2026-08-03,TFC,2.7,,1,JP Morgan:2.7
2026-08-03,TROW,2.9,,1,Keefe; Bruyette & Woods:2.9
2026-08-03,TSCO,27.5,,1,Argus Research:27.5
2026-08-03,TT,17.05,10.9602,2,Citigroup:24.8|RBC Capital:9.3
2026-08-03,TYL,39.9,20.2233,2,BTIG:25.6|Piper Sandler:54.2
2026-08-03,UBER,49,,1,B of A Securities:49
2026-08-03,UHS,10.7167,7.5793,6,Barclays:1.5|Guggenheim:14.1|Morgan Stanley:15.3|Baird:0.6|Cantor Fitzgerald:17.6|Goldman Sachs:15.2
2026-08-03,UNP,14.1,,1,Baird:14.1
2026-08-03,UPS,13,4.5177,3,Oppenheimer:11.4|Stifel:9.5|UBS:18.1
2026-08-03,USB,7.8,,1,JP Morgan:7.8
2026-08-03,V,18.5375,3.1677,8,BMO Capital:13.4|Piper Sandler:20.4|Susquehanna:19.6|UBS:17.6|Baird:15.1|Citigroup:20.5|JP Morgan:23.3|Wells Fargo:18.4
2026-08-03,VLO,7.8,6.2225,2,Barclays:3.4|TD Cowen:12.2
2026-08-03,VLTO,14.28,5.8213,5,Citigroup:9.8|RBC Capital:11.9|Stifel:17|Barclays:23.2|UBS:9.5
2026-08-03,VMC,12.85,12.2329,2,Citigroup:21.5|RBC Capital:4.2
2026-08-03,VRSK,18.3667,9.0578,3,Evercore ISI Group:9.1|Wells Fargo:27.2|UBS:18.8
2026-08-03,VRT,46.5,6.2225,2,Citigroup:50.9|RBC Capital:42.1
2026-08-03,VST,47.5,,1,UBS:47.5
2026-08-03,VTR,10.8,,1,Cantor Fitzgerald:10.8
2026-08-03,VZ,1.3333,7.3214,3,Barclays:-3.9|Scotiabank:9.7|Wells Fargo:-1.8
2026-08-03,WELL,14,4.8083,2,Citigroup:17.4|RBC Capital:10.6
2026-08-03,WM,14.0667,8.2646,3,RBC Capital:6.1|Stifel:13.5|Barclays:22.6
2026-08-03,WMT,28.5,,1,Bernstein:28.5
2026-08-03,WTW,16.9,4.6669,2,Wells Fargo:13.6|Truist Securities:20.2
2026-08-03,WY,9.9,,1,Truist Securities:9.9
2026-08-03,WYNN,26.5,,1,Mizuho:26.5
2026-08-03,XOM,2.5,,1,B of A Securities:2.5
2026-08-03,XYL,26.98,12.1697,5,Mizuho:5.6|Stifel:30|Baird:35|Barclays:30.1|RBC Capital:34.2
2026-08-03,YUM,7.6,,1,RBC Capital:7.6
2026-08-04,AAPL,7.7333,7.4969,3,Argus Research:12.6|Baird:-0.9|JP Morgan:11.5
2026-08-04,ABBV,17.6667,2.2546,3,Canaccord Genuity:17.5|Cantor Fitzgerald:15.5|Morgan Stanley:20
2026-08-04,ACGL,18.275,7.9714,4,B of A Securities:29.6|RBC Capital:16|Wells Fargo:16.6|Morgan Stanley:10.9
2026-08-04,ADP,9.35,4.0137,4,Citigroup:8.1|Stifel:7.4|Wells Fargo:6.6|Guggenheim:15.3
2026-08-04,AEE,9.85,5.869,2,Goldman Sachs:5.7|Mizuho:14
2026-08-04,AEP,0.7,,1,Barclays:0.7
2026-08-04,AJG,16.6833,6.8898,6,Piper Sandler:16.7|RBC Capital:26.1|Keefe; Bruyette & Woods:10.2|Truist Securities:7.8|Citigroup:17.4|Wells Fargo:21.9
2026-08-04,AMT,19.85,13.93,2,TD Cowen:29.7|BMO Capital:10
2026-08-04,AMZN,21.5857,6.1499,7,Cantor Fitzgerald:20.8|Citigroup:32.1|Piper Sandler:20.8|Bernstein:20.8|Needham:13.2|Telsey Advisory Group:26.4|Wedbush:17
2026-08-04,AON,14,6.364,2,Citigroup:18.5|UBS:9.5
2026-08-04,AOS,13.3,7.2125,2,Citigroup:8.2|Stifel:18.4
2026-08-04,APD,15.1667,4.3844,3,Mizuho:18.5|Wells Fargo:16.8|Citigroup:10.2
2026-08-04,APH,28.5333,7.9752,3,Citigroup:31.5|Truist Securities:34.6|UBS:19.5
2026-08-04,AVY,16.3,12.4374,3,Citigroup:8|JP Morgan:10.3|UBS:30.6
2026-08-04,AWK,2.5,,1,Mizuho:2.5
2026-08-04,AXP,11.3,,1,UBS:11.3
2026-08-04,BA,28,6.6468,2,JP Morgan:32.7|RBC Capital:23.3
2026-08-04,BAC,8.8,,1,JP Morgan:8.8
2026-08-04,BAX,-2.2,10.7387,3,Wells Fargo:-14.6|Citigroup:4|Stifel:4
2026-08-04,BBY,-4.4,,1,B of A Securities:-4.4
2026-08-04,BEN,3.9,2.2627,2,Evercore ISI Group:5.5|Barclays:2.3
2026-08-04,BIIB,15.7,7.9385,4,Canaccord Genuity:21.3|HC Wainwright & Co.:22.8|Morgan Stanley:13|Citigroup:5.7
2026-08-04,BLDR,31.3,7.184,3,RBC Capital:33.8|Barclays:23.2|Truist Securities:36.9
2026-08-04,BMY,10.325,4.3254,4,JP Morgan:12.3|Guggenheim:15.4|Truist Securities:7.7|Citigroup:5.9
2026-08-04,BRO,3.8,4.8083,2,BMO Capital:0.4|Citigroup:7.2
2026-08-04,BSX,33.85,20.4053,4,Canaccord Genuity:45.8|RBC Capital:54.6|Truist Securities:25.9|Wells Fargo:9.1
2026-08-04,BX,14.3,,1,Argus Research:14.3
2026-08-04,BXP,-1.6,,1,Citigroup:-1.6
2026-08-04,CAT,11,,1,Baird:11
2026-08-04,CBOE,7.3333,12.079,3,JP Morgan:-2.8|TD Cowen:4.1|Barclays:20.7
2026-08-04,CBRE,21.5333,5.8287,3,Evercore ISI Group:19|Keefe; Bruyette & Woods:17.4|UBS:28.2
2026-08-04,CDNS,13.8,9.5844,4,Baird:20.3|Needham:14.6|Piper Sandler:0|Rosenblatt:20.3
2026-08-04,CEG,24.2,,1,Barclays:24.2
2026-08-04,CFG,8.2,,1,JP Morgan:8.2
2026-08-04,CHD,-3.5,,1,TD Cowen:-3.5
2026-08-04,CHRW,46.4,,1,Evercore ISI Group:46.4
2026-08-04,CHTR,8.7,,1,JP Morgan:8.7
2026-08-04,CI,14.7,,1,Raymond James:14.7
2026-08-04,CINF,11.2,,1,B of A Securities:11.2
2026-08-04,CL,10.1,10.1702,4,Evercore ISI Group:9.3|JP Morgan:11.5|TD Cowen:-2.6|UBS:22.2
2026-08-04,CLX,1.2333,5.27,3,Jefferies:-0.3|JP Morgan:-3.1|UBS:7.1
2026-08-04,CMG,20.1,0,2,TD Cowen:20.1|Argus Research:20.1
2026-08-04,CMS,3.4,,1,Mizuho:3.4
2026-08-04,CNC,29,1.8385,2,Barclays:30.3|Bernstein:27.7
2026-08-04,COF,27.7,,1,UBS:27.7
2026-08-04,COIN,45.2,29.5926,7,Oppenheimer:26.1|Benchmark:50.2|Canaccord Genuity:96|HC Wainwright & Co.:73.1|Needham:15.6|Rosenblatt:30.6|Cantor Fitzgerald:24.8
2026-08-04,CSGP,42.675,41.3226,4,Citigroup:26.8|JP Morgan:99.8|Keefe; Bruyette & Woods:2.6|Needham:41.5
2026-08-04,CTSH,29.3667,20.8974,3,Citigroup:11.4|Susquehanna:52.3|Wells Fargo:24.4
2026-08-04,CVNA,50.1,22.3004,6,RBC Capital:39.1|Morgan Stanley:44.9|Needham:93.2|Wells Fargo:28.8|Barclays:49.7|Citigroup:44.9
2026-08-04,CVX,7,,1,Bernstein:7
2026-08-04,DGX,6.3,,1,JP Morgan:6.3
2026-08-04,DIS,38.6,,1,Citigroup:38.6
2026-08-04,DLR,13.2,,1,Truist Securities:13.2
2026-08-04,DXCM,12.2286,7.1691,7,JP Morgan:2.7|Mizuho:18.9|Piper Sandler:18.9|RBC Capital:12.7|Citigroup:10.2|Stifel:18.9|Canaccord Genuity:3.3
2026-08-04,ECL,9.55,7.0004,2,Mizuho:14.5|Wells Fargo:4.6
2026-08-04,EG,9.7,6.525,5,Evercore ISI Group:-0.4|Barclays:16.5|Mizuho:12.7|Wells Fargo:7.3|Citigroup:12.4
2026-08-04,EIX,-1.2,,1,Barclays:-1.2
2026-08-04,EQIX,15.875,4.4478,4,Stifel:19.2|TD Cowen:9.8|UBS:19.2|Truist Securities:15.3
2026-08-04,ES,3.8,,1,Mizuho:3.8
2026-08-04,ESS,11.15,0.0707,2,RBC Capital:11.1|Cantor Fitzgerald:11.2
2026-08-04,ETN,20.45,4.5962,2,Citigroup:17.2|RBC Capital:23.7
2026-08-04,EXPE,1.8,,1,Truist Securities:1.8
2026-08-04,F,11.3333,16.2057,3,Citigroup:28.5|JP Morgan:9.2|RBC Capital:-3.7
2026-08-04,FE,11.2,,1,Barclays:11.2
2026-08-04,FFIV,13,20.6475,2,Barclays:-1.6|JP Morgan:27.6
2026-08-04,FICO,34.6333,9.711,3,RBC Capital:32.6|Wells Fargo:26.1|Needham:45.2
2026-08-04,FITB,7,,1,JP Morgan:7
2026-08-04,FLEX,33.4,15.9806,2,Goldman Sachs:44.7|Barclays:22.1
2026-08-04,FSLR,18.5,15.4149,2,Truist Securities:7.6|Guggenheim:29.4
2026-08-04,FTV,13.4,,1,Truist Securities:13.4
2026-08-04,GD,15.025,8.2123,4,Citigroup:7.2|Morgan Stanley:23.4|RBC Capital:8.8|Susquehanna:20.7
2026-08-04,GDDY,58.075,53.4282,4,B. Riley Securities:121.3|Piper Sandler:23.6|Benchmark:82.2|Wedbush:5.2
2026-08-04,GEHC,13.075,9.0135,4,Citigroup:5.1|Evercore ISI Group:17.7|Wells Fargo:23.5|UBS:6
2026-08-04,GILD,11.5,,1,Barclays:11.5
2026-08-04,GLW,37.38,27.3842,5,Morgan Stanley:30.6|Oppenheimer:58.4|Barclays:-1.1|Citigroup:68.7|JP Morgan:30.3
2026-08-04,GM,43.3,,1,Tigress Financial:43.3
2026-08-04,GNRC,48.1,11.9578,3,Stifel:41.6|Barclays:40.8|UBS:61.9
2026-08-04,GRMN,-0.45,1.3435,2,Morgan Stanley:-1.4|Barclays:0.5
2026-08-04,GS,9.5,,1,UBS:9.5
2026-08-04,HBAN,16.5,,1,Truist Securities:16.5
2026-08-04,HCA,4.2,13.2936,2,Mizuho:13.6|Wells Fargo:-5.2
2026-08-04,HIG,0.7,,1,Keefe; Bruyette & Woods:0.7
2026-08-04,HII,17.3,,1,Citigroup:17.3
2026-08-04,HLT,11.925,6.7347,4,Macquarie:2.6|Baird:12.1|Barclays:14.6|Wells Fargo:18.4
2026-08-04,HON,8,,1,B of A Securities:8
2026-08-04,HSIC,10.5,,1,Piper Sandler:10.5
2026-08-04,HST,-1.8,,1,Evercore ISI Group:-1.8
2026-08-04,HSY,10.95,2.0506,2,JP Morgan:9.5|UBS:12.4
2026-08-04,HUM,14.76,12.668,5,Evercore ISI Group:29.1|Guggenheim:26.7|TD Cowen:-0.5|UBS:9|Barclays:9.5
2026-08-04,ICE,19.1333,5.9911,3,TD Cowen:14.2|Barclays:17.4|UBS:25.8
2026-08-04,IEX,18.2,2.418,4,Citigroup:16.5|RBC Capital:21.2|Stifel:16|TD Cowen:19.1
2026-08-04,INCY,6.58,13.0775,5,Guggenheim:16.4|RBC Capital:-15.4|Barclays:12.1|BMO Capital:4.8|Mizuho:15
2026-08-04,INVH,10.2,,1,Oppenheimer:10.2
2026-08-04,IP,15.1286,12.6646,7,JP Morgan:42|Citigroup:9.1|RBC Capital:18.2|Wells Fargo:4.6|Deutsche Bank:13.7|Truist Securities:11.4|UBS:6.9
2026-08-04,IQV,14.2,6.9635,5,JP Morgan:17.9|RBC Capital:2.2|Stifel:14.1|TD Cowen:19.1|Baird:17.7
2026-08-04,IR,23.3,,1,Baird:23.3
2026-08-04,ITW,8.75,11.9501,2,JP Morgan:17.2|Baird:0.3
2026-08-04,IVZ,11.6,9.4694,3,JP Morgan:1.8|RBC Capital:20.7|Barclays:12.3
2026-08-04,JCI,10.4,1.9799,2,Citigroup:9|RBC Capital:11.8
2026-08-04,JNJ,10.8,,1,Wells Fargo:10.8
2026-08-04,JPM,12.7,,1,UBS:12.7
2026-08-04,KKR,18.5,15.0429,3,Barclays:35.7|TD Cowen:7.8|BMO Capital:12
2026-08-04,KLAC,32.58,12.9459,5,Stifel:40.7|Wells Fargo:37.9|Jefferies:12.4|JP Morgan:27.4|Needham:44.5
2026-08-04,KO,8.8429,2.3416,7,JP Morgan:8.3|Piper Sandler:7.2|TD Cowen:12.8|Wells Fargo:7.2|Argus Research:10.7|RBC Capital:9.6|Barclays:6.1
2026-08-04,LH,9.275,6.5637,4,Morgan Stanley:8.2|Truist Securities:12.1|JP Morgan:16.1|Piper Sandler:0.7
2026-08-04,LHX,17.9,14.5664,2,Susquehanna:28.2|UBS:7.6
2026-08-04,LII,19.35,14.4957,2,RBC Capital:9.1|Goldman Sachs:29.6
2026-08-04,LIN,17.3,3.9598,2,Citigroup:20.1|RBC Capital:14.5
2026-08-04,LNT,7.7,2.9698,2,BMO Capital:9.8|Mizuho:5.6
2026-08-04,LOW,21.3,,1,JP Morgan:21.3
2026-08-04,LRCX,13.04,6.7826,5,B. Riley Securities:10|Morgan Stanley:15.3|Wells Fargo:10|Jefferies:6.2|Needham:23.7
2026-08-04,LYB,18.15,12.2195,4,BMO Capital:15.6|JP Morgan:36|Mizuho:12.2|UBS:8.8
2026-08-04,LYV,13.78,7.4637,5,Oppenheimer:13.6|Benchmark:16.3|Guggenheim:17.9|Susquehanna:1.1|Citigroup:20
2026-08-04,MA,18.4,1.8019,4,Morgan Stanley:20|TD Cowen:17.5|Barclays:16.3|Keybanc:19.8
2026-08-04,MAA,5.7,0.1414,2,Piper Sandler:5.6|Cantor Fitzgerald:5.8
2026-08-04,MAR,8.5,,1,Mizuho:8.5
2026-08-04,MAS,14.7,9.9164,5,Truist Securities:19|Barclays:9.5|Citigroup:6.7|Evercore ISI Group:8.1|UBS:30.2
2026-08-04,MCD,8.6,,1,Mizuho:8.6
2026-08-04,MDLZ,11.5667,1.6653,3,JP Morgan:12.9|TD Cowen:9.7|Barclays:12.1
2026-08-04,META,36.6462,9.478,13,Baird:42.6|DA Davidson:33.1|Goldman Sachs:37.8|Piper Sandler:49.2|Susquehanna:23.6|TD Cowen:42.6|UBS:35.9|Wells Fargo:21.7|B of A Securities:49|Barclays:43.5|Cantor Fitzgerald:25.1|Guggenheim:28.8|Keybanc:43.5
2026-08-04,MGM,15.1,,1,Susquehanna:15.1
2026-08-04,MLM,30.6333,4.0673,3,Stephens & Co.:26.8|Citigroup:30.2|UBS:34.9
2026-08-04,MPWR,24.94,13.4124,5,Wells Fargo:20.1|Keybanc:40.1|Needham:33.4|Rosenblatt:5.1|Truist Securities:26
2026-08-04,MRK,17,,1,Barclays:17
2026-08-04,MS,21.7,,1,UBS:21.7
2026-08-04,MSFT,28.0556,12.5805,9,Bernstein:47.8|Citigroup:37|DA Davidson:25.6|Evercore ISI Group:20.6|RBC Capital:46.2|TD Cowen:23.3|Barclays:13.8|Cantor Fitzgerald:16|Piper Sandler:22.2
2026-08-04,MTD,7.36,2.9518,5,Jefferies:7.8|Evercore ISI Group:6.4|Wells Fargo:2.9|Barclays:9|Stifel:10.7
2026-08-04,NCLH,15.2,18.6652,3,Barclays:-4.3|Citigroup:17|Stifel:32.9
2026-08-04,NEM,35.6,,1,Barclays:35.6
2026-08-04,NRG,60.8,,1,Barclays:60.8
2026-08-04,NTRS,1.5,,1,JP Morgan:1.5
2026-08-04,NUE,14.2,0,2,Barclays:14.2|BMO Capital:14.2
2026-08-04,NXPI,7.72,18.6083,5,Mizuho:-24.9|TD Cowen:14.6|Wells Fargo:10.7|Needham:20.8|UBS:17.4
2026-08-04,ODFL,10.9,5.9152,3,Evercore ISI Group:8.7|Stifel:17.6|UBS:6.4
2026-08-04,OMC,21,6.2225,2,Citigroup:25.4|Wells Fargo:16.6
2026-08-04,ON,50.5,,1,B. Riley Securities:50.5
2026-08-04,ORLY,24.05,3.182,2,Morgan Stanley:21.8|TD Cowen:26.3
2026-08-04,PAYX,26,,1,Citigroup:26
2026-08-04,PCAR,13.9,9.111,3,Citigroup:3.8|JP Morgan:21.5|Wells Fargo:16.4
2026-08-04,PFG,-6.2,,1,JP Morgan:-6.2
2026-08-04,PG,18.3,,1,Citigroup:18.3
2026-08-04,PGR,16.3,,1,JP Morgan:16.3
2026-08-04,PKG,25.1,,1,JP Morgan:25.1
2026-08-04,PLTR,58.45,14.6371,2,Citigroup:68.8|Mizuho:48.1
2026-08-04,PM,16.5,0,2,Barclays:16.5|Citigroup:16.5
2026-08-04,PNC,7.6,,1,JP Morgan:7.6
2026-08-04,PNR,9.85,17.1827,2,TD Cowen:-2.3|Baird:22
2026-08-04,PPG,9.6,2.3812,3,Citigroup:7.8|RBC Capital:8.7|UBS:12.3
2026-08-04,PSA,-0.1,,1,RBC Capital:-0.1
2026-08-04,PTC,19.1,13.3246,5,Stifel:21.7|Barclays:14.2|Piper Sandler:15.7|Rosenblatt:40|Citigroup:3.9
2026-08-04,PWR,38.2,14.0007,2,Citigroup:28.3|Truist Securities:48.1
2026-08-04,PYPL,5.7667,9.8427,6,JP Morgan:11.9|Baird:-0.7|Barclays:-0.7|Canaccord Genuity:-4.2|Citigroup:6.3|Keefe; Bruyette & Woods:22
2026-08-04,QCOM,32.2,34.9251,4,Benchmark:84.2|Susquehanna:9.2|TD Cowen:19.4|Wells Fargo:16
2026-08-04,RCL,21.175,7.5927,4,Stifel:31.1|Susquehanna:17.5|Wells Fargo:22.6|Citigroup:13.5
2026-08-04,RDDT,44.48,38.9655,5,B. Riley Securities:82.8|JP Morgan:25.3|Piper Sandler:32|Wells Fargo:-3.9|Truist Securities:86.2
2026-08-04,REG,3.7,,1,Evercore ISI Group:3.7
2026-08-04,REGN,12.0667,19.4744,3,Truist Securities:6.2|Citigroup:-3.8|Guggenheim:33.8
2026-08-04,RF,3,,1,JP Morgan:3
2026-08-04,ROP,5.7,,1,JP Morgan:5.7
2026-08-04,SBAC,24.6,,1,JP Morgan:24.6
2026-08-04,SBUX,10.4,5.5051,4,Citigroup:4.5|Evercore ISI Group:11.9|Wells Fargo:17.3|BTIG:7.9
2026-08-04,SHW,9.4,5.5588,4,BMO Capital:15.1|JP Morgan:8|Morgan Stanley:12.2|Wells Fargo:2.3
2026-08-04,SNA,18.5,,1,Tigress Financial:18.5
2026-08-04,SPGI,27.5,4.996,3,JP Morgan:25.9|Baird:23.5|Barclays:33.1
2026-08-04,STT,0.8,,1,JP Morgan:0.8
2026-08-04,STX,39.65,19.548,10,JP Morgan:57.6|Morgan Stanley:50.9|Susquehanna:11.2|Wedbush:27.1|Wells Fargo:50|Argus Research:2.4|Barclays:42.2|Cantor Fitzgerald:47.9|Citigroup:47.9|Rosenblatt:59.3
2026-08-04,SW,23.8,11.4248,5,RBC Capital:24|Truist Securities:17.8|Wells Fargo:13.7|JP Morgan:43.1|Citigroup:20.4
2026-08-04,SWK,12,,1,Citigroup:12
2026-08-04,SWKS,10.9857,11.7085,7,JP Morgan:10.9|Mizuho:-11.2|Morgan Stanley:22.9|Stifel:19.5|TD Cowen:10.9|UBS:19.5|Citigroup:4.4
2026-08-04,SYF,11.5,,1,UBS:11.5
2026-08-04,SYK,14.95,9.69,4,JP Morgan:6|Piper Sandler:18.1|RBC Capital:27.2|BTIG:8.5
2026-08-04,TER,30.9667,23.7287,3,Cantor Fitzgerald:58.1|Evercore ISI Group:20.7|Morgan Stanley:14.1
2026-08-04,TFC,2.7,,1,JP Morgan:2.7
2026-08-04,TROW,-0.6,8.043,3,Keefe; Bruyette & Woods:2.9|Barclays:-9.8|BMO Capital:5.1
2026-08-04,TSCO,27.5,,1,Argus Research:27.5
2026-08-04,TSLA,51.5,,1,Stifel:51.5
2026-08-04,TT,17.05,10.9602,2,Citigroup:24.8|RBC Capital:9.3
2026-08-04,TYL,39.9,20.2233,2,BTIG:25.6|Piper Sandler:54.2
2026-08-04,UDR,7.6,0,2,Cantor Fitzgerald:7.6|JP Morgan:7.6
2026-08-04,UHS,10.7167,7.5793,6,Barclays:1.5|Guggenheim:14.1|Morgan Stanley:15.3|Baird:0.6|Cantor Fitzgerald:17.6|Goldman Sachs:15.2
2026-08-04,UPS,13,4.5177,3,Oppenheimer:11.4|Stifel:9.5|UBS:18.1
2026-08-04,URI,10.9,,1,Argus Research:10.9
2026-08-04,USB,7.8,,1,JP Morgan:7.8
2026-08-04,V,19.0333,3.3155,9,BMO Capital:13.4|Piper Sandler:20.4|Susquehanna:19.6|UBS:17.6|Baird:15.1|Citigroup:20.5|JP Morgan:23.3|Wells Fargo:18.4|Cantor Fitzgerald:23
2026-08-04,VLO,4.6667,6.9867,3,Barclays:3.4|TD Cowen:12.2|Mizuho:-1.6
2026-08-04,VLTO,14.28,5.8213,5,Citigroup:9.8|RBC Capital:11.9|Stifel:17|Barclays:23.2|UBS:9.5
2026-08-04,VMC,12.85,12.2329,2,Citigroup:21.5|RBC Capital:4.2
2026-08-04,VRSK,18.3667,9.0578,3,Evercore ISI Group:9.1|Wells Fargo:27.2|UBS:18.8
2026-08-04,VRT,46.5,6.2225,2,Citigroup:50.9|RBC Capital:42.1
2026-08-04,VRTX,16.7,,1,TD Cowen:16.7
2026-08-04,VTR,10.8,,1,Cantor Fitzgerald:10.8
2026-08-04,WELL,14,4.8083,2,Citigroup:17.4|RBC Capital:10.6
2026-08-04,WM,15.575,7.3916,4,RBC Capital:6.1|Stifel:13.5|Barclays:22.6|UBS:20.1
2026-08-04,WMT,28.5,,1,Bernstein:28.5
2026-08-04,WTW,15.36,7.2659,5,Wells Fargo:13.6|Truist Securities:20.2|Citigroup:3.5|Keefe; Bruyette & Woods:18.1|UBS:21.4
2026-08-04,WY,12.95,4.3134,2,Truist Securities:9.9|Citigroup:16
2026-08-04,WYNN,26.5,,1,Mizuho:26.5
2026-08-04,XYL,26.98,12.1697,5,Mizuho:5.6|Stifel:30|Baird:35|Barclays:30.1|RBC Capital:34.2
2026-08-04,YUM,7.65,0.0707,2,RBC Capital:7.6|JP Morgan:7.7
2026-08-05,AAPL,7.7333,7.4969,3,Argus Research:12.6|Baird:-0.9|JP Morgan:11.5
2026-08-05,ABBV,17.4,1.9166,4,Canaccord Genuity:17.5|Cantor Fitzgerald:15.5|Morgan Stanley:20|Guggenheim:16.6
2026-08-05,ACGL,18.275,7.9714,4,B of A Securities:29.6|RBC Capital:16|Wells Fargo:16.6|Morgan Stanley:10.9
2026-08-05,ADM,0.2,,1,BMO Capital:0.2
2026-08-05,ADP,9.35,4.0137,4,Citigroup:8.1|Stifel:7.4|Wells Fargo:6.6|Guggenheim:15.3
2026-08-05,AEE,9.85,5.869,2,Goldman Sachs:5.7|Mizuho:14
2026-08-05,AEP,0.7,,1,Barclays:0.7
2026-08-05,AJG,16.6833,6.8898,6,Piper Sandler:16.7|RBC Capital:26.1|Keefe; Bruyette & Woods:10.2|Truist Securities:7.8|Citigroup:17.4|Wells Fargo:21.9
2026-08-05,AME,11,7.3185,3,Citigroup:2.6|Keybanc:16|RBC Capital:14.4
2026-08-05,AMGN,3.2,15.8392,2,Oppenheimer:14.4|Truist Securities:-8
2026-08-05,AMT,10,,1,BMO Capital:10
2026-08-05,AMZN,21.5857,6.1499,7,Cantor Fitzgerald:20.8|Citigroup:32.1|Piper Sandler:20.8|Bernstein:20.8|Needham:13.2|Telsey Advisory Group:26.4|Wedbush:17
2026-08-05,ANET,20.1,1.6971,2,Keybanc:18.9|Wells Fargo:21.3
2026-08-05,AON,14,6.364,2,Citigroup:18.5|UBS:9.5
2026-08-05,AOS,13.3,7.2125,2,Citigroup:8.2|Stifel:18.4
2026-08-05,APD,15.1667,4.3844,3,Mizuho:18.5|Wells Fargo:16.8|Citigroup:10.2
2026-08-05,APH,28.5333,7.9752,3,Citigroup:31.5|Truist Securities:34.6|UBS:19.5
2026-08-05,APTV,55.1,13.9825,3,RBC Capital:64.2|TD Cowen:62.1|Wells Fargo:39
2026-08-05,AVY,16.3,12.4374,3,Citigroup:8|JP Morgan:10.3|UBS:30.6
2026-08-05,AWK,2.5,,1,Mizuho:2.5
2026-08-05,AXP,11.3,,1,UBS:11.3
2026-08-05,AZO,19.5,,1,Barclays:19.5
2026-08-05,BA,23.3,,1,RBC Capital:23.3
2026-08-05,BALL,13.9,,1,Wells Fargo:13.9
2026-08-05,BAX,-2.2,10.7387,3,Wells Fargo:-14.6|Citigroup:4|Stifel:4
2026-08-05,BBY,-4.4,,1,B of A Securities:-4.4
2026-08-05,BEN,3.9,2.2627,2,Evercore ISI Group:5.5|Barclays:2.3
2026-08-05,BIIB,15.7,7.9385,4,Canaccord Genuity:21.3|HC Wainwright & Co.:22.8|Morgan Stanley:13|Citigroup:5.7
2026-08-05,BKNG,23.7,11.5966,2,B. Riley Securities:31.9|Oppenheimer:15.5
2026-08-05,BLDR,31.3,7.184,3,RBC Capital:33.8|Barclays:23.2|Truist Securities:36.9
2026-08-05,BMY,10.325,4.3254,4,JP Morgan:12.3|Guggenheim:15.4|Truist Securities:7.7|Citigroup:5.9
2026-08-05,BRO,3.8,4.8083,2,BMO Capital:0.4|Citigroup:7.2
2026-08-05,BSX,33.85,20.4053,4,Canaccord Genuity:45.8|RBC Capital:54.6|Truist Securities:25.9|Wells Fargo:9.1
2026-08-05,BX,14.3,,1,Argus Research:14.3
2026-08-05,BXP,-1.6,,1,Citigroup:-1.6
2026-08-05,CAT,25.5,20.5061,2,Baird:11|Truist Securities:40
2026-08-05,CBOE,12.4,11.738,2,TD Cowen:4.1|Barclays:20.7
2026-08-05,CBRE,21.5333,5.8287,3,Evercore ISI Group:19|Keefe; Bruyette & Woods:17.4|UBS:28.2
2026-08-05,CHD,-3.5,,1,TD Cowen:-3.5
2026-08-05,CHRW,46.4,,1,Evercore ISI Group:46.4
2026-08-05,CI,14.55,0.2121,2,Raymond James:14.7|Jefferies:14.4
2026-08-05,CINF,8.15,4.3134,2,B of A Securities:11.2|Keefe; Bruyette & Woods:5.1
2026-08-05,CL,10.1,10.1702,4,Evercore ISI Group:9.3|JP Morgan:11.5|TD Cowen:-2.6|UBS:22.2
2026-08-05,CLX,-0.6667,6.8806,3,JP Morgan:-3.1|UBS:7.1|Evercore ISI Group:-6
2026-08-05,CMG,20.1,0,2,TD Cowen:20.1|Argus Research:20.1
2026-08-05,CNC,29,1.8385,2,Barclays:30.3|Bernstein:27.7
2026-08-05,COF,27.7,,1,UBS:27.7
2026-08-05,COIN,45.2,29.5926,7,Oppenheimer:26.1|Benchmark:50.2|Canaccord Genuity:96|HC Wainwright & Co.:73.1|Needham:15.6|Rosenblatt:30.6|Cantor Fitzgerald:24.8
2026-08-05,CSGP,22.05,27.5065,2,Keefe; Bruyette & Woods:2.6|Needham:41.5
2026-08-05,CTSH,29.3667,20.8974,3,Citigroup:11.4|Susquehanna:52.3|Wells Fargo:24.4
2026-08-05,CVNA,46.5857,22.3802,7,RBC Capital:39.1|Morgan Stanley:44.9|Needham:93.2|Wells Fargo:28.8|Barclays:49.7|Citigroup:44.9|BTIG:25.5
2026-08-05,CVX,7,,1,Bernstein:7
2026-08-05,DDOG,1.2,,1,Canaccord Genuity:1.2
2026-08-05,DIS,38.6,,1,Citigroup:38.6
2026-08-05,DLR,10.85,3.3234,2,Truist Securities:13.2|Argus Research:8.5
2026-08-05,DXCM,12.2286,7.1691,7,JP Morgan:2.7|Mizuho:18.9|Piper Sandler:18.9|RBC Capital:12.7|Citigroup:10.2|Stifel:18.9|Canaccord Genuity:3.3
2026-08-05,ECL,4.6,,1,Wells Fargo:4.6
2026-08-05,EG,9.7,6.525,5,Evercore ISI Group:-0.4|Barclays:16.5|Mizuho:12.7|Wells Fargo:7.3|Citigroup:12.4
2026-08-05,EIX,-1.2,,1,Barclays:-1.2
2026-08-05,EMR,14.75,1.3435,2,Citigroup:15.7|RBC Capital:13.8
2026-08-05,EQIX,15.88,3.8519,5,Stifel:19.2|TD Cowen:9.8|UBS:19.2|Truist Securities:15.3|RBC Capital:15.9
2026-08-05,ES,3.8,,1,Mizuho:3.8
2026-08-05,ESS,11.15,0.0707,2,RBC Capital:11.1|Cantor Fitzgerald:11.2
2026-08-05,ETN,20.45,4.5962,2,Citigroup:17.2|RBC Capital:23.7
2026-08-05,EXPE,1.8,,1,Truist Securities:1.8
2026-08-05,FANG,26.85,14.3543,2,Truist Securities:16.7|Wells Fargo:37
2026-08-05,FE,11.2,,1,Barclays:11.2
2026-08-05,FICO,34.6333,9.711,3,RBC Capital:32.6|Wells Fargo:26.1|Needham:45.2
2026-08-05,FIS,16.9667,12.9817,3,Citigroup:2.5|Keefe; Bruyette & Woods:27.6|RBC Capital:20.8
2026-08-05,FLEX,33.4,15.9806,2,Goldman Sachs:44.7|Barclays:22.1
2026-08-05,FSLR,18.5,15.4149,2,Truist Securities:7.6|Guggenheim:29.4
2026-08-05,FTV,13.4,,1,Truist Securities:13.4
2026-08-05,GD,14.66,7.1588,5,Citigroup:7.2|Morgan Stanley:23.4|RBC Capital:8.8|Susquehanna:20.7|Wells Fargo:13.2
2026-08-05,GDDY,58.075,53.4282,4,B. Riley Securities:121.3|Piper Sandler:23.6|Benchmark:82.2|Wedbush:5.2
2026-08-05,GEHC,13.075,9.0135,4,Citigroup:5.1|Evercore ISI Group:17.7|Wells Fargo:23.5|UBS:6
2026-08-05,GILD,0.95,14.92,2,Barclays:11.5|RBC Capital:-9.6
2026-08-05,GLW,32.6333,34.9585,3,Barclays:-1.1|Citigroup:68.7|JP Morgan:30.3
2026-08-05,GNRC,48.1,11.9578,3,Stifel:41.6|Barclays:40.8|UBS:61.9
2026-08-05,GRMN,-0.45,1.3435,2,Morgan Stanley:-1.4|Barclays:0.5
2026-08-05,GS,9.5,,1,UBS:9.5
2026-08-05,GWW,7.55,2.8991,2,Oppenheimer:5.5|RBC Capital:9.6
2026-08-05,HCA,-5.2,,1,Wells Fargo:-5.2
2026-08-05,HII,17.3,,1,Citigroup:17.3
2026-08-05,HLT,15.0333,3.1723,3,Baird:12.1|Barclays:14.6|Wells Fargo:18.4
2026-08-05,HSIC,5.4,,1,UBS:5.4
2026-08-05,HSY,10.95,2.0506,2,JP Morgan:9.5|UBS:12.4
2026-08-05,HUM,14.76,12.668,5,Evercore ISI Group:29.1|Guggenheim:26.7|TD Cowen:-0.5|UBS:9|Barclays:9.5
2026-08-05,ICE,19.1333,5.9911,3,TD Cowen:14.2|Barclays:17.4|UBS:25.8
2026-08-05,IEX,18.2,2.418,4,Citigroup:16.5|RBC Capital:21.2|Stifel:16|TD Cowen:19.1
2026-08-05,INCY,10.6333,5.2558,3,Barclays:12.1|BMO Capital:4.8|Mizuho:15
2026-08-05,INVH,10.2,,1,Oppenheimer:10.2
2026-08-05,IP,10.65,4.8977,6,Citigroup:9.1|RBC Capital:18.2|Wells Fargo:4.6|Deutsche Bank:13.7|Truist Securities:11.4|UBS:6.9
2026-08-05,IQV,17.7,,1,Baird:17.7
2026-08-05,IR,23.3,,1,Baird:23.3
2026-08-05,IT,-12.2333,8.2646,3,Goldman Sachs:-3.7|RBC Capital:-12.8|Wells Fargo:-20.2
2026-08-05,ITW,0.3,,1,Baird:0.3
2026-08-05,IVZ,12.3,,1,Barclays:12.3
2026-08-05,J,20.1,,1,RBC Capital:20.1
2026-08-05,JCI,10.4,1.9799,2,Citigroup:9|RBC Capital:11.8
2026-08-05,JNJ,10.8,,1,Wells Fargo:10.8
2026-08-05,JPM,12.7,,1,UBS:12.7
2026-08-05,KKR,18.5,15.0429,3,Barclays:35.7|TD Cowen:7.8|BMO Capital:12
2026-08-05,KLAC,28.1,16.0614,3,Jefferies:12.4|JP Morgan:27.4|Needham:44.5
2026-08-05,KMB,-6.4,,1,TD Cowen:-6.4
2026-08-05,KO,8.8,2.4021,3,Argus Research:10.7|RBC Capital:9.6|Barclays:6.1
2026-08-05,LDOS,18.75,17.4655,2,RBC Capital:31.1|UBS:6.4
2026-08-05,LH,9.275,6.5637,4,Morgan Stanley:8.2|Truist Securities:12.1|JP Morgan:16.1|Piper Sandler:0.7
2026-08-05,LHX,17.9,14.5664,2,Susquehanna:28.2|UBS:7.6
2026-08-05,LII,19.35,14.4957,2,RBC Capital:9.1|Goldman Sachs:29.6
2026-08-05,LIN,17.3,3.9598,2,Citigroup:20.1|RBC Capital:14.5
2026-08-05,LNT,7.7,2.9698,2,BMO Capital:9.8|Mizuho:5.6
2026-08-05,LOW,21.3,,1,JP Morgan:21.3
2026-08-05,LRCX,13.04,6.7826,5,B. Riley Securities:10|Morgan Stanley:15.3|Wells Fargo:10|Jefferies:6.2|Needham:23.7
2026-08-05,LYB,18.08,10.5836,5,BMO Capital:15.6|JP Morgan:36|Mizuho:12.2|UBS:8.8|RBC Capital:17.8
2026-08-05,LYV,13.78,7.4637,5,Oppenheimer:13.6|Benchmark:16.3|Guggenheim:17.9|Susquehanna:1.1|Citigroup:20
2026-08-05,MA,18.4,1.8019,4,Morgan Stanley:20|TD Cowen:17.5|Barclays:16.3|Keybanc:19.8
2026-08-05,MAA,5.7,0.1414,2,Piper Sandler:5.6|Cantor Fitzgerald:5.8
2026-08-05,MAR,11.32,8.0459,5,Mizuho:8.5|Baird:12.8|Barclays:-0.1|BMO Capital:13.4|Wells Fargo:22
2026-08-05,MAS,14.7,9.9164,5,Truist Securities:19|Barclays:9.5|Citigroup:6.7|Evercore ISI Group:8.1|UBS:30.2
2026-08-05,MCD,8.6,,1,Mizuho:8.6
2026-08-05,MDLZ,12.1,,1,Barclays:12.1
2026-08-05,META,36.6462,9.478,13,Baird:42.6|DA Davidson:33.1|Goldman Sachs:37.8|Piper Sandler:49.2|Susquehanna:23.6|TD Cowen:42.6|UBS:35.9|Wells Fargo:21.7|B of A Securities:49|Barclays:43.5|Cantor Fitzgerald:25.1|Guggenheim:28.8|Keybanc:43.5
2026-08-05,MLM,30.6333,4.0673,3,Stephens & Co.:26.8|Citigroup:30.2|UBS:34.9
2026-08-05,MPC,10.15,12.7986,2,Citigroup:1.1|TD Cowen:19.2
2026-08-05,MPWR,24.94,13.4124,5,Wells Fargo:20.1|Keybanc:40.1|Needham:33.4|Rosenblatt:5.1|Truist Securities:26
2026-08-05,MRK,17,,1,Barclays:17
2026-08-05,MS,21.7,,1,UBS:21.7
2026-08-05,MSFT,29.15,12.3556,10,Bernstein:47.8|Citigroup:37|DA Davidson:25.6|Evercore ISI Group:20.6|RBC Capital:46.2|TD Cowen:23.3|Barclays:13.8|Cantor Fitzgerald:16|Piper Sandler:22.2|Tigress Financial:39
2026-08-05,MTD,6.1833,3.9087,6,Jefferies:7.8|Evercore ISI Group:6.4|Wells Fargo:2.9|Barclays:9|Stifel:10.7|Morgan Stanley:0.3
2026-08-05,NCLH,15.2,18.6652,3,Barclays:-4.3|Citigroup:17|Stifel:32.9
2026-08-05,NKE,-4,,1,JP Morgan:-4
2026-08-05,NTRS,1.5,,1,JP Morgan:1.5
2026-08-05,NUE,14.2,0,2,Barclays:14.2|BMO Capital:14.2
2026-08-05,NXPI,19.1,2.4042,2,Needham:20.8|UBS:17.4
2026-08-05,ODFL,10.9,5.9152,3,Evercore ISI Group:8.7|Stifel:17.6|UBS:6.4
2026-08-05,OMC,21,6.2225,2,Citigroup:25.4|Wells Fargo:16.6
2026-08-05,ON,37.0667,13.2538,3,B. Riley Securities:50.5|Baird:36.7|Citigroup:24
2026-08-05,ORLY,24.05,3.182,2,Morgan Stanley:21.8|TD Cowen:26.3
2026-08-05,PAYX,26,,1,Citigroup:26
2026-08-05,PCAR,13.9,9.111,3,Citigroup:3.8|JP Morgan:21.5|Wells Fargo:16.4
2026-08-05,PEG,13.6,4.6669,2,Citigroup:10.3|Wells Fargo:16.9
2026-08-05,PFG,-6.2,,1,JP Morgan:-6.2
2026-08-05,PG,18.3,,1,Citigroup:18.3
2026-08-05,PGR,16.3,,1,JP Morgan:16.3
2026-08-05,PLD,14.4,,1,RBC Capital:14.4
2026-08-05,PLTR,45.6,18.6714,4,Citigroup:68.8|Mizuho:48.1|Deutsche Bank:23.5|Piper Sandler:42
2026-08-05,PM,16.5,0,2,Barclays:16.5|Citigroup:16.5
2026-08-05,PNR,22,,1,Baird:22
2026-08-05,PPG,9.6,2.3812,3,Citigroup:7.8|RBC Capital:8.7|UBS:12.3
2026-08-05,PSA,-0.1,,1,RBC Capital:-0.1
2026-08-05,PTC,19.1,13.3246,5,Stifel:21.7|Barclays:14.2|Piper Sandler:15.7|Rosenblatt:40|Citigroup:3.9
2026-08-05,PWR,38.2,14.0007,2,Citigroup:28.3|Truist Securities:48.1
2026-08-05,PYPL,4.54,10.4792,5,Baird:-0.7|Barclays:-0.7|Canaccord Genuity:-4.2|Citigroup:6.3|Keefe; Bruyette & Woods:22
2026-08-05,QCOM,32.2,34.9251,4,Benchmark:84.2|Susquehanna:9.2|TD Cowen:19.4|Wells Fargo:16
2026-08-05,RCL,13.5,,1,Citigroup:13.5
2026-08-05,RDDT,44.48,38.9655,5,B. Riley Securities:82.8|JP Morgan:25.3|Piper Sandler:32|Wells Fargo:-3.9|Truist Securities:86.2
2026-08-05,REG,3.7,,1,Evercore ISI Group:3.7
2026-08-05,REGN,12.0667,19.4744,3,Truist Securities:6.2|Citigroup:-3.8|Guggenheim:33.8
2026-08-05,RL,19,,1,JP Morgan:19
2026-08-05,ROK,19.1,,1,Citigroup:19.1
2026-08-05,RVTY,12,,1,Evercore ISI Group:12
2026-08-05,SBAC,23.1333,6.3288,3,JP Morgan:24.6|Morgan Stanley:16.2|Truist Securities:28.6
2026-08-05,SBUX,10.4,5.5051,4,Citigroup:4.5|Evercore ISI Group:11.9|Wells Fargo:17.3|BTIG:7.9
2026-08-05,SNA,18.5,,1,Tigress Financial:18.5
2026-08-05,SPGI,28.3,6.7882,2,Baird:23.5|Barclays:33.1
2026-08-05,STT,0.8,,1,JP Morgan:0.8
2026-08-05,STX,39.94,21.8855,5,Argus Research:2.4|Barclays:42.2|Cantor Fitzgerald:47.9|Citigroup:47.9|Rosenblatt:59.3
2026-08-05,SW,22.4167,10.7658,6,RBC Capital:24|Truist Securities:17.8|Wells Fargo:13.7|JP Morgan:43.1|Citigroup:20.4|Barclays:15.5
2026-08-05,SWK,12,,1,Citigroup:12
2026-08-05,SWKS,4.4,,1,Citigroup:4.4
2026-08-05,SYF,11.5,,1,UBS:11.5
2026-08-05,SYK,14.95,9.69,4,JP Morgan:6|Piper Sandler:18.1|RBC Capital:27.2|BTIG:8.5
2026-08-05,SYY,1.2,1.6971,2,Citigroup:2.4|Piper Sandler:0
2026-08-05,TER,30.9667,23.7287,3,Cantor Fitzgerald:58.1|Evercore ISI Group:20.7|Morgan Stanley:14.1
2026-08-05,TPR,34.2,,1,JP Morgan:34.2
2026-08-05,TROW,-0.6,8.043,3,Keefe; Bruyette & Woods:2.9|Barclays:-9.8|BMO Capital:5.1
2026-08-05,TSLA,51.5,,1,Stifel:51.5
2026-08-05,TT,17.05,10.9602,2,Citigroup:24.8|RBC Capital:9.3
2026-08-05,TYL,39.9,20.2233,2,BTIG:25.6|Piper Sandler:54.2
2026-08-05,UDR,7.6,0,2,Cantor Fitzgerald:7.6|JP Morgan:7.6
2026-08-05,UHS,11.1333,9.2007,3,Baird:0.6|Cantor Fitzgerald:17.6|Goldman Sachs:15.2
2026-08-05,URI,10.9,,1,Argus Research:10.9
2026-08-05,V,18.2333,5.4184,6,Baird:15.1|Citigroup:20.5|JP Morgan:23.3|Wells Fargo:18.4|Cantor Fitzgerald:23|Truist Securities:9.1
2026-08-05,VLO,4.6667,6.9867,3,Barclays:3.4|TD Cowen:12.2|Mizuho:-1.6
2026-08-05,VLTO,14.28,5.8213,5,Citigroup:9.8|RBC Capital:11.9|Stifel:17|Barclays:23.2|UBS:9.5
2026-08-05,VMC,12.85,12.2329,2,Citigroup:21.5|RBC Capital:4.2
2026-08-05,VRSK,18.3667,9.0578,3,Evercore ISI Group:9.1|Wells Fargo:27.2|UBS:18.8
2026-08-05,VRT,46.5,6.2225,2,Citigroup:50.9|RBC Capital:42.1
2026-08-05,VRTX,11.325,14.0139,4,TD Cowen:16.7|Canaccord Genuity:-9.3|Cantor Fitzgerald:22|Truist Securities:15.9
2026-08-05,VTR,10.8,,1,Cantor Fitzgerald:10.8
2026-08-05,WAT,8.2333,9.7372,3,Evercore ISI Group:5.3|TD Cowen:19.1|Wells Fargo:0.3
2026-08-05,WELL,15.4667,4.2442,3,Citigroup:17.4|RBC Capital:10.6|Keybanc:18.4
2026-08-05,WM,15.575,7.3916,4,RBC Capital:6.1|Stifel:13.5|Barclays:22.6|UBS:20.1
2026-08-05,WMB,25.8,,1,Wells Fargo:25.8
2026-08-05,WMT,28.5,,1,Bernstein:28.5
2026-08-05,WTW,15.36,7.2659,5,Wells Fargo:13.6|Truist Securities:20.2|Citigroup:3.5|Keefe; Bruyette & Woods:18.1|UBS:21.4
2026-08-05,WY,12.95,4.3134,2,Truist Securities:9.9|Citigroup:16
2026-08-05,WYNN,40.1,,1,Macquarie:40.1
2026-08-05,XYL,33.1,2.6287,3,Baird:35|Barclays:30.1|RBC Capital:34.2
2026-08-05,YUM,7.65,0.0707,2,RBC Capital:7.6|JP Morgan:7.7
2026-08-06,AAPL,11.5,,1,JP Morgan:11.5
2026-08-06,ABBV,17.4,1.9166,4,Canaccord Genuity:17.5|Cantor Fitzgerald:15.5|Morgan Stanley:20|Guggenheim:16.6
2026-08-06,ACGL,9.7,7.5717,3,Wells Fargo:16.6|Morgan Stanley:10.9|BMO Capital:1.6
2026-08-06,ADM,5.0667,8.1709,3,BMO Capital:0.2|Barclays:14.5|Morgan Stanley:0.5
2026-08-06,ADP,14.8,0.7071,2,Guggenheim:15.3|Cantor Fitzgerald:14.3
2026-08-06,AEE,9.85,5.869,2,Goldman Sachs:5.7|Mizuho:14
2026-08-06,AEP,0.7,,1,Barclays:0.7
2026-08-06,AIZ,13.65,6.1518,2,Piper Sandler:9.3|Truist Securities:18
2026-08-06,AJG,16.6833,6.8898,6,Piper Sandler:16.7|RBC Capital:26.1|Keefe; Bruyette & Woods:10.2|Truist Securities:7.8|Citigroup:17.4|Wells Fargo:21.9
2026-08-06,AMD,24.95,3.182,2,Evercore ISI Group:22.7|Wedbush:27.2
2026-08-06,AME,13.05,6.9472,6,Citigroup:2.6|Keybanc:16|RBC Capital:14.4|BMO Capital:10.3|DA Davidson:11.4|Truist Securities:23.6
2026-08-06,AMGN,-0.36,15.3025,5,Oppenheimer:14.4|Truist Securities:-8|B of A Securities:-23.4|Goldman Sachs:8.8|UBS:6.4
2026-08-06,AMZN,21.5857,6.1499,7,Cantor Fitzgerald:20.8|Citigroup:32.1|Piper Sandler:20.8|Bernstein:20.8|Needham:13.2|Telsey Advisory Group:26.4|Wedbush:17
2026-08-06,ANET,29.2333,9.8968,6,Keybanc:18.9|Wells Fargo:21.3|B of A Securities:24.7|Evercore ISI Group:29.9|Needham:35.1|Rosenblatt:45.5
2026-08-06,AON,9.5,,1,UBS:9.5
2026-08-06,AOS,13.3,7.2125,2,Citigroup:8.2|Stifel:18.4
2026-08-06,APD,16.625,4.6176,4,Mizuho:18.5|Wells Fargo:16.8|Citigroup:10.2|RBC Capital:21
2026-08-06,APH,19.5,,1,UBS:19.5
2026-08-06,APO,20.1,,1,Barclays:20.1
2026-08-06,APP,98.9333,29.8867,3,Macquarie:83.2|UBS:133.4|Wedbush:80.2
2026-08-06,APTV,45.8,21.8243,4,RBC Capital:64.2|TD Cowen:62.1|Wells Fargo:39|Morgan Stanley:17.9
2026-08-06,ARE,2.3,,1,Cantor Fitzgerald:2.3
2026-08-06,AVY,16.3,12.4374,3,Citigroup:8|JP Morgan:10.3|UBS:30.6
2026-08-06,AWK,2.5,,1,Mizuho:2.5
2026-08-06,AXON,11.5333,11.4845,3,Morgan Stanley:8.6|Piper Sandler:24.2|UBS:1.8
2026-08-06,AXP,11.3,,1,UBS:11.3
2026-08-06,AZO,19.5,,1,Barclays:19.5
2026-08-06,BALL,8.65,7.4246,2,Wells Fargo:13.9|UBS:3.4
2026-08-06,BAX,-2.2,10.7387,3,Wells Fargo:-14.6|Citigroup:4|Stifel:4
2026-08-06,BBY,-1.85,3.6062,2,B of A Securities:-4.4|Jefferies:0.7
2026-08-06,BEN,3.9,2.2627,2,Evercore ISI Group:5.5|Barclays:2.3
2026-08-06,BIIB,5.7,,1,Citigroup:5.7
2026-08-06,BKNG,21.75,7.0868,4,B. Riley Securities:31.9|Oppenheimer:15.5|BMO Capital:20.5|Wedbush:19.1
2026-08-06,BLDR,31.3,7.184,3,RBC Capital:33.8|Barclays:23.2|Truist Securities:36.9
2026-08-06,BMY,10.325,4.3254,4,JP Morgan:12.3|Guggenheim:15.4|Truist Securities:7.7|Citigroup:5.9
2026-08-06,BR,8.8,,1,Morgan Stanley:8.8
2026-08-06,BSX,9.1,,1,Wells Fargo:9.1
2026-08-06,BXP,-1.6,,1,Citigroup:-1.6
2026-08-06,CAT,40,,1,Truist Securities:40
2026-08-06,CBOE,12.4,11.738,2,TD Cowen:4.1|Barclays:20.7
2026-08-06,CBRE,22.8,7.6368,2,Keefe; Bruyette & Woods:17.4|UBS:28.2
2026-08-06,CDW,23.2,,1,Morgan Stanley:23.2
2026-08-06,CHD,-3.5,,1,TD Cowen:-3.5
2026-08-06,CI,14.55,0.2121,2,Raymond James:14.7|Jefferies:14.4
2026-08-06,CINF,8.15,4.3134,2,B of A Securities:11.2|Keefe; Bruyette & Woods:5.1
2026-08-06,CL,10.1,10.1702,4,Evercore ISI Group:9.3|JP Morgan:11.5|TD Cowen:-2.6|UBS:22.2
2026-08-06,CLX,-0.6667,6.8806,3,JP Morgan:-3.1|UBS:7.1|Evercore ISI Group:-6
2026-08-06,CMG,25.9,8.2024,2,Argus Research:20.1|BTIG:31.7
2026-08-06,CMI,29.6,,1,UBS:29.6
2026-08-06,CNC,27.7,,1,Bernstein:27.7
2026-08-06,COF,27.7,,1,UBS:27.7
2026-08-06,COIN,45.2,29.5926,7,Oppenheimer:26.1|Benchmark:50.2|Canaccord Genuity:96|HC Wainwright & Co.:73.1|Needham:15.6|Rosenblatt:30.6|Cantor Fitzgerald:24.8
2026-08-06,COR,21.15,17.607,2,Evercore ISI Group:8.7|UBS:33.6
2026-08-06,CPAY,6.7,,1,UBS:6.7
2026-08-06,CVNA,47.8333,24.2482,6,Morgan Stanley:44.9|Needham:93.2|Wells Fargo:28.8|Barclays:49.7|Citigroup:44.9|BTIG:25.5
2026-08-06,CVS,23.8,,1,Evercore ISI Group:23.8
2026-08-06,CVX,7,,1,Bernstein:7
2026-08-06,DASH,46.95,13.5057,2,Benchmark:37.4|Truist Securities:56.5
2026-08-06,DD,20.4,,1,UBS:20.4
2026-08-06,DDOG,1.2,,1,Canaccord Genuity:1.2
2026-08-06,DIS,22.15,8.9727,4,Argus Research:30.7|Barclays:12.2|Guggenheim:17|Wells Fargo:28.7
2026-08-06,DLR,8.5,,1,Argus Research:8.5
2026-08-06,DUK,5.7,0,2,Barclays:5.7|BMO Capital:5.7
2026-08-06,DVA,20.4,,1,Barclays:20.4
2026-08-06,DXCM,12.2286,7.1691,7,JP Morgan:2.7|Mizuho:18.9|Piper Sandler:18.9|RBC Capital:12.7|Citigroup:10.2|Stifel:18.9|Canaccord Genuity:3.3
2026-08-06,EBAY,19.2,0.5657,2,Benchmark:19.6|Piper Sandler:18.8
2026-08-06,EG,12.225,3.7766,4,Barclays:16.5|Mizuho:12.7|Wells Fargo:7.3|Citigroup:12.4
2026-08-06,EIX,-1.2,,1,Barclays:-1.2
2026-08-06,EMR,14.75,1.3435,2,Citigroup:15.7|RBC Capital:13.8
2026-08-06,EOG,12,,1,Truist Securities:12
2026-08-06,EQIX,15.6,0.4243,2,Truist Securities:15.3|RBC Capital:15.9
2026-08-06,ES,3.8,,1,Mizuho:3.8
2026-08-06,ESS,11.15,0.0707,2,RBC Capital:11.1|Cantor Fitzgerald:11.2
2026-08-06,ETN,20.45,4.5962,2,Citigroup:17.2|RBC Capital:23.7
2026-08-06,EXPD,4.7667,14.6083,3,Barclays:-11.8|JP Morgan:10.3|UBS:15.8
2026-08-06,EXPE,4.2,5.7862,3,Truist Securities:1.8|Benchmark:10.8|Piper Sandler:0
2026-08-06,FANG,26.85,14.3543,2,Truist Securities:16.7|Wells Fargo:37
2026-08-06,FE,11.2,,1,Barclays:11.2
2026-08-06,FICO,45.2,,1,Needham:45.2
2026-08-06,FIS,13.025,13.2097,4,Citigroup:2.5|Keefe; Bruyette & Woods:27.6|RBC Capital:20.8|Barclays:1.2
2026-08-06,FLEX,22.1,,1,Barclays:22.1
2026-08-06,FSLR,18.5,15.4149,2,Truist Securities:7.6|Guggenheim:29.4
2026-08-06,GD,13.2,,1,Wells Fargo:13.2
2026-08-06,GDDY,58.075,53.4282,4,B. Riley Securities:121.3|Piper Sandler:23.6|Benchmark:82.2|Wedbush:5.2
2026-08-06,GEHC,14.75,12.3744,2,Wells Fargo:23.5|UBS:6
2026-08-06,GILD,3.05,17.8898,2,RBC Capital:-9.6|Cantor Fitzgerald:15.7
2026-08-06,GNRC,51.35,14.92,2,Barclays:40.8|UBS:61.9
2026-08-06,GPN,4,,1,UBS:4
2026-08-06,GRMN,0.5,,1,Barclays:0.5
2026-08-06,GS,9.5,,1,UBS:9.5
2026-08-06,GWW,7.55,2.8991,2,Oppenheimer:5.5|RBC Capital:9.6
2026-08-06,HCA,-5.2,,1,Wells Fargo:-5.2
2026-08-06,HII,17.3,,1,Citigroup:17.3
2026-08-06,HLT,18.4,,1,Wells Fargo:18.4
2026-08-06,HSIC,5.4,,1,UBS:5.4
2026-08-06,HSY,10.95,2.0506,2,JP Morgan:9.5|UBS:12.4
2026-08-06,HUM,12.4667,12.6467,6,Evercore ISI Group:29.1|Guggenheim:26.7|TD Cowen:-0.5|UBS:9|Barclays:9.5|Morgan Stanley:1
2026-08-06,ICE,19.1333,5.9911,3,TD Cowen:14.2|Barclays:17.4|UBS:25.8
2026-08-06,IDXX,14.4,,1,UBS:14.4
2026-08-06,IFF,4.7,,1,UBS:4.7
2026-08-06,INCY,15,,1,Mizuho:15
2026-08-06,INVH,10.2,,1,Oppenheimer:10.2
2026-08-06,IP,10.65,4.8977,6,Citigroup:9.1|RBC Capital:18.2|Wells Fargo:4.6|Deutsche Bank:13.7|Truist Securities:11.4|UBS:6.9
2026-08-06,IR,23.3,,1,Baird:23.3
2026-08-06,IRM,10,,1,Wells Fargo:10
2026-08-06,IT,-7.55,11.5443,4,Goldman Sachs:-3.7|RBC Capital:-12.8|Wells Fargo:-20.2|UBS:6.5
2026-08-06,J,20.1,,1,RBC Capital:20.1
2026-08-06,JNJ,10.8,,1,Wells Fargo:10.8
2026-08-06,JPM,12.7,,1,UBS:12.7
2026-08-06,KHC,-4.2667,9.7618,3,Piper Sandler:-3|TD Cowen:-14.6|UBS:4.8
2026-08-06,KKR,18.5,15.0429,3,Barclays:35.7|TD Cowen:7.8|BMO Capital:12
2026-08-06,KMB,-1.7,6.6468,2,TD Cowen:-6.4|UBS:3
2026-08-06,KO,6.1,,1,Barclays:6.1
2026-08-06,LDOS,18.75,17.4655,2,RBC Capital:31.1|UBS:6.4
2026-08-06,LH,9.275,6.5637,4,Morgan Stanley:8.2|Truist Securities:12.1|JP Morgan:16.1|Piper Sandler:0.7
2026-08-06,LHX,17.9,14.5664,2,Susquehanna:28.2|UBS:7.6
2026-08-06,LII,29.6,,1,Goldman Sachs:29.6
2026-08-06,LIN,17.3,3.9598,2,Citigroup:20.1|RBC Capital:14.5
2026-08-06,LLY,11.2,,1,Wells Fargo:11.2
2026-08-06,LNT,7.7,2.9698,2,BMO Capital:9.8|Mizuho:5.6
2026-08-06,LOW,21.3,,1,JP Morgan:21.3
2026-08-06,LRCX,14.95,12.3744,2,Jefferies:6.2|Needham:23.7
2026-08-06,LYB,18.08,10.5836,5,BMO Capital:15.6|JP Morgan:36|Mizuho:12.2|UBS:8.8|RBC Capital:17.8
2026-08-06,LYV,13.78,7.4637,5,Oppenheimer:13.6|Benchmark:16.3|Guggenheim:17.9|Susquehanna:1.1|Citigroup:20
2026-08-06,MA,18.4,1.8019,4,Morgan Stanley:20|TD Cowen:17.5|Barclays:16.3|Keybanc:19.8
2026-08-06,MAA,5.7,0.1414,2,Piper Sandler:5.6|Cantor Fitzgerald:5.8
2026-08-06,MAR,9.5667,8.3806,6,Mizuho:8.5|Baird:12.8|Barclays:-0.1|BMO Capital:13.4|Wells Fargo:22|Macquarie:0.8
2026-08-06,MAS,13.625,11.109,4,Barclays:9.5|Citigroup:6.7|Evercore ISI Group:8.1|UBS:30.2
2026-08-06,MCD,8.0667,2.7392,3,Mizuho:8.6|Guggenheim:5.1|Keybanc:10.5
2026-08-06,MCK,12.7667,4.8911,3,Evercore ISI Group:9.6|TD Cowen:10.3|UBS:18.4
2026-08-06,MDLZ,12.1,,1,Barclays:12.1
2026-08-06,MET,-1.6,,1,Barclays:-1.6
2026-08-06,META,37.98,10.3989,5,B of A Securities:49|Barclays:43.5|Cantor Fitzgerald:25.1|Guggenheim:28.8|Keybanc:43.5
2026-08-06,MLM,30.6333,4.0673,3,Stephens & Co.:26.8|Citigroup:30.2|UBS:34.9
2026-08-06,MPC,8.7333,9.3767,3,Citigroup:1.1|TD Cowen:19.2|Barclays:5.9
2026-08-06,MPWR,24.94,13.4124,5,Wells Fargo:20.1|Keybanc:40.1|Needham:33.4|Rosenblatt:5.1|Truist Securities:26
2026-08-06,MS,21.7,,1,UBS:21.7
2026-08-06,MSFT,22.75,11.4022,4,Barclays:13.8|Cantor Fitzgerald:16|Piper Sandler:22.2|Tigress Financial:39
2026-08-06,MSI,11.5,0.1414,2,Barclays:11.4|Piper Sandler:11.6
2026-08-06,MTD,6.1833,3.9087,6,Jefferies:7.8|Evercore ISI Group:6.4|Wells Fargo:2.9|Barclays:9|Stifel:10.7|Morgan Stanley:0.3
2026-08-06,NCLH,15.2,18.6652,3,Barclays:-4.3|Citigroup:17|Stifel:32.9
2026-08-06,NKE,-4,,1,JP Morgan:-4
2026-08-06,NTRS,1.5,,1,JP Morgan:1.5
2026-08-06,NXPI,17.4,,1,UBS:17.4
2026-08-06,ODFL,6.4,,1,UBS:6.4
2026-08-06,ON,37.0667,13.2538,3,B. Riley Securities:50.5|Baird:36.7|Citigroup:24
2026-08-06,ORLY,26.3,,1,TD Cowen:26.3
2026-08-06,PEG,13.6,4.6669,2,Citigroup:10.3|Wells Fargo:16.9
2026-08-06,PFG,-6.2,,1,JP Morgan:-6.2
2026-08-06,PGR,16.3,,1,JP Morgan:16.3
2026-08-06,PLD,14.4,,1,RBC Capital:14.4
2026-08-06,PLTR,45.6,18.6714,4,Citigroup:68.8|Mizuho:48.1|Deutsche Bank:23.5|Piper Sandler:42
2026-08-06,PODD,23.6,11.8653,5,Bernstein:33.7|RBC Capital:22.2|Stifel:37.5|TD Cowen:10|UBS:14.6
2026-08-06,PPG,12.3,,1,UBS:12.3
2026-08-06,PSA,-0.1,,1,RBC Capital:-0.1
2026-08-06,PSX,10.2333,10.2344,3,Barclays:3.4|Evercore ISI Group:5.3|TD Cowen:22
2026-08-06,PTC,18.45,15.2941,4,Barclays:14.2|Piper Sandler:15.7|Rosenblatt:40|Citigroup:3.9
2026-08-06,PWR,38.2,14.0007,2,Citigroup:28.3|Truist Securities:48.1
2026-08-06,RDDT,44.48,38.9655,5,B. Riley Securities:82.8|JP Morgan:25.3|Piper Sandler:32|Wells Fargo:-3.9|Truist Securities:86.2
2026-08-06,REGN,12.0667,19.4744,3,Truist Securities:6.2|Citigroup:-3.8|Guggenheim:33.8
2026-08-06,RL,19.5,0.7071,2,JP Morgan:19|Needham:20
2026-08-06,ROK,19.1,,1,Citigroup:19.1
2026-08-06,ROP,13.2,,1,Argus Research:13.2
2026-08-06,RVTY,12,,1,Evercore ISI Group:12
2026-08-06,SBAC,23.1333,6.3288,3,JP Morgan:24.6|Morgan Stanley:16.2|Truist Securities:28.6
2026-08-06,SBUX,12.6,6.6468,2,Wells Fargo:17.3|BTIG:7.9
2026-08-06,SNA,18.5,,1,Tigress Financial:18.5
2026-08-06,SNDK,79,,1,Citigroup:79
2026-08-06,SOLV,14.6667,2.3459,3,Keybanc:13.9|Piper Sandler:17.3|UBS:12.8
2026-08-06,STT,0.8,,1,JP Morgan:0.8
2026-08-06,SW,26.3333,14.7256,3,JP Morgan:43.1|Citigroup:20.4|Barclays:15.5
2026-08-06,SWK,12,,1,Citigroup:12
2026-08-06,SYF,11.5,,1,UBS:11.5
2026-08-06,SYK,14.95,9.69,4,JP Morgan:6|Piper Sandler:18.1|RBC Capital:27.2|BTIG:8.5
2026-08-06,SYY,4.7333,6.2365,3,Citigroup:2.4|Piper Sandler:0|UBS:11.8
2026-08-06,TDG,22.6,16.2635,2,Stifel:11.1|UBS:34.1
2026-08-06,TPR,21.5,17.9605,2,JP Morgan:34.2|Telsey Advisory Group:8.8
2026-08-06,TROW,-0.6,8.043,3,Keefe; Bruyette & Woods:2.9|Barclays:-9.8|BMO Capital:5.1
2026-08-06,TSLA,51.5,,1,Stifel:51.5
2026-08-06,TT,17.05,10.9602,2,Citigroup:24.8|RBC Capital:9.3
2026-08-06,TYL,39.9,20.2233,2,BTIG:25.6|Piper Sandler:54.2
2026-08-06,UBER,51.175,23.0347,4,Barclays:54.5|Bernstein:38.4|Guggenheim:82.1|Wells Fargo:29.7
2026-08-06,UDR,7.6,0,2,Cantor Fitzgerald:7.6|JP Morgan:7.6
2026-08-06,URI,10.9,,1,Argus Research:10.9
2026-08-06,V,16.05,9.8288,2,Cantor Fitzgerald:23|Truist Securities:9.1
2026-08-06,VLO,4.6667,6.9867,3,Barclays:3.4|TD Cowen:12.2|Mizuho:-1.6
2026-08-06,VLTO,16.35,9.6874,2,Barclays:23.2|UBS:9.5
2026-08-06,VRSK,18.8,,1,UBS:18.8
2026-08-06,VRTX,14.2,13.7339,5,TD Cowen:16.7|Canaccord Genuity:-9.3|Cantor Fitzgerald:22|Truist Securities:15.9|Barclays:25.7
2026-08-06,VTR,10.8,,1,Cantor Fitzgerald:10.8
2026-08-06,WAT,10.075,8.7622,4,Evercore ISI Group:5.3|TD Cowen:19.1|Wells Fargo:0.3|Barclays:15.6
2026-08-06,WDC,22.4,,1,UBS:22.4
2026-08-06,WELL,15.4667,4.2442,3,Citigroup:17.4|RBC Capital:10.6|Keybanc:18.4
2026-08-06,WM,21.35,1.7678,2,Barclays:22.6|UBS:20.1
2026-08-06,WMB,25.8,,1,Wells Fargo:25.8
2026-08-06,WMT,28.5,,1,Bernstein:28.5
2026-08-06,WTW,15.36,7.2659,5,Wells Fargo:13.6|Truist Securities:20.2|Citigroup:3.5|Keefe; Bruyette & Woods:18.1|UBS:21.4
2026-08-06,WY,12.95,4.3134,2,Truist Securities:9.9|Citigroup:16
2026-08-06,WYNN,37.3,3.9598,2,Macquarie:40.1|Barclays:34.5
2026-08-06,XYZ,22.5667,8.1292,3,Keybanc:28.9|RBC Capital:13.4|TD Cowen:25.4
2026-08-06,YUM,7.65,0.0707,2,RBC Capital:7.6|JP Morgan:7.7
2026-08-07,ABBV,17.4,1.9166,4,Canaccord Genuity:17.5|Cantor Fitzgerald:15.5|Morgan Stanley:20|Guggenheim:16.6
2026-08-07,ABNB,14.5333,6.2132,3,Benchmark:9.3|Canaccord Genuity:21.4|Wells Fargo:12.9
2026-08-07,ACGL,6.25,6.5761,2,Morgan Stanley:10.9|BMO Capital:1.6
2026-08-07,ADM,5.0667,8.1709,3,BMO Capital:0.2|Barclays:14.5|Morgan Stanley:0.5
2026-08-07,ADP,14.3,,1,Cantor Fitzgerald:14.3
2026-08-07,AEE,14,,1,Mizuho:14
2026-08-07,AEP,0.7,,1,Barclays:0.7
2026-08-07,AIZ,13.65,6.1518,2,Piper Sandler:9.3|Truist Securities:18
2026-08-07,AJG,14.325,6.4917,4,Keefe; Bruyette & Woods:10.2|Truist Securities:7.8|Citigroup:17.4|Wells Fargo:21.9
2026-08-07,ALL,-16.9,,1,Barclays:-16.9
2026-08-07,AMD,30.1667,9.3115,3,Evercore ISI Group:22.7|Wedbush:27.2|Rosenblatt:40.6
2026-08-07,AME,12.4286,6.5515,7,Citigroup:2.6|Keybanc:16|RBC Capital:14.4|BMO Capital:10.3|DA Davidson:11.4|Truist Securities:23.6|TD Cowen:8.7
2026-08-07,AMGN,-0.36,15.3025,5,Oppenheimer:14.4|Truist Securities:-8|B of A Securities:-23.4|Goldman Sachs:8.8|UBS:6.4
2026-08-07,AMZN,19.35,5.6318,4,Bernstein:20.8|Needham:13.2|Telsey Advisory Group:26.4|Wedbush:17
2026-08-07,ANET,31.6286,11.0355,7,Keybanc:18.9|Wells Fargo:21.3|B of A Securities:24.7|Evercore ISI Group:29.9|Needham:35.1|Rosenblatt:45.5|Barclays:46
2026-08-07,AON,9.5,,1,UBS:9.5
2026-08-07,AOS,18.4,,1,Stifel:18.4
2026-08-07,APD,15.6,7.6368,2,Citigroup:10.2|RBC Capital:21
2026-08-07,APO,20.1,,1,Barclays:20.1
2026-08-07,APP,98.9333,29.8867,3,Macquarie:83.2|UBS:133.4|Wedbush:80.2
2026-08-07,APTV,45.8,21.8243,4,RBC Capital:64.2|TD Cowen:62.1|Wells Fargo:39|Morgan Stanley:17.9
2026-08-07,ARE,2.3,,1,Cantor Fitzgerald:2.3
2026-08-07,AVY,30.6,,1,UBS:30.6
2026-08-07,AXON,16.325,13.4078,4,Morgan Stanley:8.6|Piper Sandler:24.2|UBS:1.8|Barclays:30.7
2026-08-07,AXP,11.3,,1,UBS:11.3
2026-08-07,AZO,19.5,,1,Barclays:19.5
2026-08-07,BALL,8.65,7.4246,2,Wells Fargo:13.9|UBS:3.4
2026-08-07,BAX,4,0,2,Citigroup:4|Stifel:4
2026-08-07,BBY,-1.85,3.6062,2,B of A Securities:-4.4|Jefferies:0.7
2026-08-07,BDX,-0.1,,1,Piper Sandler:-0.1
2026-08-07,BEN,3.9,2.2627,2,Evercore ISI Group:5.5|Barclays:2.3
2026-08-07,BIIB,5.7,,1,Citigroup:5.7
2026-08-07,BKNG,21.75,7.0868,4,B. Riley Securities:31.9|Oppenheimer:15.5|BMO Capital:20.5|Wedbush:19.1
2026-08-07,BLDR,30.05,9.6874,2,Barclays:23.2|Truist Securities:36.9
2026-08-07,BMY,9.6667,5.0461,3,Guggenheim:15.4|Truist Securities:7.7|Citigroup:5.9
2026-08-07,BR,8.8,,1,Morgan Stanley:8.8
2026-08-07,BXP,-1.6,,1,Citigroup:-1.6
2026-08-07,CAT,20.95,26.9408,2,Truist Securities:40|DA Davidson:1.9
2026-08-07,CBOE,12.4,11.738,2,TD Cowen:4.1|Barclays:20.7
2026-08-07,CDW,23.2,,1,Morgan Stanley:23.2
2026-08-07,CHD,-3.5,,1,TD Cowen:-3.5
2026-08-07,CI,14.55,0.2121,2,Raymond James:14.7|Jefferies:14.4
2026-08-07,CINF,5.1,,1,Keefe; Bruyette & Woods:5.1
2026-08-07,CL,10.1,10.1702,4,Evercore ISI Group:9.3|JP Morgan:11.5|TD Cowen:-2.6|UBS:22.2
2026-08-07,CLX,-0.6667,6.8806,3,JP Morgan:-3.1|UBS:7.1|Evercore ISI Group:-6
2026-08-07,CMG,25.9,8.2024,2,Argus Research:20.1|BTIG:31.7
2026-08-07,CMI,29.6,,1,UBS:29.6
2026-08-07,CNC,27.7,,1,Bernstein:27.7
2026-08-07,COF,27.7,,1,UBS:27.7
2026-08-07,COIN,48.3833,31.0764,6,Benchmark:50.2|Canaccord Genuity:96|HC Wainwright & Co.:73.1|Needham:15.6|Rosenblatt:30.6|Cantor Fitzgerald:24.8
2026-08-07,COR,20.9,12.4575,3,Evercore ISI Group:8.7|UBS:33.6|JP Morgan:20.4
2026-08-07,CPAY,14.1667,6.4663,3,UBS:6.7|JP Morgan:17.9|Keefe; Bruyette & Woods:17.9
2026-08-07,CRL,16.6,2.687,2,JP Morgan:18.5|Morgan Stanley:14.7
2026-08-07,CVNA,40.0333,12.813,3,Barclays:49.7|Citigroup:44.9|BTIG:25.5
2026-08-07,CVS,18.6,7.3539,2,Evercore ISI Group:23.8|Barclays:13.4
2026-08-07,CVX,7,,1,Bernstein:7
2026-08-07,DASH,35.325,15.5547,4,Benchmark:37.4|Truist Securities:56.5|Cantor Fitzgerald:22.5|Needham:24.9
2026-08-07,DD,20.95,0.7778,2,UBS:20.4|RBC Capital:21.5
2026-08-07,DDOG,15.55,20.294,2,Canaccord Genuity:1.2|Citigroup:29.9
2026-08-07,DIS,21.86,7.7976,5,Argus Research:30.7|Barclays:12.2|Guggenheim:17|Wells Fargo:28.7|Rosenblatt:20.7
2026-08-07,DLR,8.5,,1,Argus Research:8.5
2026-08-07,DUK,5.7,0,2,Barclays:5.7|BMO Capital:5.7
2026-08-07,DVA,20.4,,1,Barclays:20.4
2026-08-07,DXCM,10.8,7.8173,3,Citigroup:10.2|Stifel:18.9|Canaccord Genuity:3.3
2026-08-07,EBAY,17.76,4.3067,5,Benchmark:19.6|Piper Sandler:18.8|Argus Research:19.2|Barclays:10.2|Needham:21
2026-08-07,ED,0,,1,Wells Fargo:0
2026-08-07,EG,12.4,,1,Citigroup:12.4
2026-08-07,EIX,-1.2,,1,Barclays:-1.2
2026-08-07,EMR,14.75,1.3435,2,Citigroup:15.7|RBC Capital:13.8
2026-08-07,EOG,12,,1,Truist Securities:12
2026-08-07,EQIX,15.6,0.4243,2,Truist Securities:15.3|RBC Capital:15.9
2026-08-07,ES,3.8,,1,Mizuho:3.8
2026-08-07,ESS,11.2,,1,Cantor Fitzgerald:11.2
2026-08-07,ETN,20.45,4.5962,2,Citigroup:17.2|RBC Capital:23.7
2026-08-07,EXPD,4.7667,14.6083,3,Barclays:-11.8|JP Morgan:10.3|UBS:15.8
2026-08-07,EXPE,8.1,10.4183,5,Truist Securities:1.8|Benchmark:10.8|Piper Sandler:0|B. Riley Securities:25.2|Barclays:2.7
2026-08-07,FANG,26.85,14.3543,2,Truist Securities:16.7|Wells Fargo:37
2026-08-07,FE,11.2,,1,Barclays:11.2
2026-08-07,FIS,13.025,13.2097,4,Citigroup:2.5|Keefe; Bruyette & Woods:27.6|RBC Capital:20.8|Barclays:1.2
2026-08-07,FSLR,18.5,15.4149,2,Truist Securities:7.6|Guggenheim:29.4
2026-08-07,GD,13.2,,1,Wells Fargo:13.2
2026-08-07,GDDY,43.7,54.4472,2,Benchmark:82.2|Wedbush:5.2
2026-08-07,GEHC,6,,1,UBS:6
2026-08-07,GEN,3.4333,6.8501,3,Barclays:10.3|RBC Capital:3.4|Wells Fargo:-3.4
2026-08-07,GILD,3.05,17.8898,2,RBC Capital:-9.6|Cantor Fitzgerald:15.7
2026-08-07,GNRC,61.9,,1,UBS:61.9
2026-08-07,GPN,5.325,3.1085,4,UBS:4|Barclays:1.6|Goldman Sachs:7.3|Keefe; Bruyette & Woods:8.4
2026-08-07,GRMN,21.4,,1,Tigress Financial:21.4
2026-08-07,GS,9.5,,1,UBS:9.5
2026-08-07,GWW,7.55,2.8991,2,Oppenheimer:5.5|RBC Capital:9.6
2026-08-07,HCA,-5.2,,1,Wells Fargo:-5.2
2026-08-07,HII,17.3,,1,Citigroup:17.3
2026-08-07,HSIC,9.45,5.7276,2,UBS:5.4|Barclays:13.5
2026-08-07,HSY,12.4,,1,UBS:12.4
2026-08-07,HUM,5.25,6.0104,2,Barclays:9.5|Morgan Stanley:1
2026-08-07,ICE,21.6,5.9397,2,Barclays:17.4|UBS:25.8
2026-08-07,IDXX,14.4,,1,UBS:14.4
2026-08-07,IEX,2.2,,1,DA Davidson:2.2
2026-08-07,IFF,9,6.0811,2,UBS:4.7|Barclays:13.3
2026-08-07,INCY,15,,1,Mizuho:15
2026-08-07,INVH,10.2,,1,Oppenheimer:10.2
2026-08-07,IP,10.6667,3.4588,3,Deutsche Bank:13.7|Truist Securities:11.4|UBS:6.9
2026-08-07,IR,23.3,,1,Baird:23.3
2026-08-07,IRM,10,,1,Wells Fargo:10
2026-08-07,IT,-7.55,11.5443,4,Goldman Sachs:-3.7|RBC Capital:-12.8|Wells Fargo:-20.2|UBS:6.5
2026-08-07,J,20.1,,1,RBC Capital:20.1
2026-08-07,JNJ,11.5,0.9899,2,Wells Fargo:10.8|Guggenheim:12.2
2026-08-07,JPM,12.7,,1,UBS:12.7
2026-08-07,KHC,-2.1,9.0723,4,Piper Sandler:-3|TD Cowen:-14.6|UBS:4.8|Barclays:4.4
2026-08-07,KKR,18.5,15.0429,3,Barclays:35.7|TD Cowen:7.8|BMO Capital:12
2026-08-07,KMB,-1.7,6.6468,2,TD Cowen:-6.4|UBS:3
2026-08-07,LDOS,18.75,17.4655,2,RBC Capital:31.1|UBS:6.4
2026-08-07,LH,9.6333,7.9908,3,Truist Securities:12.1|JP Morgan:16.1|Piper Sandler:0.7
2026-08-07,LHX,17.9,14.5664,2,Susquehanna:28.2|UBS:7.6
2026-08-07,LIN,17.3,3.9598,2,Citigroup:20.1|RBC Capital:14.5
2026-08-07,LLY,14.95,5.3033,2,Wells Fargo:11.2|Cantor Fitzgerald:18.7
2026-08-07,LNT,7.7,2.9698,2,BMO Capital:9.8|Mizuho:5.6
2026-08-07,LYB,18.08,10.5836,5,BMO Capital:15.6|JP Morgan:36|Mizuho:12.2|UBS:8.8|RBC Capital:17.8
2026-08-07,LYV,13.825,8.6176,4,Benchmark:16.3|Guggenheim:17.9|Susquehanna:1.1|Citigroup:20
2026-08-07,MA,18.05,2.4749,2,Barclays:16.3|Keybanc:19.8
2026-08-07,MAA,5.8,,1,Cantor Fitzgerald:5.8
2026-08-07,MAR,9.5667,8.3806,6,Mizuho:8.5|Baird:12.8|Barclays:-0.1|BMO Capital:13.4|Wells Fargo:22|Macquarie:0.8
2026-08-07,MCD,7.8,3.8184,2,Guggenheim:5.1|Keybanc:10.5
2026-08-07,MCHP,16.8,,1,Citigroup:16.8
2026-08-07,MCK,12.7667,4.8911,3,Evercore ISI Group:9.6|TD Cowen:10.3|UBS:18.4
2026-08-07,MET,-1.6,,1,Barclays:-1.6
2026-08-07,MLM,32.55,3.3234,2,Citigroup:30.2|UBS:34.9
2026-08-07,MNST,7.15,0.7778,2,Piper Sandler:7.7|RBC Capital:6.6
2026-08-07,MPC,8.7333,9.3767,3,Citigroup:1.1|TD Cowen:19.2|Barclays:5.9
2026-08-07,MPWR,26.15,15.1689,4,Keybanc:40.1|Needham:33.4|Rosenblatt:5.1|Truist Securities:26
2026-08-07,MS,21.7,,1,UBS:21.7
2026-08-07,MSFT,39,,1,Tigress Financial:39
2026-08-07,MSI,12.3,1.3892,3,Barclays:11.4|Piper Sandler:11.6|JP Morgan:13.9
2026-08-07,MTD,5.86,4.2794,5,Evercore ISI Group:6.4|Wells Fargo:2.9|Barclays:9|Stifel:10.7|Morgan Stanley:0.3
2026-08-07,MU,27.3,,1,Citigroup:27.3
2026-08-07,NCLH,15.2,18.6652,3,Barclays:-4.3|Citigroup:17|Stifel:32.9
2026-08-07,NI,4.3,,1,Barclays:4.3
2026-08-07,NKE,-4,,1,JP Morgan:-4
2026-08-07,NTRS,1.5,,1,JP Morgan:1.5
2026-08-07,NXPI,17.4,,1,UBS:17.4
2026-08-07,ON,37.0667,13.2538,3,B. Riley Securities:50.5|Baird:36.7|Citigroup:24
2026-08-07,PEG,13.6,4.6669,2,Citigroup:10.3|Wells Fargo:16.9
2026-08-07,PFE,18.2,,1,Guggenheim:18.2
2026-08-07,PFG,-6.2,,1,JP Morgan:-6.2
2026-08-07,PGR,16.3,,1,JP Morgan:16.3
2026-08-07,PH,12.2,,1,Keybanc:12.2
2026-08-07,PLD,14.4,,1,RBC Capital:14.4
2026-08-07,PLTR,45.6,18.6714,4,Citigroup:68.8|Mizuho:48.1|Deutsche Bank:23.5|Piper Sandler:42
2026-08-07,PODD,19.2222,11.9577,9,Bernstein:33.7|RBC Capital:22.2|Stifel:37.5|TD Cowen:10|UBS:14.6|Canaccord Genuity:29.7|JP Morgan:10.1|Truist Securities:10.9|Wells Fargo:4.3
2026-08-07,PSX,10.2333,10.2344,3,Barclays:3.4|Evercore ISI Group:5.3|TD Cowen:22
2026-08-07,PTC,3.9,,1,Citigroup:3.9
2026-08-07,PWR,48.1,,1,Truist Securities:48.1
2026-08-07,RDDT,86.2,,1,Truist Securities:86.2
2026-08-07,REGN,12.0667,19.4744,3,Truist Securities:6.2|Citigroup:-3.8|Guggenheim:33.8
2026-08-07,RL,18.6667,1.5275,3,JP Morgan:19|Needham:20|Barclays:17
2026-08-07,RMD,6.2,3.3941,2,Piper Sandler:8.6|Wells Fargo:3.8
2026-08-07,ROK,19.1,,1,Citigroup:19.1
2026-08-07,ROP,13.2,,1,Argus Research:13.2
2026-08-07,RSG,12.3,,1,Barclays:12.3
2026-08-07,RVTY,12,,1,Evercore ISI Group:12
2026-08-07,SBAC,23.1333,6.3288,3,JP Morgan:24.6|Morgan Stanley:16.2|Truist Securities:28.6
2026-08-07,SBUX,7.9,,1,BTIG:7.9
2026-08-07,SNDK,79,,1,Citigroup:79
2026-08-07,SOLV,14.6667,2.3459,3,Keybanc:13.9|Piper Sandler:17.3|UBS:12.8
2026-08-07,STE,19.9,,1,Piper Sandler:19.9
2026-08-07,STT,0.8,,1,JP Morgan:0.8
2026-08-07,SW,17.95,3.4648,2,Citigroup:20.4|Barclays:15.5
2026-08-07,SWK,12,,1,Citigroup:12
2026-08-07,SYF,11.5,,1,UBS:11.5
2026-08-07,SYK,8.5,,1,BTIG:8.5
2026-08-07,SYY,4.7333,6.2365,3,Citigroup:2.4|Piper Sandler:0|UBS:11.8
2026-08-07,TAP,11.3,10.0409,2,Needham:18.4|Piper Sandler:4.2
2026-08-07,TDG,22.6,16.2635,2,Stifel:11.1|UBS:34.1
2026-08-07,TPR,21.5,17.9605,2,JP Morgan:34.2|Telsey Advisory Group:8.8
2026-08-07,TRGP,7.7,,1,Barclays:7.7
2026-08-07,TROW,-0.6,8.043,3,Keefe; Bruyette & Woods:2.9|Barclays:-9.8|BMO Capital:5.1
2026-08-07,TSLA,51.5,,1,Stifel:51.5
2026-08-07,TTD,24.3,43.982,2,Benchmark:55.4|Wells Fargo:-6.8
2026-08-07,TYL,54.2,,1,Piper Sandler:54.2
2026-08-07,UBER,43.7875,18.9885,8,Barclays:54.5|Bernstein:38.4|Guggenheim:82.1|Wells Fargo:29.7|Cantor Fitzgerald:26.2|DA Davidson:40.3|Needham:52.9|Susquehanna:26.2
2026-08-07,UDR,7.6,0,2,Cantor Fitzgerald:7.6|JP Morgan:7.6
2026-08-07,URI,10.9,,1,Argus Research:10.9
2026-08-07,V,16.05,9.8288,2,Cantor Fitzgerald:23|Truist Securities:9.1
2026-08-07,VLO,4.6667,6.9867,3,Barclays:3.4|TD Cowen:12.2|Mizuho:-1.6
2026-08-07,VRTX,14.2,13.7339,5,TD Cowen:16.7|Canaccord Genuity:-9.3|Cantor Fitzgerald:22|Truist Securities:15.9|Barclays:25.7
2026-08-07,WAT,10.075,8.7622,4,Evercore ISI Group:5.3|TD Cowen:19.1|Wells Fargo:0.3|Barclays:15.6
2026-08-07,WDC,44.275,28.3661,4,UBS:22.4|Citigroup:61.8|Rosenblatt:74.9|TD Cowen:18
2026-08-07,WELL,15.4667,4.2442,3,Citigroup:17.4|RBC Capital:10.6|Keybanc:18.4
2026-08-07,WM,20.1,,1,UBS:20.1
2026-08-07,WMB,25.8,,1,Wells Fargo:25.8
2026-08-07,WMT,28.5,,1,Bernstein:28.5
2026-08-07,WTW,15.8,8.3126,4,Truist Securities:20.2|Citigroup:3.5|Keefe; Bruyette & Woods:18.1|UBS:21.4
2026-08-07,WY,12.95,4.3134,2,Truist Securities:9.9|Citigroup:16
2026-08-07,WYNN,37.3,3.9598,2,Macquarie:40.1|Barclays:34.5
2026-08-07,XYZ,22.92,6.1836,5,Keybanc:28.9|RBC Capital:13.4|TD Cowen:25.4|Cantor Fitzgerald:20.3|Needham:26.6
2026-08-07,YUM,7.65,0.0707,2,RBC Capital:7.6|JP Morgan:7.7
2026-08-08,ABBV,17.4,1.9166,4,Canaccord Genuity:17.5|Cantor Fitzgerald:15.5|Morgan Stanley:20|Guggenheim:16.6
2026-08-08,ABNB,16.44,5.3219,5,Benchmark:9.3|Canaccord Genuity:21.4|Wells Fargo:12.9|Citigroup:17.2|Susquehanna:21.4
2026-08-08,ACGL,6.25,6.5761,2,Morgan Stanley:10.9|BMO Capital:1.6
2026-08-08,ADM,5.0667,8.1709,3,BMO Capital:0.2|Barclays:14.5|Morgan Stanley:0.5
2026-08-08,ADP,14.3,,1,Cantor Fitzgerald:14.3
2026-08-08,AEE,14,,1,Mizuho:14
2026-08-08,AEP,0.7,,1,Barclays:0.7
2026-08-08,AFL,-21.8,,1,Barclays:-21.8
2026-08-08,AIG,2.3,,1,Barclays:2.3
2026-08-08,AIZ,12.3333,4.9116,3,Piper Sandler:9.3|Truist Securities:18|Keefe; Bruyette & Woods:9.7
2026-08-08,AJG,19.65,3.182,2,Citigroup:17.4|Wells Fargo:21.9
2026-08-08,AKAM,13.7,1.3856,3,Baird:12.9|TD Cowen:12.9|UBS:15.3
2026-08-08,ALB,41.8333,11.1429,3,BMO Capital:54.7|Citigroup:35.4|UBS:35.4
2026-08-08,ALL,-16.9,,1,Barclays:-16.9
2026-08-08,AMD,30.1667,9.3115,3,Evercore ISI Group:22.7|Wedbush:27.2|Rosenblatt:40.6
2026-08-08,AME,12.4286,6.5515,7,Citigroup:2.6|Keybanc:16|RBC Capital:14.4|BMO Capital:10.3|DA Davidson:11.4|Truist Securities:23.6|TD Cowen:8.7
2026-08-08,AMGN,-0.2667,13.6889,6,Oppenheimer:14.4|Truist Securities:-8|B of A Securities:-23.4|Goldman Sachs:8.8|UBS:6.4|Citigroup:0.2
2026-08-08,ANET,31.6286,11.0355,7,Keybanc:18.9|Wells Fargo:21.3|B of A Securities:24.7|Evercore ISI Group:29.9|Needham:35.1|Rosenblatt:45.5|Barclays:46
2026-08-08,AON,9.5,,1,UBS:9.5
2026-08-08,APD,21,,1,RBC Capital:21
2026-08-08,APO,20.1,,1,Barclays:20.1
2026-08-08,APP,97.35,24.607,4,Macquarie:83.2|UBS:133.4|Wedbush:80.2|Citigroup:92.6
2026-08-08,APTV,45.8,21.8243,4,RBC Capital:64.2|TD Cowen:62.1|Wells Fargo:39|Morgan Stanley:17.9
2026-08-08,ARE,2.3,,1,Cantor Fitzgerald:2.3
2026-08-08,AXON,16.325,13.4078,4,Morgan Stanley:8.6|Piper Sandler:24.2|UBS:1.8|Barclays:30.7
2026-08-08,AXP,11.3,,1,UBS:11.3
2026-08-08,AZO,19.5,,1,Barclays:19.5
2026-08-08,BALL,8.65,7.4246,2,Wells Fargo:13.9|UBS:3.4
2026-08-08,BBY,-1.85,3.6062,2,B of A Securities:-4.4|Jefferies:0.7
2026-08-08,BDX,4.4333,10.4644,3,Piper Sandler:-0.1|Citigroup:16.4|Wells Fargo:-3
2026-08-08,BEN,3.9,2.2627,2,Evercore ISI Group:5.5|Barclays:2.3
2026-08-08,BIIB,5.7,,1,Citigroup:5.7
2026-08-08,BKNG,21.75,7.0868,4,B. Riley Securities:31.9|Oppenheimer:15.5|BMO Capital:20.5|Wedbush:19.1
2026-08-08,BKR,12.7,,1,Morgan Stanley:12.7
2026-08-08,BMY,5.9,,1,Citigroup:5.9
2026-08-08,BR,8.8,,1,Morgan Stanley:8.8
2026-08-08,BXP,-1.6,,1,Citigroup:-1.6
2026-08-08,CAT,20.95,26.9408,2,Truist Securities:40|DA Davidson:1.9
2026-08-08,CBOE,12.4,11.738,2,TD Cowen:4.1|Barclays:20.7
2026-08-08,CDW,23.2,,1,Morgan Stanley:23.2
2026-08-08,CF,7.5,,1,UBS:7.5
2026-08-08,CHD,-3.5,,1,TD Cowen:-3.5
2026-08-08,CI,14.55,0.2121,2,Raymond James:14.7|Jefferies:14.4
2026-08-08,CINF,5.1,,1,Keefe; Bruyette & Woods:5.1
2026-08-08,CL,10.1,10.1702,4,Evercore ISI Group:9.3|JP Morgan:11.5|TD Cowen:-2.6|UBS:22.2
2026-08-08,CLX,-0.6667,6.8806,3,JP Morgan:-3.1|UBS:7.1|Evercore ISI Group:-6
2026-08-08,CMG,25.9,8.2024,2,Argus Research:20.1|BTIG:31.7
2026-08-08,CMI,29.6,,1,UBS:29.6
2026-08-08,CNC,27.7,,1,Bernstein:27.7
2026-08-08,COF,27.7,,1,UBS:27.7
2026-08-08,COIN,24.8,,1,Cantor Fitzgerald:24.8
2026-08-08,COP,63.5,,1,Wells Fargo:63.5
2026-08-08,COR,20.9,12.4575,3,Evercore ISI Group:8.7|UBS:33.6|JP Morgan:20.4
2026-08-08,CPAY,14.1667,6.4663,3,UBS:6.7|JP Morgan:17.9|Keefe; Bruyette & Woods:17.9
2026-08-08,CRL,16.6,2.687,2,JP Morgan:18.5|Morgan Stanley:14.7
2026-08-08,CVNA,25.5,,1,BTIG:25.5
2026-08-08,CVS,18.6,7.3539,2,Evercore ISI Group:23.8|Barclays:13.4
2026-08-08,CVX,7,,1,Bernstein:7
2026-08-08,DASH,31.82,15.5848,5,Benchmark:37.4|Truist Securities:56.5|Cantor Fitzgerald:22.5|Needham:24.9|Susquehanna:17.8
2026-08-08,DD,20.95,0.7778,2,UBS:20.4|RBC Capital:21.5
2026-08-08,DDOG,23.7,12.0867,6,Canaccord Genuity:1.2|Citigroup:29.9|DA Davidson:34.2|Needham:27.8|Rosenblatt:29.9|UBS:19.2
2026-08-08,DIS,21.86,7.7976,5,Argus Research:30.7|Barclays:12.2|Guggenheim:17|Wells Fargo:28.7|Rosenblatt:20.7
2026-08-08,DLR,8.5,,1,Argus Research:8.5
2026-08-08,DUK,5.7,0,2,Barclays:5.7|BMO Capital:5.7
2026-08-08,DVA,19.8333,1.4364,3,Barclays:20.4|TD Cowen:20.9|Truist Securities:18.2
2026-08-08,DXCM,3.3,,1,Canaccord Genuity:3.3
2026-08-08,EBAY,17.76,4.3067,5,Benchmark:19.6|Piper Sandler:18.8|Argus Research:19.2|Barclays:10.2|Needham:21
2026-08-08,ED,-0.95,1.3435,2,Wells Fargo:0|Barclays:-1.9
2026-08-08,EMR,14.75,1.3435,2,Citigroup:15.7|RBC Capital:13.8
2026-08-08,EOG,12,,1,Truist Securities:12
2026-08-08,EQIX,15.9,,1,RBC Capital:15.9
2026-08-08,ES,3.8,,1,Mizuho:3.8
2026-08-08,ESS,11.2,,1,Cantor Fitzgerald:11.2
2026-08-08,ETN,20.45,4.5962,2,Citigroup:17.2|RBC Capital:23.7
2026-08-08,EXPD,4.7667,14.6083,3,Barclays:-11.8|JP Morgan:10.3|UBS:15.8
2026-08-08,EXPE,7.2,9.5756,6,Truist Securities:1.8|Benchmark:10.8|Piper Sandler:0|B. Riley Securities:25.2|Barclays:2.7|TD Cowen:2.7
2026-08-08,FANG,26.85,14.3543,2,Truist Securities:16.7|Wells Fargo:37
2026-08-08,FIS,13.025,13.2097,4,Citigroup:2.5|Keefe; Bruyette & Woods:27.6|RBC Capital:20.8|Barclays:1.2
2026-08-08,FSLR,29.4,,1,Guggenheim:29.4
2026-08-08,GD,13.2,,1,Wells Fargo:13.2
2026-08-08,GDDY,5.2,,1,Wedbush:5.2
2026-08-08,GEN,3.4333,6.8501,3,Barclays:10.3|RBC Capital:3.4|Wells Fargo:-3.4
2026-08-08,GILD,3.05,17.8898,2,RBC Capital:-9.6|Cantor Fitzgerald:15.7
2026-08-08,GNRC,61.9,,1,UBS:61.9
2026-08-08,GPN,5.325,3.1085,4,UBS:4|Barclays:1.6|Goldman Sachs:7.3|Keefe; Bruyette & Woods:8.4
2026-08-08,GRMN,21.4,,1,Tigress Financial:21.4
2026-08-08,GS,9.5,,1,UBS:9.5
2026-08-08,GWW,7.55,2.8991,2,Oppenheimer:5.5|RBC Capital:9.6
2026-08-08,HCA,-5.2,,1,Wells Fargo:-5.2
2026-08-08,HSIC,9.45,5.7276,2,UBS:5.4|Barclays:13.5
2026-08-08,HUM,1,,1,Morgan Stanley:1
2026-08-08,IDXX,14.4,,1,UBS:14.4
2026-08-08,IEX,2.2,,1,DA Davidson:2.2
2026-08-08,IFF,9,6.0811,2,UBS:4.7|Barclays:13.3
2026-08-08,INCY,15,,1,Mizuho:15
2026-08-08,INVH,10.2,,1,Oppenheimer:10.2
2026-08-08,IR,23.3,,1,Baird:23.3
2026-08-08,IRM,10,,1,Wells Fargo:10
2026-08-08,IT,-7.55,11.5443,4,Goldman Sachs:-3.7|RBC Capital:-12.8|Wells Fargo:-20.2|UBS:6.5
2026-08-08,J,20.1,,1,RBC Capital:20.1
2026-08-08,JNJ,11.5,0.9899,2,Wells Fargo:10.8|Guggenheim:12.2
2026-08-08,JPM,12.7,,1,UBS:12.7
2026-08-08,KDP,30.6,,1,UBS:30.6
2026-08-08,KHC,-2.1,9.0723,4,Piper Sandler:-3|TD Cowen:-14.6|UBS:4.8|Barclays:4.4
2026-08-08,KKR,9.9,2.9698,2,TD Cowen:7.8|BMO Capital:12
2026-08-08,KMB,-1.7,6.6468,2,TD Cowen:-6.4|UBS:3
2026-08-08,LDOS,12.9333,15.9381,3,RBC Capital:31.1|UBS:6.4|TD Cowen:1.3
2026-08-08,LH,8.4,10.8894,2,JP Morgan:16.1|Piper Sandler:0.7
2026-08-08,LHX,7.6,,1,UBS:7.6
2026-08-08,LIN,17.3,3.9598,2,Citigroup:20.1|RBC Capital:14.5
2026-08-08,LLY,15.2333,3.782,3,Wells Fargo:11.2|Cantor Fitzgerald:18.7|Truist Securities:15.8
2026-08-08,LNT,7.7,2.9698,2,BMO Capital:9.8|Mizuho:5.6
2026-08-08,LYB,18.08,10.5836,5,BMO Capital:15.6|JP Morgan:36|Mizuho:12.2|UBS:8.8|RBC Capital:17.8
2026-08-08,LYV,20,,1,Citigroup:20
2026-08-08,MAA,5.8,,1,Cantor Fitzgerald:5.8
2026-08-08,MAR,9.5667,8.3806,6,Mizuho:8.5|Baird:12.8|Barclays:-0.1|BMO Capital:13.4|Wells Fargo:22|Macquarie:0.8
2026-08-08,MCD,7.8,3.8184,2,Guggenheim:5.1|Keybanc:10.5
2026-08-08,MCHP,30.6,19.6779,4,Citigroup:16.8|Rosenblatt:47.5|Truist Securities:10.6|UBS:47.5
2026-08-08,MCK,12.7667,4.8911,3,Evercore ISI Group:9.6|TD Cowen:10.3|UBS:18.4
2026-08-08,MET,-1.6,,1,Barclays:-1.6
2026-08-08,MLM,32.55,3.3234,2,Citigroup:30.2|UBS:34.9
2026-08-08,MNST,9.575,2.8359,4,Piper Sandler:7.7|RBC Capital:6.6|Evercore ISI Group:12|UBS:12
2026-08-08,MPC,8.7333,9.3767,3,Citigroup:1.1|TD Cowen:19.2|Barclays:5.9
2026-08-08,MS,21.7,,1,UBS:21.7
2026-08-08,MSFT,39,,1,Tigress Financial:39
2026-08-08,MSI,12.3,1.3892,3,Barclays:11.4|Piper Sandler:11.6|JP Morgan:13.9
2026-08-08,MTD,5.86,4.2794,5,Evercore ISI Group:6.4|Wells Fargo:2.9|Barclays:9|Stifel:10.7|Morgan Stanley:0.3
2026-08-08,MU,27.3,,1,Citigroup:27.3
2026-08-08,NI,4.3,,1,Barclays:4.3
2026-08-08,NKE,-4,,1,JP Morgan:-4
2026-08-08,NTRS,1.5,,1,JP Morgan:1.5
2026-08-08,NXPI,17.4,,1,UBS:17.4
2026-08-08,O,12.4,,1,RBC Capital:12.4
2026-08-08,ON,37.0667,13.2538,3,B. Riley Securities:50.5|Baird:36.7|Citigroup:24
2026-08-08,PEG,13.6,4.6669,2,Citigroup:10.3|Wells Fargo:16.9
2026-08-08,PFE,18.2,,1,Guggenheim:18.2
2026-08-08,PFG,-6.2,,1,JP Morgan:-6.2
2026-08-08,PGR,16.3,,1,JP Morgan:16.3
2026-08-08,PH,17.05,6.0907,4,Keybanc:12.2|Citigroup:14.2|Susquehanna:15.9|Truist Securities:25.9
2026-08-08,PLD,14.4,,1,RBC Capital:14.4
2026-08-08,PLTR,45.6,18.6714,4,Citigroup:68.8|Mizuho:48.1|Deutsche Bank:23.5|Piper Sandler:42
2026-08-08,PODD,19.2222,11.9577,9,Bernstein:33.7|RBC Capital:22.2|Stifel:37.5|TD Cowen:10|UBS:14.6|Canaccord Genuity:29.7|JP Morgan:10.1|Truist Securities:10.9|Wells Fargo:4.3
2026-08-08,PSX,10.2333,10.2344,3,Barclays:3.4|Evercore ISI Group:5.3|TD Cowen:22
2026-08-08,PWR,33.15,21.1425,2,Truist Securities:48.1|Keybanc:18.2
2026-08-08,REGN,15,26.5872,2,Citigroup:-3.8|Guggenheim:33.8
2026-08-08,RL,19.2375,5.2293,8,JP Morgan:19|Needham:20|Barclays:17|BTIG:16.3|Citigroup:15|Evercore ISI Group:16.3|Telsey Advisory Group:18.8|UBS:31.5
2026-08-08,RMD,6.2,3.3941,2,Piper Sandler:8.6|Wells Fargo:3.8
2026-08-08,ROK,19.1,,1,Citigroup:19.1
2026-08-08,ROP,13.2,,1,Argus Research:13.2
2026-08-08,RSG,12.3,,1,Barclays:12.3
2026-08-08,RVTY,12,,1,Evercore ISI Group:12
2026-08-08,SBAC,23.1333,6.3288,3,JP Morgan:24.6|Morgan Stanley:16.2|Truist Securities:28.6
2026-08-08,SNDK,79,,1,Citigroup:79
2026-08-08,SOLV,14.6667,2.3459,3,Keybanc:13.9|Piper Sandler:17.3|UBS:12.8
2026-08-08,STE,19.9,,1,Piper Sandler:19.9
2026-08-08,STT,0.8,,1,JP Morgan:0.8
2026-08-08,SW,17.95,3.4648,2,Citigroup:20.4|Barclays:15.5
2026-08-08,SYF,11.5,,1,UBS:11.5
2026-08-08,SYY,4.7333,6.2365,3,Citigroup:2.4|Piper Sandler:0|UBS:11.8
2026-08-08,TAP,9.7,7.6217,3,Needham:18.4|Piper Sandler:4.2|UBS:6.5
2026-08-08,TDG,22.6,16.2635,2,Stifel:11.1|UBS:34.1
2026-08-08,TPR,21.5,17.9605,2,JP Morgan:34.2|Telsey Advisory Group:8.8
2026-08-08,TRGP,7.7,,1,Barclays:7.7
2026-08-08,TROW,-0.6,8.043,3,Keefe; Bruyette & Woods:2.9|Barclays:-9.8|BMO Capital:5.1
2026-08-08,TSLA,51.5,,1,Stifel:51.5
2026-08-08,TTD,12.3,23.1442,11,Benchmark:55.4|Wells Fargo:-6.8|Cantor Fitzgerald:8.8|Citigroup:-14.5|Evercore ISI Group:1|Needham:47.6|Rosenblatt:-6.8|Scotiabank:-6.8|Susquehanna:8.8|Truist Securities:24.3|UBS:24.3
2026-08-08,UBER,43.7875,18.9885,8,Barclays:54.5|Bernstein:38.4|Guggenheim:82.1|Wells Fargo:29.7|Cantor Fitzgerald:26.2|DA Davidson:40.3|Needham:52.9|Susquehanna:26.2
2026-08-08,UDR,7.6,0,2,Cantor Fitzgerald:7.6|JP Morgan:7.6
2026-08-08,URI,10.9,,1,Argus Research:10.9
2026-08-08,V,16.05,9.8288,2,Cantor Fitzgerald:23|Truist Securities:9.1
2026-08-08,VLO,5.3,9.7581,2,TD Cowen:12.2|Mizuho:-1.6
2026-08-08,VRTX,14.2,13.7339,5,TD Cowen:16.7|Canaccord Genuity:-9.3|Cantor Fitzgerald:22|Truist Securities:15.9|Barclays:25.7
2026-08-08,WAT,10.075,8.7622,4,Evercore ISI Group:5.3|TD Cowen:19.1|Wells Fargo:0.3|Barclays:15.6
2026-08-08,WDC,44.275,28.3661,4,UBS:22.4|Citigroup:61.8|Rosenblatt:74.9|TD Cowen:18
2026-08-08,WELL,14.5,5.5154,2,RBC Capital:10.6|Keybanc:18.4
2026-08-08,WM,20.1,,1,UBS:20.1
2026-08-08,WMB,25.8,,1,Wells Fargo:25.8
2026-08-08,WTW,14.3333,9.5259,3,Citigroup:3.5|Keefe; Bruyette & Woods:18.1|UBS:21.4
2026-08-08,WY,12.95,4.3134,2,Truist Securities:9.9|Citigroup:16
2026-08-08,WYNN,37.3,3.9598,2,Macquarie:40.1|Barclays:34.5
2026-08-08,XOM,10.1,,1,TD Cowen:10.1
2026-08-08,XYZ,22.92,6.1836,5,Keybanc:28.9|RBC Capital:13.4|TD Cowen:25.4|Cantor Fitzgerald:20.3|Needham:26.6
2026-08-08,YUM,7.7,,1,JP Morgan:7.7
2026-08-10,ABBV,15.08,5.4467,5,Canaccord Genuity:17.5|Cantor Fitzgerald:15.5|Morgan Stanley:20|Guggenheim:16.6|Evercore ISI Group:5.8
2026-08-10,ABNB,16.44,5.3219,5,Benchmark:9.3|Canaccord Genuity:21.4|Wells Fargo:12.9|Citigroup:17.2|Susquehanna:21.4
2026-08-10,ACGL,6.25,6.5761,2,Morgan Stanley:10.9|BMO Capital:1.6
2026-08-10,ADM,5.0667,8.1709,3,BMO Capital:0.2|Barclays:14.5|Morgan Stanley:0.5
2026-08-10,ADP,14.3,,1,Cantor Fitzgerald:14.3
2026-08-10,AEE,14,,1,Mizuho:14
2026-08-10,AEP,0.7,,1,Barclays:0.7
2026-08-10,AFL,-5.3,23.3345,2,Barclays:-21.8|Piper Sandler:11.2
2026-08-10,AIG,7.3667,4.7816,3,Barclays:2.3|Piper Sandler:8|RBC Capital:11.8
2026-08-10,AIZ,12.3333,4.9116,3,Piper Sandler:9.3|Truist Securities:18|Keefe; Bruyette & Woods:9.7
2026-08-10,AJG,19.65,3.182,2,Citigroup:17.4|Wells Fargo:21.9
2026-08-10,AKAM,13.7,1.3856,3,Baird:12.9|TD Cowen:12.9|UBS:15.3
2026-08-10,ALB,36.25,14.4038,4,BMO Capital:54.7|Citigroup:35.4|UBS:35.4|RBC Capital:19.5
2026-08-10,ALL,-0.5,14.9603,3,Barclays:-16.9|Piper Sandler:12.4|UBS:3
2026-08-10,AMD,30.1667,9.3115,3,Evercore ISI Group:22.7|Wedbush:27.2|Rosenblatt:40.6
2026-08-10,AME,12.4286,6.5515,7,Citigroup:2.6|Keybanc:16|RBC Capital:14.4|BMO Capital:10.3|DA Davidson:11.4|Truist Securities:23.6|TD Cowen:8.7
2026-08-10,AMGN,-0.2667,13.6889,6,Oppenheimer:14.4|Truist Securities:-8|B of A Securities:-23.4|Goldman Sachs:8.8|UBS:6.4|Citigroup:0.2
2026-08-10,ANET,31.6286,11.0355,7,Keybanc:18.9|Wells Fargo:21.3|B of A Securities:24.7|Evercore ISI Group:29.9|Needham:35.1|Rosenblatt:45.5|Barclays:46
2026-08-10,AON,9.5,,1,UBS:9.5
2026-08-10,APA,2,,1,Truist Securities:2
2026-08-10,APD,21,,1,RBC Capital:21
2026-08-10,APO,20.1,,1,Barclays:20.1
2026-08-10,APP,97.35,24.607,4,Macquarie:83.2|UBS:133.4|Wedbush:80.2|Citigroup:92.6
2026-08-10,APTV,45.18,18.9512,5,RBC Capital:64.2|TD Cowen:62.1|Wells Fargo:39|Morgan Stanley:17.9|Evercore ISI Group:42.7
2026-08-10,ARE,2.05,0.3536,2,Cantor Fitzgerald:2.3|Citigroup:1.8
2026-08-10,AXON,16.325,13.4078,4,Morgan Stanley:8.6|Piper Sandler:24.2|UBS:1.8|Barclays:30.7
2026-08-10,AXP,11.3,,1,UBS:11.3
2026-08-10,AZO,19.5,,1,Barclays:19.5
2026-08-10,BALL,8.65,7.4246,2,Wells Fargo:13.9|UBS:3.4
2026-08-10,BBY,-1.85,3.6062,2,B of A Securities:-4.4|Jefferies:0.7
2026-08-10,BDX,4.4333,10.4644,3,Piper Sandler:-0.1|Citigroup:16.4|Wells Fargo:-3
2026-08-10,BEN,2.3,,1,Barclays:2.3
2026-08-10,BKNG,21.75,7.0868,4,B. Riley Securities:31.9|Oppenheimer:15.5|BMO Capital:20.5|Wedbush:19.1
2026-08-10,BKR,12.7,,1,Morgan Stanley:12.7
2026-08-10,BR,8.8,,1,Morgan Stanley:8.8
2026-08-10,BXP,-1.6,,1,Citigroup:-1.6
2026-08-10,CAT,20.95,26.9408,2,Truist Securities:40|DA Davidson:1.9
2026-08-10,CBOE,20.7,,1,Barclays:20.7
2026-08-10,CDW,23.2,,1,Morgan Stanley:23.2
2026-08-10,CF,7.5,,1,UBS:7.5
2026-08-10,CI,14.4,,1,Jefferies:14.4
2026-08-10,CINF,5.1,,1,Keefe; Bruyette & Woods:5.1
2026-08-10,CL,22.2,,1,UBS:22.2
2026-08-10,CLX,-0.6667,6.8806,3,JP Morgan:-3.1|UBS:7.1|Evercore ISI Group:-6
2026-08-10,CMG,25.9,8.2024,2,Argus Research:20.1|BTIG:31.7
2026-08-10,CMI,29.6,,1,UBS:29.6
2026-08-10,COF,27.7,,1,UBS:27.7
2026-08-10,COIN,24.8,,1,Cantor Fitzgerald:24.8
2026-08-10,COP,36.25,38.5373,2,Wells Fargo:63.5|Truist Securities:9
2026-08-10,COR,20.9,12.4575,3,Evercore ISI Group:8.7|UBS:33.6|JP Morgan:20.4
2026-08-10,CPAY,14.1667,6.4663,3,UBS:6.7|JP Morgan:17.9|Keefe; Bruyette & Woods:17.9
2026-08-10,CRL,15.3667,2.8589,3,JP Morgan:18.5|Morgan Stanley:14.7|TD Cowen:12.9
2026-08-10,CVNA,25.5,,1,BTIG:25.5
2026-08-10,CVS,18.6,7.3539,2,Evercore ISI Group:23.8|Barclays:13.4
2026-08-10,DASH,31.82,15.5848,5,Benchmark:37.4|Truist Securities:56.5|Cantor Fitzgerald:22.5|Needham:24.9|Susquehanna:17.8
2026-08-10,DD,20.7667,0.6351,3,UBS:20.4|RBC Capital:21.5|JP Morgan:20.4
2026-08-10,DDOG,23.7,12.0867,6,Canaccord Genuity:1.2|Citigroup:29.9|DA Davidson:34.2|Needham:27.8|Rosenblatt:29.9|UBS:19.2
2026-08-10,DIS,21.86,7.7976,5,Argus Research:30.7|Barclays:12.2|Guggenheim:17|Wells Fargo:28.7|Rosenblatt:20.7
2026-08-10,DLR,8.5,,1,Argus Research:8.5
2026-08-10,DOC,12.7,,1,RBC Capital:12.7
2026-08-10,DUK,5.7,0,2,Barclays:5.7|BMO Capital:5.7
2026-08-10,DVA,19.8333,1.4364,3,Barclays:20.4|TD Cowen:20.9|Truist Securities:18.2
2026-08-10,DXCM,3.3,,1,Canaccord Genuity:3.3
2026-08-10,EBAY,17.76,4.3067,5,Benchmark:19.6|Piper Sandler:18.8|Argus Research:19.2|Barclays:10.2|Needham:21
2026-08-10,ED,-0.95,1.3435,2,Wells Fargo:0|Barclays:-1.9
2026-08-10,EMR,14.75,1.3435,2,Citigroup:15.7|RBC Capital:13.8
2026-08-10,EOG,12,,1,Truist Securities:12
2026-08-10,EQIX,15.9,,1,RBC Capital:15.9
2026-08-10,ES,3.8,,1,Mizuho:3.8
2026-08-10,ESS,11.2,,1,Cantor Fitzgerald:11.2
2026-08-10,EXPD,4.7667,14.6083,3,Barclays:-11.8|JP Morgan:10.3|UBS:15.8
2026-08-10,EXPE,8.28,10.2892,5,Benchmark:10.8|Piper Sandler:0|B. Riley Securities:25.2|Barclays:2.7|TD Cowen:2.7
2026-08-10,FANG,23,12.1445,3,Truist Securities:16.7|Wells Fargo:37|Citigroup:15.3
2026-08-10,FIS,13.025,13.2097,4,Citigroup:2.5|Keefe; Bruyette & Woods:27.6|RBC Capital:20.8|Barclays:1.2
2026-08-10,GD,13.2,,1,Wells Fargo:13.2
2026-08-10,GDDY,5.2,,1,Wedbush:5.2
2026-08-10,GEN,3.4333,6.8501,3,Barclays:10.3|RBC Capital:3.4|Wells Fargo:-3.4
2026-08-10,GILD,3.05,17.8898,2,RBC Capital:-9.6|Cantor Fitzgerald:15.7
2026-08-10,GNRC,61.9,,1,UBS:61.9
2026-08-10,GPN,5.325,3.1085,4,UBS:4|Barclays:1.6|Goldman Sachs:7.3|Keefe; Bruyette & Woods:8.4
2026-08-10,GRMN,21.4,,1,Tigress Financial:21.4
2026-08-10,GS,9.5,,1,UBS:9.5
2026-08-10,GWW,7.55,2.8991,2,Oppenheimer:5.5|RBC Capital:9.6
2026-08-10,HCA,-5.2,,1,Wells Fargo:-5.2
2026-08-10,HSIC,9.45,5.7276,2,UBS:5.4|Barclays:13.5
2026-08-10,HUM,1.55,0.7778,2,Morgan Stanley:1|JP Morgan:2.1
2026-08-10,IDXX,14.4,,1,UBS:14.4
2026-08-10,IEX,2.2,,1,DA Davidson:2.2
2026-08-10,IFF,9,6.0811,2,UBS:4.7|Barclays:13.3
2026-08-10,INCY,15,,1,Mizuho:15
2026-08-10,IR,23.3,,1,Baird:23.3
2026-08-10,IRM,10,,1,Wells Fargo:10
2026-08-10,IT,-7.55,11.5443,4,Goldman Sachs:-3.7|RBC Capital:-12.8|Wells Fargo:-20.2|UBS:6.5
2026-08-10,J,20.1,,1,RBC Capital:20.1
2026-08-10,JNJ,11.5,0.9899,2,Wells Fargo:10.8|Guggenheim:12.2
2026-08-10,JPM,12.7,,1,UBS:12.7
2026-08-10,KDP,30.6,,1,UBS:30.6
2026-08-10,KHC,-2.1,9.0723,4,Piper Sandler:-3|TD Cowen:-14.6|UBS:4.8|Barclays:4.4
2026-08-10,KKR,12,,1,BMO Capital:12
2026-08-10,KMB,-1.7,6.6468,2,TD Cowen:-6.4|UBS:3
2026-08-10,LDOS,12.9333,15.9381,3,RBC Capital:31.1|UBS:6.4|TD Cowen:1.3
2026-08-10,LH,0.7,,1,Piper Sandler:0.7
2026-08-10,LLY,15.2333,3.782,3,Wells Fargo:11.2|Cantor Fitzgerald:18.7|Truist Securities:15.8
2026-08-10,LNT,7.7,2.9698,2,BMO Capital:9.8|Mizuho:5.6
2026-08-10,LYB,18.08,10.5836,5,BMO Capital:15.6|JP Morgan:36|Mizuho:12.2|UBS:8.8|RBC Capital:17.8
2026-08-10,MAA,5.8,,1,Cantor Fitzgerald:5.8
2026-08-10,MAR,9.5667,8.3806,6,Mizuho:8.5|Baird:12.8|Barclays:-0.1|BMO Capital:13.4|Wells Fargo:22|Macquarie:0.8
2026-08-10,MCD,7.8,3.8184,2,Guggenheim:5.1|Keybanc:10.5
2026-08-10,MCHP,30.6,19.6779,4,Citigroup:16.8|Rosenblatt:47.5|Truist Securities:10.6|UBS:47.5
2026-08-10,MCK,12.7667,4.8911,3,Evercore ISI Group:9.6|TD Cowen:10.3|UBS:18.4
2026-08-10,MET,-1.6,,1,Barclays:-1.6
2026-08-10,MNST,9.575,2.8359,4,Piper Sandler:7.7|RBC Capital:6.6|Evercore ISI Group:12|UBS:12
2026-08-10,MPC,8.7333,9.3767,3,Citigroup:1.1|TD Cowen:19.2|Barclays:5.9
2026-08-10,MS,21.7,,1,UBS:21.7
2026-08-10,MSFT,39,,1,Tigress Financial:39
2026-08-10,MSI,12.3,1.3892,3,Barclays:11.4|Piper Sandler:11.6|JP Morgan:13.9
2026-08-10,MTD,6.6667,5.5788,3,Barclays:9|Stifel:10.7|Morgan Stanley:0.3
2026-08-10,MU,27.3,,1,Citigroup:27.3
2026-08-10,NI,4.3,,1,Barclays:4.3
2026-08-10,NKE,-4,,1,JP Morgan:-4
2026-08-10,NTRS,1.5,,1,JP Morgan:1.5
2026-08-10,NXPI,17.4,,1,UBS:17.4
2026-08-10,O,12.4,,1,RBC Capital:12.4
2026-08-10,ON,37.0667,13.2538,3,B. Riley Securities:50.5|Baird:36.7|Citigroup:24
2026-08-10,OXY,11.3,,1,Truist Securities:11.3
2026-08-10,PEG,13.6,4.6669,2,Citigroup:10.3|Wells Fargo:16.9
2026-08-10,PFE,18.2,,1,Guggenheim:18.2
2026-08-10,PGR,16.3,,1,JP Morgan:16.3
2026-08-10,PH,17.05,6.0907,4,Keybanc:12.2|Citigroup:14.2|Susquehanna:15.9|Truist Securities:25.9
2026-08-10,PLD,14.4,,1,RBC Capital:14.4
2026-08-10,PLTR,45.6,18.6714,4,Citigroup:68.8|Mizuho:48.1|Deutsche Bank:23.5|Piper Sandler:42
2026-08-10,PODD,19.2222,11.9577,9,Bernstein:33.7|RBC Capital:22.2|Stifel:37.5|TD Cowen:10|UBS:14.6|Canaccord Genuity:29.7|JP Morgan:10.1|Truist Securities:10.9|Wells Fargo:4.3
2026-08-10,PSX,10.2333,10.2344,3,Barclays:3.4|Evercore ISI Group:5.3|TD Cowen:22
2026-08-10,PWR,18.2,,1,Keybanc:18.2
2026-08-10,RL,19.2375,5.2293,8,JP Morgan:19|Needham:20|Barclays:17|BTIG:16.3|Citigroup:15|Evercore ISI Group:16.3|Telsey Advisory Group:18.8|UBS:31.5
2026-08-10,RMD,6.2,3.3941,2,Piper Sandler:8.6|Wells Fargo:3.8
2026-08-10,ROK,19.1,,1,Citigroup:19.1
2026-08-10,ROP,13.2,,1,Argus Research:13.2
2026-08-10,RSG,12.3,,1,Barclays:12.3
2026-08-10,RVTY,12,,1,Evercore ISI Group:12
2026-08-10,SBAC,23.1333,6.3288,3,JP Morgan:24.6|Morgan Stanley:16.2|Truist Securities:28.6
2026-08-10,SNDK,79,,1,Citigroup:79
2026-08-10,SOLV,14.6667,2.3459,3,Keybanc:13.9|Piper Sandler:17.3|UBS:12.8
2026-08-10,STE,19.9,,1,Piper Sandler:19.9
2026-08-10,STT,0.8,,1,JP Morgan:0.8
2026-08-10,SW,17.95,3.4648,2,Citigroup:20.4|Barclays:15.5
2026-08-10,SYF,11.5,,1,UBS:11.5
2026-08-10,SYY,4.7333,6.2365,3,Citigroup:2.4|Piper Sandler:0|UBS:11.8
2026-08-10,TAP,6.85,8.439,4,Needham:18.4|Piper Sandler:4.2|UBS:6.5|JP Morgan:-1.7
2026-08-10,TDG,22.6,16.2635,2,Stifel:11.1|UBS:34.1
2026-08-10,TPR,21.5,17.9605,2,JP Morgan:34.2|Telsey Advisory Group:8.8
2026-08-10,TRGP,7.7,,1,Barclays:7.7
2026-08-10,TROW,-2.35,10.5359,2,Barclays:-9.8|BMO Capital:5.1
2026-08-10,TSLA,51.5,,1,Stifel:51.5
2026-08-10,TTD,12.8333,22.1444,12,Benchmark:55.4|Wells Fargo:-6.8|Cantor Fitzgerald:8.8|Citigroup:-14.5|Evercore ISI Group:1|Needham:47.6|Rosenblatt:-6.8|Scotiabank:-6.8|Susquehanna:8.8|Truist Securities:24.3|UBS:24.3|DA Davidson:18.7
2026-08-10,TTWO,19.175,4.05,4,DA Davidson:21.2|Oppenheimer:13.1|Wedbush:21.2|Wells Fargo:21.2
2026-08-10,UBER,43.7875,18.9885,8,Barclays:54.5|Bernstein:38.4|Guggenheim:82.1|Wells Fargo:29.7|Cantor Fitzgerald:26.2|DA Davidson:40.3|Needham:52.9|Susquehanna:26.2
2026-08-10,UDR,7.6,0,2,Cantor Fitzgerald:7.6|JP Morgan:7.6
2026-08-10,URI,10.9,,1,Argus Research:10.9
2026-08-10,V,16.05,9.8288,2,Cantor Fitzgerald:23|Truist Securities:9.1
2026-08-10,VLO,-1.6,,1,Mizuho:-1.6
2026-08-10,VRTX,14.2,13.7339,5,TD Cowen:16.7|Canaccord Genuity:-9.3|Cantor Fitzgerald:22|Truist Securities:15.9|Barclays:25.7
2026-08-10,WAT,11.22,8.0086,5,Evercore ISI Group:5.3|TD Cowen:19.1|Wells Fargo:0.3|Barclays:15.6|Citigroup:15.8
2026-08-10,WDC,44.275,28.3661,4,UBS:22.4|Citigroup:61.8|Rosenblatt:74.9|TD Cowen:18
2026-08-10,WELL,18.4,,1,Keybanc:18.4
2026-08-10,WM,20.1,,1,UBS:20.1
2026-08-10,WMB,24.15,2.3335,2,Wells Fargo:25.8|RBC Capital:22.5
2026-08-10,WTW,14.3333,9.5259,3,Citigroup:3.5|Keefe; Bruyette & Woods:18.1|UBS:21.4
2026-08-10,WY,16,,1,Citigroup:16
2026-08-10,WYNN,37.3,3.9598,2,Macquarie:40.1|Barclays:34.5
2026-08-10,XOM,10.1,,1,TD Cowen:10.1
2026-08-10,XYZ,22.92,6.1836,5,Keybanc:28.9|RBC Capital:13.4|TD Cowen:25.4|Cantor Fitzgerald:20.3|Needham:26.6
2026-08-10,YUM,7.7,,1,JP Morgan:7.7
2026-08-11,ABBV,11.2,7.6368,2,Guggenheim:16.6|Evercore ISI Group:5.8
2026-08-11,ABNB,16.44,5.3219,5,Benchmark:9.3|Canaccord Genuity:21.4|Wells Fargo:12.9|Citigroup:17.2|Susquehanna:21.4
2026-08-11,ACGL,1.6,,1,BMO Capital:1.6
2026-08-11,ADM,5.0667,8.1709,3,BMO Capital:0.2|Barclays:14.5|Morgan Stanley:0.5
2026-08-11,ADP,14.3,,1,Cantor Fitzgerald:14.3
2026-08-11,AFL,-4.9333,16.5122,3,Barclays:-21.8|Piper Sandler:11.2|JP Morgan:-4.2
2026-08-11,AIG,7.3667,4.7816,3,Barclays:2.3|Piper Sandler:8|RBC Capital:11.8
2026-08-11,AIZ,12.3333,4.9116,3,Piper Sandler:9.3|Truist Securities:18|Keefe; Bruyette & Woods:9.7
2026-08-11,AKAM,14.925,2.6986,4,Baird:12.9|TD Cowen:12.9|UBS:15.3|Susquehanna:18.6
2026-08-11,ALB,34.4,12.4102,6,BMO Capital:54.7|Citigroup:35.4|UBS:35.4|RBC Capital:19.5|Evercore ISI Group:38|Morgan Stanley:23.4
2026-08-11,ALL,0.45,11.5025,6,Barclays:-16.9|Piper Sandler:12.4|UBS:3|Citigroup:-10.1|Goldman Sachs:4.9|JP Morgan:9.4
2026-08-11,ALLE,-3.6,,1,Morgan Stanley:-3.6
2026-08-11,AMD,30.1667,9.3115,3,Evercore ISI Group:22.7|Wedbush:27.2|Rosenblatt:40.6
2026-08-11,AME,12.4286,6.5515,7,Citigroup:2.6|Keybanc:16|RBC Capital:14.4|BMO Capital:10.3|DA Davidson:11.4|Truist Securities:23.6|TD Cowen:8.7
2026-08-11,AMGN,-0.2667,13.6889,6,Oppenheimer:14.4|Truist Securities:-8|B of A Securities:-23.4|Goldman Sachs:8.8|UBS:6.4|Citigroup:0.2
2026-08-11,ANET,31.6286,11.0355,7,Keybanc:18.9|Wells Fargo:21.3|B of A Securities:24.7|Evercore ISI Group:29.9|Needham:35.1|Rosenblatt:45.5|Barclays:46
2026-08-11,APA,2,,1,Truist Securities:2
2026-08-11,APD,21,,1,RBC Capital:21
2026-08-11,APO,20.1,,1,Barclays:20.1
2026-08-11,APP,97.35,24.607,4,Macquarie:83.2|UBS:133.4|Wedbush:80.2|Citigroup:92.6
2026-08-11,APTV,45.18,18.9512,5,RBC Capital:64.2|TD Cowen:62.1|Wells Fargo:39|Morgan Stanley:17.9|Evercore ISI Group:42.7
2026-08-11,ARE,2.05,0.3536,2,Cantor Fitzgerald:2.3|Citigroup:1.8
2026-08-11,AXON,16.325,13.4078,4,Morgan Stanley:8.6|Piper Sandler:24.2|UBS:1.8|Barclays:30.7
2026-08-11,AZO,19.5,,1,Barclays:19.5
2026-08-11,BALL,8.65,7.4246,2,Wells Fargo:13.9|UBS:3.4
2026-08-11,BBY,0.7,,1,Jefferies:0.7
2026-08-11,BDX,4.4333,10.4644,3,Piper Sandler:-0.1|Citigroup:16.4|Wells Fargo:-3
2026-08-11,BKNG,21.75,7.0868,4,B. Riley Securities:31.9|Oppenheimer:15.5|BMO Capital:20.5|Wedbush:19.1
2026-08-11,BKR,12.7,,1,Morgan Stanley:12.7
2026-08-11,BR,8.8,,1,Morgan Stanley:8.8
2026-08-11,CAT,20.95,26.9408,2,Truist Securities:40|DA Davidson:1.9
2026-08-11,CDW,23.2,,1,Morgan Stanley:23.2
2026-08-11,CF,7.5,,1,UBS:7.5
2026-08-11,CI,14.4,,1,Jefferies:14.4
2026-08-11,CINF,5.1,,1,Keefe; Bruyette & Woods:5.1
2026-08-11,CLX,-6,,1,Evercore ISI Group:-6
2026-08-11,CMG,31.7,,1,BTIG:31.7
2026-08-11,CMI,29.6,,1,UBS:29.6
2026-08-11,COP,36.25,38.5373,2,Wells Fargo:63.5|Truist Securities:9
2026-08-11,COR,20.9,12.4575,3,Evercore ISI Group:8.7|UBS:33.6|JP Morgan:20.4
2026-08-11,CPAY,14.1667,6.4663,3,UBS:6.7|JP Morgan:17.9|Keefe; Bruyette & Woods:17.9
2026-08-11,CRL,15.3667,2.8589,3,JP Morgan:18.5|Morgan Stanley:14.7|TD Cowen:12.9
2026-08-11,CVNA,25.5,,1,BTIG:25.5
2026-08-11,CVS,18.6,7.3539,2,Evercore ISI Group:23.8|Barclays:13.4
2026-08-11,DASH,31.82,15.5848,5,Benchmark:37.4|Truist Securities:56.5|Cantor Fitzgerald:22.5|Needham:24.9|Susquehanna:17.8
2026-08-11,DD,20.7667,0.6351,3,UBS:20.4|RBC Capital:21.5|JP Morgan:20.4
2026-08-11,DDOG,23.7,12.0867,6,Canaccord Genuity:1.2|Citigroup:29.9|DA Davidson:34.2|Needham:27.8|Rosenblatt:29.9|UBS:19.2
2026-08-11,DIS,21.86,7.7976,5,Argus Research:30.7|Barclays:12.2|Guggenheim:17|Wells Fargo:28.7|Rosenblatt:20.7
2026-08-11,DLR,8.5,,1,Argus Research:8.5
2026-08-11,DOC,9.05,5.1619,2,RBC Capital:12.7|Citigroup:5.4
2026-08-11,DUK,5.7,0,2,Barclays:5.7|BMO Capital:5.7
2026-08-11,DVA,19.8333,1.4364,3,Barclays:20.4|TD Cowen:20.9|Truist Securities:18.2
2026-08-11,EBAY,17.76,4.3067,5,Benchmark:19.6|Piper Sandler:18.8|Argus Research:19.2|Barclays:10.2|Needham:21
2026-08-11,ED,-0.95,1.3435,2,Wells Fargo:0|Barclays:-1.9
2026-08-11,EMR,14.75,1.3435,2,Citigroup:15.7|RBC Capital:13.8
2026-08-11,EOG,12,,1,Truist Securities:12
2026-08-11,EQIX,15.9,,1,RBC Capital:15.9
2026-08-11,EXPD,4.7667,14.6083,3,Barclays:-11.8|JP Morgan:10.3|UBS:15.8
2026-08-11,EXPE,8.28,10.2892,5,Benchmark:10.8|Piper Sandler:0|B. Riley Securities:25.2|Barclays:2.7|TD Cowen:2.7
2026-08-11,FANG,23,12.1445,3,Truist Securities:16.7|Wells Fargo:37|Citigroup:15.3
2026-08-11,FICO,62.7,,1,Barclays:62.7
2026-08-11,FIS,14.22,11.7479,5,Citigroup:2.5|Keefe; Bruyette & Woods:27.6|RBC Capital:20.8|Barclays:1.2|Cantor Fitzgerald:19
2026-08-11,GD,13.2,,1,Wells Fargo:13.2
2026-08-11,GEN,3.4333,6.8501,3,Barclays:10.3|RBC Capital:3.4|Wells Fargo:-3.4
2026-08-11,GILD,3.05,17.8898,2,RBC Capital:-9.6|Cantor Fitzgerald:15.7
2026-08-11,GPN,5.325,3.1085,4,UBS:4|Barclays:1.6|Goldman Sachs:7.3|Keefe; Bruyette & Woods:8.4
2026-08-11,GRMN,21.4,,1,Tigress Financial:21.4
2026-08-11,GWW,2.1667,9.5469,3,Oppenheimer:5.5|RBC Capital:9.6|Barclays:-8.6
2026-08-11,HSIC,9.45,5.7276,2,UBS:5.4|Barclays:13.5
2026-08-11,HUM,1.55,0.7778,2,Morgan Stanley:1|JP Morgan:2.1
2026-08-11,IDXX,14.4,,1,UBS:14.4
2026-08-11,IEX,2.2,,1,DA Davidson:2.2
2026-08-11,IFF,9,6.0811,2,UBS:4.7|Barclays:13.3
2026-08-11,IRM,10,,1,Wells Fargo:10
2026-08-11,IT,-7.55,11.5443,4,Goldman Sachs:-3.7|RBC Capital:-12.8|Wells Fargo:-20.2|UBS:6.5
2026-08-11,J,17.6,3.5355,2,RBC Capital:20.1|UBS:15.1
2026-08-11,JNJ,12.2,,1,Guggenheim:12.2
2026-08-11,KDP,30.35,0.3536,2,UBS:30.6|Barclays:30.1
2026-08-11,KHC,-2.1,9.0723,4,Piper Sandler:-3|TD Cowen:-14.6|UBS:4.8|Barclays:4.4
2026-08-11,KIM,8.4,,1,Citigroup:8.4
2026-08-11,KMB,-1.7,6.6468,2,TD Cowen:-6.4|UBS:3
2026-08-11,LDOS,13.9,13.1562,4,RBC Capital:31.1|UBS:6.4|TD Cowen:1.3|Citigroup:16.8
2026-08-11,LIN,11.2,,1,BMO Capital:11.2
2026-08-11,LLY,15.2333,3.782,3,Wells Fargo:11.2|Cantor Fitzgerald:18.7|Truist Securities:15.8
2026-08-11,LYB,17.8,,1,RBC Capital:17.8
2026-08-11,MAR,9.78,9.3516,5,Baird:12.8|Barclays:-0.1|BMO Capital:13.4|Wells Fargo:22|Macquarie:0.8
2026-08-11,MCD,7.8,3.8184,2,Guggenheim:5.1|Keybanc:10.5
2026-08-11,MCHP,30.6,19.6779,4,Citigroup:16.8|Rosenblatt:47.5|Truist Securities:10.6|UBS:47.5
2026-08-11,MCK,12.7667,4.8911,3,Evercore ISI Group:9.6|TD Cowen:10.3|UBS:18.4
2026-08-11,MET,5,9.3338,2,Barclays:-1.6|JP Morgan:11.6
2026-08-11,MNST,9.575,2.8359,4,Piper Sandler:7.7|RBC Capital:6.6|Evercore ISI Group:12|UBS:12
2026-08-11,MPC,8.7333,9.3767,3,Citigroup:1.1|TD Cowen:19.2|Barclays:5.9
2026-08-11,MSFT,39,,1,Tigress Financial:39
2026-08-11,MSI,12.3,1.3892,3,Barclays:11.4|Piper Sandler:11.6|JP Morgan:13.9
2026-08-11,MTD,0.3,,1,Morgan Stanley:0.3
2026-08-11,MU,27.3,,1,Citigroup:27.3
2026-08-11,NI,4.3,,1,Barclays:4.3
2026-08-11,NKE,-4,,1,JP Morgan:-4
2026-08-11,O,12.4,,1,RBC Capital:12.4
2026-08-11,ON,30.35,8.9803,2,Baird:36.7|Citigroup:24
2026-08-11,OXY,11.3,,1,Truist Securities:11.3
2026-08-11,PEG,13.6,4.6669,2,Citigroup:10.3|Wells Fargo:16.9
2026-08-11,PFE,18.2,,1,Guggenheim:18.2
2026-08-11,PH,17.05,6.0907,4,Keybanc:12.2|Citigroup:14.2|Susquehanna:15.9|Truist Securities:25.9
2026-08-11,PLD,14.4,,1,RBC Capital:14.4
2026-08-11,PLTR,32.75,13.0815,2,Deutsche Bank:23.5|Piper Sandler:42
2026-08-11,PODD,19.2222,11.9577,9,Bernstein:33.7|RBC Capital:22.2|Stifel:37.5|TD Cowen:10|UBS:14.6|Canaccord Genuity:29.7|JP Morgan:10.1|Truist Securities:10.9|Wells Fargo:4.3
2026-08-11,PPL,8.8,,1,BMO Capital:8.8
2026-08-11,PSX,10.2333,10.2344,3,Barclays:3.4|Evercore ISI Group:5.3|TD Cowen:22
2026-08-11,PWR,18.2,,1,Keybanc:18.2
2026-08-11,RL,19.2375,5.2293,8,JP Morgan:19|Needham:20|Barclays:17|BTIG:16.3|Citigroup:15|Evercore ISI Group:16.3|Telsey Advisory Group:18.8|UBS:31.5
2026-08-11,RMD,6.2,3.3941,2,Piper Sandler:8.6|Wells Fargo:3.8
2026-08-11,ROK,19.1,,1,Citigroup:19.1
2026-08-11,ROP,13.2,,1,Argus Research:13.2
2026-08-11,RSG,12.3,,1,Barclays:12.3
2026-08-11,RVTY,12,,1,Evercore ISI Group:12
2026-08-11,SBAC,22.4,8.7681,2,Morgan Stanley:16.2|Truist Securities:28.6
2026-08-11,SNDK,79,,1,Citigroup:79
2026-08-11,SOLV,14.6667,2.3459,3,Keybanc:13.9|Piper Sandler:17.3|UBS:12.8
2026-08-11,SPG,-5.1,,1,Stifel:-5.1
2026-08-11,STE,19.9,,1,Piper Sandler:19.9
2026-08-11,STLD,3,,1,UBS:3
2026-08-11,SW,15.5,,1,Barclays:15.5
2026-08-11,SYY,4.7333,6.2365,3,Citigroup:2.4|Piper Sandler:0|UBS:11.8
2026-08-11,TAP,6.85,8.439,4,Needham:18.4|Piper Sandler:4.2|UBS:6.5|JP Morgan:-1.7
2026-08-11,TDG,22.6,16.2635,2,Stifel:11.1|UBS:34.1
2026-08-11,TPR,21.5,17.9605,2,JP Morgan:34.2|Telsey Advisory Group:8.8
2026-08-11,TRGP,7.7,,1,Barclays:7.7
2026-08-11,TTD,9.9846,23.5586,13,Benchmark:55.4|Wells Fargo:-6.8|Cantor Fitzgerald:8.8|Citigroup:-14.5|Evercore ISI Group:1|Needham:47.6|Rosenblatt:-6.8|Scotiabank:-6.8|Susquehanna:8.8|Truist Securities:24.3|UBS:24.3|DA Davidson:18.7|HSBC:-24.2
2026-08-11,TTWO,20.04,4.0054,5,DA Davidson:21.2|Oppenheimer:13.1|Wedbush:21.2|Wells Fargo:21.2|BTIG:23.5
2026-08-11,UBER,43.4778,17.7864,9,Barclays:54.5|Bernstein:38.4|Guggenheim:82.1|Wells Fargo:29.7|Cantor Fitzgerald:26.2|DA Davidson:40.3|Needham:52.9|Susquehanna:26.2|Jefferies:41
2026-08-11,V,9.1,,1,Truist Securities:9.1
2026-08-11,VRTX,13.575,15.7762,4,Canaccord Genuity:-9.3|Cantor Fitzgerald:22|Truist Securities:15.9|Barclays:25.7
2026-08-11,VTR,17.8,,1,BMO Capital:17.8
2026-08-11,WAT,11.22,8.0086,5,Evercore ISI Group:5.3|TD Cowen:19.1|Wells Fargo:0.3|Barclays:15.6|Citigroup:15.8
2026-08-11,WDC,44.275,28.3661,4,UBS:22.4|Citigroup:61.8|Rosenblatt:74.9|TD Cowen:18
2026-08-11,WELL,18.4,,1,Keybanc:18.4
2026-08-11,WMB,24.15,2.3335,2,Wells Fargo:25.8|RBC Capital:22.5
2026-08-11,WYNN,37.3,3.9598,2,Macquarie:40.1|Barclays:34.5
2026-08-11,XOM,10.1,,1,TD Cowen:10.1
2026-08-11,XYZ,22.92,6.1836,5,Keybanc:28.9|RBC Capital:13.4|TD Cowen:25.4|Cantor Fitzgerald:20.3|Needham:26.6
2026-08-12,A,17.5,,1,Morgan Stanley:17.5
2026-08-12,ABBV,5.8,,1,Evercore ISI Group:5.8
2026-08-12,ABNB,16.44,5.3219,5,Benchmark:9.3|Canaccord Genuity:21.4|Wells Fargo:12.9|Citigroup:17.2|Susquehanna:21.4
2026-08-12,ACGL,1.6,,1,BMO Capital:1.6
2026-08-12,ADM,7.5,9.8995,2,Barclays:14.5|Morgan Stanley:0.5
2026-08-12,ADP,14.3,,1,Cantor Fitzgerald:14.3
2026-08-12,AFL,-2.7,14.2028,4,Barclays:-21.8|Piper Sandler:11.2|JP Morgan:-4.2|Keefe; Bruyette & Woods:4
2026-08-12,AIG,10.66,8.9324,5,Barclays:2.3|Piper Sandler:8|RBC Capital:11.8|Keefe; Bruyette & Woods:25.4|Morgan Stanley:5.8
2026-08-12,AIZ,12.3333,4.9116,3,Piper Sandler:9.3|Truist Securities:18|Keefe; Bruyette & Woods:9.7
2026-08-12,AKAM,14.925,2.6986,4,Baird:12.9|TD Cowen:12.9|UBS:15.3|Susquehanna:18.6
2026-08-12,ALB,34.4,12.4102,6,BMO Capital:54.7|Citigroup:35.4|UBS:35.4|RBC Capital:19.5|Evercore ISI Group:38|Morgan Stanley:23.4
2026-08-12,ALL,0.45,11.5025,6,Barclays:-16.9|Piper Sandler:12.4|UBS:3|Citigroup:-10.1|Goldman Sachs:4.9|JP Morgan:9.4
2026-08-12,ALLE,-3.6,,1,Morgan Stanley:-3.6
2026-08-12,AMD,30.1667,9.3115,3,Evercore ISI Group:22.7|Wedbush:27.2|Rosenblatt:40.6
2026-08-12,AME,13.5,6.824,4,BMO Capital:10.3|DA Davidson:11.4|Truist Securities:23.6|TD Cowen:8.7
2026-08-12,AMGN,-2,14.7196,4,B of A Securities:-23.4|Goldman Sachs:8.8|UBS:6.4|Citigroup:0.2
2026-08-12,ANET,36.24,9.4296,5,B of A Securities:24.7|Evercore ISI Group:29.9|Needham:35.1|Rosenblatt:45.5|Barclays:46
2026-08-12,APA,9.6,10.748,2,Truist Securities:2|Susquehanna:17.2
2026-08-12,APD,21,,1,RBC Capital:21
2026-08-12,APO,20.1,,1,Barclays:20.1
2026-08-12,APP,82.94,38.6312,5,Macquarie:83.2|UBS:133.4|Wedbush:80.2|Citigroup:92.6|B of A Securities:25.3
2026-08-12,APTV,30.3,17.5362,2,Morgan Stanley:17.9|Evercore ISI Group:42.7
2026-08-12,ARE,2.05,0.3536,2,Cantor Fitzgerald:2.3|Citigroup:1.8
2026-08-12,AXON,16.325,13.4078,4,Morgan Stanley:8.6|Piper Sandler:24.2|UBS:1.8|Barclays:30.7
2026-08-12,BALL,3.4,,1,UBS:3.4
2026-08-12,BBY,0.7,,1,Jefferies:0.7
2026-08-12,BDX,4.4333,10.4644,3,Piper Sandler:-0.1|Citigroup:16.4|Wells Fargo:-3
2026-08-12,BKNG,19.8,0.9899,2,BMO Capital:20.5|Wedbush:19.1
2026-08-12,BKR,12.7,,1,Morgan Stanley:12.7
2026-08-12,BR,8.8,,1,Morgan Stanley:8.8
2026-08-12,CAH,13.3,3.2078,3,Citigroup:16.8|Evercore ISI Group:12.6|Morgan Stanley:10.5
2026-08-12,CAT,11.3,13.2936,2,DA Davidson:1.9|Evercore ISI Group:20.7
2026-08-12,CDW,23.2,,1,Morgan Stanley:23.2
2026-08-12,CF,7.5,,1,UBS:7.5
2026-08-12,CMG,31.7,,1,BTIG:31.7
2026-08-12,CMI,25.15,6.2933,2,UBS:29.6|Evercore ISI Group:20.7
2026-08-12,COP,33.7667,27.5874,3,Wells Fargo:63.5|Truist Securities:9|Susquehanna:28.8
2026-08-12,COR,21.575,10.2607,4,Evercore ISI Group:8.7|UBS:33.6|JP Morgan:20.4|Wells Fargo:23.6
2026-08-12,CPAY,14.1667,6.4663,3,UBS:6.7|JP Morgan:17.9|Keefe; Bruyette & Woods:17.9
2026-08-12,CPT,9.4,,1,Morgan Stanley:9.4
2026-08-12,CRL,15.3667,2.8589,3,JP Morgan:18.5|Morgan Stanley:14.7|TD Cowen:12.9
2026-08-12,CVS,21.0333,6.6935,3,Evercore ISI Group:23.8|Barclays:13.4|JP Morgan:25.9
2026-08-12,DASH,31.82,15.5848,5,Benchmark:37.4|Truist Securities:56.5|Cantor Fitzgerald:22.5|Needham:24.9|Susquehanna:17.8
2026-08-12,DD,20.7667,0.6351,3,UBS:20.4|RBC Capital:21.5|JP Morgan:20.4
2026-08-12,DDOG,28.2,5.5439,5,Citigroup:29.9|DA Davidson:34.2|Needham:27.8|Rosenblatt:29.9|UBS:19.2
2026-08-12,DIS,21.86,7.7976,5,Argus Research:30.7|Barclays:12.2|Guggenheim:17|Wells Fargo:28.7|Rosenblatt:20.7
2026-08-12,DOC,9.05,5.1619,2,RBC Capital:12.7|Citigroup:5.4
2026-08-12,DUK,5.7,0,2,Barclays:5.7|BMO Capital:5.7
2026-08-12,DVA,19.8333,1.4364,3,Barclays:20.4|TD Cowen:20.9|Truist Securities:18.2
2026-08-12,EBAY,17.76,4.3067,5,Benchmark:19.6|Piper Sandler:18.8|Argus Research:19.2|Barclays:10.2|Needham:21
2026-08-12,ED,-0.95,1.3435,2,Wells Fargo:0|Barclays:-1.9
2026-08-12,EOG,12,,1,Truist Securities:12
2026-08-12,ETN,8.2,,1,Evercore ISI Group:8.2
2026-08-12,EXPD,4.7667,14.6083,3,Barclays:-11.8|JP Morgan:10.3|UBS:15.8
2026-08-12,EXPE,8.28,10.2892,5,Benchmark:10.8|Piper Sandler:0|B. Riley Securities:25.2|Barclays:2.7|TD Cowen:2.7
2026-08-12,FANG,15.3,,1,Citigroup:15.3
2026-08-12,FICO,62.7,,1,Barclays:62.7
2026-08-12,FIS,12.8667,10.1081,3,Barclays:1.2|Cantor Fitzgerald:19|Stephens & Co.:18.4
2026-08-12,GEN,3.4333,6.8501,3,Barclays:10.3|RBC Capital:3.4|Wells Fargo:-3.4
2026-08-12,GILD,15.7,,1,Cantor Fitzgerald:15.7
2026-08-12,GPN,5.325,3.1085,4,UBS:4|Barclays:1.6|Goldman Sachs:7.3|Keefe; Bruyette & Woods:8.4
2026-08-12,GRMN,21.4,,1,Tigress Financial:21.4
2026-08-12,GWW,-8.6,,1,Barclays:-8.6
2026-08-12,HD,13.6,,1,Wells Fargo:13.6
2026-08-12,HLT,7.2,,1,Susquehanna:7.2
2026-08-12,HPQ,-27.9,,1,Goldman Sachs:-27.9
2026-08-12,HSIC,13.5,,1,Barclays:13.5
2026-08-12,HST,5.5,,1,Cantor Fitzgerald:5.5
2026-08-12,HUM,1.55,0.7778,2,Morgan Stanley:1|JP Morgan:2.1
2026-08-12,IDXX,18.4,5.6569,2,UBS:14.4|Barclays:22.4
2026-08-12,IEX,2.2,,1,DA Davidson:2.2
2026-08-12,IFF,9,6.0811,2,UBS:4.7|Barclays:13.3
2026-08-12,INTC,43.1,,1,B of A Securities:43.1
2026-08-12,IR,8.8,,1,Evercore ISI Group:8.8
2026-08-12,IRM,10,,1,Wells Fargo:10
2026-08-12,IT,6.5,,1,UBS:6.5
2026-08-12,ITW,5.6,,1,Evercore ISI Group:5.6
2026-08-12,J,15.1,,1,UBS:15.1
2026-08-12,JBL,17.6,,1,UBS:17.6
2026-08-12,JKHY,30.8,,1,Stephens & Co.:30.8
2026-08-12,JNJ,12.2,,1,Guggenheim:12.2
2026-08-12,KDP,30.35,0.3536,2,UBS:30.6|Barclays:30.1
2026-08-12,KHC,-2.1,9.0723,4,Piper Sandler:-3|TD Cowen:-14.6|UBS:4.8|Barclays:4.4
2026-08-12,KIM,8.4,,1,Citigroup:8.4
2026-08-12,KMB,3,,1,UBS:3
2026-08-12,KVUE,1.7,,1,UBS:1.7
2026-08-12,LDOS,4.5,11.0531,3,TD Cowen:1.3|Citigroup:16.8|Goldman Sachs:-4.6
2026-08-12,LIN,11.2,,1,BMO Capital:11.2
2026-08-12,LITE,26.8,15.6,3,JP Morgan:42.4|Mizuho:26.8|Morgan Stanley:11.2
2026-08-12,LLY,15.2333,3.782,3,Wells Fargo:11.2|Cantor Fitzgerald:18.7|Truist Securities:15.8
2026-08-12,LOW,11.6,,1,Wells Fargo:11.6
2026-08-12,MAA,12.2,,1,Morgan Stanley:12.2
2026-08-12,MAR,0.8,,1,Macquarie:0.8
2026-08-12,MCD,7.8,3.8184,2,Guggenheim:5.1|Keybanc:10.5
2026-08-12,MCHP,30.6,19.6779,4,Citigroup:16.8|Rosenblatt:47.5|Truist Securities:10.6|UBS:47.5
2026-08-12,MCK,10.425,6.1549,4,Evercore ISI Group:9.6|TD Cowen:10.3|UBS:18.4|Wells Fargo:3.4
2026-08-12,MET,7.2667,7.6794,3,Barclays:-1.6|JP Morgan:11.6|Keefe; Bruyette & Woods:11.8
2026-08-12,MNST,9.575,2.8359,4,Piper Sandler:7.7|RBC Capital:6.6|Evercore ISI Group:12|UBS:12
2026-08-12,MO,-10,,1,Barclays:-10
2026-08-12,MPC,-1.7,10.748,2,Barclays:5.9|Mizuho:-9.3
2026-08-12,MSI,12.3,1.3892,3,Barclays:11.4|Piper Sandler:11.6|JP Morgan:13.9
2026-08-12,MU,27.3,,1,Citigroup:27.3
2026-08-12,NEM,24.2,,1,Scotiabank:24.2
2026-08-12,NI,4.3,,1,Barclays:4.3
2026-08-12,NVDA,42.5,,1,Wells Fargo:42.5
2026-08-12,O,12.4,,1,RBC Capital:12.4
2026-08-12,OXY,15.5,5.9397,2,Truist Securities:11.3|Susquehanna:19.7
2026-08-12,PCAR,21.7,,1,Evercore ISI Group:21.7
2026-08-12,PFE,18.2,,1,Guggenheim:18.2
2026-08-12,PH,16.38,5.4833,5,Keybanc:12.2|Citigroup:14.2|Susquehanna:15.9|Truist Securities:25.9|Evercore ISI Group:13.7
2026-08-12,PODD,19.2222,11.9577,9,Bernstein:33.7|RBC Capital:22.2|Stifel:37.5|TD Cowen:10|UBS:14.6|Canaccord Genuity:29.7|JP Morgan:10.1|Truist Securities:10.9|Wells Fargo:4.3
2026-08-12,PPL,8.8,,1,BMO Capital:8.8
2026-08-12,PRU,2.85,2.8991,2,Keefe; Bruyette & Woods:0.8|Piper Sandler:4.9
2026-08-12,PSX,10.2333,10.2344,3,Barclays:3.4|Evercore ISI Group:5.3|TD Cowen:22
2026-08-12,PWR,18.2,,1,Keybanc:18.2
2026-08-12,RL,19.2714,5.6473,7,Needham:20|Barclays:17|BTIG:16.3|Citigroup:15|Evercore ISI Group:16.3|Telsey Advisory Group:18.8|UBS:31.5
2026-08-12,RMD,6.2,3.3941,2,Piper Sandler:8.6|Wells Fargo:3.8
2026-08-12,ROP,13.2,,1,Argus Research:13.2
2026-08-12,RSG,11.3,1.4142,2,Barclays:12.3|UBS:10.3
2026-08-12,SMCI,2.9,7.5783,3,Citigroup:11.5|Goldman Sachs:-2.8|Mizuho:0
2026-08-12,SNDK,79,,1,Citigroup:79
2026-08-12,SOLV,14.6667,2.3459,3,Keybanc:13.9|Piper Sandler:17.3|UBS:12.8
2026-08-12,SPG,-5.1,,1,Stifel:-5.1
2026-08-12,STE,19.9,,1,Piper Sandler:19.9
2026-08-12,STLD,3,,1,UBS:3
2026-08-12,SYY,11.8,,1,UBS:11.8
2026-08-12,TAP,6.85,8.439,4,Needham:18.4|Piper Sandler:4.2|UBS:6.5|JP Morgan:-1.7
2026-08-12,TDG,22.6,16.2635,2,Stifel:11.1|UBS:34.1
2026-08-12,TGT,12.4,,1,Oppenheimer:12.4
2026-08-12,TPR,8.8,,1,Telsey Advisory Group:8.8
2026-08-12,TRGP,7.7,,1,Barclays:7.7
2026-08-12,TTD,9.9846,23.5586,13,Benchmark:55.4|Wells Fargo:-6.8|Cantor Fitzgerald:8.8|Citigroup:-14.5|Evercore ISI Group:1|Needham:47.6|Rosenblatt:-6.8|Scotiabank:-6.8|Susquehanna:8.8|Truist Securities:24.3|UBS:24.3|DA Davidson:18.7|HSBC:-24.2
2026-08-12,TTWO,20.8333,4.0756,6,DA Davidson:21.2|Oppenheimer:13.1|Wedbush:21.2|Wells Fargo:21.2|BTIG:23.5|JP Morgan:24.8
2026-08-12,UBER,43.4778,17.7864,9,Barclays:54.5|Bernstein:38.4|Guggenheim:82.1|Wells Fargo:29.7|Cantor Fitzgerald:26.2|DA Davidson:40.3|Needham:52.9|Susquehanna:26.2|Jefferies:41
2026-08-12,UDR,12.7,,1,Morgan Stanley:12.7
2026-08-12,URI,9.9,,1,Evercore ISI Group:9.9
2026-08-12,VRTX,25.7,,1,Barclays:25.7
2026-08-12,VTR,17.8,,1,BMO Capital:17.8
2026-08-12,WAT,15.7,0.1414,2,Barclays:15.6|Citigroup:15.8
2026-08-12,WDC,44.275,28.3661,4,UBS:22.4|Citigroup:61.8|Rosenblatt:74.9|TD Cowen:18
2026-08-12,WMB,22.1,0.5657,2,RBC Capital:22.5|Truist Securities:21.7
2026-08-12,WYNN,34.5,,1,Barclays:34.5
2026-08-12,XOM,10.1,,1,TD Cowen:10.1
2026-08-12,XYZ,22.92,6.1836,5,Keybanc:28.9|RBC Capital:13.4|TD Cowen:25.4|Cantor Fitzgerald:20.3|Needham:26.6
2026-08-13,A,17.5,,1,Morgan Stanley:17.5
2026-08-13,ABBV,5.8,,1,Evercore ISI Group:5.8
2026-08-13,ABNB,16.44,5.3219,5,Benchmark:9.3|Canaccord Genuity:21.4|Wells Fargo:12.9|Citigroup:17.2|Susquehanna:21.4
2026-08-13,AFL,-2.7,14.2028,4,Barclays:-21.8|Piper Sandler:11.2|JP Morgan:-4.2|Keefe; Bruyette & Woods:4
2026-08-13,AIG,10.66,8.9324,5,Barclays:2.3|Piper Sandler:8|RBC Capital:11.8|Keefe; Bruyette & Woods:25.4|Morgan Stanley:5.8
2026-08-13,AIZ,9.7,,1,Keefe; Bruyette & Woods:9.7
2026-08-13,AKAM,17.24,5.6796,5,Baird:12.9|TD Cowen:12.9|UBS:15.3|Susquehanna:18.6|JP Morgan:26.5
2026-08-13,ALB,34.4,12.4102,6,BMO Capital:54.7|Citigroup:35.4|UBS:35.4|RBC Capital:19.5|Evercore ISI Group:38|Morgan Stanley:23.4
2026-08-13,ALL,0.45,11.5025,6,Barclays:-16.9|Piper Sandler:12.4|UBS:3|Citigroup:-10.1|Goldman Sachs:4.9|JP Morgan:9.4
2026-08-13,ALLE,-3.6,,1,Morgan Stanley:-3.6
2026-08-13,AMD,40.6,,1,Rosenblatt:40.6
2026-08-13,AME,8.7,,1,TD Cowen:8.7
2026-08-13,AMGN,0.2,,1,Citigroup:0.2
2026-08-13,ANET,46,,1,Barclays:46
2026-08-13,APA,12,8.6626,3,Truist Securities:2|Susquehanna:17.2|Benchmark:16.8
2026-08-13,APP,58.95,47.5883,2,Citigroup:92.6|B of A Securities:25.3
2026-08-13,APTV,42.7,,1,Evercore ISI Group:42.7
2026-08-13,ARE,1.8,,1,Citigroup:1.8
2026-08-13,AXON,30.7,,1,Barclays:30.7
2026-08-13,BBY,4.9,,1,Citigroup:4.9
2026-08-13,BDX,4.025,8.5831,4,Piper Sandler:-0.1|Citigroup:16.4|Wells Fargo:-3|RBC Capital:2.8
2026-08-13,BKR,12.7,,1,Morgan Stanley:12.7
2026-08-13,CAH,15.7889,4.5824,9,Citigroup:16.8|Evercore ISI Group:12.6|Morgan Stanley:10.5|Baird:17.6|Barclays:18|Mizuho:7.3|TD Cowen:20.2|UBS:20.2|Wells Fargo:18.9
2026-08-13,CAT,11.3,13.2936,2,DA Davidson:1.9|Evercore ISI Group:20.7
2026-08-13,CF,7.5,,1,UBS:7.5
2026-08-13,CMI,20.7,,1,Evercore ISI Group:20.7
2026-08-13,COHR,8.7,,1,Morgan Stanley:8.7
2026-08-13,COP,33.7667,27.5874,3,Wells Fargo:63.5|Truist Securities:9|Susquehanna:28.8
2026-08-13,COR,22,2.2627,2,JP Morgan:20.4|Wells Fargo:23.6
2026-08-13,CPAY,17.9,0,2,JP Morgan:17.9|Keefe; Bruyette & Woods:17.9
2026-08-13,CPT,6.95,3.4648,2,Morgan Stanley:9.4|JP Morgan:4.5
2026-08-13,CRL,15.3667,2.8589,3,JP Morgan:18.5|Morgan Stanley:14.7|TD Cowen:12.9
2026-08-13,CVS,19.65,8.8388,2,Barclays:13.4|JP Morgan:25.9
2026-08-13,DASH,21.7333,3.6116,3,Cantor Fitzgerald:22.5|Needham:24.9|Susquehanna:17.8
2026-08-13,DD,20.95,0.7778,2,RBC Capital:21.5|JP Morgan:20.4
2026-08-13,DDOG,28.2,5.5439,5,Citigroup:29.9|DA Davidson:34.2|Needham:27.8|Rosenblatt:29.9|UBS:19.2
2026-08-13,DIS,20.7,,1,Rosenblatt:20.7
2026-08-13,DOC,9.05,5.1619,2,RBC Capital:12.7|Citigroup:5.4
2026-08-13,DVA,19.55,1.9092,2,TD Cowen:20.9|Truist Securities:18.2
2026-08-13,EBAY,16.8,5.7862,3,Argus Research:19.2|Barclays:10.2|Needham:21
2026-08-13,ED,-0.95,1.3435,2,Wells Fargo:0|Barclays:-1.9
2026-08-13,ETN,8.2,,1,Evercore ISI Group:8.2
2026-08-13,EXPE,10.2,12.9904,3,B. Riley Securities:25.2|Barclays:2.7|TD Cowen:2.7
2026-08-13,FANG,15.3,,1,Citigroup:15.3
2026-08-13,FICO,34.4,40.0222,2,Barclays:62.7|UBS:6.1
2026-08-13,FIS,18.7,0.4243,2,Cantor Fitzgerald:19|Stephens & Co.:18.4
2026-08-13,GEN,3.4333,6.8501,3,Barclays:10.3|RBC Capital:3.4|Wells Fargo:-3.4
2026-08-13,GPN,5.7667,3.6501,3,Barclays:1.6|Goldman Sachs:7.3|Keefe; Bruyette & Woods:8.4
2026-08-13,GRMN,21.4,,1,Tigress Financial:21.4
2026-08-13,GWW,-8.6,,1,Barclays:-8.6
2026-08-13,HD,13.6,,1,Wells Fargo:13.6
2026-08-13,HLT,7.2,,1,Susquehanna:7.2
2026-08-13,HPQ,-27.9,,1,Goldman Sachs:-27.9
2026-08-13,HSIC,13.5,,1,Barclays:13.5
2026-08-13,HST,5.5,,1,Cantor Fitzgerald:5.5
2026-08-13,HUM,2.1,,1,JP Morgan:2.1
2026-08-13,IDXX,22.4,,1,Barclays:22.4
2026-08-13,IEX,9.1,9.7581,2,DA Davidson:2.2|Mizuho:16
2026-08-13,IFF,13.3,,1,Barclays:13.3
2026-08-13,INTC,26.7,23.1931,2,B of A Securities:43.1|UBS:10.3
2026-08-13,IR,8.8,,1,Evercore ISI Group:8.8
2026-08-13,ITW,5.6,,1,Evercore ISI Group:5.6
2026-08-13,IVZ,23,,1,TD Cowen:23
2026-08-13,J,15.1,,1,UBS:15.1
2026-08-13,JBL,17.6,,1,UBS:17.6
2026-08-13,JKHY,30.8,,1,Stephens & Co.:30.8
2026-08-13,JNJ,12.2,,1,Guggenheim:12.2
2026-08-13,KDP,30.35,0.3536,2,UBS:30.6|Barclays:30.1
2026-08-13,KHC,4.4,,1,Barclays:4.4
2026-08-13,KIM,8.4,,1,Citigroup:8.4
2026-08-13,KVUE,1.7,,1,UBS:1.7
2026-08-13,LDOS,4.5,11.0531,3,TD Cowen:1.3|Citigroup:16.8|Goldman Sachs:-4.6
2026-08-13,LIN,11.2,,1,BMO Capital:11.2
2026-08-13,LITE,25.66,15.9539,5,JP Morgan:42.4|Mizuho:26.8|Morgan Stanley:11.2|B of A Securities:7.8|Rosenblatt:40.1
2026-08-13,LLY,17.25,2.0506,2,Cantor Fitzgerald:18.7|Truist Securities:15.8
2026-08-13,LMT,13.3,,1,Citigroup:13.3
2026-08-13,LOW,11.6,,1,Wells Fargo:11.6
2026-08-13,MAA,12.2,,1,Morgan Stanley:12.2
2026-08-13,MCHP,30.6,19.6779,4,Citigroup:16.8|Rosenblatt:47.5|Truist Securities:10.6|UBS:47.5
2026-08-13,MCK,3.4,,1,Wells Fargo:3.4
2026-08-13,MET,11.7,0.1414,2,JP Morgan:11.6|Keefe; Bruyette & Woods:11.8
2026-08-13,MLM,16.8,,1,Morgan Stanley:16.8
2026-08-13,MNST,9.575,2.8359,4,Piper Sandler:7.7|RBC Capital:6.6|Evercore ISI Group:12|UBS:12
2026-08-13,MO,-10,,1,Barclays:-10
2026-08-13,MPC,-9.3,,1,Mizuho:-9.3
2026-08-13,MSFT,41.9,,1,Wells Fargo:41.9
2026-08-13,MSI,13.9,,1,JP Morgan:13.9
2026-08-13,MU,27.3,,1,Citigroup:27.3
2026-08-13,NEM,24.2,,1,Scotiabank:24.2
2026-08-13,NI,4.3,,1,Barclays:4.3
2026-08-13,NOC,15.3,,1,Citigroup:15.3
2026-08-13,NVDA,42.5,,1,Wells Fargo:42.5
2026-08-13,O,12.4,,1,RBC Capital:12.4
2026-08-13,OXY,15.5,5.9397,2,Truist Securities:11.3|Susquehanna:19.7
2026-08-13,PAYX,-1.3,,1,Jefferies:-1.3
2026-08-13,PCAR,21.7,,1,Evercore ISI Group:21.7
2026-08-13,PFE,18.2,,1,Guggenheim:18.2
2026-08-13,PH,16.38,5.4833,5,Keybanc:12.2|Citigroup:14.2|Susquehanna:15.9|Truist Securities:25.9|Evercore ISI Group:13.7
2026-08-13,PODD,13.75,11.0325,4,Canaccord Genuity:29.7|JP Morgan:10.1|Truist Securities:10.9|Wells Fargo:4.3
2026-08-13,PPL,8.8,,1,BMO Capital:8.8
2026-08-13,PRU,2.85,2.8991,2,Keefe; Bruyette & Woods:0.8|Piper Sandler:4.9
2026-08-13,PWR,18.2,,1,Keybanc:18.2
2026-08-13,RL,19.15,6.1763,6,Barclays:17|BTIG:16.3|Citigroup:15|Evercore ISI Group:16.3|Telsey Advisory Group:18.8|UBS:31.5
2026-08-13,RMD,6.2,3.3941,2,Piper Sandler:8.6|Wells Fargo:3.8
2026-08-13,RSG,11.3,1.4142,2,Barclays:12.3|UBS:10.3
2026-08-13,SMCI,9.7857,12.9351,7,Citigroup:11.5|Goldman Sachs:-2.8|Mizuho:0|Barclays:1.9|Needham:20.2|Rosenblatt:33.2|Wedbush:4.5
2026-08-13,SPG,-5.1,,1,Stifel:-5.1
2026-08-13,STE,19.9,,1,Piper Sandler:19.9
2026-08-13,STLD,3,,1,UBS:3
2026-08-13,TAP,6.85,8.439,4,Needham:18.4|Piper Sandler:4.2|UBS:6.5|JP Morgan:-1.7
2026-08-13,TDY,3.9,,1,Morgan Stanley:3.9
2026-08-13,TGT,12.4,,1,Oppenheimer:12.4
2026-08-13,TRGP,7.7,,1,Barclays:7.7
2026-08-13,TRMB,30.9,3.677,2,Bernstein:28.3|JP Morgan:33.5
2026-08-13,TTD,9.9846,23.5586,13,Benchmark:55.4|Wells Fargo:-6.8|Cantor Fitzgerald:8.8|Citigroup:-14.5|Evercore ISI Group:1|Needham:47.6|Rosenblatt:-6.8|Scotiabank:-6.8|Susquehanna:8.8|Truist Securities:24.3|UBS:24.3|DA Davidson:18.7|HSBC:-24.2
2026-08-13,TTWO,20.8333,4.0756,6,DA Davidson:21.2|Oppenheimer:13.1|Wedbush:21.2|Wells Fargo:21.2|BTIG:23.5|JP Morgan:24.8
2026-08-13,UBER,37.32,11.3189,5,Cantor Fitzgerald:26.2|DA Davidson:40.3|Needham:52.9|Susquehanna:26.2|Jefferies:41
2026-08-13,UDR,12.7,,1,Morgan Stanley:12.7
2026-08-13,URI,9.9,,1,Evercore ISI Group:9.9
2026-08-13,VTR,17.8,,1,BMO Capital:17.8
2026-08-13,WAT,15.8,,1,Citigroup:15.8
2026-08-13,WDC,51.5667,29.7984,3,Citigroup:61.8|Rosenblatt:74.9|TD Cowen:18
2026-08-13,WMB,22.1,0.5657,2,RBC Capital:22.5|Truist Securities:21.7
2026-08-13,XOM,10.1,,1,TD Cowen:10.1
2026-08-13,XYZ,23.45,4.4548,2,Cantor Fitzgerald:20.3|Needham:26.6
2026-08-14,A,17.5,,1,Morgan Stanley:17.5
2026-08-14,ABBV,5.8,,1,Evercore ISI Group:5.8
2026-08-14,ABNB,19.3,2.9698,2,Citigroup:17.2|Susquehanna:21.4
2026-08-14,AFL,-2.7,14.2028,4,Barclays:-21.8|Piper Sandler:11.2|JP Morgan:-4.2|Keefe; Bruyette & Woods:4
2026-08-14,AIG,10.66,8.9324,5,Barclays:2.3|Piper Sandler:8|RBC Capital:11.8|Keefe; Bruyette & Woods:25.4|Morgan Stanley:5.8
2026-08-14,AIZ,13.5,5.374,2,Keefe; Bruyette & Woods:9.7|UBS:17.3
2026-08-14,AKAM,17.24,5.6796,5,Baird:12.9|TD Cowen:12.9|UBS:15.3|Susquehanna:18.6|JP Morgan:26.5
2026-08-14,ALB,34.4,12.4102,6,BMO Capital:54.7|Citigroup:35.4|UBS:35.4|RBC Capital:19.5|Evercore ISI Group:38|Morgan Stanley:23.4
2026-08-14,ALL,4.7167,7.9919,6,Piper Sandler:12.4|UBS:3|Citigroup:-10.1|Goldman Sachs:4.9|JP Morgan:9.4|BMO Capital:8.7
2026-08-14,ALLE,-3.6,,1,Morgan Stanley:-3.6
2026-08-14,AMAT,40.2,,1,TD Cowen:40.2
2026-08-14,AMCR,4.35,12.2329,2,Citigroup:13|Wells Fargo:-4.3
2026-08-14,AMGN,0.2,,1,Citigroup:0.2
2026-08-14,APA,12,8.6626,3,Truist Securities:2|Susquehanna:17.2|Benchmark:16.8
2026-08-14,APP,58.95,47.5883,2,Citigroup:92.6|B of A Securities:25.3
2026-08-14,APTV,42.7,,1,Evercore ISI Group:42.7
2026-08-14,ARE,1.8,,1,Citigroup:1.8
2026-08-14,BBY,4.9,,1,Citigroup:4.9
2026-08-14,BDX,5.4,9.9579,3,Citigroup:16.4|Wells Fargo:-3|RBC Capital:2.8
2026-08-14,BKR,12.7,,1,Morgan Stanley:12.7
2026-08-14,CAH,15.7889,4.5824,9,Citigroup:16.8|Evercore ISI Group:12.6|Morgan Stanley:10.5|Baird:17.6|Barclays:18|Mizuho:7.3|TD Cowen:20.2|UBS:20.2|Wells Fargo:18.9
2026-08-14,CAT,20.7,,1,Evercore ISI Group:20.7
2026-08-14,CF,7.5,,1,UBS:7.5
2026-08-14,CMI,20.7,,1,Evercore ISI Group:20.7
2026-08-14,COHR,23.425,21.6291,4,Morgan Stanley:8.7|B. Riley Securities:5|Needham:27.8|Rosenblatt:52.2
2026-08-14,COP,33.7667,27.5874,3,Wells Fargo:63.5|Truist Securities:9|Susquehanna:28.8
2026-08-14,COR,23.6,,1,Wells Fargo:23.6
2026-08-14,CPT,6.95,3.4648,2,Morgan Stanley:9.4|JP Morgan:4.5
2026-08-14,CRL,12.9,,1,TD Cowen:12.9
2026-08-14,CSCO,28.2,11.5104,5,Keybanc:19.7|Morgan Stanley:19.7|Rosenblatt:46.3|UBS:22.3|Wells Fargo:33
2026-08-14,CVS,25.9,,1,JP Morgan:25.9
2026-08-14,DASH,17.8,,1,Susquehanna:17.8
2026-08-14,DD,20.4,,1,JP Morgan:20.4
2026-08-14,DDOG,27.775,6.3068,4,DA Davidson:34.2|Needham:27.8|Rosenblatt:29.9|UBS:19.2
2026-08-14,DELL,9.9,,1,Wells Fargo:9.9
2026-08-14,DOC,11.2333,5.2558,3,RBC Capital:12.7|Citigroup:5.4|Baird:15.6
2026-08-14,DVA,19.55,1.9092,2,TD Cowen:20.9|Truist Securities:18.2
2026-08-14,DVN,45.1,,1,Wells Fargo:45.1
2026-08-14,EBAY,24.3,,1,Citigroup:24.3
2026-08-14,ED,-1.9,,1,Barclays:-1.9
2026-08-14,EOG,35.6,,1,Wells Fargo:35.6
2026-08-14,ESS,2.7,,1,JP Morgan:2.7
2026-08-14,ETN,8.2,,1,Evercore ISI Group:8.2
2026-08-14,EXPE,2.7,,1,TD Cowen:2.7
2026-08-14,FANG,15.3,,1,Citigroup:15.3
2026-08-14,FICO,34.4,40.0222,2,Barclays:62.7|UBS:6.1
2026-08-14,FIS,18.7,0.4243,2,Cantor Fitzgerald:19|Stephens & Co.:18.4
2026-08-14,FOXA,18.4,,1,Wells Fargo:18.4
2026-08-14,GWW,-8.6,,1,Barclays:-8.6
2026-08-14,HD,13.6,,1,Wells Fargo:13.6
2026-08-14,HLT,7.2,,1,Susquehanna:7.2
2026-08-14,HON,9.7,,1,JP Morgan:9.7
2026-08-14,HPQ,-27.9,,1,Goldman Sachs:-27.9
2026-08-14,HRL,6.5,,1,JP Morgan:6.5
2026-08-14,HST,5.5,,1,Cantor Fitzgerald:5.5
2026-08-14,HUM,2.1,,1,JP Morgan:2.1
2026-08-14,IDXX,22.4,,1,Barclays:22.4
2026-08-14,IEX,16,,1,Mizuho:16
2026-08-14,INTC,26.7,23.1931,2,B of A Securities:43.1|UBS:10.3
2026-08-14,INTU,26.2,,1,Citigroup:26.2
2026-08-14,IR,8.8,,1,Evercore ISI Group:8.8
2026-08-14,ITW,5.6,,1,Evercore ISI Group:5.6
2026-08-14,IVZ,23,,1,TD Cowen:23
2026-08-14,J,15.1,,1,UBS:15.1
2026-08-14,JBL,17.6,,1,UBS:17.6
2026-08-14,JKHY,30.8,,1,Stephens & Co.:30.8
2026-08-14,JPM,7.4,,1,Wells Fargo:7.4
2026-08-14,KDP,30.35,0.3536,2,UBS:30.6|Barclays:30.1
2026-08-14,KIM,8.4,,1,Citigroup:8.4
2026-08-14,KVUE,1.7,,1,UBS:1.7
2026-08-14,LDOS,4.5,11.0531,3,TD Cowen:1.3|Citigroup:16.8|Goldman Sachs:-4.6
2026-08-14,LIN,11.2,,1,BMO Capital:11.2
2026-08-14,LITE,25.66,15.9539,5,JP Morgan:42.4|Mizuho:26.8|Morgan Stanley:11.2|B of A Securities:7.8|Rosenblatt:40.1
2026-08-14,LLY,15.8,,1,Truist Securities:15.8
2026-08-14,LMT,13.3,,1,Citigroup:13.3
2026-08-14,LOW,18.5,9.7581,2,Wells Fargo:11.6|Piper Sandler:25.4
2026-08-14,MAA,12.2,,1,Morgan Stanley:12.2
2026-08-14,MCHP,35.2,21.3042,3,Rosenblatt:47.5|Truist Securities:10.6|UBS:47.5
2026-08-14,MCK,3.4,,1,Wells Fargo:3.4
2026-08-14,MET,11.7,0.1414,2,JP Morgan:11.6|Keefe; Bruyette & Woods:11.8
2026-08-14,MLM,16.8,,1,Morgan Stanley:16.8
2026-08-14,MNST,12,0,2,Evercore ISI Group:12|UBS:12
2026-08-14,MO,-10,,1,Barclays:-10
2026-08-14,MPC,-9.3,,1,Mizuho:-9.3
2026-08-14,MSFT,41.9,,1,Wells Fargo:41.9
2026-08-14,NEM,24.2,,1,Scotiabank:24.2
2026-08-14,NOC,15.3,,1,Citigroup:15.3
2026-08-14,NVDA,42.5,,1,Wells Fargo:42.5
2026-08-14,O,12.4,,1,RBC Capital:12.4
2026-08-14,OXY,15.5,5.9397,2,Truist Securities:11.3|Susquehanna:19.7
2026-08-14,PAYX,-1.3,,1,Jefferies:-1.3
2026-08-14,PCAR,21.7,,1,Evercore ISI Group:21.7
2026-08-14,PH,17.425,5.7279,4,Citigroup:14.2|Susquehanna:15.9|Truist Securities:25.9|Evercore ISI Group:13.7
2026-08-14,PKG,13.8,,1,UBS:13.8
2026-08-14,PPL,8.8,,1,BMO Capital:8.8
2026-08-14,PRU,2.85,2.8991,2,Keefe; Bruyette & Woods:0.8|Piper Sandler:4.9
2026-08-14,PWR,18.2,,1,Keybanc:18.2
2026-08-14,RL,19.58,6.8042,5,BTIG:16.3|Citigroup:15|Evercore ISI Group:16.3|Telsey Advisory Group:18.8|UBS:31.5
2026-08-14,ROK,15.6,,1,Bernstein:15.6
2026-08-14,RSG,10.3,,1,UBS:10.3
2026-08-14,SJM,15.8,,1,JP Morgan:15.8
2026-08-14,SMCI,9.7857,12.9351,7,Citigroup:11.5|Goldman Sachs:-2.8|Mizuho:0|Barclays:1.9|Needham:20.2|Rosenblatt:33.2|Wedbush:4.5
2026-08-14,SNDK,-4.35,2.192,2,RBC Capital:-2.8|Wells Fargo:-5.9
2026-08-14,SPG,-5.1,,1,Stifel:-5.1
2026-08-14,STLD,3,,1,UBS:3
2026-08-14,TAP,2.4,5.7983,2,UBS:6.5|JP Morgan:-1.7
2026-08-14,TDY,3.9,,1,Morgan Stanley:3.9
2026-08-14,TECH,1.1,,1,Wells Fargo:1.1
2026-08-14,TGT,12.4,,1,Oppenheimer:12.4
2026-08-14,TPR,40.04,24.6137,5,Barclays:44.6|Evercore ISI Group:25|Morgan Stanley:24.3|UBS:81.3|Wells Fargo:25
2026-08-14,TRMB,37.6,11.8924,3,Bernstein:28.3|JP Morgan:33.5|Piper Sandler:51
2026-08-14,TTD,7.3818,20.5944,11,Cantor Fitzgerald:8.8|Citigroup:-14.5|Evercore ISI Group:1|Needham:47.6|Rosenblatt:-6.8|Scotiabank:-6.8|Susquehanna:8.8|Truist Securities:24.3|UBS:24.3|DA Davidson:18.7|HSBC:-24.2
2026-08-14,TTWO,20.8333,4.0756,6,DA Davidson:21.2|Oppenheimer:13.1|Wedbush:21.2|Wells Fargo:21.2|BTIG:23.5|JP Morgan:24.8
2026-08-14,UBER,41,,1,Jefferies:41
2026-08-14,UDR,12.7,,1,Morgan Stanley:12.7
2026-08-14,URI,9.9,,1,Evercore ISI Group:9.9
2026-08-14,VTR,13.8,5.6569,2,BMO Capital:17.8|RBC Capital:9.8
2026-08-14,WAB,14.4,,1,Citigroup:14.4
2026-08-14,WAT,15.8,,1,Citigroup:15.8
2026-08-14,WMB,22.1,0.5657,2,RBC Capital:22.5|Truist Securities:21.7
2026-08-14,XOM,10.1,,1,TD Cowen:10.1
2026-08-14,XYL,14.9,,1,UBS:14.9
2026-08-15,A,17.5,,1,Morgan Stanley:17.5
2026-08-15,ABBV,5.8,,1,Evercore ISI Group:5.8
2026-08-15,AFL,3.6667,7.7054,3,Piper Sandler:11.2|JP Morgan:-4.2|Keefe; Bruyette & Woods:4
2026-08-15,AIG,12.75,8.79,4,Piper Sandler:8|RBC Capital:11.8|Keefe; Bruyette & Woods:25.4|Morgan Stanley:5.8
2026-08-15,AIZ,17.3,,1,UBS:17.3
2026-08-15,AKAM,22.55,5.5861,2,Susquehanna:18.6|JP Morgan:26.5
2026-08-15,ALB,26.9667,9.7521,3,RBC Capital:19.5|Evercore ISI Group:38|Morgan Stanley:23.4
2026-08-15,ALL,4.7167,7.9919,6,Piper Sandler:12.4|UBS:3|Citigroup:-10.1|Goldman Sachs:4.9|JP Morgan:9.4|BMO Capital:8.7
2026-08-15,ALLE,-3.6,,1,Morgan Stanley:-3.6
2026-08-15,AMAT,44.6,16.334,5,TD Cowen:40.2|Cantor Fitzgerald:70.2|JP Morgan:32.2|Keybanc:50.2|Stifel:30.2
2026-08-15,AMCR,4.35,12.2329,2,Citigroup:13|Wells Fargo:-4.3
2026-08-15,APA,12,8.6626,3,Truist Securities:2|Susquehanna:17.2|Benchmark:16.8
2026-08-15,APP,25.3,,1,B of A Securities:25.3
2026-08-15,APTV,42.7,,1,Evercore ISI Group:42.7
2026-08-15,ARE,1.8,,1,Citigroup:1.8
2026-08-15,BBY,4.9,,1,Citigroup:4.9
2026-08-15,BDX,2.8,,1,RBC Capital:2.8
2026-08-15,CAH,15.7889,4.5824,9,Citigroup:16.8|Evercore ISI Group:12.6|Morgan Stanley:10.5|Baird:17.6|Barclays:18|Mizuho:7.3|TD Cowen:20.2|UBS:20.2|Wells Fargo:18.9
2026-08-15,CAT,20.7,,1,Evercore ISI Group:20.7
2026-08-15,CMI,20.7,,1,Evercore ISI Group:20.7
2026-08-15,COHR,23.425,21.6291,4,Morgan Stanley:8.7|B. Riley Securities:5|Needham:27.8|Rosenblatt:52.2
2026-08-15,COP,18.9,14.0007,2,Truist Securities:9|Susquehanna:28.8
2026-08-15,COR,23.6,,1,Wells Fargo:23.6
2026-08-15,CPT,6.95,3.4648,2,Morgan Stanley:9.4|JP Morgan:4.5
2026-08-15,CRL,12.9,,1,TD Cowen:12.9
2026-08-15,CSCO,28.2,11.5104,5,Keybanc:19.7|Morgan Stanley:19.7|Rosenblatt:46.3|UBS:22.3|Wells Fargo:33
2026-08-15,CVS,25.9,,1,JP Morgan:25.9
2026-08-15,DD,20.4,,1,JP Morgan:20.4
2026-08-15,DELL,9.9,,1,Wells Fargo:9.9
2026-08-15,DLR,20.2,,1,HSBC:20.2
2026-08-15,DOC,11.2333,5.2558,3,RBC Capital:12.7|Citigroup:5.4|Baird:15.6
2026-08-15,DVN,45.1,,1,Wells Fargo:45.1
2026-08-15,EBAY,24.3,,1,Citigroup:24.3
2026-08-15,EOG,35.6,,1,Wells Fargo:35.6
2026-08-15,ESS,2.7,,1,JP Morgan:2.7
2026-08-15,ETN,8.2,,1,Evercore ISI Group:8.2
2026-08-15,FANG,15.3,,1,Citigroup:15.3
2026-08-15,FICO,34.4,40.0222,2,Barclays:62.7|UBS:6.1
2026-08-15,FIS,18.7,0.4243,2,Cantor Fitzgerald:19|Stephens & Co.:18.4
2026-08-15,FOXA,19.85,2.0506,2,Wells Fargo:18.4|JP Morgan:21.3
2026-08-15,GWW,-8.6,,1,Barclays:-8.6
2026-08-15,HD,13.6,,1,Wells Fargo:13.6
2026-08-15,HLT,7.2,,1,Susquehanna:7.2
2026-08-15,HON,9.7,,1,JP Morgan:9.7
2026-08-15,HPQ,-27.9,,1,Goldman Sachs:-27.9
2026-08-15,HRL,6.5,,1,JP Morgan:6.5
2026-08-15,HST,5.5,,1,Cantor Fitzgerald:5.5
2026-08-15,HUM,2.1,,1,JP Morgan:2.1
2026-08-15,IDXX,22.4,,1,Barclays:22.4
2026-08-15,IEX,16,,1,Mizuho:16
2026-08-15,INTC,26.7,23.1931,2,B of A Securities:43.1|UBS:10.3
2026-08-15,INTU,26.2,,1,Citigroup:26.2
2026-08-15,IR,8.8,,1,Evercore ISI Group:8.8
2026-08-15,ITW,5.6,,1,Evercore ISI Group:5.6
2026-08-15,IVZ,23,,1,TD Cowen:23
2026-08-15,J,15.1,,1,UBS:15.1
2026-08-15,JBL,17.6,,1,UBS:17.6
2026-08-15,JKHY,30.8,,1,Stephens & Co.:30.8
2026-08-15,JPM,7.4,,1,Wells Fargo:7.4
2026-08-15,KDP,30.1,,1,Barclays:30.1
2026-08-15,KIM,8.4,,1,Citigroup:8.4
2026-08-15,KVUE,1.7,,1,UBS:1.7
2026-08-15,LDOS,6.1,15.1321,2,Citigroup:16.8|Goldman Sachs:-4.6
2026-08-15,LIN,11.2,,1,BMO Capital:11.2
2026-08-15,LITE,25.66,15.9539,5,JP Morgan:42.4|Mizuho:26.8|Morgan Stanley:11.2|B of A Securities:7.8|Rosenblatt:40.1
2026-08-15,LMT,13.3,,1,Citigroup:13.3
2026-08-15,LOW,18.5,9.7581,2,Wells Fargo:11.6|Piper Sandler:25.4
2026-08-15,MAA,12.2,,1,Morgan Stanley:12.2
2026-08-15,MCK,3.4,,1,Wells Fargo:3.4
2026-08-15,MET,11.7,0.1414,2,JP Morgan:11.6|Keefe; Bruyette & Woods:11.8
2026-08-15,MLM,16.8,,1,Morgan Stanley:16.8
2026-08-15,MO,-10,,1,Barclays:-10
2026-08-15,MPC,-9.3,,1,Mizuho:-9.3
2026-08-15,MSFT,41.9,,1,Wells Fargo:41.9
2026-08-15,NEM,24.2,,1,Scotiabank:24.2
2026-08-15,NOC,15.3,,1,Citigroup:15.3
2026-08-15,NVDA,42.5,,1,Wells Fargo:42.5
2026-08-15,OXY,15.5,5.9397,2,Truist Securities:11.3|Susquehanna:19.7
2026-08-15,PAYX,-1.3,,1,Jefferies:-1.3
2026-08-15,PCAR,21.7,,1,Evercore ISI Group:21.7
2026-08-15,PH,13.7,,1,Evercore ISI Group:13.7
2026-08-15,PKG,13.8,,1,UBS:13.8
2026-08-15,PPL,8.8,,1,BMO Capital:8.8
2026-08-15,PRU,2.85,2.8991,2,Keefe; Bruyette & Woods:0.8|Piper Sandler:4.9
2026-08-15,ROK,15.6,,1,Bernstein:15.6
2026-08-15,RSG,10.3,,1,UBS:10.3
2026-08-15,SJM,15.8,,1,JP Morgan:15.8
2026-08-15,SMCI,9.7857,12.9351,7,Citigroup:11.5|Goldman Sachs:-2.8|Mizuho:0|Barclays:1.9|Needham:20.2|Rosenblatt:33.2|Wedbush:4.5
2026-08-15,SNDK,22.2,37.9494,4,RBC Capital:-2.8|Wells Fargo:-5.9|Cantor Fitzgerald:76.1|Wedbush:21.4
2026-08-15,SPG,-5.1,,1,Stifel:-5.1
2026-08-15,STLD,3,,1,UBS:3
2026-08-15,TAP,-1.7,,1,JP Morgan:-1.7
2026-08-15,TDY,3.9,,1,Morgan Stanley:3.9
2026-08-15,TECH,1.1,,1,Wells Fargo:1.1
2026-08-15,TGT,12.4,,1,Oppenheimer:12.4
2026-08-15,TPR,39.5,22.0548,6,Barclays:44.6|Evercore ISI Group:25|Morgan Stanley:24.3|UBS:81.3|Wells Fargo:25|BTIG:36.8
2026-08-15,TRMB,37.6,11.8924,3,Bernstein:28.3|JP Morgan:33.5|Piper Sandler:51
2026-08-15,TTD,-2.75,30.3349,2,DA Davidson:18.7|HSBC:-24.2
2026-08-15,TTWO,20.8333,4.0756,6,DA Davidson:21.2|Oppenheimer:13.1|Wedbush:21.2|Wells Fargo:21.2|BTIG:23.5|JP Morgan:24.8
2026-08-15,UBER,41,,1,Jefferies:41
2026-08-15,UDR,12.7,,1,Morgan Stanley:12.7
2026-08-15,URI,9.9,,1,Evercore ISI Group:9.9
2026-08-15,VTR,13.8,5.6569,2,BMO Capital:17.8|RBC Capital:9.8
2026-08-15,WAB,14.4,,1,Citigroup:14.4
2026-08-15,WAT,15.8,,1,Citigroup:15.8
2026-08-15,WDAY,4.6,1.6971,2,Baird:3.4|UBS:5.8
2026-08-15,WMB,22.1,0.5657,2,RBC Capital:22.5|Truist Securities:21.7
2026-08-15,XYL,14.9,,1,UBS:14.9
2026-08-17,A,17.5,,1,Morgan Stanley:17.5
2026-08-17,ADM,18.2,,1,UBS:18.2
2026-08-17,AFL,-0.1,5.7983,2,JP Morgan:-4.2|Keefe; Bruyette & Woods:4
2026-08-17,AIG,15.6,13.8593,2,Keefe; Bruyette & Woods:25.4|Morgan Stanley:5.8
2026-08-17,AIZ,17.3,,1,UBS:17.3
2026-08-17,AKAM,22.55,5.5861,2,Susquehanna:18.6|JP Morgan:26.5
2026-08-17,ALB,30.7,10.3238,2,Evercore ISI Group:38|Morgan Stanley:23.4
2026-08-17,ALL,3.225,9.1007,4,Citigroup:-10.1|Goldman Sachs:4.9|JP Morgan:9.4|BMO Capital:8.7
2026-08-17,ALLE,-3.6,,1,Morgan Stanley:-3.6
2026-08-17,AMAT,44.6,16.334,5,TD Cowen:40.2|Cantor Fitzgerald:70.2|JP Morgan:32.2|Keybanc:50.2|Stifel:30.2
2026-08-17,AMCR,4.35,12.2329,2,Citigroup:13|Wells Fargo:-4.3
2026-08-17,APA,17,0.2828,2,Susquehanna:17.2|Benchmark:16.8
2026-08-17,APP,25.3,,1,B of A Securities:25.3
2026-08-17,ARE,19.7,,1,Evercore ISI Group:19.7
2026-08-17,BBY,4.9,,1,Citigroup:4.9
2026-08-17,BDX,2.8,,1,RBC Capital:2.8
2026-08-17,CAH,15.7889,4.5824,9,Citigroup:16.8|Evercore ISI Group:12.6|Morgan Stanley:10.5|Baird:17.6|Barclays:18|Mizuho:7.3|TD Cowen:20.2|UBS:20.2|Wells Fargo:18.9
2026-08-17,CAT,20.7,,1,Evercore ISI Group:20.7
2026-08-17,CMI,20.7,,1,Evercore ISI Group:20.7
2026-08-17,CNP,5.9,,1,Evercore ISI Group:5.9
2026-08-17,COHR,23.425,21.6291,4,Morgan Stanley:8.7|B. Riley Securities:5|Needham:27.8|Rosenblatt:52.2
2026-08-17,COP,28.8,,1,Susquehanna:28.8
2026-08-17,COR,23.6,,1,Wells Fargo:23.6
2026-08-17,CPT,6.95,3.4648,2,Morgan Stanley:9.4|JP Morgan:4.5
2026-08-17,CSCO,28.2,11.5104,5,Keybanc:19.7|Morgan Stanley:19.7|Rosenblatt:46.3|UBS:22.3|Wells Fargo:33
2026-08-17,CVS,25.9,,1,JP Morgan:25.9
2026-08-17,D,2.2,,1,Evercore ISI Group:2.2
2026-08-17,DELL,9.9,,1,Wells Fargo:9.9
2026-08-17,DLR,20.2,,1,HSBC:20.2
2026-08-17,DOC,10.5,7.2125,2,Citigroup:5.4|Baird:15.6
2026-08-17,DVN,45.1,,1,Wells Fargo:45.1
2026-08-17,EBAY,24.3,,1,Citigroup:24.3
2026-08-17,ED,3.2,,1,Evercore ISI Group:3.2
2026-08-17,EOG,35.6,,1,Wells Fargo:35.6
2026-08-17,ESS,2.7,,1,JP Morgan:2.7
2026-08-17,ETN,8.2,,1,Evercore ISI Group:8.2
2026-08-17,FICO,34.4,40.0222,2,Barclays:62.7|UBS:6.1
2026-08-17,FIS,18.7,0.4243,2,Cantor Fitzgerald:19|Stephens & Co.:18.4
2026-08-17,FOXA,19.85,2.0506,2,Wells Fargo:18.4|JP Morgan:21.3
2026-08-17,GWW,-8.6,,1,Barclays:-8.6
2026-08-17,HD,13.6,,1,Wells Fargo:13.6
2026-08-17,HLT,7.2,,1,Susquehanna:7.2
2026-08-17,HON,9.75,0.0707,2,JP Morgan:9.7|Jefferies:9.8
2026-08-17,HPQ,-27.9,,1,Goldman Sachs:-27.9
2026-08-17,HRL,6.5,,1,JP Morgan:6.5
2026-08-17,HST,5.5,,1,Cantor Fitzgerald:5.5
2026-08-17,IDXX,22.4,,1,Barclays:22.4
2026-08-17,IEX,16,,1,Mizuho:16
2026-08-17,INCY,8.2,,1,Piper Sandler:8.2
2026-08-17,INTC,26.7,23.1931,2,B of A Securities:43.1|UBS:10.3
2026-08-17,INTU,26.2,,1,Citigroup:26.2
2026-08-17,IR,8.8,,1,Evercore ISI Group:8.8
2026-08-17,ITW,5.6,,1,Evercore ISI Group:5.6
2026-08-17,IVZ,23,,1,TD Cowen:23
2026-08-17,J,15.1,,1,UBS:15.1
2026-08-17,JBL,17.6,,1,UBS:17.6
2026-08-17,JKHY,30.8,,1,Stephens & Co.:30.8
2026-08-17,JPM,7.4,,1,Wells Fargo:7.4
2026-08-17,KDP,30.1,,1,Barclays:30.1
2026-08-17,KIM,8.4,,1,Citigroup:8.4
2026-08-17,KVUE,1.7,,1,UBS:1.7
2026-08-17,LDOS,6.1,15.1321,2,Citigroup:16.8|Goldman Sachs:-4.6
2026-08-17,LIN,11.2,,1,BMO Capital:11.2
2026-08-17,LITE,25.66,15.9539,5,JP Morgan:42.4|Mizuho:26.8|Morgan Stanley:11.2|B of A Securities:7.8|Rosenblatt:40.1
2026-08-17,LMT,13.3,,1,Citigroup:13.3
2026-08-17,LOW,18.5,9.7581,2,Wells Fargo:11.6|Piper Sandler:25.4
2026-08-17,MAA,12.2,,1,Morgan Stanley:12.2
2026-08-17,MCK,3.4,,1,Wells Fargo:3.4
2026-08-17,MET,11.7,0.1414,2,JP Morgan:11.6|Keefe; Bruyette & Woods:11.8
2026-08-17,MGM,25.2,0,2,Argus Research:25.2|Macquarie:25.2
2026-08-17,MLM,16.8,,1,Morgan Stanley:16.8
2026-08-17,MO,-10,,1,Barclays:-10
2026-08-17,MPC,-9.3,,1,Mizuho:-9.3
2026-08-17,MSFT,41.9,,1,Wells Fargo:41.9
2026-08-17,NEM,24.2,,1,Scotiabank:24.2
2026-08-17,NOC,15.3,,1,Citigroup:15.3
2026-08-17,NOW,14.4,,1,TD Cowen:14.4
2026-08-17,NVDA,42.5,,1,Wells Fargo:42.5
2026-08-17,OXY,19.7,,1,Susquehanna:19.7
2026-08-17,PANW,4.4,,1,TD Cowen:4.4
2026-08-17,PAYX,-1.3,,1,Jefferies:-1.3
2026-08-17,PCAR,21.7,,1,Evercore ISI Group:21.7
2026-08-17,PH,13.7,,1,Evercore ISI Group:13.7
2026-08-17,PKG,13.8,,1,UBS:13.8
2026-08-17,PPL,8.8,,1,BMO Capital:8.8
2026-08-17,PRU,3.5,2.3388,3,Keefe; Bruyette & Woods:0.8|Piper Sandler:4.9|JP Morgan:4.8
2026-08-17,REG,20.3,,1,Barclays:20.3
2026-08-17,ROK,15.6,,1,Bernstein:15.6
2026-08-17,RSG,10.3,,1,UBS:10.3
2026-08-17,SJM,15.8,,1,JP Morgan:15.8
2026-08-17,SMCI,9.7857,12.9351,7,Citigroup:11.5|Goldman Sachs:-2.8|Mizuho:0|Barclays:1.9|Needham:20.2|Rosenblatt:33.2|Wedbush:4.5
2026-08-17,SNDK,22.2,37.9494,4,RBC Capital:-2.8|Wells Fargo:-5.9|Cantor Fitzgerald:76.1|Wedbush:21.4
2026-08-17,SPG,-0.4667,5.2918,3,Stifel:-5.1|Barclays:-1.6|Citigroup:5.3
2026-08-17,STLD,3,,1,UBS:3
2026-08-17,TDY,3.9,,1,Morgan Stanley:3.9
2026-08-17,TECH,1.1,,1,Wells Fargo:1.1
2026-08-17,TGT,12.4,,1,Oppenheimer:12.4
2026-08-17,TPR,39.5,22.0548,6,Barclays:44.6|Evercore ISI Group:25|Morgan Stanley:24.3|UBS:81.3|Wells Fargo:25|BTIG:36.8
2026-08-17,TRMB,37.6,11.8924,3,Bernstein:28.3|JP Morgan:33.5|Piper Sandler:51
2026-08-17,TTD,-24.2,,1,HSBC:-24.2
2026-08-17,TTWO,24.15,0.9192,2,BTIG:23.5|JP Morgan:24.8
2026-08-17,UBER,41,,1,Jefferies:41
2026-08-17,UDR,12.7,,1,Morgan Stanley:12.7
2026-08-17,URI,9.9,,1,Evercore ISI Group:9.9
2026-08-17,VTR,13.8,5.6569,2,BMO Capital:17.8|RBC Capital:9.8
2026-08-17,WAB,14.4,,1,Citigroup:14.4
2026-08-17,WDAY,4.6,1.6971,2,Baird:3.4|UBS:5.8
2026-08-17,WMB,21.7,,1,Truist Securities:21.7
2026-08-17,XYL,14.9,,1,UBS:14.9
2026-08-17,YUM,22.2,,1,Argus Research:22.2
2026-08-18,A,17.5,,1,Morgan Stanley:17.5
2026-08-18,ABBV,18.1,,1,Wells Fargo:18.1
2026-08-18,ADM,18.2,,1,UBS:18.2
2026-08-18,AFL,4,,1,Keefe; Bruyette & Woods:4
2026-08-18,AIG,15.6,13.8593,2,Keefe; Bruyette & Woods:25.4|Morgan Stanley:5.8
2026-08-18,AIZ,17.3,,1,UBS:17.3
2026-08-18,AJG,20,,1,Argus Research:20
2026-08-18,AKAM,26.5,,1,JP Morgan:26.5
2026-08-18,ALL,8.7,,1,BMO Capital:8.7
2026-08-18,AMAT,44.6,16.334,5,TD Cowen:40.2|Cantor Fitzgerald:70.2|JP Morgan:32.2|Keybanc:50.2|Stifel:30.2
2026-08-18,AMCR,3.7333,8.7157,3,Citigroup:13|Wells Fargo:-4.3|JP Morgan:2.5
2026-08-18,APA,9.7333,12.5878,3,Susquehanna:17.2|Benchmark:16.8|Barclays:-4.8
2026-08-18,APP,25.3,,1,B of A Securities:25.3
2026-08-18,ARE,19.7,,1,Evercore ISI Group:19.7
2026-08-18,BBY,4.9,,1,Citigroup:4.9
2026-08-18,BDX,2.8,,1,RBC Capital:2.8
2026-08-18,CAH,15.7889,4.5824,9,Citigroup:16.8|Evercore ISI Group:12.6|Morgan Stanley:10.5|Baird:17.6|Barclays:18|Mizuho:7.3|TD Cowen:20.2|UBS:20.2|Wells Fargo:18.9
2026-08-18,CAT,20.7,,1,Evercore ISI Group:20.7
2026-08-18,CBRE,23.3,,1,Barclays:23.3
2026-08-18,CMI,20.7,,1,Evercore ISI Group:20.7
2026-08-18,CNP,5.9,,1,Evercore ISI Group:5.9
2026-08-18,COHR,23.425,21.6291,4,Morgan Stanley:8.7|B. Riley Securities:5|Needham:27.8|Rosenblatt:52.2
2026-08-18,COP,28.8,,1,Susquehanna:28.8
2026-08-18,COR,23.6,,1,Wells Fargo:23.6
2026-08-18,CPT,8.8,4.0336,3,Morgan Stanley:9.4|JP Morgan:4.5|Barclays:12.5
2026-08-18,CSCO,28.2,11.5104,5,Keybanc:19.7|Morgan Stanley:19.7|Rosenblatt:46.3|UBS:22.3|Wells Fargo:33
2026-08-18,CVS,25.9,,1,JP Morgan:25.9
2026-08-18,D,2.2,,1,Evercore ISI Group:2.2
2026-08-18,DELL,9.9,,1,Wells Fargo:9.9
2026-08-18,DLR,20.45,0.3536,2,HSBC:20.2|Evercore ISI Group:20.7
2026-08-18,DLTR,17.6,,1,Wells Fargo:17.6
2026-08-18,DOC,15.6,,1,Baird:15.6
2026-08-18,DVN,32.95,17.1827,2,Wells Fargo:45.1|Barclays:20.8
2026-08-18,EBAY,24.3,,1,Citigroup:24.3
2026-08-18,ED,3.2,,1,Evercore ISI Group:3.2
2026-08-18,EOG,17.45,25.668,2,Wells Fargo:35.6|Barclays:-0.7
2026-08-18,EQIX,15.1,,1,Evercore ISI Group:15.1
2026-08-18,ESS,4,1.8385,2,JP Morgan:2.7|Barclays:5.3
2026-08-18,ETN,8.2,,1,Evercore ISI Group:8.2
2026-08-18,EXR,6.3,,1,Scotiabank:6.3
2026-08-18,FICO,6.1,,1,UBS:6.1
2026-08-18,FIS,18.4,,1,Stephens & Co.:18.4
2026-08-18,FOXA,19.85,2.0506,2,Wells Fargo:18.4|JP Morgan:21.3
2026-08-18,FRT,3.9,,1,Barclays:3.9
2026-08-18,HD,7.3,8.9095,2,Wells Fargo:13.6|Stifel:1
2026-08-18,HLT,7.2,,1,Susquehanna:7.2
2026-08-18,HON,9.75,0.0707,2,JP Morgan:9.7|Jefferies:9.8
2026-08-18,HPQ,-27.9,,1,Goldman Sachs:-27.9
2026-08-18,HRL,6.5,,1,JP Morgan:6.5
2026-08-18,HST,5.5,,1,Cantor Fitzgerald:5.5
2026-08-18,IDXX,22.4,,1,Barclays:22.4
2026-08-18,IEX,16,,1,Mizuho:16
2026-08-18,INCY,8.2,,1,Piper Sandler:8.2
2026-08-18,INTC,26.7,23.1931,2,B of A Securities:43.1|UBS:10.3
2026-08-18,INTU,26.2,,1,Citigroup:26.2
2026-08-18,IR,8.8,,1,Evercore ISI Group:8.8
2026-08-18,ITW,5.6,,1,Evercore ISI Group:5.6
2026-08-18,IVZ,23,,1,TD Cowen:23
2026-08-18,JBL,17.6,,1,UBS:17.6
2026-08-18,JKHY,30.8,,1,Stephens & Co.:30.8
2026-08-18,JPM,7.4,,1,Wells Fargo:7.4
2026-08-18,KVUE,1.7,,1,UBS:1.7
2026-08-18,LDOS,-4.6,,1,Goldman Sachs:-4.6
2026-08-18,LITE,25.66,15.9539,5,JP Morgan:42.4|Mizuho:26.8|Morgan Stanley:11.2|B of A Securities:7.8|Rosenblatt:40.1
2026-08-18,LMT,13.3,,1,Citigroup:13.3
2026-08-18,LOW,18.5,9.7581,2,Wells Fargo:11.6|Piper Sandler:25.4
2026-08-18,MAA,11.35,1.2021,2,Morgan Stanley:12.2|Barclays:10.5
2026-08-18,MCHP,60.2,,1,Cantor Fitzgerald:60.2
2026-08-18,MCK,3.4,,1,Wells Fargo:3.4
2026-08-18,MET,11.8,,1,Keefe; Bruyette & Woods:11.8
2026-08-18,MGM,25.2,0,2,Argus Research:25.2|Macquarie:25.2
2026-08-18,MLM,16.8,,1,Morgan Stanley:16.8
2026-08-18,MO,-10,,1,Barclays:-10
2026-08-18,MPC,-9.3,,1,Mizuho:-9.3
2026-08-18,MSFT,41.9,,1,Wells Fargo:41.9
2026-08-18,NEM,24.2,,1,Scotiabank:24.2
2026-08-18,NOC,15.3,,1,Citigroup:15.3
2026-08-18,NOW,14.4,,1,TD Cowen:14.4
2026-08-18,NVDA,42.5,,1,Wells Fargo:42.5
2026-08-18,NXPI,74.2,,1,Cantor Fitzgerald:74.2
2026-08-18,OXY,19.05,0.9192,2,Susquehanna:19.7|Barclays:18.4
2026-08-18,PANW,16.35,16.8999,2,TD Cowen:4.4|Wells Fargo:28.3
2026-08-18,PAYX,-1.3,,1,Jefferies:-1.3
2026-08-18,PCAR,21.7,,1,Evercore ISI Group:21.7
2026-08-18,PH,13.7,,1,Evercore ISI Group:13.7
2026-08-18,PKG,13.8,,1,UBS:13.8
2026-08-18,PRU,3.5,2.3388,3,Keefe; Bruyette & Woods:0.8|Piper Sandler:4.9|JP Morgan:4.8
2026-08-18,REG,20.3,,1,Barclays:20.3
2026-08-18,REGN,1.2,,1,Leerink Partners:1.2
2026-08-18,ROK,15.6,,1,Bernstein:15.6
2026-08-18,RSG,10.3,,1,UBS:10.3
2026-08-18,SJM,15.8,,1,JP Morgan:15.8
2026-08-18,SMCI,9.7857,12.9351,7,Citigroup:11.5|Goldman Sachs:-2.8|Mizuho:0|Barclays:1.9|Needham:20.2|Rosenblatt:33.2|Wedbush:4.5
2026-08-18,SNDK,22.2,37.9494,4,RBC Capital:-2.8|Wells Fargo:-5.9|Cantor Fitzgerald:76.1|Wedbush:21.4
2026-08-18,SPG,1.85,4.879,2,Barclays:-1.6|Citigroup:5.3
2026-08-18,TDY,3.9,,1,Morgan Stanley:3.9
2026-08-18,TECH,1.1,,1,Wells Fargo:1.1
2026-08-18,TGT,12.4,,1,Oppenheimer:12.4
2026-08-18,TPR,39.5,22.0548,6,Barclays:44.6|Evercore ISI Group:25|Morgan Stanley:24.3|UBS:81.3|Wells Fargo:25|BTIG:36.8
2026-08-18,TRGP,17.6,,1,Jefferies:17.6
2026-08-18,TRMB,37.6,11.8924,3,Bernstein:28.3|JP Morgan:33.5|Piper Sandler:51
2026-08-18,TTWO,24.8,,1,JP Morgan:24.8
2026-08-18,TXN,23.2,,1,Cantor Fitzgerald:23.2
2026-08-18,UDR,12.7,,1,Morgan Stanley:12.7
2026-08-18,URI,9.9,,1,Evercore ISI Group:9.9
2026-08-18,VEEV,18.25,7.2832,2,Oppenheimer:23.4|Stifel:13.1
2026-08-18,VTR,9.8,,1,RBC Capital:9.8
2026-08-18,WAB,14.4,,1,Citigroup:14.4
2026-08-18,WDAY,4.6,1.6971,2,Baird:3.4|UBS:5.8
2026-08-18,WMB,29.85,11.5258,2,Truist Securities:21.7|Morgan Stanley:38
2026-08-18,XOM,7.7,,1,Barclays:7.7
2026-08-18,XYL,14.9,,1,UBS:14.9
2026-08-18,YUM,22.2,,1,Argus Research:22.2
2026-08-19,ABBV,18.1,,1,Wells Fargo:18.1
2026-08-19,ADBE,-16.1,,1,B of A Securities:-16.1
2026-08-19,ADM,18.2,,1,UBS:18.2
2026-08-19,AIZ,17.3,,1,UBS:17.3
2026-08-19,AJG,20,,1,Argus Research:20
2026-08-19,AKAM,26.5,,1,JP Morgan:26.5
2026-08-19,ALL,8.7,,1,BMO Capital:8.7
2026-08-19,AMAT,44.6,16.334,5,TD Cowen:40.2|Cantor Fitzgerald:70.2|JP Morgan:32.2|Keybanc:50.2|Stifel:30.2
2026-08-19,AMCR,3.7333,8.7157,3,Citigroup:13|Wells Fargo:-4.3|JP Morgan:2.5
2026-08-19,APA,6,15.2735,2,Benchmark:16.8|Barclays:-4.8
2026-08-19,ARE,19.7,,1,Evercore ISI Group:19.7
2026-08-19,BBY,4.9,,1,Citigroup:4.9
2026-08-19,BDX,2.8,,1,RBC Capital:2.8
2026-08-19,CAH,17.0333,4.8894,6,Baird:17.6|Barclays:18|Mizuho:7.3|TD Cowen:20.2|UBS:20.2|Wells Fargo:18.9
2026-08-19,CBRE,23.3,,1,Barclays:23.3
2026-08-19,CME,-0.1,,1,Deutsche Bank:-0.1
2026-08-19,CNP,5.9,,1,Evercore ISI Group:5.9
2026-08-19,COHR,23.425,21.6291,4,Morgan Stanley:8.7|B. Riley Securities:5|Needham:27.8|Rosenblatt:52.2
2026-08-19,COP,16,,1,Morgan Stanley:16
2026-08-19,CPT,8.5,5.6569,2,JP Morgan:4.5|Barclays:12.5
2026-08-19,CSCO,28.2,11.5104,5,Keybanc:19.7|Morgan Stanley:19.7|Rosenblatt:46.3|UBS:22.3|Wells Fargo:33
2026-08-19,D,2.2,,1,Evercore ISI Group:2.2
2026-08-19,DELL,9.9,,1,Wells Fargo:9.9
2026-08-19,DLR,20.45,0.3536,2,HSBC:20.2|Evercore ISI Group:20.7
2026-08-19,DLTR,17.6,,1,Wells Fargo:17.6
2026-08-19,DOC,15.6,,1,Baird:15.6
2026-08-19,DVN,32.95,17.1827,2,Wells Fargo:45.1|Barclays:20.8
2026-08-19,EBAY,24.3,,1,Citigroup:24.3
2026-08-19,ED,3.2,,1,Evercore ISI Group:3.2
2026-08-19,EOG,17.45,25.668,2,Wells Fargo:35.6|Barclays:-0.7
2026-08-19,EQIX,15.1,,1,Evercore ISI Group:15.1
2026-08-19,EQT,24.7,,1,Morgan Stanley:24.7
2026-08-19,ESS,4,1.8385,2,JP Morgan:2.7|Barclays:5.3
2026-08-19,EXR,6.3,,1,Scotiabank:6.3
2026-08-19,FANG,2.4,,1,Morgan Stanley:2.4
2026-08-19,FICO,6.1,,1,UBS:6.1
2026-08-19,FOXA,19.85,2.0506,2,Wells Fargo:18.4|JP Morgan:21.3
2026-08-19,FRT,3.9,,1,Barclays:3.9
2026-08-19,HBAN,17.2,,1,RBC Capital:17.2
2026-08-19,HD,11.56,8.0042,5,Stifel:1|DA Davidson:10.4|Mizuho:14.2|Truist Securities:9.2|UBS:23
2026-08-19,HON,9.75,0.0707,2,JP Morgan:9.7|Jefferies:9.8
2026-08-19,HRL,6.5,,1,JP Morgan:6.5
2026-08-19,IEX,16,,1,Mizuho:16
2026-08-19,INCY,8.2,,1,Piper Sandler:8.2
2026-08-19,INTC,10.3,,1,UBS:10.3
2026-08-19,INTU,23.95,3.182,2,Citigroup:26.2|Deutsche Bank:21.7
2026-08-19,IT,13.8,,1,BMO Capital:13.8
2026-08-19,IVZ,23,,1,TD Cowen:23
2026-08-19,JKHY,27.6,,1,Oppenheimer:27.6
2026-08-19,JPM,7.4,,1,Wells Fargo:7.4
2026-08-19,KEYS,23.2333,2.4826,3,JP Morgan:21.8|Morgan Stanley:21.8|UBS:26.1
2026-08-19,LITE,23.95,22.8395,2,B of A Securities:7.8|Rosenblatt:40.1
2026-08-19,LMT,13.3,,1,Citigroup:13.3
2026-08-19,LOW,25.4,,1,Piper Sandler:25.4
2026-08-19,MAA,10.5,,1,Barclays:10.5
2026-08-19,MCHP,60.2,,1,Cantor Fitzgerald:60.2
2026-08-19,MCK,15.7,,1,Barclays:15.7
2026-08-19,MGM,25.2,0,2,Argus Research:25.2|Macquarie:25.2
2026-08-19,MLM,16.8,,1,Morgan Stanley:16.8
2026-08-19,MSFT,41.9,,1,Wells Fargo:41.9
2026-08-19,NCLH,3.35,11.8087,2,Mizuho:-5|UBS:11.7
2026-08-19,NOC,15.3,,1,Citigroup:15.3
2026-08-19,NOW,20.4,8.4853,2,TD Cowen:14.4|B of A Securities:26.4
2026-08-19,NXPI,74.2,,1,Cantor Fitzgerald:74.2
2026-08-19,OXY,18.4,,1,Barclays:18.4
2026-08-19,PANW,12.2833,9.03,6,TD Cowen:4.4|Wells Fargo:28.3|Mizuho:10.6|Stifel:10.6|Truist Securities:15.9|UBS:3.9
2026-08-19,PAYX,-1.3,,1,Jefferies:-1.3
2026-08-19,PKG,13.8,,1,UBS:13.8
2026-08-19,PRU,4.8,,1,JP Morgan:4.8
2026-08-19,REG,20.3,,1,Barclays:20.3
2026-08-19,REGN,1.2,,1,Leerink Partners:1.2
2026-08-19,ROK,15.6,,1,Bernstein:15.6
2026-08-19,ROP,5.3,,1,RBC Capital:5.3
2026-08-19,SJM,16,0.2828,2,JP Morgan:15.8|Jefferies:16.2
2026-08-19,SMCI,14.95,14.6074,4,Barclays:1.9|Needham:20.2|Rosenblatt:33.2|Wedbush:4.5
2026-08-19,SNDK,22.2,37.9494,4,RBC Capital:-2.8|Wells Fargo:-5.9|Cantor Fitzgerald:76.1|Wedbush:21.4
2026-08-19,SPG,1.85,4.879,2,Barclays:-1.6|Citigroup:5.3
2026-08-19,TDY,3.9,,1,Morgan Stanley:3.9
2026-08-19,TECH,1.1,,1,Wells Fargo:1.1
2026-08-19,TPR,39.5,22.0548,6,Barclays:44.6|Evercore ISI Group:25|Morgan Stanley:24.3|UBS:81.3|Wells Fargo:25|BTIG:36.8
2026-08-19,TRGP,17.6,,1,Jefferies:17.6
2026-08-19,TRMB,38.125,9.7667,4,Bernstein:28.3|JP Morgan:33.5|Piper Sandler:51|Barclays:39.7
2026-08-19,TXN,23.2,,1,Cantor Fitzgerald:23.2
2026-08-19,VEEV,18.25,7.2832,2,Oppenheimer:23.4|Stifel:13.1
2026-08-19,VTR,9.8,,1,RBC Capital:9.8
2026-08-19,WAB,14.4,,1,Citigroup:14.4
2026-08-19,WDAY,5.6333,2.1548,3,Baird:3.4|UBS:5.8|B of A Securities:7.7
2026-08-19,WMB,38,,1,Morgan Stanley:38
2026-08-19,XOM,7.15,0.7778,2,Barclays:7.7|Morgan Stanley:6.6
2026-08-19,XYL,14.9,,1,UBS:14.9
2026-08-19,YUM,22.2,,1,Argus Research:22.2
2026-08-20,ABBV,16.05,2.8991,2,Wells Fargo:18.1|Piper Sandler:14
2026-08-20,ADBE,-16.1,,1,B of A Securities:-16.1
2026-08-20,ADM,18.2,,1,UBS:18.2
2026-08-20,AFL,5,,1,Wells Fargo:5
2026-08-20,AIZ,16.45,1.2021,2,UBS:17.3|Morgan Stanley:15.6
2026-08-20,AJG,20,,1,Argus Research:20
2026-08-20,ALL,8.7,,1,BMO Capital:8.7
2026-08-20,AMAT,44.6,16.334,5,TD Cowen:40.2|Cantor Fitzgerald:70.2|JP Morgan:32.2|Keybanc:50.2|Stifel:30.2
2026-08-20,AMCR,3.7333,8.7157,3,Citigroup:13|Wells Fargo:-4.3|JP Morgan:2.5
2026-08-20,AMGN,5.25,0.495,2,Argus Research:5.6|Piper Sandler:4.9
2026-08-20,AMT,11.8,,1,Barclays:11.8
2026-08-20,APA,-4.8,,1,Barclays:-4.8
2026-08-20,APP,4.4,,1,Wells Fargo:4.4
2026-08-20,ARE,19.7,,1,Evercore ISI Group:19.7
2026-08-20,BBY,-2.9,,1,Piper Sandler:-2.9
2026-08-20,CBRE,23.3,,1,Barclays:23.3
2026-08-20,CCI,10.3,,1,Barclays:10.3
2026-08-20,CIEN,24.9,,1,Northland Capital Markets:24.9
2026-08-20,CME,-0.1,,1,Deutsche Bank:-0.1
2026-08-20,CNP,5.9,,1,Evercore ISI Group:5.9
2026-08-20,COHR,28.3333,23.6045,3,B. Riley Securities:5|Needham:27.8|Rosenblatt:52.2
2026-08-20,COP,16,,1,Morgan Stanley:16
2026-08-20,CPT,12.5,,1,Barclays:12.5
2026-08-20,CSCO,28.2,11.5104,5,Keybanc:19.7|Morgan Stanley:19.7|Rosenblatt:46.3|UBS:22.3|Wells Fargo:33
2026-08-20,D,2.2,,1,Evercore ISI Group:2.2
2026-08-20,DELL,9.9,,1,Wells Fargo:9.9
2026-08-20,DLR,20.45,0.3536,2,HSBC:20.2|Evercore ISI Group:20.7
2026-08-20,DLTR,17.6,,1,Wells Fargo:17.6
2026-08-20,DOC,15.6,,1,Baird:15.6
2026-08-20,DVN,32.95,17.1827,2,Wells Fargo:45.1|Barclays:20.8
2026-08-20,EBAY,28.45,5.869,2,Citigroup:24.3|Wedbush:32.6
2026-08-20,ED,3.2,,1,Evercore ISI Group:3.2
2026-08-20,EL,13.175,5.8243,4,Goldman Sachs:15|JP Morgan:15|Morgan Stanley:4.7|Piper Sandler:18
2026-08-20,EOG,17.45,25.668,2,Wells Fargo:35.6|Barclays:-0.7
2026-08-20,EQIX,15.1,,1,Evercore ISI Group:15.1
2026-08-20,EQT,24.7,,1,Morgan Stanley:24.7
2026-08-20,ESS,4,1.8385,2,JP Morgan:2.7|Barclays:5.3
2026-08-20,EXR,6.3,,1,Scotiabank:6.3
2026-08-20,FANG,2.4,,1,Morgan Stanley:2.4
2026-08-20,FISV,1.6,,1,Truist Securities:1.6
2026-08-20,FOXA,19.85,2.0506,2,Wells Fargo:18.4|JP Morgan:21.3
2026-08-20,FRT,3.9,,1,Barclays:3.9
2026-08-20,FTV,16.1,,1,Argus Research:16.1
2026-08-20,HAS,-2.5,,1,Wells Fargo:-2.5
2026-08-20,HBAN,17.2,,1,RBC Capital:17.2
2026-08-20,HCA,5.4,,1,JP Morgan:5.4
2026-08-20,HD,12.3,9.7545,7,Stifel:1|DA Davidson:10.4|Mizuho:14.2|Truist Securities:9.2|UBS:23|Guggenheim:26.5|RBC Capital:1.8
2026-08-20,HON,9.75,0.0707,2,JP Morgan:9.7|Jefferies:9.8
2026-08-20,HRL,6.5,,1,JP Morgan:6.5
2026-08-20,INCY,8.2,,1,Piper Sandler:8.2
2026-08-20,INTU,23.95,3.182,2,Citigroup:26.2|Deutsche Bank:21.7
2026-08-20,IT,13.8,,1,BMO Capital:13.8
2026-08-20,JKHY,13.5667,12.3977,3,Oppenheimer:27.6|Goldman Sachs:9|UBS:4.1
2026-08-20,JPM,7.4,,1,Wells Fargo:7.4
2026-08-20,KEYS,29.2571,6.8719,7,JP Morgan:21.8|Morgan Stanley:21.8|UBS:26.1|Baird:30.3|Barclays:36.3|Susquehanna:39.8|Wells Fargo:28.7
2026-08-20,LOW,19.9833,6.5417,6,Piper Sandler:25.4|Citigroup:20.4|TD Cowen:8.8|Telsey Advisory Group:20.4|Truist Securities:17.6|UBS:27.3
2026-08-20,MAA,10.5,,1,Barclays:10.5
2026-08-20,MAR,10.8,,1,UBS:10.8
2026-08-20,MCHP,60.2,,1,Cantor Fitzgerald:60.2
2026-08-20,MCK,15.7,,1,Barclays:15.7
2026-08-20,MET,14.8,,1,Wells Fargo:14.8
2026-08-20,MGM,25.2,0,2,Argus Research:25.2|Macquarie:25.2
2026-08-20,MRK,14.4,2.4042,2,BMO Capital:12.7|UBS:16.1
2026-08-20,MRNA,-10.1,14.1421,2,Goldman Sachs:-20.1|UBS:-0.1
2026-08-20,MRVL,30.5,,1,UBS:30.5
2026-08-20,MTB,16.9,,1,Cantor Fitzgerald:16.9
2026-08-20,NCLH,3.35,11.8087,2,Mizuho:-5|UBS:11.7
2026-08-20,NOW,20.4,8.4853,2,TD Cowen:14.4|B of A Securities:26.4
2026-08-20,NXPI,74.2,,1,Cantor Fitzgerald:74.2
2026-08-20,OXY,18.4,,1,Barclays:18.4
2026-08-20,PANW,12.9857,8.4501,7,TD Cowen:4.4|Wells Fargo:28.3|Mizuho:10.6|Stifel:10.6|Truist Securities:15.9|UBS:3.9|BMO Capital:17.2
2026-08-20,PGR,-8.1,,1,Wells Fargo:-8.1
2026-08-20,PKG,13.8,,1,UBS:13.8
2026-08-20,PRU,-2.6,10.4652,2,JP Morgan:4.8|Wells Fargo:-10
2026-08-20,REG,17.95,3.3234,2,Barclays:20.3|Wells Fargo:15.6
2026-08-20,REGN,1.2,,1,Leerink Partners:1.2
2026-08-20,ROK,15.6,,1,Bernstein:15.6
2026-08-20,ROP,5.3,,1,RBC Capital:5.3
2026-08-20,SBAC,15.3,,1,Barclays:15.3
2026-08-20,SJM,16.0667,0.2309,3,JP Morgan:15.8|Jefferies:16.2|UBS:16.2
2026-08-20,SNDK,22.2,37.9494,4,RBC Capital:-2.8|Wells Fargo:-5.9|Cantor Fitzgerald:76.1|Wedbush:21.4
2026-08-20,SPG,1.85,4.879,2,Barclays:-1.6|Citigroup:5.3
2026-08-20,TECH,1.1,,1,Wells Fargo:1.1
2026-08-20,TGT,10.15,10.8187,2,Goldman Sachs:2.5|Wells Fargo:17.8
2026-08-20,TJX,22.6571,14.6424,7,Barclays:32.2|BTIG:33.6|Citigroup:8.3|Evercore ISI Group:21.7|Morgan Stanley:25.2|UBS:39.2|Wells Fargo:-1.6
2026-08-20,TPR,39.5,22.0548,6,Barclays:44.6|Evercore ISI Group:25|Morgan Stanley:24.3|UBS:81.3|Wells Fargo:25|BTIG:36.8
2026-08-20,TRGP,17.6,,1,Jefferies:17.6
2026-08-20,TRMB,45.35,7.9903,2,Piper Sandler:51|Barclays:39.7
2026-08-20,TXN,23.2,,1,Cantor Fitzgerald:23.2
2026-08-20,VEEV,18.25,7.2832,2,Oppenheimer:23.4|Stifel:13.1
2026-08-20,VTR,9.8,,1,RBC Capital:9.8
2026-08-20,WAB,14.4,,1,Citigroup:14.4
2026-08-20,WDAY,5.6333,2.1548,3,Baird:3.4|UBS:5.8|B of A Securities:7.7
2026-08-20,WMB,38,,1,Morgan Stanley:38
2026-08-20,XOM,7.15,0.7778,2,Barclays:7.7|Morgan Stanley:6.6
2026-08-20,XYL,14.9,,1,UBS:14.9
2026-08-20,YUM,22.2,,1,Argus Research:22.2
2026-08-21,ABBV,16.05,2.8991,2,Wells Fargo:18.1|Piper Sandler:14
2026-08-21,ADBE,-16.1,,1,B of A Securities:-16.1
2026-08-21,ADM,18.2,,1,UBS:18.2
2026-08-21,AFL,5,,1,Wells Fargo:5
2026-08-21,AIZ,15.6,,1,Morgan Stanley:15.6
2026-08-21,AJG,20,,1,Argus Research:20
2026-08-21,ALL,-1.6,,1,Keefe; Bruyette & Woods:-1.6
2026-08-21,AMAT,45.7,18.6458,4,Cantor Fitzgerald:70.2|JP Morgan:32.2|Keybanc:50.2|Stifel:30.2
2026-08-21,AMCR,2.5,,1,JP Morgan:2.5
2026-08-21,AMGN,5.25,0.495,2,Argus Research:5.6|Piper Sandler:4.9
2026-08-21,AMT,11.8,,1,Barclays:11.8
2026-08-21,APA,-4.8,,1,Barclays:-4.8
2026-08-21,APP,5.65,1.7678,2,Wells Fargo:4.4|Piper Sandler:6.9
2026-08-21,ARE,19.7,,1,Evercore ISI Group:19.7
2026-08-21,BBY,-2.9,,1,Piper Sandler:-2.9
2026-08-21,CBRE,23.3,,1,Barclays:23.3
2026-08-21,CCI,10.3,,1,Barclays:10.3
2026-08-21,CIEN,24.9,,1,Northland Capital Markets:24.9
2026-08-21,CME,-0.1,,1,Deutsche Bank:-0.1
2026-08-21,CNP,5.9,,1,Evercore ISI Group:5.9
2026-08-21,COP,16,,1,Morgan Stanley:16
2026-08-21,CPRT,1.5,,1,Stephens & Co.:1.5
2026-08-21,CPT,12.5,,1,Barclays:12.5
2026-08-21,D,2.2,,1,Evercore ISI Group:2.2
2026-08-21,DE,4.3,,1,Citigroup:4.3
2026-08-21,DLR,20.45,0.3536,2,HSBC:20.2|Evercore ISI Group:20.7
2026-08-21,DLTR,17.6,,1,Wells Fargo:17.6
2026-08-21,DVN,20.8,,1,Barclays:20.8
2026-08-21,EBAY,32.6,,1,Wedbush:32.6
2026-08-21,ED,3.2,,1,Evercore ISI Group:3.2
2026-08-21,EL,13.35,7.9286,6,Goldman Sachs:15|JP Morgan:15|Morgan Stanley:4.7|Piper Sandler:18|Jefferies:3.4|RBC Capital:24
2026-08-21,EOG,-0.7,,1,Barclays:-0.7
2026-08-21,EQIX,15.1,,1,Evercore ISI Group:15.1
2026-08-21,EQT,24.7,,1,Morgan Stanley:24.7
2026-08-21,ESS,5.3,,1,Barclays:5.3
2026-08-21,EXC,16.6,,1,Morgan Stanley:16.6
2026-08-21,EXR,6.3,,1,Scotiabank:6.3
2026-08-21,FANG,2.4,,1,Morgan Stanley:2.4
2026-08-21,FISV,1.6,,1,Truist Securities:1.6
2026-08-21,FIX,24.3,,1,DA Davidson:24.3
2026-08-21,FOXA,21.3,,1,JP Morgan:21.3
2026-08-21,FRT,3.9,,1,Barclays:3.9
2026-08-21,FTV,16.1,,1,Argus Research:16.1
2026-08-21,HAS,-2.5,,1,Wells Fargo:-2.5
2026-08-21,HBAN,17.2,,1,RBC Capital:17.2
2026-08-21,HCA,5.4,,1,JP Morgan:5.4
2026-08-21,HD,12.3,9.7545,7,Stifel:1|DA Davidson:10.4|Mizuho:14.2|Truist Securities:9.2|UBS:23|Guggenheim:26.5|RBC Capital:1.8
2026-08-21,HON,9.8,,1,Jefferies:9.8
2026-08-21,INCY,13.4,7.3539,2,Piper Sandler:8.2|HC Wainwright & Co.:18.6
2026-08-21,INTU,21.7,,1,Deutsche Bank:21.7
2026-08-21,IT,13.8,,1,BMO Capital:13.8
2026-08-21,JKHY,13.5667,12.3977,3,Oppenheimer:27.6|Goldman Sachs:9|UBS:4.1
2026-08-21,KEYS,29.2571,6.8719,7,JP Morgan:21.8|Morgan Stanley:21.8|UBS:26.1|Baird:30.3|Barclays:36.3|Susquehanna:39.8|Wells Fargo:28.7
2026-08-21,LOW,16.9,7.3711,9,Citigroup:20.4|TD Cowen:8.8|Telsey Advisory Group:20.4|Truist Securities:17.6|UBS:27.3|DA Davidson:12|Keybanc:25.7|Mizuho:14.3|RBC Capital:5.6
2026-08-21,MAA,10.5,,1,Barclays:10.5
2026-08-21,MAR,10.8,,1,UBS:10.8
2026-08-21,MCHP,60.2,,1,Cantor Fitzgerald:60.2
2026-08-21,MCK,15.7,,1,Barclays:15.7
2026-08-21,MET,14.8,,1,Wells Fargo:14.8
2026-08-21,MGM,25.2,0,2,Argus Research:25.2|Macquarie:25.2
2026-08-21,MRK,11.34,7.6022,5,BMO Capital:12.7|UBS:16.1|Goldman Sachs:7.3|Morgan Stanley:20|RBC Capital:0.6
2026-08-21,MRNA,-23.875,18.2611,4,Goldman Sachs:-20.1|UBS:-0.1|JP Morgan:-42.2|Morgan Stanley:-33.1
2026-08-21,MRVL,27.3667,17.0177,3,UBS:30.5|Citigroup:9|RBC Capital:42.6
2026-08-21,MTB,16.9,,1,Cantor Fitzgerald:16.9
2026-08-21,NCLH,3.35,11.8087,2,Mizuho:-5|UBS:11.7
2026-08-21,NDSN,6.5,,1,Keybanc:6.5
2026-08-21,NOW,20.4,8.4853,2,TD Cowen:14.4|B of A Securities:26.4
2026-08-21,NWSA,27.2,,1,JP Morgan:27.2
2026-08-21,NXPI,74.2,,1,Cantor Fitzgerald:74.2
2026-08-21,OXY,18.4,,1,Barclays:18.4
2026-08-21,PANW,12.9857,8.4501,7,TD Cowen:4.4|Wells Fargo:28.3|Mizuho:10.6|Stifel:10.6|Truist Securities:15.9|UBS:3.9|BMO Capital:17.2
2026-08-21,PGR,-8.1,,1,Wells Fargo:-8.1
2026-08-21,PRU,-2.6,10.4652,2,JP Morgan:4.8|Wells Fargo:-10
2026-08-21,RDDT,38.3,,1,Morgan Stanley:38.3
2026-08-21,REG,17.95,3.3234,2,Barclays:20.3|Wells Fargo:15.6
2026-08-21,REGN,1.2,,1,Leerink Partners:1.2
2026-08-21,ROP,5.3,,1,RBC Capital:5.3
2026-08-21,ROST,10.06,11.1262,5,Barclays:22.2|Citigroup:18.9|JP Morgan:11.5|Morgan Stanley:-4|Wells Fargo:1.7
2026-08-21,SBAC,15.3,,1,Barclays:15.3
2026-08-21,SJM,16.2,0,2,Jefferies:16.2|UBS:16.2
2026-08-21,SNDK,48.75,38.6787,2,Cantor Fitzgerald:76.1|Wedbush:21.4
2026-08-21,SPG,1.85,4.879,2,Barclays:-1.6|Citigroup:5.3
2026-08-21,TGT,10.88,5.8985,5,Goldman Sachs:2.5|Wells Fargo:17.8|DA Davidson:14.9|Guggenheim:8.7|RBC Capital:10.5
2026-08-21,TJX,21.1,14.2537,8,Barclays:32.2|BTIG:33.6|Citigroup:8.3|Evercore ISI Group:21.7|Morgan Stanley:25.2|UBS:39.2|Wells Fargo:-1.6|Gordon Haskett:10.2
2026-08-21,TPR,36.8,,1,BTIG:36.8
2026-08-21,TRGP,17.6,,1,Jefferies:17.6
2026-08-21,TRMB,39.7,,1,Barclays:39.7
2026-08-21,TXN,23.2,,1,Cantor Fitzgerald:23.2
2026-08-21,UHS,5.7,,1,RBC Capital:5.7
2026-08-21,VEEV,18.25,7.2832,2,Oppenheimer:23.4|Stifel:13.1
2026-08-21,VST,62.2,,1,Morgan Stanley:62.2
2026-08-21,WDAY,5.6333,2.1548,3,Baird:3.4|UBS:5.8|B of A Securities:7.7
2026-08-21,WMB,38,,1,Morgan Stanley:38
2026-08-21,WMT,20.3833,6.542,6,Citigroup:27.3|JP Morgan:20.6|Piper Sandler:23.4|Truist Securities:9.9|UBS:25.4|Wells Fargo:15.7
2026-08-21,XOM,7.15,0.7778,2,Barclays:7.7|Morgan Stanley:6.6
2026-08-21,YUM,22.2,,1,Argus Research:22.2
2026-08-22,ABBV,16.05,2.8991,2,Wells Fargo:18.1|Piper Sandler:14
2026-08-22,ADBE,-16.1,,1,B of A Securities:-16.1
2026-08-22,ADM,18.2,,1,UBS:18.2
2026-08-22,ADSK,29.5,,1,Baird:29.5
2026-08-22,AFL,5,,1,Wells Fargo:5
2026-08-22,AIZ,15.6,,1,Morgan Stanley:15.6
2026-08-22,AJG,20,,1,Argus Research:20
2026-08-22,ALL,-1.6,,1,Keefe; Bruyette & Woods:-1.6
2026-08-22,AMCR,2.5,,1,JP Morgan:2.5
2026-08-22,AMGN,5.25,0.495,2,Argus Research:5.6|Piper Sandler:4.9
2026-08-22,AMT,11.8,,1,Barclays:11.8
2026-08-22,APA,-4.8,,1,Barclays:-4.8
2026-08-22,APP,5.65,1.7678,2,Wells Fargo:4.4|Piper Sandler:6.9
2026-08-22,ARE,19.7,,1,Evercore ISI Group:19.7
2026-08-22,BBY,-2.9,,1,Piper Sandler:-2.9
2026-08-22,CBRE,23.3,,1,Barclays:23.3
2026-08-22,CCI,10.3,,1,Barclays:10.3
2026-08-22,CIEN,24.9,,1,Northland Capital Markets:24.9
2026-08-22,CME,-0.1,,1,Deutsche Bank:-0.1
2026-08-22,CNP,5.9,,1,Evercore ISI Group:5.9
2026-08-22,COP,16,,1,Morgan Stanley:16
2026-08-22,CPRT,1.5,,1,Stephens & Co.:1.5
2026-08-22,CPT,12.5,,1,Barclays:12.5
2026-08-22,D,2.2,,1,Evercore ISI Group:2.2
2026-08-22,DE,7.1,3.9598,2,Citigroup:4.3|Oppenheimer:9.9
2026-08-22,DLR,20.7,,1,Evercore ISI Group:20.7
2026-08-22,DLTR,17.6,,1,Wells Fargo:17.6
2026-08-22,DVN,20.8,,1,Barclays:20.8
2026-08-22,EBAY,32.6,,1,Wedbush:32.6
2026-08-22,ED,3.2,,1,Evercore ISI Group:3.2
2026-08-22,EL,13.35,7.9286,6,Goldman Sachs:15|JP Morgan:15|Morgan Stanley:4.7|Piper Sandler:18|Jefferies:3.4|RBC Capital:24
2026-08-22,EOG,-0.7,,1,Barclays:-0.7
2026-08-22,EQIX,15.1,,1,Evercore ISI Group:15.1
2026-08-22,EQT,24.7,,1,Morgan Stanley:24.7
2026-08-22,ESS,5.3,,1,Barclays:5.3
2026-08-22,EXC,16.6,,1,Morgan Stanley:16.6
2026-08-22,EXR,6.3,,1,Scotiabank:6.3
2026-08-22,FANG,2.4,,1,Morgan Stanley:2.4
2026-08-22,FISV,1.6,,1,Truist Securities:1.6
2026-08-22,FIX,24.3,,1,DA Davidson:24.3
2026-08-22,FRT,3.9,,1,Barclays:3.9
2026-08-22,FTV,16.1,,1,Argus Research:16.1
2026-08-22,HAS,-2.5,,1,Wells Fargo:-2.5
2026-08-22,HBAN,17.2,,1,RBC Capital:17.2
2026-08-22,HCA,5.4,,1,JP Morgan:5.4
2026-08-22,HD,12.3,9.7545,7,Stifel:1|DA Davidson:10.4|Mizuho:14.2|Truist Securities:9.2|UBS:23|Guggenheim:26.5|RBC Capital:1.8
2026-08-22,HON,9.8,,1,Jefferies:9.8
2026-08-22,HSY,9.8,,1,RBC Capital:9.8
2026-08-22,INCY,13.4,7.3539,2,Piper Sandler:8.2|HC Wainwright & Co.:18.6
2026-08-22,INTU,21.7,,1,Deutsche Bank:21.7
2026-08-22,IT,13.8,,1,BMO Capital:13.8
2026-08-22,JKHY,13.5667,12.3977,3,Oppenheimer:27.6|Goldman Sachs:9|UBS:4.1
2026-08-22,KEYS,29.2571,6.8719,7,JP Morgan:21.8|Morgan Stanley:21.8|UBS:26.1|Baird:30.3|Barclays:36.3|Susquehanna:39.8|Wells Fargo:28.7
2026-08-22,LOW,17.78,7.486,10,Citigroup:20.4|TD Cowen:8.8|Telsey Advisory Group:20.4|Truist Securities:17.6|UBS:27.3|DA Davidson:12|Keybanc:25.7|Mizuho:14.3|RBC Capital:5.6|Guggenheim:25.7
2026-08-22,MAA,10.5,,1,Barclays:10.5
2026-08-22,MAR,10.8,,1,UBS:10.8
2026-08-22,MCHP,41.95,25.8094,2,Cantor Fitzgerald:60.2|BMO Capital:23.7
2026-08-22,MCK,15.7,,1,Barclays:15.7
2026-08-22,MET,14.8,,1,Wells Fargo:14.8
2026-08-22,MGM,25.2,0,2,Argus Research:25.2|Macquarie:25.2
2026-08-22,MRK,11.34,7.6022,5,BMO Capital:12.7|UBS:16.1|Goldman Sachs:7.3|Morgan Stanley:20|RBC Capital:0.6
2026-08-22,MRNA,-23.875,18.2611,4,Goldman Sachs:-20.1|UBS:-0.1|JP Morgan:-42.2|Morgan Stanley:-33.1
2026-08-22,MRVL,20.3,19.8197,4,UBS:30.5|Citigroup:9|RBC Capital:42.6|BMO Capital:-0.9
2026-08-22,MTB,16.9,,1,Cantor Fitzgerald:16.9
2026-08-22,NCLH,3.35,11.8087,2,Mizuho:-5|UBS:11.7
2026-08-22,NDSN,6.6,2.8513,3,Keybanc:6.5|Baird:3.8|Oppenheimer:9.5
2026-08-22,NOW,20.4,8.4853,2,TD Cowen:14.4|B of A Securities:26.4
2026-08-22,NVDA,55.7,,1,BMO Capital:55.7
2026-08-22,NWSA,27.2,,1,JP Morgan:27.2
2026-08-22,NXPI,74.2,,1,Cantor Fitzgerald:74.2
2026-08-22,OXY,18.4,,1,Barclays:18.4
2026-08-22,PANW,12.9857,8.4501,7,TD Cowen:4.4|Wells Fargo:28.3|Mizuho:10.6|Stifel:10.6|Truist Securities:15.9|UBS:3.9|BMO Capital:17.2
2026-08-22,PGR,-8.1,,1,Wells Fargo:-8.1
2026-08-22,PRU,-2.6,10.4652,2,JP Morgan:4.8|Wells Fargo:-10
2026-08-22,RDDT,38.3,,1,Morgan Stanley:38.3
2026-08-22,REG,17.95,3.3234,2,Barclays:20.3|Wells Fargo:15.6
2026-08-22,REGN,1.2,,1,Leerink Partners:1.2
2026-08-22,ROP,5.3,,1,RBC Capital:5.3
2026-08-22,ROST,11.4143,9.6686,7,Barclays:22.2|Citigroup:18.9|JP Morgan:11.5|Morgan Stanley:-4|Wells Fargo:1.7|Baird:10.7|Evercore ISI Group:18.9
2026-08-22,SBAC,15.3,,1,Barclays:15.3
2026-08-22,SJM,16.2,0,2,Jefferies:16.2|UBS:16.2
2026-08-22,SPG,1.85,4.879,2,Barclays:-1.6|Citigroup:5.3
2026-08-22,SWKS,3.1,,1,BMO Capital:3.1
2026-08-22,TER,10,,1,Baird:10
2026-08-22,TGT,10.88,5.8985,5,Goldman Sachs:2.5|Wells Fargo:17.8|DA Davidson:14.9|Guggenheim:8.7|RBC Capital:10.5
2026-08-22,TJX,21.1,14.2537,8,Barclays:32.2|BTIG:33.6|Citigroup:8.3|Evercore ISI Group:21.7|Morgan Stanley:25.2|UBS:39.2|Wells Fargo:-1.6|Gordon Haskett:10.2
2026-08-22,TRGP,17.6,,1,Jefferies:17.6
2026-08-22,TRMB,39.7,,1,Barclays:39.7
2026-08-22,TXN,23.2,,1,Cantor Fitzgerald:23.2
2026-08-22,UHS,5.7,,1,RBC Capital:5.7
2026-08-22,VEEV,18.25,7.2832,2,Oppenheimer:23.4|Stifel:13.1
2026-08-22,VST,62.2,,1,Morgan Stanley:62.2
2026-08-22,WDAY,7.7,,1,B of A Securities:7.7
2026-08-22,WMB,38,,1,Morgan Stanley:38
2026-08-22,WMT,21.4273,5.5617,11,Citigroup:27.3|JP Morgan:20.6|Piper Sandler:23.4|Truist Securities:9.9|UBS:25.4|Wells Fargo:15.7|Baird:15.7|Guggenheim:25.4|Morgan Stanley:20.6|RBC Capital:26.3|Telsey Advisory Group:25.4
2026-08-22,XOM,7.15,0.7778,2,Barclays:7.7|Morgan Stanley:6.6
2026-08-22,YUM,22.2,,1,Argus Research:22.2
2026-08-24,ABBV,16.05,2.8991,2,Wells Fargo:18.1|Piper Sandler:14
2026-08-24,ABNB,10.3,6.364,2,Bernstein:14.8|Evercore ISI Group:5.8
2026-08-24,ACN,2.9,,1,Citigroup:2.9
2026-08-24,ADBE,-16.1,,1,B of A Securities:-16.1
2026-08-24,ADSK,29.5,,1,Baird:29.5
2026-08-24,AFL,5,,1,Wells Fargo:5
2026-08-24,AIZ,15.6,,1,Morgan Stanley:15.6
2026-08-24,AJG,20,,1,Argus Research:20
2026-08-24,ALL,-1.6,,1,Keefe; Bruyette & Woods:-1.6
2026-08-24,AMCR,2.5,,1,JP Morgan:2.5
2026-08-24,AMGN,5.25,0.495,2,Argus Research:5.6|Piper Sandler:4.9
2026-08-24,AMT,11.8,,1,Barclays:11.8
2026-08-24,APA,-4.8,,1,Barclays:-4.8
2026-08-24,APP,5.65,1.7678,2,Wells Fargo:4.4|Piper Sandler:6.9
2026-08-24,BBY,-2.9,,1,Piper Sandler:-2.9
2026-08-24,CBRE,23.3,,1,Barclays:23.3
2026-08-24,CCI,10.3,,1,Barclays:10.3
2026-08-24,CIEN,24.9,,1,Northland Capital Markets:24.9
2026-08-24,CME,-0.1,,1,Deutsche Bank:-0.1
2026-08-24,COP,16,,1,Morgan Stanley:16
2026-08-24,CPRT,1.5,,1,Stephens & Co.:1.5
2026-08-24,CPT,12.5,,1,Barclays:12.5
2026-08-24,DAL,21.85,6.0104,2,Raymond James:17.6|TD Cowen:26.1
2026-08-24,DE,11.42,8.3449,5,Citigroup:4.3|Oppenheimer:9.9|Barclays:3.4|DA Davidson:16.4|Truist Securities:23.1
2026-08-24,DLR,20.7,,1,Evercore ISI Group:20.7
2026-08-24,DLTR,17.6,,1,Wells Fargo:17.6
2026-08-24,DVN,20.8,,1,Barclays:20.8
2026-08-24,EBAY,32.6,,1,Wedbush:32.6
2026-08-24,EL,13.35,7.9286,6,Goldman Sachs:15|JP Morgan:15|Morgan Stanley:4.7|Piper Sandler:18|Jefferies:3.4|RBC Capital:24
2026-08-24,EOG,-0.7,0,2,Barclays:-0.7|Goldman Sachs:-0.7
2026-08-24,EQIX,15.1,,1,Evercore ISI Group:15.1
2026-08-24,EQT,24.7,,1,Morgan Stanley:24.7
2026-08-24,ESS,5.3,,1,Barclays:5.3
2026-08-24,EXC,16.6,,1,Morgan Stanley:16.6
2026-08-24,EXPE,32.9,,1,Evercore ISI Group:32.9
2026-08-24,EXR,6.3,,1,Scotiabank:6.3
2026-08-24,FANG,2.4,,1,Morgan Stanley:2.4
2026-08-24,FISV,1.6,,1,Truist Securities:1.6
2026-08-24,FIX,24.3,,1,DA Davidson:24.3
2026-08-24,FRT,3.9,,1,Barclays:3.9
2026-08-24,FTV,16.1,,1,Argus Research:16.1
2026-08-24,GWW,6.6,,1,Morgan Stanley:6.6
2026-08-24,HAS,-2.5,,1,Wells Fargo:-2.5
2026-08-24,HBAN,17.2,,1,RBC Capital:17.2
2026-08-24,HCA,5.4,,1,JP Morgan:5.4
2026-08-24,HD,12.3,9.7545,7,Stifel:1|DA Davidson:10.4|Mizuho:14.2|Truist Securities:9.2|UBS:23|Guggenheim:26.5|RBC Capital:1.8
2026-08-24,HPQ,8.3,,1,Evercore ISI Group:8.3
2026-08-24,HSY,9.8,,1,RBC Capital:9.8
2026-08-24,INCY,18.6,,1,HC Wainwright & Co.:18.6
2026-08-24,INTU,29.05,10.3945,2,Deutsche Bank:21.7|Jefferies:36.4
2026-08-24,IT,13.8,,1,BMO Capital:13.8
2026-08-24,JKHY,13.5667,12.3977,3,Oppenheimer:27.6|Goldman Sachs:9|UBS:4.1
2026-08-24,KEYS,29.2571,6.8719,7,JP Morgan:21.8|Morgan Stanley:21.8|UBS:26.1|Baird:30.3|Barclays:36.3|Susquehanna:39.8|Wells Fargo:28.7
2026-08-24,LOW,17.78,7.486,10,Citigroup:20.4|TD Cowen:8.8|Telsey Advisory Group:20.4|Truist Securities:17.6|UBS:27.3|DA Davidson:12|Keybanc:25.7|Mizuho:14.3|RBC Capital:5.6|Guggenheim:25.7
2026-08-24,LUV,32,,1,Raymond James:32
2026-08-24,MAA,10.5,,1,Barclays:10.5
2026-08-24,MAR,10.8,,1,UBS:10.8
2026-08-24,MCHP,41.95,25.8094,2,Cantor Fitzgerald:60.2|BMO Capital:23.7
2026-08-24,MCK,15.7,,1,Barclays:15.7
2026-08-24,MET,15.9,1.5556,2,Wells Fargo:14.8|Morgan Stanley:17
2026-08-24,MRK,11.34,7.6022,5,BMO Capital:12.7|UBS:16.1|Goldman Sachs:7.3|Morgan Stanley:20|RBC Capital:0.6
2026-08-24,MRNA,-21.58,16.6264,5,Goldman Sachs:-20.1|UBS:-0.1|JP Morgan:-42.2|Morgan Stanley:-33.1|Barclays:-12.4
2026-08-24,MRVL,23.28,18.4124,5,UBS:30.5|Citigroup:9|RBC Capital:42.6|BMO Capital:-0.9|Wells Fargo:35.2
2026-08-24,MTB,16.9,,1,Cantor Fitzgerald:16.9
2026-08-24,NCLH,3.35,11.8087,2,Mizuho:-5|UBS:11.7
2026-08-24,NDSN,8.225,3.9978,4,Keybanc:6.5|Baird:3.8|Oppenheimer:9.5|DA Davidson:13.1
2026-08-24,NOW,26.4,,1,B of A Securities:26.4
2026-08-24,NTAP,10,,1,Evercore ISI Group:10
2026-08-24,NVDA,55.7,,1,BMO Capital:55.7
2026-08-24,NWSA,27.2,,1,JP Morgan:27.2
2026-08-24,NXPI,74.2,,1,Cantor Fitzgerald:74.2
2026-08-24,OXY,18.4,,1,Barclays:18.4
2026-08-24,PANW,14.4167,8.2756,6,Wells Fargo:28.3|Mizuho:10.6|Stifel:10.6|Truist Securities:15.9|UBS:3.9|BMO Capital:17.2
2026-08-24,PGR,-8.1,,1,Wells Fargo:-8.1
2026-08-24,PHM,-1.5,,1,Wolfe Research:-1.5
2026-08-24,PRU,-11.65,2.3335,2,Wells Fargo:-10|Morgan Stanley:-13.3
2026-08-24,RDDT,38.3,,1,Morgan Stanley:38.3
2026-08-24,REG,15.6,,1,Wells Fargo:15.6
2026-08-24,REGN,1.2,,1,Leerink Partners:1.2
2026-08-24,ROP,5.3,,1,RBC Capital:5.3
2026-08-24,ROST,11.4143,9.6686,7,Barclays:22.2|Citigroup:18.9|JP Morgan:11.5|Morgan Stanley:-4|Wells Fargo:1.7|Baird:10.7|Evercore ISI Group:18.9
2026-08-24,SBAC,15.3,,1,Barclays:15.3
2026-08-24,SJM,16.2,0,2,Jefferies:16.2|UBS:16.2
2026-08-24,SWKS,3.1,,1,BMO Capital:3.1
2026-08-24,TER,10,,1,Baird:10
2026-08-24,TGT,10.88,5.8985,5,Goldman Sachs:2.5|Wells Fargo:17.8|DA Davidson:14.9|Guggenheim:8.7|RBC Capital:10.5
2026-08-24,TJX,21.1,14.2537,8,Barclays:32.2|BTIG:33.6|Citigroup:8.3|Evercore ISI Group:21.7|Morgan Stanley:25.2|UBS:39.2|Wells Fargo:-1.6|Gordon Haskett:10.2
2026-08-24,TRGP,17.6,,1,Jefferies:17.6
2026-08-24,TRMB,39.7,,1,Barclays:39.7
2026-08-24,TXN,23.2,,1,Cantor Fitzgerald:23.2
2026-08-24,UAL,66.9,,1,TD Cowen:66.9
2026-08-24,UHS,5.7,,1,RBC Capital:5.7
2026-08-24,VEEV,18.25,7.2832,2,Oppenheimer:23.4|Stifel:13.1
2026-08-24,VST,62.2,,1,Morgan Stanley:62.2
2026-08-24,WDAY,10.2,2.5,3,B of A Securities:7.7|Jefferies:12.7|Oppenheimer:10.2
2026-08-24,WMB,38,,1,Morgan Stanley:38
2026-08-24,WMT,21.4273,5.5617,11,Citigroup:27.3|JP Morgan:20.6|Piper Sandler:23.4|Truist Securities:9.9|UBS:25.4|Wells Fargo:15.7|Baird:15.7|Guggenheim:25.4|Morgan Stanley:20.6|RBC Capital:26.3|Telsey Advisory Group:25.4
2026-08-24,XOM,7.15,0.7778,2,Barclays:7.7|Morgan Stanley:6.6
2026-08-24,XYL,30.9,,1,Jefferies:30.9
2026-08-25,ABBV,14,,1,Piper Sandler:14
2026-08-25,ABNB,10.3,6.364,2,Bernstein:14.8|Evercore ISI Group:5.8
2026-08-25,ACN,2.9,,1,Citigroup:2.9
2026-08-25,ADBE,-16.1,,1,B of A Securities:-16.1
2026-08-25,ADI,79.4,,1,Baird:79.4
2026-08-25,ADSK,29.5,,1,Baird:29.5
2026-08-25,AFL,5,,1,Wells Fargo:5
2026-08-25,AIZ,15.6,,1,Morgan Stanley:15.6
2026-08-25,ALL,-1.6,,1,Keefe; Bruyette & Woods:-1.6
2026-08-25,AMGN,5.25,0.495,2,Argus Research:5.6|Piper Sandler:4.9
2026-08-25,AMT,11.8,,1,Barclays:11.8
2026-08-25,APP,5.65,1.7678,2,Wells Fargo:4.4|Piper Sandler:6.9
2026-08-25,ARE,-4.6,,1,Baird:-4.6
2026-08-25,BBY,-2.9,,1,Piper Sandler:-2.9
2026-08-25,BXP,-0.9,,1,UBS:-0.9
2026-08-25,CCI,10.3,,1,Barclays:10.3
2026-08-25,CIEN,24.9,,1,Northland Capital Markets:24.9
2026-08-25,CME,-0.1,,1,Deutsche Bank:-0.1
2026-08-25,CMG,5.3,,1,Baird:5.3
2026-08-25,COF,26.2,,1,Wolfe Research:26.2
2026-08-25,COP,16,,1,Morgan Stanley:16
2026-08-25,CPRT,1.5,,1,Stephens & Co.:1.5
2026-08-25,DAL,21.85,6.0104,2,Raymond James:17.6|TD Cowen:26.1
2026-08-25,DE,12.0667,7.6301,6,Citigroup:4.3|Oppenheimer:9.9|Barclays:3.4|DA Davidson:16.4|Truist Securities:23.1|RBC Capital:15.3
2026-08-25,DPZ,1.1,,1,Baird:1.1
2026-08-25,EBAY,32.6,,1,Wedbush:32.6
2026-08-25,EL,13.35,7.9286,6,Goldman Sachs:15|JP Morgan:15|Morgan Stanley:4.7|Piper Sandler:18|Jefferies:3.4|RBC Capital:24
2026-08-25,EOG,-0.7,,1,Goldman Sachs:-0.7
2026-08-25,EQT,24.7,,1,Morgan Stanley:24.7
2026-08-25,EXC,16.6,,1,Morgan Stanley:16.6
2026-08-25,EXPE,32.9,,1,Evercore ISI Group:32.9
2026-08-25,FANG,2.4,,1,Morgan Stanley:2.4
2026-08-25,FISV,1.6,,1,Truist Securities:1.6
2026-08-25,FIX,24.3,,1,DA Davidson:24.3
2026-08-25,FTV,16.1,,1,Argus Research:16.1
2026-08-25,GWW,6.6,,1,Morgan Stanley:6.6
2026-08-25,HAS,-2.5,,1,Wells Fargo:-2.5
2026-08-25,HBAN,17.2,,1,RBC Capital:17.2
2026-08-25,HCA,5.4,,1,JP Morgan:5.4
2026-08-25,HD,14.1833,9.1862,6,DA Davidson:10.4|Mizuho:14.2|Truist Securities:9.2|UBS:23|Guggenheim:26.5|RBC Capital:1.8
2026-08-25,HPQ,8.3,,1,Evercore ISI Group:8.3
2026-08-25,HSY,9.8,,1,RBC Capital:9.8
2026-08-25,INCY,18.6,,1,HC Wainwright & Co.:18.6
2026-08-25,INTU,29.05,10.3945,2,Deutsche Bank:21.7|Jefferies:36.4
2026-08-25,IT,13.8,,1,BMO Capital:13.8
2026-08-25,JKHY,13.5667,12.3977,3,Oppenheimer:27.6|Goldman Sachs:9|UBS:4.1
2026-08-25,KEYS,29.2571,6.8719,7,JP Morgan:21.8|Morgan Stanley:21.8|UBS:26.1|Baird:30.3|Barclays:36.3|Susquehanna:39.8|Wells Fargo:28.7
2026-08-25,LOW,17.78,7.486,10,Citigroup:20.4|TD Cowen:8.8|Telsey Advisory Group:20.4|Truist Securities:17.6|UBS:27.3|DA Davidson:12|Keybanc:25.7|Mizuho:14.3|RBC Capital:5.6|Guggenheim:25.7
2026-08-25,LUV,32,,1,Raymond James:32
2026-08-25,MAR,10.8,,1,UBS:10.8
2026-08-25,MCHP,23.7,,1,BMO Capital:23.7
2026-08-25,MCK,15.7,,1,Barclays:15.7
2026-08-25,MET,15.9,1.5556,2,Wells Fargo:14.8|Morgan Stanley:17
2026-08-25,MLM,16.3,,1,DA Davidson:16.3
2026-08-25,MRK,12.65,7.5187,6,BMO Capital:12.7|UBS:16.1|Goldman Sachs:7.3|Morgan Stanley:20|RBC Capital:0.6|Wolfe Research:19.2
2026-08-25,MRNA,-21.58,16.6264,5,Goldman Sachs:-20.1|UBS:-0.1|JP Morgan:-42.2|Morgan Stanley:-33.1|Barclays:-12.4
2026-08-25,MRVL,23.28,18.4124,5,UBS:30.5|Citigroup:9|RBC Capital:42.6|BMO Capital:-0.9|Wells Fargo:35.2
2026-08-25,MTB,16.9,,1,Cantor Fitzgerald:16.9
2026-08-25,NCLH,3.35,11.8087,2,Mizuho:-5|UBS:11.7
2026-08-25,NDSN,8.225,3.9978,4,Keybanc:6.5|Baird:3.8|Oppenheimer:9.5|DA Davidson:13.1
2026-08-25,NOW,26.4,,1,B of A Securities:26.4
2026-08-25,NTAP,10,,1,Evercore ISI Group:10
2026-08-25,NVDA,55.7,,1,BMO Capital:55.7
2026-08-25,NWSA,27.2,,1,JP Morgan:27.2
2026-08-25,PANW,11.64,5.271,5,Mizuho:10.6|Stifel:10.6|Truist Securities:15.9|UBS:3.9|BMO Capital:17.2
2026-08-25,PGR,-8.1,,1,Wells Fargo:-8.1
2026-08-25,PHM,-1.5,,1,Wolfe Research:-1.5
2026-08-25,PPL,25.1,,1,Jefferies:25.1
2026-08-25,PRU,-11.65,2.3335,2,Wells Fargo:-10|Morgan Stanley:-13.3
2026-08-25,RDDT,38.3,,1,Morgan Stanley:38.3
2026-08-25,REG,15.6,,1,Wells Fargo:15.6
2026-08-25,ROP,5.3,,1,RBC Capital:5.3
2026-08-25,ROST,11.4143,9.6686,7,Barclays:22.2|Citigroup:18.9|JP Morgan:11.5|Morgan Stanley:-4|Wells Fargo:1.7|Baird:10.7|Evercore ISI Group:18.9
2026-08-25,SBAC,15.3,,1,Barclays:15.3
2026-08-25,SJM,16.2,0,2,Jefferies:16.2|UBS:16.2
2026-08-25,SWKS,3.1,,1,BMO Capital:3.1
2026-08-25,SYF,11.8,,1,Wolfe Research:11.8
2026-08-25,TER,10,,1,Baird:10
2026-08-25,TGT,10.88,5.8985,5,Goldman Sachs:2.5|Wells Fargo:17.8|DA Davidson:14.9|Guggenheim:8.7|RBC Capital:10.5
2026-08-25,TJX,21.1,14.2537,8,Barclays:32.2|BTIG:33.6|Citigroup:8.3|Evercore ISI Group:21.7|Morgan Stanley:25.2|UBS:39.2|Wells Fargo:-1.6|Gordon Haskett:10.2
2026-08-25,TRMB,39.7,,1,Barclays:39.7
2026-08-25,UAL,66.9,,1,TD Cowen:66.9
2026-08-25,UHS,5.7,,1,RBC Capital:5.7
2026-08-25,ULTA,30.2,,1,Deutsche Bank:30.2
2026-08-25,USB,8.9,,1,RBC Capital:8.9
2026-08-25,VMC,17.4,,1,DA Davidson:17.4
2026-08-25,VST,62.2,,1,Morgan Stanley:62.2
2026-08-25,WDAY,10.2,2.5,3,B of A Securities:7.7|Jefferies:12.7|Oppenheimer:10.2
2026-08-25,WMT,21.4273,5.5617,11,Citigroup:27.3|JP Morgan:20.6|Piper Sandler:23.4|Truist Securities:9.9|UBS:25.4|Wells Fargo:15.7|Baird:15.7|Guggenheim:25.4|Morgan Stanley:20.6|RBC Capital:26.3|Telsey Advisory Group:25.4
2026-08-25,XOM,6.6,,1,Morgan Stanley:6.6
2026-08-25,XYL,30.9,,1,Jefferies:30.9
2026-08-25,XYZ,40.6,,1,Wolfe Research:40.6
2026-08-26,ABBV,14,,1,Piper Sandler:14
2026-08-26,ABNB,10.3,6.364,2,Bernstein:14.8|Evercore ISI Group:5.8
2026-08-26,ACN,2.9,,1,Citigroup:2.9
2026-08-26,ADI,79.4,,1,Baird:79.4
2026-08-26,ADSK,29.5,,1,Baird:29.5
2026-08-26,AFL,5,,1,Wells Fargo:5
2026-08-26,AIZ,15.6,,1,Morgan Stanley:15.6
2026-08-26,ALL,-1.6,,1,Keefe; Bruyette & Woods:-1.6
2026-08-26,AMAT,23,,1,Mizuho:23
2026-08-26,AMD,34.9,,1,Raymond James:34.9
2026-08-26,AMGN,5.25,0.495,2,Argus Research:5.6|Piper Sandler:4.9
2026-08-26,AMT,11.8,,1,Barclays:11.8
2026-08-26,APP,5.65,1.7678,2,Wells Fargo:4.4|Piper Sandler:6.9
2026-08-26,ARE,-4.6,,1,Baird:-4.6
2026-08-26,BBY,-2.9,,1,Piper Sandler:-2.9
2026-08-26,BIIB,18.5,,1,RBC Capital:18.5
2026-08-26,BKR,23,,1,RBC Capital:23
2026-08-26,BSX,19.1,,1,TD Cowen:19.1
2026-08-26,BXP,10.15,15.6271,2,UBS:-0.9|JP Morgan:21.2
2026-08-26,CCI,10.3,,1,Barclays:10.3
2026-08-26,CIEN,24.9,,1,Northland Capital Markets:24.9
2026-08-26,CMG,5.3,,1,Baird:5.3
2026-08-26,COF,26.2,,1,Wolfe Research:26.2
2026-08-26,CPRT,1.5,,1,Stephens & Co.:1.5
2026-08-26,DAL,21.85,6.0104,2,Raymond James:17.6|TD Cowen:26.1
2026-08-26,DE,12.0667,7.6301,6,Citigroup:4.3|Oppenheimer:9.9|Barclays:3.4|DA Davidson:16.4|Truist Securities:23.1|RBC Capital:15.3
2026-08-26,DLTR,5.65,3.7477,2,Guggenheim:8.3|Truist Securities:3
2026-08-26,DPZ,1.1,,1,Baird:1.1
2026-08-26,EBAY,32.6,,1,Wedbush:32.6
2026-08-26,EL,13.35,7.9286,6,Goldman Sachs:15|JP Morgan:15|Morgan Stanley:4.7|Piper Sandler:18|Jefferies:3.4|RBC Capital:24
2026-08-26,EOG,-0.7,,1,Goldman Sachs:-0.7
2026-08-26,EXC,16.6,,1,Morgan Stanley:16.6
2026-08-26,EXPE,25.45,10.5359,2,Evercore ISI Group:32.9|BTIG:18
2026-08-26,FIS,14.5,,1,Wells Fargo:14.5
2026-08-26,FISV,1.6,,1,Truist Securities:1.6
2026-08-26,FIX,24.3,,1,DA Davidson:24.3
2026-08-26,FOXA,20.9,,1,Guggenheim:20.9
2026-08-26,FTV,16.1,,1,Argus Research:16.1
2026-08-26,GPN,1.4,,1,Truist Securities:1.4
2026-08-26,GWW,6.6,,1,Morgan Stanley:6.6
2026-08-26,HAS,-2.5,,1,Wells Fargo:-2.5
2026-08-26,HCA,5.4,,1,JP Morgan:5.4
2026-08-26,HD,14.15,17.4655,2,Guggenheim:26.5|RBC Capital:1.8
2026-08-26,HPQ,8.3,,1,Evercore ISI Group:8.3
2026-08-26,HSY,9.8,,1,RBC Capital:9.8
2026-08-26,INCY,18.6,,1,HC Wainwright & Co.:18.6
2026-08-26,INTU,19.9,16.8802,4,Jefferies:36.4|Morgan Stanley:-2.6|Oppenheimer:17.5|Susquehanna:28.3
2026-08-26,JKHY,6.55,3.4648,2,Goldman Sachs:9|UBS:4.1
2026-08-26,KEYS,33.775,5.1803,4,Baird:30.3|Barclays:36.3|Susquehanna:39.8|Wells Fargo:28.7
2026-08-26,KIM,8.1,,1,JP Morgan:8.1
2026-08-26,LOW,17.78,7.486,10,Citigroup:20.4|TD Cowen:8.8|Telsey Advisory Group:20.4|Truist Securities:17.6|UBS:27.3|DA Davidson:12|Keybanc:25.7|Mizuho:14.3|RBC Capital:5.6|Guggenheim:25.7
2026-08-26,LRCX,16,,1,Mizuho:16
2026-08-26,LUV,32,,1,Raymond James:32
2026-08-26,MAR,10.8,,1,UBS:10.8
2026-08-26,MCHP,23.7,,1,BMO Capital:23.7
2026-08-26,MET,15.9,1.5556,2,Wells Fargo:14.8|Morgan Stanley:17
2026-08-26,META,45.7,,1,Evercore ISI Group:45.7
2026-08-26,MLM,16.3,,1,DA Davidson:16.3
2026-08-26,MRK,12.2857,6.931,7,BMO Capital:12.7|UBS:16.1|Goldman Sachs:7.3|Morgan Stanley:20|RBC Capital:0.6|Wolfe Research:19.2|Argus Research:10.1
2026-08-26,MRNA,-21.58,16.6264,5,Goldman Sachs:-20.1|UBS:-0.1|JP Morgan:-42.2|Morgan Stanley:-33.1|Barclays:-12.4
2026-08-26,MRVL,21.1333,17.2876,6,UBS:30.5|Citigroup:9|RBC Capital:42.6|BMO Capital:-0.9|Wells Fargo:35.2|Susquehanna:10.4
2026-08-26,MTB,16.9,,1,Cantor Fitzgerald:16.9
2026-08-26,MU,40.4,,1,Mizuho:40.4
2026-08-26,NDSN,8.225,3.9978,4,Keybanc:6.5|Baird:3.8|Oppenheimer:9.5|DA Davidson:13.1
2026-08-26,NI,18.2,,1,Mizuho:18.2
2026-08-26,NKE,14.2,,1,RBC Capital:14.2
2026-08-26,NTAP,10,,1,Evercore ISI Group:10
2026-08-26,NVDA,55.7,,1,BMO Capital:55.7
2026-08-26,NWSA,27.2,,1,JP Morgan:27.2
2026-08-26,PANW,16.7,0.7071,2,BMO Capital:17.2|JP Morgan:16.2
2026-08-26,PGR,-8.1,,1,Wells Fargo:-8.1
2026-08-26,PHM,-1.5,,1,Wolfe Research:-1.5
2026-08-26,PPL,25.1,,1,Jefferies:25.1
2026-08-26,PRU,-11.65,2.3335,2,Wells Fargo:-10|Morgan Stanley:-13.3
2026-08-26,RDDT,38.3,,1,Morgan Stanley:38.3
2026-08-26,REG,15.6,,1,Wells Fargo:15.6
2026-08-26,ROST,11.4143,9.6686,7,Barclays:22.2|Citigroup:18.9|JP Morgan:11.5|Morgan Stanley:-4|Wells Fargo:1.7|Baird:10.7|Evercore ISI Group:18.9
2026-08-26,SBAC,15.3,,1,Barclays:15.3
2026-08-26,SJM,16.2,,1,UBS:16.2
2026-08-26,SNDK,28.8,,1,Mizuho:28.8
2026-08-26,SWKS,3.1,,1,BMO Capital:3.1
2026-08-26,SYF,11.8,,1,Wolfe Research:11.8
2026-08-26,TER,10,,1,Baird:10
2026-08-26,TGT,10.88,5.8985,5,Goldman Sachs:2.5|Wells Fargo:17.8|DA Davidson:14.9|Guggenheim:8.7|RBC Capital:10.5
2026-08-26,TJX,19.2222,14.4744,9,Barclays:32.2|BTIG:33.6|Citigroup:8.3|Evercore ISI Group:21.7|Morgan Stanley:25.2|UBS:39.2|Wells Fargo:-1.6|Gordon Haskett:10.2|Jefferies:4.2
2026-08-26,UAL,66.9,,1,TD Cowen:66.9
2026-08-26,UHS,5.7,,1,RBC Capital:5.7
2026-08-26,ULTA,30.2,,1,Deutsche Bank:30.2
2026-08-26,USB,8.9,,1,RBC Capital:8.9
2026-08-26,VMC,17.4,,1,DA Davidson:17.4
2026-08-26,VST,62.2,,1,Morgan Stanley:62.2
2026-08-26,WDAY,14.1667,4.8686,3,Jefferies:12.7|Oppenheimer:10.2|Canaccord Genuity:19.6
2026-08-26,WMT,21.4273,5.5617,11,Citigroup:27.3|JP Morgan:20.6|Piper Sandler:23.4|Truist Securities:9.9|UBS:25.4|Wells Fargo:15.7|Baird:15.7|Guggenheim:25.4|Morgan Stanley:20.6|RBC Capital:26.3|Telsey Advisory Group:25.4
2026-08-26,XYL,30.9,,1,Jefferies:30.9
2026-08-26,XYZ,40.6,,1,Wolfe Research:40.6
2026-08-27,A,14.84,4.189,5,B of A Securities:13|Citigroup:19.2|Goldman Sachs:9.8|JP Morgan:19.2|TD Cowen:13
2026-08-27,ABNB,10.3,6.364,2,Bernstein:14.8|Evercore ISI Group:5.8
2026-08-27,ACN,-1.55,6.2933,2,Citigroup:2.9|TD Cowen:-6
2026-08-27,ADI,79.4,,1,Baird:79.4
2026-08-27,ADSK,29.5,,1,Baird:29.5
2026-08-27,ALL,-1.6,,1,Keefe; Bruyette & Woods:-1.6
2026-08-27,AMAT,23,,1,Mizuho:23
2026-08-27,AMD,34.9,,1,Raymond James:34.9
2026-08-27,APP,6.9,,1,Piper Sandler:6.9
2026-08-27,ARE,-4.6,,1,Baird:-4.6
2026-08-27,BIIB,18.5,,1,RBC Capital:18.5
2026-08-27,BKR,23,,1,RBC Capital:23
2026-08-27,BSX,19.1,,1,TD Cowen:19.1
2026-08-27,BXP,15.4667,14.3841,3,UBS:-0.9|JP Morgan:21.2|Piper Sandler:26.1
2026-08-27,CMG,5.3,,1,Baird:5.3
2026-08-27,COF,26.2,,1,Wolfe Research:26.2
2026-08-27,CPRT,-10.7,17.2534,2,Stephens & Co.:1.5|Barclays:-22.9
2026-08-27,CRM,11.2833,16.7777,6,Barclays:20|Bernstein:-15.2|Jefferies:30.4|JP Morgan:15.2|Macquarie:-2.2|Oppenheimer:19.5
2026-08-27,CRWD,12.8,,1,BMO Capital:12.8
2026-08-27,DAL,21.85,6.0104,2,Raymond James:17.6|TD Cowen:26.1
2026-08-27,DE,12.0667,7.6301,6,Citigroup:4.3|Oppenheimer:9.9|Barclays:3.4|DA Davidson:16.4|Truist Securities:23.1|RBC Capital:15.3
2026-08-27,DLTR,5.65,3.7477,2,Guggenheim:8.3|Truist Securities:3
2026-08-27,DPZ,1.1,,1,Baird:1.1
2026-08-27,DTE,11.8,,1,Mizuho:11.8
2026-08-27,EL,13.7,14.5664,2,Jefferies:3.4|RBC Capital:24
2026-08-27,EOG,-0.7,,1,Goldman Sachs:-0.7
2026-08-27,EXC,16.6,,1,Morgan Stanley:16.6
2026-08-27,EXPE,25.45,10.5359,2,Evercore ISI Group:32.9|BTIG:18
2026-08-27,EXR,17.7,,1,BMO Capital:17.7
2026-08-27,FDS,2.5,,1,RBC Capital:2.5
2026-08-27,FIS,14.5,,1,Wells Fargo:14.5
2026-08-27,FIX,24.3,,1,DA Davidson:24.3
2026-08-27,FOXA,20.9,,1,Guggenheim:20.9
2026-08-27,FSLR,23.5,,1,BMO Capital:23.5
2026-08-27,GPN,1.95,0.7778,2,Truist Securities:1.4|TD Cowen:2.5
2026-08-27,GWW,6.6,,1,Morgan Stanley:6.6
2026-08-27,HPQ,5.5,4.3405,3,Evercore ISI Group:8.3|TD Cowen:7.7|UBS:0.5
2026-08-27,HSY,9.8,,1,RBC Capital:9.8
2026-08-27,INCY,18.6,,1,HC Wainwright & Co.:18.6
2026-08-27,INTU,4.6111,20.2288,9,Jefferies:36.4|Morgan Stanley:-2.6|Oppenheimer:17.5|Susquehanna:28.3|Barclays:15.4|Goldman Sachs:-14|JP Morgan:-6.4|Piper Sandler:-18|Wells Fargo:-15.1
2026-08-27,KIM,8.1,,1,JP Morgan:8.1
2026-08-27,LOW,16.66,8.8466,5,DA Davidson:12|Keybanc:25.7|Mizuho:14.3|RBC Capital:5.6|Guggenheim:25.7
2026-08-27,LRCX,16,,1,Mizuho:16
2026-08-27,LUV,32,,1,Raymond James:32
2026-08-27,MCD,16.8,,1,Argus Research:16.8
2026-08-27,MCHP,23.7,,1,BMO Capital:23.7
2026-08-27,MET,17,,1,Morgan Stanley:17
2026-08-27,META,45.7,,1,Evercore ISI Group:45.7
2026-08-27,MLM,16.3,,1,DA Davidson:16.3
2026-08-27,MRK,11.44,8.2148,5,Goldman Sachs:7.3|Morgan Stanley:20|RBC Capital:0.6|Wolfe Research:19.2|Argus Research:10.1
2026-08-27,MRNA,-29.2333,15.2717,3,JP Morgan:-42.2|Morgan Stanley:-33.1|Barclays:-12.4
2026-08-27,MRVL,19.26,18.6349,5,Citigroup:9|RBC Capital:42.6|BMO Capital:-0.9|Wells Fargo:35.2|Susquehanna:10.4
2026-08-27,MU,40.4,,1,Mizuho:40.4
2026-08-27,NDSN,8.225,3.9978,4,Keybanc:6.5|Baird:3.8|Oppenheimer:9.5|DA Davidson:13.1
2026-08-27,NI,18.2,,1,Mizuho:18.2
2026-08-27,NKE,11.65,3.6062,2,RBC Capital:14.2|Truist Securities:9.1
2026-08-27,NTAP,10,,1,Evercore ISI Group:10
2026-08-27,NVDA,48.175,14.0656,8,BMO Capital:55.7|Bernstein:79.5|Citigroup:41.3|JP Morgan:43.6|Mizuho:41.3|Oppenheimer:41.3|RBC Capital:48.1|UBS:34.6
2026-08-27,NWSA,27.2,,1,JP Morgan:27.2
2026-08-27,PANW,16.2,,1,JP Morgan:16.2
2026-08-27,PGR,5.8,,1,UBS:5.8
2026-08-27,PHM,-1.5,,1,Wolfe Research:-1.5
2026-08-27,PPL,25.1,,1,Jefferies:25.1
2026-08-27,PRU,-13.3,,1,Morgan Stanley:-13.3
2026-08-27,RDDT,38.3,,1,Morgan Stanley:38.3
2026-08-27,ROST,11.4143,9.6686,7,Barclays:22.2|Citigroup:18.9|JP Morgan:11.5|Morgan Stanley:-4|Wells Fargo:1.7|Baird:10.7|Evercore ISI Group:18.9
2026-08-27,SJM,12.0667,8.0773,3,Barclays:11.3|Bernstein:20.5|TD Cowen:4.4
2026-08-27,SNDK,28.8,,1,Mizuho:28.8
2026-08-27,SNPS,33.4,,1,Baird:33.4
2026-08-27,SPG,4.9,,1,Mizuho:4.9
2026-08-27,SPGI,16.8,,1,RBC Capital:16.8
2026-08-27,SWKS,3.1,,1,BMO Capital:3.1
2026-08-27,SYF,11.8,,1,Wolfe Research:11.8
2026-08-27,TER,10,,1,Baird:10
2026-08-27,TGT,11.3667,3.1896,3,DA Davidson:14.9|Guggenheim:8.7|RBC Capital:10.5
2026-08-27,TJX,7.2,4.2426,2,Gordon Haskett:10.2|Jefferies:4.2
2026-08-27,TRGP,15.4,,1,RBC Capital:15.4
2026-08-27,UAL,66.9,,1,TD Cowen:66.9
2026-08-27,UHS,5.7,,1,RBC Capital:5.7
2026-08-27,ULTA,30.2,,1,Deutsche Bank:30.2
2026-08-27,USB,8.9,,1,RBC Capital:8.9
2026-08-27,VEEV,8.9,,1,Baird:8.9
2026-08-27,VMC,17.4,,1,DA Davidson:17.4
2026-08-27,VST,62.2,,1,Morgan Stanley:62.2
2026-08-27,WDAY,14.1667,4.8686,3,Jefferies:12.7|Oppenheimer:10.2|Canaccord Genuity:19.6
2026-08-27,WMT,21.4273,5.5617,11,Citigroup:27.3|JP Morgan:20.6|Piper Sandler:23.4|Truist Securities:9.9|UBS:25.4|Wells Fargo:15.7|Baird:15.7|Guggenheim:25.4|Morgan Stanley:20.6|RBC Capital:26.3|Telsey Advisory Group:25.4
2026-08-27,XYL,30.9,,1,Jefferies:30.9
2026-08-27,XYZ,40.6,,1,Wolfe Research:40.6
2026-08-28,A,14.4,3.8987,6,B of A Securities:13|Citigroup:19.2|Goldman Sachs:9.8|JP Morgan:19.2|TD Cowen:13|Barclays:12.2
2026-08-28,ABNB,10.3,6.364,2,Bernstein:14.8|Evercore ISI Group:5.8
2026-08-28,ACN,-1.55,6.2933,2,Citigroup:2.9|TD Cowen:-6
2026-08-28,ADI,79.4,,1,Baird:79.4
2026-08-28,ADSK,26.95,3.6062,2,Baird:29.5|UBS:24.4
2026-08-28,AMAT,23,,1,Mizuho:23
2026-08-28,AMD,34.9,,1,Raymond James:34.9
2026-08-28,ARE,-4.6,,1,Baird:-4.6
2026-08-28,BBY,1.4,,1,Barclays:1.4
2026-08-28,BIIB,18.5,,1,RBC Capital:18.5
2026-08-28,BKR,23,,1,RBC Capital:23
2026-08-28,BSX,19.1,,1,TD Cowen:19.1
2026-08-28,BX,18.3,,1,Oppenheimer:18.3
2026-08-28,BXP,15.4667,14.3841,3,UBS:-0.9|JP Morgan:21.2|Piper Sandler:26.1
2026-08-28,CMG,5.3,,1,Baird:5.3
2026-08-28,COF,26.2,,1,Wolfe Research:26.2
2026-08-28,CPRT,-22.9,,1,Barclays:-22.9
2026-08-28,CRM,6.6091,16.7232,11,Barclays:20|Bernstein:-15.2|Jefferies:30.4|JP Morgan:15.2|Macquarie:-2.2|Oppenheimer:19.5|DA Davidson:-20.2|Evercore ISI Group:15.8|Morgan Stanley:-6.2|Truist Securities:19.8|UBS:-4.2
2026-08-28,CRWD,11.15,2.3335,2,BMO Capital:12.8|Benchmark:9.5
2026-08-28,DAL,21.85,6.0104,2,Raymond James:17.6|TD Cowen:26.1
2026-08-28,DE,13.62,7.3944,5,Oppenheimer:9.9|Barclays:3.4|DA Davidson:16.4|Truist Securities:23.1|RBC Capital:15.3
2026-08-28,DG,6.7333,8.8121,3,Citigroup:6.2|Morgan Stanley:15.8|Piper Sandler:-1.8
2026-08-28,DLTR,9.6667,7.4447,3,Guggenheim:8.3|Truist Securities:3|UBS:17.7
2026-08-28,DPZ,1.1,,1,Baird:1.1
2026-08-28,DRI,11.7,,1,Keybanc:11.7
2026-08-28,DTE,11.8,,1,Mizuho:11.8
2026-08-28,EMR,-14.7,,1,Morgan Stanley:-14.7
2026-08-28,EOG,-0.7,,1,Goldman Sachs:-0.7
2026-08-28,ETN,24.6,,1,Morgan Stanley:24.6
2026-08-28,EXPE,25.45,10.5359,2,Evercore ISI Group:32.9|BTIG:18
2026-08-28,EXR,17.7,,1,BMO Capital:17.7
2026-08-28,FDS,2.5,,1,RBC Capital:2.5
2026-08-28,FIS,14.5,,1,Wells Fargo:14.5
2026-08-28,FOXA,20.9,,1,Guggenheim:20.9
2026-08-28,FSLR,23.5,,1,BMO Capital:23.5
2026-08-28,GPN,1.95,0.7778,2,Truist Securities:1.4|TD Cowen:2.5
2026-08-28,GWW,6.6,,1,Morgan Stanley:6.6
2026-08-28,HPQ,-8.58,20.0892,5,Evercore ISI Group:8.3|TD Cowen:7.7|UBS:0.5|Barclays:-23|Morgan Stanley:-36.4
2026-08-28,HSY,9.8,,1,RBC Capital:9.8
2026-08-28,INTU,4.6111,20.2288,9,Jefferies:36.4|Morgan Stanley:-2.6|Oppenheimer:17.5|Susquehanna:28.3|Barclays:15.4|Goldman Sachs:-14|JP Morgan:-6.4|Piper Sandler:-18|Wells Fargo:-15.1
2026-08-28,KIM,8.1,,1,JP Morgan:8.1
2026-08-28,KKR,51.2,,1,Oppenheimer:51.2
2026-08-28,LOW,25.7,,1,Guggenheim:25.7
2026-08-28,LRCX,16,,1,Mizuho:16
2026-08-28,LUV,32,,1,Raymond James:32
2026-08-28,MCD,16.8,,1,Argus Research:16.8
2026-08-28,MCHP,23.7,,1,BMO Capital:23.7
2026-08-28,MET,17,,1,Morgan Stanley:17
2026-08-28,META,39.6,8.6267,2,Evercore ISI Group:45.7|Truist Securities:33.5
2026-08-28,MLM,16.4,0.1414,2,DA Davidson:16.3|RBC Capital:16.5
2026-08-28,MRK,14.65,6.4347,2,Wolfe Research:19.2|Argus Research:10.1
2026-08-28,MRNA,-12.4,,1,Barclays:-12.4
2026-08-28,MRVL,22.5,17.357,8,BMO Capital:-0.9|Wells Fargo:35.2|Susquehanna:10.4|B. Riley Securities:39.8|Craig-Hallum:33.2|Morgan Stanley:9.2|Oppenheimer:44.3|TD Cowen:8.8
2026-08-28,MU,40.4,,1,Mizuho:40.4
2026-08-28,NDSN,8.8,4.6893,3,Baird:3.8|Oppenheimer:9.5|DA Davidson:13.1
2026-08-28,NI,18.2,,1,Mizuho:18.2
2026-08-28,NKE,11.65,3.6062,2,RBC Capital:14.2|Truist Securities:9.1
2026-08-28,NTAP,10,,1,Evercore ISI Group:10
2026-08-28,NVDA,54.7294,25.6944,17,BMO Capital:55.7|Bernstein:79.5|Citigroup:41.3|JP Morgan:43.6|Mizuho:41.3|Oppenheimer:41.3|RBC Capital:48.1|UBS:34.6|Benchmark:47.3|Cantor Fitzgerald:53.9|DA Davidson:31.9|Evercore ISI Group:104.5|Keybanc:45.1|Morgan Stanley:31.9|Raymond James:126.5|Truist Securities:52.2|Wedbush:51.7
2026-08-28,PANW,17.75,2.192,2,JP Morgan:16.2|Jefferies:19.3
2026-08-28,PGR,5.8,,1,UBS:5.8
2026-08-28,PHM,-1.5,,1,Wolfe Research:-1.5
2026-08-28,PPL,25.1,,1,Jefferies:25.1
2026-08-28,PRU,-13.3,,1,Morgan Stanley:-13.3
2026-08-28,ROST,14.8,5.7983,2,Baird:10.7|Evercore ISI Group:18.9
2026-08-28,SJM,11.325,6.7599,4,Barclays:11.3|Bernstein:20.5|TD Cowen:4.4|Wells Fargo:9.1
2026-08-28,SNDK,28.8,,1,Mizuho:28.8
2026-08-28,SNPS,27.8333,4.8521,3,Baird:33.4|Needham:25.6|Rosenblatt:24.5
2026-08-28,SPG,4.9,,1,Mizuho:4.9
2026-08-28,SPGI,16.8,,1,RBC Capital:16.8
2026-08-28,SW,18.3,,1,Morgan Stanley:18.3
2026-08-28,SWKS,3.1,,1,BMO Capital:3.1
2026-08-28,SYF,11.8,,1,Wolfe Research:11.8
2026-08-28,TER,10,,1,Baird:10
2026-08-28,TJX,4.2,,1,Jefferies:4.2
2026-08-28,TRGP,15.4,,1,RBC Capital:15.4
2026-08-28,UAL,66.9,,1,TD Cowen:66.9
2026-08-28,ULTA,21.8,11.2854,4,Deutsche Bank:30.2|Barclays:19|Citigroup:7|UBS:31
2026-08-28,USB,8.9,,1,RBC Capital:8.9
2026-08-28,VEEV,6.7167,7.0921,6,Baird:8.9|Citigroup:-2.5|Guggenheim:10.7|Morgan Stanley:-1.8|Needham:10.7|Piper Sandler:14.3
2026-08-28,VMC,17.4,,1,DA Davidson:17.4
2026-08-28,WDAY,9.8,11.4397,11,Jefferies:12.7|Oppenheimer:10.2|Canaccord Genuity:19.6|Barclays:17.5|Citigroup:5.4|DA Davidson:-0.4|Freedom Broker:4.9|RBC Capital:25.9|Stifel:-16.1|TD Cowen:10.1|Wells Fargo:18
2026-08-28,WMT,22.68,4.4986,5,Baird:15.7|Guggenheim:25.4|Morgan Stanley:20.6|RBC Capital:26.3|Telsey Advisory Group:25.4
2026-08-28,XYL,30.9,,1,Jefferies:30.9
2026-08-28,XYZ,40.6,,1,Wolfe Research:40.6
2026-08-29,A,14.5429,3.579,7,B of A Securities:13|Citigroup:19.2|Goldman Sachs:9.8|JP Morgan:19.2|TD Cowen:13|Barclays:12.2|Wells Fargo:15.4
2026-08-29,ABNB,10.3,6.364,2,Bernstein:14.8|Evercore ISI Group:5.8
2026-08-29,ACN,-1.55,6.2933,2,Citigroup:2.9|TD Cowen:-6
2026-08-29,ADI,79.4,,1,Baird:79.4
2026-08-29,ADSK,24.4,,1,UBS:24.4
2026-08-29,AMAT,23,,1,Mizuho:23
2026-08-29,AMD,34.9,,1,Raymond James:34.9
2026-08-29,ARE,-4.6,,1,Baird:-4.6
2026-08-29,BBY,-0.2,14.367,3,Barclays:1.4|Goldman Sachs:-15.3|Guggenheim:13.3
2026-08-29,BIIB,18.5,,1,RBC Capital:18.5
2026-08-29,BKR,23,,1,RBC Capital:23
2026-08-29,BSX,19.1,,1,TD Cowen:19.1
2026-08-29,BX,18.3,,1,Oppenheimer:18.3
2026-08-29,BXP,15.4667,14.3841,3,UBS:-0.9|JP Morgan:21.2|Piper Sandler:26.1
2026-08-29,CMG,5.3,,1,Baird:5.3
2026-08-29,COF,26.2,,1,Wolfe Research:26.2
2026-08-29,CPRT,-22.9,,1,Barclays:-22.9
2026-08-29,CRM,6.6091,16.7232,11,Barclays:20|Bernstein:-15.2|Jefferies:30.4|JP Morgan:15.2|Macquarie:-2.2|Oppenheimer:19.5|DA Davidson:-20.2|Evercore ISI Group:15.8|Morgan Stanley:-6.2|Truist Securities:19.8|UBS:-4.2
2026-08-29,CRWD,11.15,2.3335,2,BMO Capital:12.8|Benchmark:9.5
2026-08-29,DAL,21.85,6.0104,2,Raymond James:17.6|TD Cowen:26.1
2026-08-29,DE,14.55,8.1937,4,Barclays:3.4|DA Davidson:16.4|Truist Securities:23.1|RBC Capital:15.3
2026-08-29,DG,8.12,6.7314,5,Citigroup:6.2|Morgan Stanley:15.8|Piper Sandler:-1.8|BMO Capital:7.8|Goldman Sachs:12.6
2026-08-29,DLTR,9.6667,7.4447,3,Guggenheim:8.3|Truist Securities:3|UBS:17.7
2026-08-29,DPZ,1.1,,1,Baird:1.1
2026-08-29,DRI,11.7,,1,Keybanc:11.7
2026-08-29,DTE,8,5.374,2,Mizuho:11.8|BMO Capital:4.2
2026-08-29,EMR,-14.7,,1,Morgan Stanley:-14.7
2026-08-29,EOG,-0.7,,1,Goldman Sachs:-0.7
2026-08-29,ETN,24.6,,1,Morgan Stanley:24.6
2026-08-29,EXPE,25.45,10.5359,2,Evercore ISI Group:32.9|BTIG:18
2026-08-29,EXR,17.7,,1,BMO Capital:17.7
2026-08-29,FDS,2.5,,1,RBC Capital:2.5
2026-08-29,FIS,14.5,,1,Wells Fargo:14.5
2026-08-29,FOXA,20.9,,1,Guggenheim:20.9
2026-08-29,FSLR,23.5,,1,BMO Capital:23.5
2026-08-29,GPN,1.95,0.7778,2,Truist Securities:1.4|TD Cowen:2.5
2026-08-29,GWW,6.6,,1,Morgan Stanley:6.6
2026-08-29,HPQ,-8.58,20.0892,5,Evercore ISI Group:8.3|TD Cowen:7.7|UBS:0.5|Barclays:-23|Morgan Stanley:-36.4
2026-08-29,INTU,4.6111,20.2288,9,Jefferies:36.4|Morgan Stanley:-2.6|Oppenheimer:17.5|Susquehanna:28.3|Barclays:15.4|Goldman Sachs:-14|JP Morgan:-6.4|Piper Sandler:-18|Wells Fargo:-15.1
2026-08-29,KIM,8.1,,1,JP Morgan:8.1
2026-08-29,KKR,51.2,,1,Oppenheimer:51.2
2026-08-29,LRCX,16,,1,Mizuho:16
2026-08-29,LUV,32,,1,Raymond James:32
2026-08-29,MCD,16.8,,1,Argus Research:16.8
2026-08-29,MET,17,,1,Morgan Stanley:17
2026-08-29,META,39.6,8.6267,2,Evercore ISI Group:45.7|Truist Securities:33.5
2026-08-29,MLM,16.4,0.1414,2,DA Davidson:16.3|RBC Capital:16.5
2026-08-29,MRK,14.65,6.4347,2,Wolfe Research:19.2|Argus Research:10.1
2026-08-29,MRNA,9.4,30.8299,2,Barclays:-12.4|Argus Research:31.2
2026-08-29,MRVL,28.05,13.3198,10,Wells Fargo:35.2|Susquehanna:10.4|B. Riley Securities:39.8|Craig-Hallum:33.2|Morgan Stanley:9.2|Oppenheimer:44.3|TD Cowen:8.8|Cantor Fitzgerald:33.2|Needham:33.2|Rosenblatt:33.2
2026-08-29,MU,40.4,,1,Mizuho:40.4
2026-08-29,NDSN,13.1,,1,DA Davidson:13.1
2026-08-29,NI,18.2,,1,Mizuho:18.2
2026-08-29,NKE,11.65,3.6062,2,RBC Capital:14.2|Truist Securities:9.1
2026-08-29,NTAP,10,,1,Evercore ISI Group:10
2026-08-29,NVDA,54.6688,26.5358,16,Bernstein:79.5|Citigroup:41.3|JP Morgan:43.6|Mizuho:41.3|Oppenheimer:41.3|RBC Capital:48.1|UBS:34.6|Benchmark:47.3|Cantor Fitzgerald:53.9|DA Davidson:31.9|Evercore ISI Group:104.5|Keybanc:45.1|Morgan Stanley:31.9|Raymond James:126.5|Truist Securities:52.2|Wedbush:51.7
2026-08-29,PANW,17.75,2.192,2,JP Morgan:16.2|Jefferies:19.3
2026-08-29,PGR,5.8,,1,UBS:5.8
2026-08-29,PHM,-1.5,,1,Wolfe Research:-1.5
2026-08-29,PPL,25.1,,1,Jefferies:25.1
2026-08-29,PRU,-13.3,,1,Morgan Stanley:-13.3
2026-08-29,SJM,11.325,6.7599,4,Barclays:11.3|Bernstein:20.5|TD Cowen:4.4|Wells Fargo:9.1
2026-08-29,SNDK,28.8,,1,Mizuho:28.8
2026-08-29,SNPS,27.8333,4.8521,3,Baird:33.4|Needham:25.6|Rosenblatt:24.5
2026-08-29,SPG,4.9,,1,Mizuho:4.9
2026-08-29,SPGI,16.8,,1,RBC Capital:16.8
2026-08-29,SW,18.3,,1,Morgan Stanley:18.3
2026-08-29,SYF,11.8,,1,Wolfe Research:11.8
2026-08-29,TJX,4.2,,1,Jefferies:4.2
2026-08-29,TRGP,15.4,,1,RBC Capital:15.4
2026-08-29,UAL,66.9,,1,TD Cowen:66.9
2026-08-29,ULTA,21.7,8.8014,6,Deutsche Bank:30.2|Barclays:19|Citigroup:7|UBS:31|B of A Securities:19.9|Goldman Sachs:23.1
2026-08-29,USB,8.9,,1,RBC Capital:8.9
2026-08-29,VEEV,6.7167,7.0921,6,Baird:8.9|Citigroup:-2.5|Guggenheim:10.7|Morgan Stanley:-1.8|Needham:10.7|Piper Sandler:14.3
2026-08-29,VMC,17.4,,1,DA Davidson:17.4
2026-08-29,WDAY,10.45,11.1535,18,Jefferies:12.7|Oppenheimer:10.2|Canaccord Genuity:19.6|Barclays:17.5|Citigroup:5.4|DA Davidson:-0.4|Freedom Broker:4.9|RBC Capital:25.9|Stifel:-16.1|TD Cowen:10.1|Wells Fargo:18|Bernstein:24.8|BMO Capital:20.6|Cantor Fitzgerald:7.5|Keybanc:12.8|Morgan Stanley:-5.6|Needham:20.6|Piper Sandler:-0.4
2026-08-29,XYL,30.9,,1,Jefferies:30.9
2026-08-29,XYZ,40.6,,1,Wolfe Research:40.6
2026-08-31,A,14.5429,3.579,7,B of A Securities:13|Citigroup:19.2|Goldman Sachs:9.8|JP Morgan:19.2|TD Cowen:13|Barclays:12.2|Wells Fargo:15.4
2026-08-31,ACN,-6,,1,TD Cowen:-6
2026-08-31,ADI,79.4,,1,Baird:79.4
2026-08-31,ADSK,15.75,12.2329,2,UBS:24.4|Citigroup:7.1
2026-08-31,AMAT,23,,1,Mizuho:23
2026-08-31,AMD,34.9,,1,Raymond James:34.9
2026-08-31,ARE,-4.6,,1,Baird:-4.6
2026-08-31,AZO,18.7,,1,TD Cowen:18.7
2026-08-31,BBY,-0.2,14.367,3,Barclays:1.4|Goldman Sachs:-15.3|Guggenheim:13.3
2026-08-31,BIIB,18.5,,1,RBC Capital:18.5
2026-08-31,BKR,23,,1,RBC Capital:23
2026-08-31,BSX,19.1,,1,TD Cowen:19.1
2026-08-31,BX,18.3,,1,Oppenheimer:18.3
2026-08-31,BXP,15.4667,14.3841,3,UBS:-0.9|JP Morgan:21.2|Piper Sandler:26.1
2026-08-31,CMG,5.3,,1,Baird:5.3
2026-08-31,COF,26.2,,1,Wolfe Research:26.2
2026-08-31,CPRT,-22.9,,1,Barclays:-22.9
2026-08-31,CRM,6.6091,16.7232,11,Barclays:20|Bernstein:-15.2|Jefferies:30.4|JP Morgan:15.2|Macquarie:-2.2|Oppenheimer:19.5|DA Davidson:-20.2|Evercore ISI Group:15.8|Morgan Stanley:-6.2|Truist Securities:19.8|UBS:-4.2
2026-08-31,CRWD,11.15,2.3335,2,BMO Capital:12.8|Benchmark:9.5
2026-08-31,DE,15.3,,1,RBC Capital:15.3
2026-08-31,DG,8.12,6.7314,5,Citigroup:6.2|Morgan Stanley:15.8|Piper Sandler:-1.8|BMO Capital:7.8|Goldman Sachs:12.6
2026-08-31,DLTR,9.6667,7.4447,3,Guggenheim:8.3|Truist Securities:3|UBS:17.7
2026-08-31,DPZ,1.1,,1,Baird:1.1
2026-08-31,DRI,11.7,,1,Keybanc:11.7
2026-08-31,DTE,8,5.374,2,Mizuho:11.8|BMO Capital:4.2
2026-08-31,DVN,38.3,,1,Citigroup:38.3
2026-08-31,EMR,-14.7,,1,Morgan Stanley:-14.7
2026-08-31,ETN,24.6,,1,Morgan Stanley:24.6
2026-08-31,EXPE,18,,1,BTIG:18
2026-08-31,EXR,17.7,,1,BMO Capital:17.7
2026-08-31,FDS,2.5,,1,RBC Capital:2.5
2026-08-31,FIS,14.5,,1,Wells Fargo:14.5
2026-08-31,FOXA,20.9,,1,Guggenheim:20.9
2026-08-31,FSLR,23.5,,1,BMO Capital:23.5
2026-08-31,GPN,1.95,0.7778,2,Truist Securities:1.4|TD Cowen:2.5
2026-08-31,HON,16.4,,1,Morgan Stanley:16.4
2026-08-31,HPQ,-12.8,20.4788,4,TD Cowen:7.7|UBS:0.5|Barclays:-23|Morgan Stanley:-36.4
2026-08-31,INTU,0.6375,17.4715,8,Morgan Stanley:-2.6|Oppenheimer:17.5|Susquehanna:28.3|Barclays:15.4|Goldman Sachs:-14|JP Morgan:-6.4|Piper Sandler:-18|Wells Fargo:-15.1
2026-08-31,KIM,8.1,,1,JP Morgan:8.1
2026-08-31,KKR,51.2,,1,Oppenheimer:51.2
2026-08-31,LRCX,16,,1,Mizuho:16
2026-08-31,MCD,16.8,,1,Argus Research:16.8
2026-08-31,META,39.6,8.6267,2,Evercore ISI Group:45.7|Truist Securities:33.5
2026-08-31,MLM,16.4,0.1414,2,DA Davidson:16.3|RBC Capital:16.5
2026-08-31,MRK,14.65,6.4347,2,Wolfe Research:19.2|Argus Research:10.1
2026-08-31,MRNA,31.2,,1,Argus Research:31.2
2026-08-31,MRVL,27.2556,13.8742,9,Susquehanna:10.4|B. Riley Securities:39.8|Craig-Hallum:33.2|Morgan Stanley:9.2|Oppenheimer:44.3|TD Cowen:8.8|Cantor Fitzgerald:33.2|Needham:33.2|Rosenblatt:33.2
2026-08-31,MU,40.4,,1,Mizuho:40.4
2026-08-31,NI,18.2,,1,Mizuho:18.2
2026-08-31,NKE,11.65,3.6062,2,RBC Capital:14.2|Truist Securities:9.1
2026-08-31,NTAP,9.2,,1,B of A Securities:9.2
2026-08-31,NVDA,54.6688,26.5358,16,Bernstein:79.5|Citigroup:41.3|JP Morgan:43.6|Mizuho:41.3|Oppenheimer:41.3|RBC Capital:48.1|UBS:34.6|Benchmark:47.3|Cantor Fitzgerald:53.9|DA Davidson:31.9|Evercore ISI Group:104.5|Keybanc:45.1|Morgan Stanley:31.9|Raymond James:126.5|Truist Securities:52.2|Wedbush:51.7
2026-08-31,PANW,17.2333,1.7898,3,JP Morgan:16.2|Jefferies:19.3|Scotiabank:16.2
2026-08-31,PGR,5.8,,1,UBS:5.8
2026-08-31,PPL,25.1,,1,Jefferies:25.1
2026-08-31,SJM,11.325,6.7599,4,Barclays:11.3|Bernstein:20.5|TD Cowen:4.4|Wells Fargo:9.1
2026-08-31,SNDK,28.8,,1,Mizuho:28.8
2026-08-31,SNPS,27.8333,4.8521,3,Baird:33.4|Needham:25.6|Rosenblatt:24.5
2026-08-31,SPG,4.9,,1,Mizuho:4.9
2026-08-31,SPGI,16.8,,1,RBC Capital:16.8
2026-08-31,SW,18.3,,1,Morgan Stanley:18.3
2026-08-31,SYF,11.8,,1,Wolfe Research:11.8
2026-08-31,TJX,4.2,,1,Jefferies:4.2
2026-08-31,TRGP,15.4,,1,RBC Capital:15.4
2026-08-31,TROW,-0.9,,1,TD Cowen:-0.9
2026-08-31,ULTA,21.7,8.8014,6,Deutsche Bank:30.2|Barclays:19|Citigroup:7|UBS:31|B of A Securities:19.9|Goldman Sachs:23.1
2026-08-31,USB,8.9,,1,RBC Capital:8.9
2026-08-31,VEEV,6.7167,7.0921,6,Baird:8.9|Citigroup:-2.5|Guggenheim:10.7|Morgan Stanley:-1.8|Needham:10.7|Piper Sandler:14.3
2026-08-31,VMC,17.4,,1,DA Davidson:17.4
2026-08-31,WDAY,8.6353,13.4305,17,Canaccord Genuity:19.6|Barclays:17.5|Citigroup:5.4|DA Davidson:-0.4|Freedom Broker:4.9|RBC Capital:25.9|Stifel:-16.1|TD Cowen:10.1|Wells Fargo:18|Bernstein:24.8|BMO Capital:20.6|Cantor Fitzgerald:7.5|Keybanc:12.8|Morgan Stanley:-5.6|Needham:20.6|Piper Sandler:-0.4|Goldman Sachs:-18.4
2026-08-31,XYZ,40.6,,1,Wolfe Research:40.6
2026-09-01,A,14.5429,3.579,7,B of A Securities:13|Citigroup:19.2|Goldman Sachs:9.8|JP Morgan:19.2|TD Cowen:13|Barclays:12.2|Wells Fargo:15.4
2026-09-01,ACN,-6,,1,TD Cowen:-6
2026-09-01,ADSK,20.5667,12.0176,3,UBS:24.4|Citigroup:7.1|Rosenblatt:30.2
2026-09-01,AKAM,14.8,,1,Piper Sandler:14.8
2026-09-01,AMAT,23,,1,Mizuho:23
2026-09-01,AMD,34.9,,1,Raymond James:34.9
2026-09-01,AON,17.375,9.3297,4,BMO Capital:12|Keefe; Bruyette & Woods:29.7|Piper Sandler:8.6|Wells Fargo:19.2
2026-09-01,AZO,18.7,,1,TD Cowen:18.7
2026-09-01,BBY,-0.2,14.367,3,Barclays:1.4|Goldman Sachs:-15.3|Guggenheim:13.3
2026-09-01,BIIB,18.5,,1,RBC Capital:18.5
2026-09-01,BKR,23,,1,RBC Capital:23
2026-09-01,BR,24.4,,1,RBC Capital:24.4
2026-09-01,BSX,19.1,,1,TD Cowen:19.1
2026-09-01,BX,18.3,,1,Oppenheimer:18.3
2026-09-01,BXP,22.7667,2.8885,3,JP Morgan:21.2|Piper Sandler:26.1|Wells Fargo:21
2026-09-01,CPAY,8.7,,1,RBC Capital:8.7
2026-09-01,CPRT,-22.9,,1,Barclays:-22.9
2026-09-01,CPT,3.7,,1,Wells Fargo:3.7
2026-09-01,CRM,7.525,16.2575,12,Barclays:20|Bernstein:-15.2|Jefferies:30.4|JP Morgan:15.2|Macquarie:-2.2|Oppenheimer:19.5|DA Davidson:-20.2|Evercore ISI Group:15.8|Morgan Stanley:-6.2|Truist Securities:19.8|UBS:-4.2|Argus Research:17.6
2026-09-01,CRWD,17.9667,11.9215,3,BMO Capital:12.8|Benchmark:9.5|Truist Securities:31.6
2026-09-01,CSCO,22.7,,1,Deutsche Bank:22.7
2026-09-01,DELL,5.3,,1,Deutsche Bank:5.3
2026-09-01,DG,8.45,6.0748,6,Citigroup:6.2|Morgan Stanley:15.8|Piper Sandler:-1.8|BMO Capital:7.8|Goldman Sachs:12.6|Guggenheim:10.1
2026-09-01,DLTR,9.6667,7.4447,3,Guggenheim:8.3|Truist Securities:3|UBS:17.7
2026-09-01,DRI,11.7,,1,Keybanc:11.7
2026-09-01,DTE,8,5.374,2,Mizuho:11.8|BMO Capital:4.2
2026-09-01,DVN,38.3,,1,Citigroup:38.3
2026-09-01,EIX,12,24.8902,2,B of A Securities:-5.6|Mizuho:29.6
2026-09-01,EMR,-14.7,,1,Morgan Stanley:-14.7
2026-09-01,ETN,24.6,,1,Morgan Stanley:24.6
2026-09-01,EXPE,18,,1,BTIG:18
2026-09-01,EXR,14.5,4.5255,2,BMO Capital:17.7|Wells Fargo:11.3
2026-09-01,FDS,2.5,,1,RBC Capital:2.5
2026-09-01,FIS,14.5,,1,Wells Fargo:14.5
2026-09-01,FISV,1.1,,1,Cantor Fitzgerald:1.1
2026-09-01,FOXA,20.9,,1,Guggenheim:20.9
2026-09-01,FSLR,23.5,,1,BMO Capital:23.5
2026-09-01,GIS,3.5,,1,B of A Securities:3.5
2026-09-01,GPN,7.0667,8.8794,3,Truist Securities:1.4|TD Cowen:2.5|RBC Capital:17.3
2026-09-01,HON,16.4,,1,Morgan Stanley:16.4
2026-09-01,HPE,37.15,26.9408,2,B of A Securities:56.2|Deutsche Bank:18.1
2026-09-01,HPQ,-12.8,20.4788,4,TD Cowen:7.7|UBS:0.5|Barclays:-23|Morgan Stanley:-36.4
2026-09-01,INTU,0.6375,17.4715,8,Morgan Stanley:-2.6|Oppenheimer:17.5|Susquehanna:28.3|Barclays:15.4|Goldman Sachs:-14|JP Morgan:-6.4|Piper Sandler:-18|Wells Fargo:-15.1
2026-09-01,KIM,8.1,,1,JP Morgan:8.1
2026-09-01,KKR,51.2,,1,Oppenheimer:51.2
2026-09-01,KR,0.4,,1,Citigroup:0.4
2026-09-01,LRCX,16,,1,Mizuho:16
2026-09-01,MAA,13.2,,1,Wells Fargo:13.2
2026-09-01,MCD,16.8,,1,Argus Research:16.8
2026-09-01,MDT,6.4,,1,BTIG:6.4
2026-09-01,META,39.6,8.6267,2,Evercore ISI Group:45.7|Truist Securities:33.5
2026-09-01,MLM,16.5,,1,RBC Capital:16.5
2026-09-01,MPC,5,,1,Wells Fargo:5
2026-09-01,MRK,10.1,,1,Argus Research:10.1
2026-09-01,MRNA,31.2,,1,Argus Research:31.2
2026-09-01,MRVL,27.2556,13.8742,9,Susquehanna:10.4|B. Riley Securities:39.8|Craig-Hallum:33.2|Morgan Stanley:9.2|Oppenheimer:44.3|TD Cowen:8.8|Cantor Fitzgerald:33.2|Needham:33.2|Rosenblatt:33.2
2026-09-01,MSFT,20.6,,1,B of A Securities:20.6
2026-09-01,MU,40.4,,1,Mizuho:40.4
2026-09-01,NI,18.2,,1,Mizuho:18.2
2026-09-01,NKE,11.65,3.6062,2,RBC Capital:14.2|Truist Securities:9.1
2026-09-01,NTAP,9.2,,1,B of A Securities:9.2
2026-09-01,NVDA,54.6688,26.5358,16,Bernstein:79.5|Citigroup:41.3|JP Morgan:43.6|Mizuho:41.3|Oppenheimer:41.3|RBC Capital:48.1|UBS:34.6|Benchmark:47.3|Cantor Fitzgerald:53.9|DA Davidson:31.9|Evercore ISI Group:104.5|Keybanc:45.1|Morgan Stanley:31.9|Raymond James:126.5|Truist Securities:52.2|Wedbush:51.7
2026-09-01,O,4.1,,1,Wells Fargo:4.1
2026-09-01,PANW,17.2333,1.7898,3,JP Morgan:16.2|Jefferies:19.3|Scotiabank:16.2
2026-09-01,PCG,69.2,15.9806,2,BMO Capital:57.9|Wells Fargo:80.5
2026-09-01,PGR,5.8,,1,UBS:5.8
2026-09-01,PLD,19,,1,Wells Fargo:19
2026-09-01,PSX,33.1,,1,Wells Fargo:33.1
2026-09-01,PYPL,34.1,,1,RBC Capital:34.1
2026-09-01,RMD,11.3,,1,Keybanc:11.3
2026-09-01,SJM,11.325,6.7599,4,Barclays:11.3|Bernstein:20.5|TD Cowen:4.4|Wells Fargo:9.1
2026-09-01,SNDK,28.8,,1,Mizuho:28.8
2026-09-01,SNPS,27.8333,4.8521,3,Baird:33.4|Needham:25.6|Rosenblatt:24.5
2026-09-01,SPG,4.9,,1,Mizuho:4.9
2026-09-01,SPGI,16.8,,1,RBC Capital:16.8
2026-09-01,SRE,9.1,11.0309,2,Jefferies:16.9|Mizuho:1.3
2026-09-01,SW,18.3,,1,Morgan Stanley:18.3
2026-09-01,TJX,4.2,,1,Jefferies:4.2
2026-09-01,TRGP,15.4,,1,RBC Capital:15.4
2026-09-01,TROW,-0.9,,1,TD Cowen:-0.9
2026-09-01,UDR,16.5,,1,Wells Fargo:16.5
2026-09-01,ULTA,20,8.6692,5,Barclays:19|Citigroup:7|UBS:31|B of A Securities:19.9|Goldman Sachs:23.1
2026-09-01,V,22.7,,1,RBC Capital:22.7
2026-09-01,VEEV,6.7167,7.0921,6,Baird:8.9|Citigroup:-2.5|Guggenheim:10.7|Morgan Stanley:-1.8|Needham:10.7|Piper Sandler:14.3
2026-09-01,VICI,1.3,,1,Wells Fargo:1.3
2026-09-01,VLO,6.9,,1,Wells Fargo:6.9
2026-09-01,VTR,11.95,1.4849,2,Barclays:10.9|Wells Fargo:13
2026-09-01,WDAY,8.6353,13.4305,17,Canaccord Genuity:19.6|Barclays:17.5|Citigroup:5.4|DA Davidson:-0.4|Freedom Broker:4.9|RBC Capital:25.9|Stifel:-16.1|TD Cowen:10.1|Wells Fargo:18|Bernstein:24.8|BMO Capital:20.6|Cantor Fitzgerald:7.5|Keybanc:12.8|Morgan Stanley:-5.6|Needham:20.6|Piper Sandler:-0.4|Goldman Sachs:-18.4
2026-09-01,WELL,8.55,4.4548,2,Morgan Stanley:5.4|Wells Fargo:11.7
2026-09-01,WMT,47.5,,1,Tigress Financial:47.5
2026-09-02,A,14.5429,3.579,7,B of A Securities:13|Citigroup:19.2|Goldman Sachs:9.8|JP Morgan:19.2|TD Cowen:13|Barclays:12.2|Wells Fargo:15.4
2026-09-02,AAPL,10.1,,1,Morgan Stanley:10.1
2026-09-02,ACN,-6,,1,TD Cowen:-6
2026-09-02,ADSK,20.5667,12.0176,3,UBS:24.4|Citigroup:7.1|Rosenblatt:30.2
2026-09-02,AKAM,14.8,,1,Piper Sandler:14.8
2026-09-02,AON,19.72,9.6321,5,BMO Capital:12|Keefe; Bruyette & Woods:29.7|Piper Sandler:8.6|Wells Fargo:19.2|Evercore ISI Group:29.1
2026-09-02,APA,23.4,,1,Raymond James:23.4
2026-09-02,APO,17.3,,1,JP Morgan:17.3
2026-09-02,AZO,18.7,,1,TD Cowen:18.7
2026-09-02,BBY,-0.2,14.367,3,Barclays:1.4|Goldman Sachs:-15.3|Guggenheim:13.3
2026-09-02,BR,24.4,,1,RBC Capital:24.4
2026-09-02,BX,18.3,,1,Oppenheimer:18.3
2026-09-02,BXP,23.55,3.6062,2,Piper Sandler:26.1|Wells Fargo:21
2026-09-02,CPAY,8.7,,1,RBC Capital:8.7
2026-09-02,CPRT,-22.9,,1,Barclays:-22.9
2026-09-02,CPT,3.7,,1,Wells Fargo:3.7
2026-09-02,CRM,11.4429,19.4894,14,Barclays:20|Bernstein:-15.2|Jefferies:30.4|JP Morgan:15.2|Macquarie:-2.2|Oppenheimer:19.5|DA Davidson:-20.2|Evercore ISI Group:15.8|Morgan Stanley:-6.2|Truist Securities:19.8|UBS:-4.2|Argus Research:17.6|Needham:54.2|TD Cowen:15.7
2026-09-02,CRWD,17.9667,11.9215,3,BMO Capital:12.8|Benchmark:9.5|Truist Securities:31.6
2026-09-02,CSCO,22.7,,1,Deutsche Bank:22.7
2026-09-02,DELL,25.9,12.6157,5,Deutsche Bank:5.3|Citigroup:29.9|Goldman Sachs:23.4|JP Morgan:37.4|Raymond James:33.5
2026-09-02,DG,8.45,6.0748,6,Citigroup:6.2|Morgan Stanley:15.8|Piper Sandler:-1.8|BMO Capital:7.8|Goldman Sachs:12.6|Guggenheim:10.1
2026-09-02,DLTR,17.7,,1,UBS:17.7
2026-09-02,DRI,11.7,,1,Keybanc:11.7
2026-09-02,DTE,8,5.374,2,Mizuho:11.8|BMO Capital:4.2
2026-09-02,DVN,38.3,,1,Citigroup:38.3
2026-09-02,EIX,10.6,14.5355,4,B of A Securities:-5.6|Mizuho:29.6|JP Morgan:7.4|UBS:11
2026-09-02,EMR,-14.7,,1,Morgan Stanley:-14.7
2026-09-02,ETN,24.6,,1,Morgan Stanley:24.6
2026-09-02,EXR,14.5,4.5255,2,BMO Capital:17.7|Wells Fargo:11.3
2026-09-02,FDS,2.5,,1,RBC Capital:2.5
2026-09-02,FISV,1.1,,1,Cantor Fitzgerald:1.1
2026-09-02,FSLR,23.5,,1,BMO Capital:23.5
2026-09-02,GIS,3.5,,1,B of A Securities:3.5
2026-09-02,GPN,9.9,10.4652,2,TD Cowen:2.5|RBC Capital:17.3
2026-09-02,HON,16.4,,1,Morgan Stanley:16.4
2026-09-02,HOOD,39.8,,1,Piper Sandler:39.8
2026-09-02,HPE,37.15,26.9408,2,B of A Securities:56.2|Deutsche Bank:18.1
2026-09-02,HPQ,-12.8,20.4788,4,TD Cowen:7.7|UBS:0.5|Barclays:-23|Morgan Stanley:-36.4
2026-09-02,HUBB,29.4,,1,Morgan Stanley:29.4
2026-09-02,INTU,-7.62,13.5629,5,Barclays:15.4|Goldman Sachs:-14|JP Morgan:-6.4|Piper Sandler:-18|Wells Fargo:-15.1
2026-09-02,JCI,28.6,,1,Morgan Stanley:28.6
2026-09-02,JKHY,18.2,,1,DA Davidson:18.2
2026-09-02,KKR,51.2,,1,Oppenheimer:51.2
2026-09-02,KR,0.4,,1,Citigroup:0.4
2026-09-02,LRCX,45.8,,1,UBS:45.8
2026-09-02,MAA,13.2,,1,Wells Fargo:13.2
2026-09-02,MCD,16.8,,1,Argus Research:16.8
2026-09-02,MDT,6.4,,1,BTIG:6.4
2026-09-02,META,33.5,,1,Truist Securities:33.5
2026-09-02,MLM,25.25,12.3744,2,RBC Capital:16.5|JP Morgan:34
2026-09-02,MPC,5,,1,Wells Fargo:5
2026-09-02,MRNA,31.2,,1,Argus Research:31.2
2026-09-02,MRVL,29.3625,13.2035,8,B. Riley Securities:39.8|Craig-Hallum:33.2|Morgan Stanley:9.2|Oppenheimer:44.3|TD Cowen:8.8|Cantor Fitzgerald:33.2|Needham:33.2|Rosenblatt:33.2
2026-09-02,MSFT,20.6,,1,B of A Securities:20.6
2026-09-02,NKE,9.1,,1,Truist Securities:9.1
2026-09-02,NTAP,9.2,,1,B of A Securities:9.2
2026-09-02,NVDA,54.6688,26.5358,16,Bernstein:79.5|Citigroup:41.3|JP Morgan:43.6|Mizuho:41.3|Oppenheimer:41.3|RBC Capital:48.1|UBS:34.6|Benchmark:47.3|Cantor Fitzgerald:53.9|DA Davidson:31.9|Evercore ISI Group:104.5|Keybanc:45.1|Morgan Stanley:31.9|Raymond James:126.5|Truist Securities:52.2|Wedbush:51.7
2026-09-02,O,4.1,,1,Wells Fargo:4.1
2026-09-02,OKE,8.44,4.9085,5,Jefferies:10.3|JP Morgan:11.4|Scotiabank:-0.2|Truist Securities:9.3|Wells Fargo:11.4
2026-09-02,ORCL,106.8,,1,Jefferies:106.8
2026-09-02,PANW,20.52,5.4792,5,Jefferies:19.3|Scotiabank:16.2|Citigroup:18.5|Oppenheimer:30.1|Piper Sandler:18.5
2026-09-02,PCG,57.0333,23.9118,3,BMO Capital:57.9|Wells Fargo:80.5|JP Morgan:32.7
2026-09-02,PGR,5.8,,1,UBS:5.8
2026-09-02,PLD,19,,1,Wells Fargo:19
2026-09-02,PSA,14,,1,Scotiabank:14
2026-09-02,PSX,33.1,,1,Wells Fargo:33.1
2026-09-02,PYPL,34.1,,1,RBC Capital:34.1
2026-09-02,RJF,-8,,1,TD Cowen:-8
2026-09-02,RMD,11.3,,1,Keybanc:11.3
2026-09-02,ROK,29.7,,1,Morgan Stanley:29.7
2026-09-02,SJM,11.325,6.7599,4,Barclays:11.3|Bernstein:20.5|TD Cowen:4.4|Wells Fargo:9.1
2026-09-02,SNPS,27.8333,4.8521,3,Baird:33.4|Needham:25.6|Rosenblatt:24.5
2026-09-02,SPG,4.9,,1,Mizuho:4.9
2026-09-02,SPGI,16.8,,1,RBC Capital:16.8
2026-09-02,SRE,13.4,10.7847,3,Jefferies:16.9|Mizuho:1.3|JP Morgan:22
2026-09-02,SW,18.3,,1,Morgan Stanley:18.3
2026-09-02,TRGP,12.7,3.8184,2,RBC Capital:15.4|Wells Fargo:10
2026-09-02,TROW,-0.9,,1,TD Cowen:-0.9
2026-09-02,UDR,16.5,,1,Wells Fargo:16.5
2026-09-02,ULTA,20,8.6692,5,Barclays:19|Citigroup:7|UBS:31|B of A Securities:19.9|Goldman Sachs:23.1
2026-09-02,V,22.7,,1,RBC Capital:22.7
2026-09-02,VEEV,6.7167,7.0921,6,Baird:8.9|Citigroup:-2.5|Guggenheim:10.7|Morgan Stanley:-1.8|Needham:10.7|Piper Sandler:14.3
2026-09-02,VICI,1.3,,1,Wells Fargo:1.3
2026-09-02,VLO,6.9,,1,Wells Fargo:6.9
2026-09-02,VTR,11.95,1.4849,2,Barclays:10.9|Wells Fargo:13
2026-09-02,WDAY,7.95,13.5605,16,Barclays:17.5|Citigroup:5.4|DA Davidson:-0.4|Freedom Broker:4.9|RBC Capital:25.9|Stifel:-16.1|TD Cowen:10.1|Wells Fargo:18|Bernstein:24.8|BMO Capital:20.6|Cantor Fitzgerald:7.5|Keybanc:12.8|Morgan Stanley:-5.6|Needham:20.6|Piper Sandler:-0.4|Goldman Sachs:-18.4
2026-09-02,WELL,8.55,4.4548,2,Morgan Stanley:5.4|Wells Fargo:11.7
2026-09-02,WMT,47.5,,1,Tigress Financial:47.5
2026-09-03,A,13.8,2.2627,2,Barclays:12.2|Wells Fargo:15.4
2026-09-03,AAPL,10.1,,1,Morgan Stanley:10.1
2026-09-03,ADSK,20.5667,12.0176,3,UBS:24.4|Citigroup:7.1|Rosenblatt:30.2
2026-09-03,AIG,17.5,,1,Argus Research:17.5
2026-09-03,AKAM,14.8,,1,Piper Sandler:14.8
2026-09-03,AON,19.72,9.6321,5,BMO Capital:12|Keefe; Bruyette & Woods:29.7|Piper Sandler:8.6|Wells Fargo:19.2|Evercore ISI Group:29.1
2026-09-03,APA,23.4,,1,Raymond James:23.4
2026-09-03,APO,17.3,,1,JP Morgan:17.3
2026-09-03,AVGO,56.05,11.6673,2,Evercore ISI Group:64.3|Truist Securities:47.8
2026-09-03,AZO,18.7,,1,TD Cowen:18.7
2026-09-03,BBY,-0.2,14.367,3,Barclays:1.4|Goldman Sachs:-15.3|Guggenheim:13.3
2026-09-03,BR,24.4,,1,RBC Capital:24.4
2026-09-03,BX,18.3,,1,Oppenheimer:18.3
2026-09-03,BXP,21,,1,Wells Fargo:21
2026-09-03,CME,4,,1,TD Cowen:4
2026-09-03,CPAY,8.7,,1,RBC Capital:8.7
2026-09-03,CPT,3.7,,1,Wells Fargo:3.7
2026-09-03,CRM,11.8889,21.0292,9,DA Davidson:-20.2|Evercore ISI Group:15.8|Morgan Stanley:-6.2|Truist Securities:19.8|UBS:-4.2|Argus Research:17.6|Needham:54.2|TD Cowen:15.7|BTIG:14.5
2026-09-03,CRWD,20.275,9.0279,4,Benchmark:9.5|Truist Securities:31.6|Raymond James:20|TD Cowen:20
2026-09-03,CSCO,22.7,,1,Deutsche Bank:22.7
2026-09-03,CVX,14.4,,1,Piper Sandler:14.4
2026-09-03,DELL,22.3875,12.4443,8,Deutsche Bank:5.3|Citigroup:29.9|Goldman Sachs:23.4|JP Morgan:37.4|Raymond James:33.5|B of A Securities:23.4|Mizuho:23.4|UBS:2.8
2026-09-03,DG,8.45,6.0748,6,Citigroup:6.2|Morgan Stanley:15.8|Piper Sandler:-1.8|BMO Capital:7.8|Goldman Sachs:12.6|Guggenheim:10.1
2026-09-03,DLTR,17.7,,1,UBS:17.7
2026-09-03,DRI,11.7,,1,Keybanc:11.7
2026-09-03,DTE,4.2,,1,BMO Capital:4.2
2026-09-03,DVN,38.3,,1,Citigroup:38.3
2026-09-03,EIX,10.6,14.5355,4,B of A Securities:-5.6|Mizuho:29.6|JP Morgan:7.4|UBS:11
2026-09-03,EMR,-14.7,,1,Morgan Stanley:-14.7
2026-09-03,ETN,24.6,,1,Morgan Stanley:24.6
2026-09-03,EXR,9.45,2.6163,2,Wells Fargo:11.3|Mizuho:7.6
2026-09-03,FISV,1.1,,1,Cantor Fitzgerald:1.1
2026-09-03,GIS,3.5,,1,B of A Securities:3.5
2026-09-03,GPN,17.3,,1,RBC Capital:17.3
2026-09-03,HON,16.4,,1,Morgan Stanley:16.4
2026-09-03,HOOD,39.8,,1,Piper Sandler:39.8
2026-09-03,HPE,41.8286,24.9354,7,B of A Securities:56.2|Deutsche Bank:18.1|Citigroup:59.7|Morgan Stanley:40.8|Raymond James:80.7|UBS:23.9|Wells Fargo:13.4
2026-09-03,HPQ,-29.7,9.4752,2,Barclays:-23|Morgan Stanley:-36.4
2026-09-03,HUBB,29.4,,1,Morgan Stanley:29.4
2026-09-03,JCI,28.6,,1,Morgan Stanley:28.6
2026-09-03,JKHY,18.2,,1,DA Davidson:18.2
2026-09-03,JNJ,15.4,,1,UBS:15.4
2026-09-03,KKR,51.2,,1,Oppenheimer:51.2
2026-09-03,KR,0.4,,1,Citigroup:0.4
2026-09-03,LII,-0.6,,1,Morgan Stanley:-0.6
2026-09-03,LRCX,45.8,,1,UBS:45.8
2026-09-03,MAA,13.2,,1,Wells Fargo:13.2
2026-09-03,MDT,14.2667,6.8127,3,BTIG:6.4|B of A Securities:18.2|UBS:18.2
2026-09-03,META,33.5,,1,Truist Securities:33.5
2026-09-03,MLM,25.25,12.3744,2,RBC Capital:16.5|JP Morgan:34
2026-09-03,MPC,12.65,10.8187,2,Wells Fargo:5|Piper Sandler:20.3
2026-09-03,MRNA,31.2,,1,Argus Research:31.2
2026-09-03,MRVL,29.3625,13.2035,8,B. Riley Securities:39.8|Craig-Hallum:33.2|Morgan Stanley:9.2|Oppenheimer:44.3|TD Cowen:8.8|Cantor Fitzgerald:33.2|Needham:33.2|Rosenblatt:33.2
2026-09-03,MSFT,20.6,,1,B of A Securities:20.6
2026-09-03,NTAP,15.1857,5.9617,7,B of A Securities:9.2|Citigroup:17.3|Morgan Stanley:17.9|Northland Capital Markets:15.5|TD Cowen:23.5|UBS:5.6|Wells Fargo:17.3
2026-09-03,NVDA,60.5556,32.6519,9,Benchmark:47.3|Cantor Fitzgerald:53.9|DA Davidson:31.9|Evercore ISI Group:104.5|Keybanc:45.1|Morgan Stanley:31.9|Raymond James:126.5|Truist Securities:52.2|Wedbush:51.7
2026-09-03,O,4.1,,1,Wells Fargo:4.1
2026-09-03,OKE,9.0333,4.6246,6,Jefferies:10.3|JP Morgan:11.4|Scotiabank:-0.2|Truist Securities:9.3|Wells Fargo:11.4|Citigroup:12
2026-09-03,ORCL,106.8,,1,Jefferies:106.8
2026-09-03,PANW,23.3571,7.4412,14,Jefferies:19.3|Scotiabank:16.2|Citigroup:18.5|Oppenheimer:30.1|Piper Sandler:18.5|Barclays:12.5|BTIG:21.2|Cantor Fitzgerald:27.5|DA Davidson:26|Morgan Stanley:18.2|Needham:27.5|RBC Capital:42.5|Rosenblatt:24.5|Susquehanna:24.5
2026-09-03,PCG,44,32.5677,4,BMO Capital:57.9|Wells Fargo:80.5|JP Morgan:32.7|Mizuho:4.9
2026-09-03,PLD,19,,1,Wells Fargo:19
2026-09-03,PSA,9.55,6.2933,2,Scotiabank:14|Mizuho:5.1
2026-09-03,PSX,18.15,21.1425,2,Wells Fargo:33.1|Piper Sandler:3.2
2026-09-03,PYPL,34.1,,1,RBC Capital:34.1
2026-09-03,RJF,-8,,1,TD Cowen:-8
2026-09-03,RMD,11.3,,1,Keybanc:11.3
2026-09-03,ROK,29.7,,1,Morgan Stanley:29.7
2026-09-03,SJM,9.1,,1,Wells Fargo:9.1
2026-09-03,SNPS,25.05,0.7778,2,Needham:25.6|Rosenblatt:24.5
2026-09-03,SRE,13.4,10.7847,3,Jefferies:16.9|Mizuho:1.3|JP Morgan:22
2026-09-03,SW,18.3,,1,Morgan Stanley:18.3
2026-09-03,TRGP,10,,1,Wells Fargo:10
2026-09-03,TROW,-0.9,,1,TD Cowen:-0.9
2026-09-03,UDR,16.5,,1,Wells Fargo:16.5
2026-09-03,ULTA,20,8.6692,5,Barclays:19|Citigroup:7|UBS:31|B of A Securities:19.9|Goldman Sachs:23.1
2026-09-03,V,22.7,,1,RBC Capital:22.7
2026-09-03,VEEV,6.28,7.8385,5,Citigroup:-2.5|Guggenheim:10.7|Morgan Stanley:-1.8|Needham:10.7|Piper Sandler:14.3
2026-09-03,VICI,3,2.4042,2,Wells Fargo:1.3|Mizuho:4.7
2026-09-03,VLO,13.05,8.6974,2,Wells Fargo:6.9|Piper Sandler:19.2
2026-09-03,VRTX,19,,1,Morgan Stanley:19
2026-09-03,VTR,11.95,1.4849,2,Barclays:10.9|Wells Fargo:13
2026-09-03,WDAY,7.95,13.5605,16,Barclays:17.5|Citigroup:5.4|DA Davidson:-0.4|Freedom Broker:4.9|RBC Capital:25.9|Stifel:-16.1|TD Cowen:10.1|Wells Fargo:18|Bernstein:24.8|BMO Capital:20.6|Cantor Fitzgerald:7.5|Keybanc:12.8|Morgan Stanley:-5.6|Needham:20.6|Piper Sandler:-0.4|Goldman Sachs:-18.4
2026-09-03,WELL,8.55,4.4548,2,Morgan Stanley:5.4|Wells Fargo:11.7
2026-09-03,WMT,47.5,,1,Tigress Financial:47.5
2026-09-03,XOM,12.5,,1,Piper Sandler:12.5
2026-09-04,A,15.4,,1,Wells Fargo:15.4
2026-09-04,AAPL,10.1,,1,Morgan Stanley:10.1
2026-09-04,ADBE,7.5,,1,Barclays:7.5
2026-09-04,ADSK,18.65,16.3342,2,Citigroup:7.1|Rosenblatt:30.2
2026-09-04,AIG,17.5,,1,Argus Research:17.5
2026-09-04,AKAM,14.8,,1,Piper Sandler:14.8
2026-09-04,AON,19.72,9.6321,5,BMO Capital:12|Keefe; Bruyette & Woods:29.7|Piper Sandler:8.6|Wells Fargo:19.2|Evercore ISI Group:29.1
2026-09-04,APA,23.4,,1,Raymond James:23.4
2026-09-04,APO,17.3,,1,JP Morgan:17.3
2026-09-04,AVGO,61.425,9.1595,4,Evercore ISI Group:64.3|Truist Securities:47.8|Cantor Fitzgerald:66.8|Rosenblatt:66.8
2026-09-04,AZO,18.7,,1,TD Cowen:18.7
2026-09-04,BBY,-1,20.2233,2,Goldman Sachs:-15.3|Guggenheim:13.3
2026-09-04,BR,24.4,,1,RBC Capital:24.4
2026-09-04,BXP,21,,1,Wells Fargo:21
2026-09-04,CIEN,48,56.71,2,B. Riley Securities:7.9|JP Morgan:88.1
2026-09-04,CME,4,,1,TD Cowen:4
2026-09-04,CPAY,8.7,,1,RBC Capital:8.7
2026-09-04,CPRT,20,,1,JP Morgan:20
2026-09-04,CPT,3.7,,1,Wells Fargo:3.7
2026-09-04,CRM,25.5,19.1759,4,Argus Research:17.6|Needham:54.2|TD Cowen:15.7|BTIG:14.5
2026-09-04,CRWD,22.3,6.3024,4,Truist Securities:31.6|Raymond James:20|TD Cowen:20|Needham:17.6
2026-09-04,CSCO,22.7,,1,Deutsche Bank:22.7
2026-09-04,CVX,12.1,3.2527,2,Piper Sandler:14.4|Wells Fargo:9.8
2026-09-04,DELL,22.3875,12.4443,8,Deutsche Bank:5.3|Citigroup:29.9|Goldman Sachs:23.4|JP Morgan:37.4|Raymond James:33.5|B of A Securities:23.4|Mizuho:23.4|UBS:2.8
2026-09-04,DG,10.1667,2.4007,3,BMO Capital:7.8|Goldman Sachs:12.6|Guggenheim:10.1
2026-09-04,DTE,4.2,,1,BMO Capital:4.2
2026-09-04,DVN,38.3,,1,Citigroup:38.3
2026-09-04,EIX,10.6,14.5355,4,B of A Securities:-5.6|Mizuho:29.6|JP Morgan:7.4|UBS:11
2026-09-04,EXR,9.45,2.6163,2,Wells Fargo:11.3|Mizuho:7.6
2026-09-04,FISV,1.1,,1,Cantor Fitzgerald:1.1
2026-09-04,FRT,10.1,,1,JP Morgan:10.1
2026-09-04,GIS,3.5,,1,B of A Securities:3.5
2026-09-04,GPN,17.3,,1,RBC Capital:17.3
2026-09-04,HON,16.4,,1,Morgan Stanley:16.4
2026-09-04,HOOD,39.8,,1,Piper Sandler:39.8
2026-09-04,HPE,42.4375,23.1498,8,B of A Securities:56.2|Deutsche Bank:18.1|Citigroup:59.7|Morgan Stanley:40.8|Raymond James:80.7|UBS:23.9|Wells Fargo:13.4|Barclays:46.7
2026-09-04,HUBB,29.4,,1,Morgan Stanley:29.4
2026-09-04,INTC,-0.5,,1,Mizuho:-0.5
2026-09-04,JCI,28.6,,1,Morgan Stanley:28.6
2026-09-04,JKHY,18.2,,1,DA Davidson:18.2
2026-09-04,JNJ,15.4,,1,UBS:15.4
2026-09-04,KR,0.4,,1,Citigroup:0.4
2026-09-04,LII,-0.6,,1,Morgan Stanley:-0.6
2026-09-04,LRCX,45.8,,1,UBS:45.8
2026-09-04,LULU,0.3182,14.077,11,B of A Securities:24.3|Baird:17.2|Barclays:-3.2|Goldman Sachs:-3.2|Morgan Stanley:-15.4|Piper Sandler:-18.5|Stifel:1.9|Telsey Advisory Group:12.1|Truist Securities:-16.5|UBS:8|Wells Fargo:-3.2
2026-09-04,MAA,13.2,,1,Wells Fargo:13.2
2026-09-04,MDT,14.2667,6.8127,3,BTIG:6.4|B of A Securities:18.2|UBS:18.2
2026-09-04,MLM,34,,1,JP Morgan:34
2026-09-04,MPC,12.65,10.8187,2,Wells Fargo:5|Piper Sandler:20.3
2026-09-04,MRK,12.7,,1,Wells Fargo:12.7
2026-09-04,MRNA,31.2,,1,Argus Research:31.2
2026-09-04,MRVL,33.2,0,3,Cantor Fitzgerald:33.2|Needham:33.2|Rosenblatt:33.2
2026-09-04,MSFT,12.25,11.8087,2,B of A Securities:20.6|Stifel:3.9
2026-09-04,NCLH,28,,1,Wells Fargo:28
2026-09-04,NTAP,12.61,8.9891,10,B of A Securities:9.2|Citigroup:17.3|Morgan Stanley:17.9|Northland Capital Markets:15.5|TD Cowen:23.5|UBS:5.6|Wells Fargo:17.3|Barclays:19.9|Susquehanna:6.8|Wedbush:-6.9
2026-09-04,O,4.1,,1,Wells Fargo:4.1
2026-09-04,OKE,9.0333,4.6246,6,Jefferies:10.3|JP Morgan:11.4|Scotiabank:-0.2|Truist Securities:9.3|Wells Fargo:11.4|Citigroup:12
2026-09-04,ORCL,106.8,,1,Jefferies:106.8
2026-09-04,PANW,24.0429,7.4808,14,Scotiabank:16.2|Citigroup:18.5|Oppenheimer:30.1|Piper Sandler:18.5|Barclays:12.5|BTIG:21.2|Cantor Fitzgerald:27.5|DA Davidson:26|Morgan Stanley:18.2|Needham:27.5|RBC Capital:42.5|Rosenblatt:24.5|Susquehanna:24.5|Argus Research:28.9
2026-09-04,PCAR,-0.2,,1,Morgan Stanley:-0.2
2026-09-04,PCG,34.6333,30.5132,6,BMO Capital:57.9|Wells Fargo:80.5|JP Morgan:32.7|Mizuho:4.9|B of A Securities:1.4|Barclays:30.4
2026-09-04,PLD,19,,1,Wells Fargo:19
2026-09-04,PSA,9.55,6.2933,2,Scotiabank:14|Mizuho:5.1
2026-09-04,PSX,18.15,21.1425,2,Wells Fargo:33.1|Piper Sandler:3.2
2026-09-04,PYPL,34.1,,1,RBC Capital:34.1
2026-09-04,RJF,-8,,1,TD Cowen:-8
2026-09-04,RMD,11.3,,1,Keybanc:11.3
2026-09-04,ROK,29.7,,1,Morgan Stanley:29.7
2026-09-04,SRE,13.4,10.7847,3,Jefferies:16.9|Mizuho:1.3|JP Morgan:22
2026-09-04,TRGP,10,,1,Wells Fargo:10
2026-09-04,TROW,-0.9,,1,TD Cowen:-0.9
2026-09-04,TSLA,-93.1,,1,GLJ Research:-93.1
2026-09-04,TSN,27.2,,1,BMO Capital:27.2
2026-09-04,UBER,31.3,,1,BTIG:31.3
2026-09-04,UDR,16.5,,1,Wells Fargo:16.5
2026-09-04,ULTA,21.5,2.2627,2,B of A Securities:19.9|Goldman Sachs:23.1
2026-09-04,V,22.7,,1,RBC Capital:22.7
2026-09-04,VICI,3,2.4042,2,Wells Fargo:1.3|Mizuho:4.7
2026-09-04,VLO,13.05,8.6974,2,Wells Fargo:6.9|Piper Sandler:19.2
2026-09-04,VRTX,19,,1,Morgan Stanley:19
2026-09-04,VTR,11.95,1.4849,2,Barclays:10.9|Wells Fargo:13
2026-09-04,WDAY,7.7375,14.9999,8,Bernstein:24.8|BMO Capital:20.6|Cantor Fitzgerald:7.5|Keybanc:12.8|Morgan Stanley:-5.6|Needham:20.6|Piper Sandler:-0.4|Goldman Sachs:-18.4
2026-09-04,WELL,8.55,4.4548,2,Morgan Stanley:5.4|Wells Fargo:11.7
2026-09-04,WMT,47.5,,1,Tigress Financial:47.5
2026-09-04,WY,23.1,,1,JP Morgan:23.1
2026-09-04,XOM,12.5,,1,Piper Sandler:12.5
2026-09-05,AAPL,10.1,,1,Morgan Stanley:10.1
2026-09-05,ADBE,7.5,,1,Barclays:7.5
2026-09-05,ADSK,18.65,16.3342,2,Citigroup:7.1|Rosenblatt:30.2
2026-09-05,AIG,17.5,,1,Argus Research:17.5
2026-09-05,AKAM,14.8,,1,Piper Sandler:14.8
2026-09-05,AON,19.72,9.6321,5,BMO Capital:12|Keefe; Bruyette & Woods:29.7|Piper Sandler:8.6|Wells Fargo:19.2|Evercore ISI Group:29.1
2026-09-05,APA,23.4,,1,Raymond James:23.4
2026-09-05,APO,17.3,,1,JP Morgan:17.3
2026-09-05,AVGO,61.425,9.1595,4,Evercore ISI Group:64.3|Truist Securities:47.8|Cantor Fitzgerald:66.8|Rosenblatt:66.8
2026-09-05,AZO,18.7,,1,TD Cowen:18.7
2026-09-05,BR,24.4,,1,RBC Capital:24.4
2026-09-05,BXP,21,,1,Wells Fargo:21
2026-09-05,CIEN,48,56.71,2,B. Riley Securities:7.9|JP Morgan:88.1
2026-09-05,CME,4,,1,TD Cowen:4
2026-09-05,CPAY,8.7,,1,RBC Capital:8.7
2026-09-05,CPRT,20,,1,JP Morgan:20
2026-09-05,CPT,3.7,,1,Wells Fargo:3.7
2026-09-05,CRM,25.5,19.1759,4,Argus Research:17.6|Needham:54.2|TD Cowen:15.7|BTIG:14.5
2026-09-05,CRWD,21.36,5.8488,5,Truist Securities:31.6|Raymond James:20|TD Cowen:20|Needham:17.6|Rosenblatt:17.6
2026-09-05,CSCO,22.7,,1,Deutsche Bank:22.7
2026-09-05,CVX,12.1,3.2527,2,Piper Sandler:14.4|Wells Fargo:9.8
2026-09-05,DELL,22.3875,12.4443,8,Deutsche Bank:5.3|Citigroup:29.9|Goldman Sachs:23.4|JP Morgan:37.4|Raymond James:33.5|B of A Securities:23.4|Mizuho:23.4|UBS:2.8
2026-09-05,DG,10.1,,1,Guggenheim:10.1
2026-09-05,DVN,38.3,,1,Citigroup:38.3
2026-09-05,EIX,10.6,14.5355,4,B of A Securities:-5.6|Mizuho:29.6|JP Morgan:7.4|UBS:11
2026-09-05,EXR,9.45,2.6163,2,Wells Fargo:11.3|Mizuho:7.6
2026-09-05,FISV,1.1,,1,Cantor Fitzgerald:1.1
2026-09-05,FRT,10.1,,1,JP Morgan:10.1
2026-09-05,GIS,3.5,,1,B of A Securities:3.5
2026-09-05,GPN,17.3,,1,RBC Capital:17.3
2026-09-05,HON,16.4,,1,Morgan Stanley:16.4
2026-09-05,HOOD,39.8,,1,Piper Sandler:39.8
2026-09-05,HPE,41.0556,22.048,9,B of A Securities:56.2|Deutsche Bank:18.1|Citigroup:59.7|Morgan Stanley:40.8|Raymond James:80.7|UBS:23.9|Wells Fargo:13.4|Barclays:46.7|Argus Research:30
2026-09-05,HUBB,29.4,,1,Morgan Stanley:29.4
2026-09-05,INTC,-0.5,,1,Mizuho:-0.5
2026-09-05,JCI,28.6,,1,Morgan Stanley:28.6
2026-09-05,JKHY,18.2,,1,DA Davidson:18.2
2026-09-05,JNJ,15.4,,1,UBS:15.4
2026-09-05,KR,0.4,,1,Citigroup:0.4
2026-09-05,LII,-0.6,,1,Morgan Stanley:-0.6
2026-09-05,LRCX,45.8,,1,UBS:45.8
2026-09-05,LULU,1.3462,13.7394,13,B of A Securities:24.3|Baird:17.2|Barclays:-3.2|Goldman Sachs:-3.2|Morgan Stanley:-15.4|Piper Sandler:-18.5|Stifel:1.9|Telsey Advisory Group:12.1|Truist Securities:-16.5|UBS:8|Wells Fargo:-3.2|Bernstein:17.2|JP Morgan:-3.2
2026-09-05,MAA,13.2,,1,Wells Fargo:13.2
2026-09-05,MDT,14.2667,6.8127,3,BTIG:6.4|B of A Securities:18.2|UBS:18.2
2026-09-05,MLM,34,,1,JP Morgan:34
2026-09-05,MPC,12.65,10.8187,2,Wells Fargo:5|Piper Sandler:20.3
2026-09-05,MRK,12.7,,1,Wells Fargo:12.7
2026-09-05,MSFT,12.25,11.8087,2,B of A Securities:20.6|Stifel:3.9
2026-09-05,NCLH,28,,1,Wells Fargo:28
2026-09-05,NTAP,12.61,8.9891,10,B of A Securities:9.2|Citigroup:17.3|Morgan Stanley:17.9|Northland Capital Markets:15.5|TD Cowen:23.5|UBS:5.6|Wells Fargo:17.3|Barclays:19.9|Susquehanna:6.8|Wedbush:-6.9
2026-09-05,NVDA,49.3,27.5772,2,Needham:29.8|Rosenblatt:68.8
2026-09-05,O,5.05,1.3435,2,Wells Fargo:4.1|Barclays:6
2026-09-05,OKE,9.0333,4.6246,6,Jefferies:10.3|JP Morgan:11.4|Scotiabank:-0.2|Truist Securities:9.3|Wells Fargo:11.4|Citigroup:12
2026-09-05,ORCL,106.8,,1,Jefferies:106.8
2026-09-05,PANW,24.0429,7.4808,14,Scotiabank:16.2|Citigroup:18.5|Oppenheimer:30.1|Piper Sandler:18.5|Barclays:12.5|BTIG:21.2|Cantor Fitzgerald:27.5|DA Davidson:26|Morgan Stanley:18.2|Needham:27.5|RBC Capital:42.5|Rosenblatt:24.5|Susquehanna:24.5|Argus Research:28.9
2026-09-05,PCAR,-0.2,,1,Morgan Stanley:-0.2
2026-09-05,PCG,34.6333,30.5132,6,BMO Capital:57.9|Wells Fargo:80.5|JP Morgan:32.7|Mizuho:4.9|B of A Securities:1.4|Barclays:30.4
2026-09-05,PLD,19,,1,Wells Fargo:19
2026-09-05,PSA,9.55,6.2933,2,Scotiabank:14|Mizuho:5.1
2026-09-05,PSX,18.15,21.1425,2,Wells Fargo:33.1|Piper Sandler:3.2
2026-09-05,PYPL,34.1,,1,RBC Capital:34.1
2026-09-05,RJF,-8,,1,TD Cowen:-8
2026-09-05,RMD,11.3,,1,Keybanc:11.3
2026-09-05,ROK,29.7,,1,Morgan Stanley:29.7
2026-09-05,SRE,13.4,10.7847,3,Jefferies:16.9|Mizuho:1.3|JP Morgan:22
2026-09-05,TRGP,10,,1,Wells Fargo:10
2026-09-05,TROW,-0.9,,1,TD Cowen:-0.9
2026-09-05,TSLA,-93.1,,1,GLJ Research:-93.1
2026-09-05,TSN,37,13.8593,2,BMO Capital:27.2|Barclays:46.8
2026-09-05,UBER,31.3,,1,BTIG:31.3
2026-09-05,UDR,16.5,,1,Wells Fargo:16.5
2026-09-05,V,22.7,,1,RBC Capital:22.7
2026-09-05,VICI,3,2.4042,2,Wells Fargo:1.3|Mizuho:4.7
2026-09-05,VLO,13.05,8.6974,2,Wells Fargo:6.9|Piper Sandler:19.2
2026-09-05,VRTX,19,,1,Morgan Stanley:19
2026-09-05,VTR,11.95,1.4849,2,Barclays:10.9|Wells Fargo:13
2026-09-05,WDAY,-18.4,,1,Goldman Sachs:-18.4
2026-09-05,WELL,8.55,4.4548,2,Morgan Stanley:5.4|Wells Fargo:11.7
2026-09-05,WMT,47.5,,1,Tigress Financial:47.5
2026-09-05,WY,23.1,,1,JP Morgan:23.1
2026-09-05,XOM,12.5,,1,Piper Sandler:12.5
2026-09-08,AAPL,10.1,,1,Morgan Stanley:10.1
2026-09-08,ADBE,7.5,,1,Barclays:7.5
2026-09-08,AIG,17.5,,1,Argus Research:17.5
2026-09-08,AON,29.1,,1,Evercore ISI Group:29.1
2026-09-08,APA,23.4,,1,Raymond James:23.4
2026-09-08,APO,17.3,,1,JP Morgan:17.3
2026-09-08,AVGO,61.425,9.1595,4,Evercore ISI Group:64.3|Truist Securities:47.8|Cantor Fitzgerald:66.8|Rosenblatt:66.8
2026-09-08,CIEN,48,56.71,2,B. Riley Securities:7.9|JP Morgan:88.1
2026-09-08,CME,4,,1,TD Cowen:4
2026-09-08,CPRT,20,,1,JP Morgan:20
2026-09-08,CPT,9.8,,1,Mizuho:9.8
2026-09-08,CRM,28.1333,22.5824,3,Needham:54.2|TD Cowen:15.7|BTIG:14.5
2026-09-08,CRWD,18.8,1.3856,4,Raymond James:20|TD Cowen:20|Needham:17.6|Rosenblatt:17.6
2026-09-08,CVX,12.1,3.2527,2,Piper Sandler:14.4|Wells Fargo:9.8
2026-09-08,DELL,24.8286,11.1828,7,Citigroup:29.9|Goldman Sachs:23.4|JP Morgan:37.4|Raymond James:33.5|B of A Securities:23.4|Mizuho:23.4|UBS:2.8
2026-09-08,DGX,4.9,,1,UBS:4.9
2026-09-08,ECHO,60.3,,1,UBS:60.3
2026-09-08,EIX,9.2,2.5456,2,JP Morgan:7.4|UBS:11
2026-09-08,ETN,21.6,,1,UBS:21.6
2026-09-08,EXR,7.6,,1,Mizuho:7.6
2026-09-08,FRT,10.1,,1,JP Morgan:10.1
2026-09-08,GD,13.7,,1,UBS:13.7
2026-09-08,HCA,8.3,,1,RBC Capital:8.3
2026-09-08,HOOD,26.65,18.5969,2,Piper Sandler:39.8|Goldman Sachs:13.5
2026-09-08,HPE,42.1714,22.8177,7,Citigroup:59.7|Morgan Stanley:40.8|Raymond James:80.7|UBS:23.9|Wells Fargo:13.4|Barclays:46.7|Argus Research:30
2026-09-08,HUBB,29.4,,1,Morgan Stanley:29.4
2026-09-08,INTC,9.25,13.7886,2,Mizuho:-0.5|Northland Capital Markets:19
2026-09-08,JBL,19.9,,1,Goldman Sachs:19.9
2026-09-08,JCI,28.6,,1,Morgan Stanley:28.6
2026-09-08,JKHY,18.2,,1,DA Davidson:18.2
2026-09-08,JNJ,15.4,,1,UBS:15.4
2026-09-08,LII,-0.6,,1,Morgan Stanley:-0.6
2026-09-08,LMT,26.7,,1,UBS:26.7
2026-09-08,LRCX,45.8,,1,UBS:45.8
2026-09-08,LULU,1.3462,13.7394,13,B of A Securities:24.3|Baird:17.2|Barclays:-3.2|Goldman Sachs:-3.2|Morgan Stanley:-15.4|Piper Sandler:-18.5|Stifel:1.9|Telsey Advisory Group:12.1|Truist Securities:-16.5|UBS:8|Wells Fargo:-3.2|Bernstein:17.2|JP Morgan:-3.2
2026-09-08,MAA,9.4,,1,Mizuho:9.4
2026-09-08,MDT,18.2,0,2,B of A Securities:18.2|UBS:18.2
2026-09-08,MLM,34,,1,JP Morgan:34
2026-09-08,MPC,16.9,4.8083,2,Piper Sandler:20.3|UBS:13.5
2026-09-08,MRK,12.7,,1,Wells Fargo:12.7
2026-09-08,MSFT,3.9,,1,Stifel:3.9
2026-09-08,MTB,25.4,,1,Morgan Stanley:25.4
2026-09-08,NCLH,28,,1,Wells Fargo:28
2026-09-08,NOC,36.4,,1,UBS:36.4
2026-09-08,NTAP,12.9889,9.4493,9,Citigroup:17.3|Morgan Stanley:17.9|Northland Capital Markets:15.5|TD Cowen:23.5|UBS:5.6|Wells Fargo:17.3|Barclays:19.9|Susquehanna:6.8|Wedbush:-6.9
2026-09-08,NVDA,49.3,27.5772,2,Needham:29.8|Rosenblatt:68.8
2026-09-08,O,6,,1,Barclays:6
2026-09-08,ODFL,19.9,,1,Citigroup:19.9
2026-09-08,OKE,9.0333,4.6246,6,Jefferies:10.3|JP Morgan:11.4|Scotiabank:-0.2|Truist Securities:9.3|Wells Fargo:11.4|Citigroup:12
2026-09-08,ORCL,106.8,,1,Jefferies:106.8
2026-09-08,PANW,24.6462,7.4233,13,Citigroup:18.5|Oppenheimer:30.1|Piper Sandler:18.5|Barclays:12.5|BTIG:21.2|Cantor Fitzgerald:27.5|DA Davidson:26|Morgan Stanley:18.2|Needham:27.5|RBC Capital:42.5|Rosenblatt:24.5|Susquehanna:24.5|Argus Research:28.9
2026-09-08,PCAR,-0.2,,1,Morgan Stanley:-0.2
2026-09-08,PCG,17.35,16.4857,4,JP Morgan:32.7|Mizuho:4.9|B of A Securities:1.4|Barclays:30.4
2026-09-08,PSA,9.55,6.2933,2,Scotiabank:14|Mizuho:5.1
2026-09-08,PSX,9.3,8.6267,2,Piper Sandler:3.2|UBS:15.4
2026-09-08,RF,19,,1,Morgan Stanley:19
2026-09-08,RJF,-8,,1,TD Cowen:-8
2026-09-08,ROK,29.7,,1,Morgan Stanley:29.7
2026-09-08,SNPS,26,,1,Morgan Stanley:26
2026-09-08,SRE,22,,1,JP Morgan:22
2026-09-08,TRGP,10,,1,Wells Fargo:10
2026-09-08,TSLA,-93.1,,1,GLJ Research:-93.1
2026-09-08,TSN,37,13.8593,2,BMO Capital:27.2|Barclays:46.8
2026-09-08,UBER,31.3,,1,BTIG:31.3
2026-09-08,UDR,7.6,,1,Mizuho:7.6
2026-09-08,VICI,4.7,,1,Mizuho:4.7
2026-09-08,VLO,18.95,0.3536,2,Piper Sandler:19.2|UBS:18.7
2026-09-08,VRTX,19,,1,Morgan Stanley:19
2026-09-08,WY,23.1,,1,JP Morgan:23.1
2026-09-08,XOM,12.5,,1,Piper Sandler:12.5
2026-09-09,ABT,27.7,,1,TD Cowen:27.7
2026-09-09,ADBE,7.5,,1,Barclays:7.5
2026-09-09,AIG,17.5,,1,Argus Research:17.5
2026-09-09,AMGN,14.5,,1,BMO Capital:14.5
2026-09-09,APD,10.5,,1,Argus Research:10.5
2026-09-09,APH,17.3,8.7681,2,Barclays:23.5|TD Cowen:11.1
2026-09-09,APP,27.1,,1,BTIG:27.1
2026-09-09,AVGO,61.425,9.1595,4,Evercore ISI Group:64.3|Truist Securities:47.8|Cantor Fitzgerald:66.8|Rosenblatt:66.8
2026-09-09,BBY,6.1,,1,DA Davidson:6.1
2026-09-09,BLK,10.5,,1,Evercore ISI Group:10.5
2026-09-09,BXP,3.3,,1,Truist Securities:3.3
2026-09-09,CDW,4.1,,1,Barclays:4.1
2026-09-09,CIEN,48,56.71,2,B. Riley Securities:7.9|JP Morgan:88.1
2026-09-09,CME,4,,1,TD Cowen:4
2026-09-09,CMS,12.1,,1,BMO Capital:12.1
2026-09-09,CPRT,20,,1,JP Morgan:20
2026-09-09,CPT,9.8,,1,Mizuho:9.8
2026-09-09,CRM,14.5,,1,BTIG:14.5
2026-09-09,CRWD,18.8,1.3856,4,Raymond James:20|TD Cowen:20|Needham:17.6|Rosenblatt:17.6
2026-09-09,CVX,12.1,3.2527,2,Piper Sandler:14.4|Wells Fargo:9.8
2026-09-09,DELL,17.575,9.9319,4,B of A Securities:23.4|Mizuho:23.4|UBS:2.8|Evercore ISI Group:20.7
2026-09-09,DG,18,,1,Barclays:18
2026-09-09,DGX,4.9,,1,UBS:4.9
2026-09-09,ECHO,60.3,,1,UBS:60.3
2026-09-09,ETN,21.6,,1,UBS:21.6
2026-09-09,EXR,7.6,,1,Mizuho:7.6
2026-09-09,FDS,-13.2,,1,Barclays:-13.2
2026-09-09,FDX,12.2,,1,Evercore ISI Group:12.2
2026-09-09,FRT,10.1,,1,JP Morgan:10.1
2026-09-09,GD,13.7,,1,UBS:13.7
2026-09-09,HCA,8.3,,1,RBC Capital:8.3
2026-09-09,HOOD,17.8667,5.6146,3,Goldman Sachs:13.5|Cantor Fitzgerald:24.2|Mizuho:15.9
2026-09-09,HPE,42.1714,22.8177,7,Citigroup:59.7|Morgan Stanley:40.8|Raymond James:80.7|UBS:23.9|Wells Fargo:13.4|Barclays:46.7|Argus Research:30
2026-09-09,IEX,19.7,,1,Oppenheimer:19.7
2026-09-09,INTC,9.25,13.7886,2,Mizuho:-0.5|Northland Capital Markets:19
2026-09-09,IRM,24.4,,1,Barclays:24.4
2026-09-09,ISRG,33.9,,1,BTIG:33.9
2026-09-09,IVZ,14.2,,1,Evercore ISI Group:14.2
2026-09-09,JBL,19.9,,1,Goldman Sachs:19.9
2026-09-09,JNJ,15.4,,1,UBS:15.4
2026-09-09,LII,-0.6,,1,Morgan Stanley:-0.6
2026-09-09,LMT,26.7,,1,UBS:26.7
2026-09-09,LOW,18.5,12.0208,2,Bernstein:27|Evercore ISI Group:10
2026-09-09,LULU,2.3071,13.6813,14,B of A Securities:24.3|Baird:17.2|Barclays:-3.2|Goldman Sachs:-3.2|Morgan Stanley:-15.4|Piper Sandler:-18.5|Stifel:1.9|Telsey Advisory Group:12.1|Truist Securities:-16.5|UBS:8|Wells Fargo:-3.2|Bernstein:17.2|JP Morgan:-3.2|Citigroup:14.8
2026-09-09,MAA,9.4,,1,Mizuho:9.4
2026-09-09,MDT,18.2,0,2,B of A Securities:18.2|UBS:18.2
2026-09-09,MLM,19.2,,1,Wells Fargo:19.2
2026-09-09,MPC,16.9,4.8083,2,Piper Sandler:20.3|UBS:13.5
2026-09-09,MRK,13.4,0.9899,2,Wells Fargo:12.7|Guggenheim:14.1
2026-09-09,MSFT,3.9,,1,Stifel:3.9
2026-09-09,MTB,25.4,,1,Morgan Stanley:25.4
2026-09-09,NCLH,28,,1,Wells Fargo:28
2026-09-09,NOC,36.4,,1,UBS:36.4
2026-09-09,NTAP,12.9889,9.4493,9,Citigroup:17.3|Morgan Stanley:17.9|Northland Capital Markets:15.5|TD Cowen:23.5|UBS:5.6|Wells Fargo:17.3|Barclays:19.9|Susquehanna:6.8|Wedbush:-6.9
2026-09-09,NUE,18.9,,1,JP Morgan:18.9
2026-09-09,NVDA,49.3,27.5772,2,Needham:29.8|Rosenblatt:68.8
2026-09-09,O,6,,1,Barclays:6
2026-09-09,ODFL,19.9,,1,Citigroup:19.9
2026-09-09,OKE,12.6,0.8485,2,Citigroup:12|Morgan Stanley:13.2
2026-09-09,PANW,25.33,7.8266,10,Barclays:12.5|BTIG:21.2|Cantor Fitzgerald:27.5|DA Davidson:26|Morgan Stanley:18.2|Needham:27.5|RBC Capital:42.5|Rosenblatt:24.5|Susquehanna:24.5|Argus Research:28.9
2026-09-09,PAYX,3,11.4551,2,Stifel:11.1|Wells Fargo:-5.1
2026-09-09,PCAR,-0.2,,1,Morgan Stanley:-0.2
2026-09-09,PCG,12.2333,15.8298,3,Mizuho:4.9|B of A Securities:1.4|Barclays:30.4
2026-09-09,PSA,5.1,,1,Mizuho:5.1
2026-09-09,PSX,9.3,8.6267,2,Piper Sandler:3.2|UBS:15.4
2026-09-09,PWR,14.2,,1,Piper Sandler:14.2
2026-09-09,RF,19,,1,Morgan Stanley:19
2026-09-09,SNPS,26,,1,Morgan Stanley:26
2026-09-09,SYK,28,,1,Wells Fargo:28
2026-09-09,TROW,3.2,,1,Evercore ISI Group:3.2
2026-09-09,TSLA,-93.1,,1,GLJ Research:-93.1
2026-09-09,TSN,37,13.8593,2,BMO Capital:27.2|Barclays:46.8
2026-09-09,UBER,27.95,4.7376,2,BTIG:31.3|Wedbush:24.6
2026-09-09,UDR,7.6,,1,Mizuho:7.6
2026-09-09,VICI,4.7,,1,Mizuho:4.7
2026-09-09,VLO,18.95,0.3536,2,Piper Sandler:19.2|UBS:18.7
2026-09-09,VMC,1,,1,Wells Fargo:1
2026-09-09,VRSK,28.2,,1,Barclays:28.2
2026-09-09,VRTX,19,,1,Morgan Stanley:19
2026-09-09,WST,22.9,,1,UBS:22.9
2026-09-09,WY,23.1,,1,JP Morgan:23.1
2026-09-09,XOM,12.5,,1,Piper Sandler:12.5
2026-09-10,ABBV,25.4,,1,HSBC:25.4
2026-09-10,ABT,27.7,,1,TD Cowen:27.7
2026-09-10,ADBE,7.5,,1,Barclays:7.5
2026-09-10,AMGN,14.5,,1,BMO Capital:14.5
2026-09-10,APD,10.5,,1,Argus Research:10.5
2026-09-10,APH,17.3,8.7681,2,Barclays:23.5|TD Cowen:11.1
2026-09-10,APP,27.1,,1,BTIG:27.1
2026-09-10,AVGO,66.8,0,2,Cantor Fitzgerald:66.8|Rosenblatt:66.8
2026-09-10,AZO,20.5,,1,Wells Fargo:20.5
2026-09-10,BBY,6.1,,1,DA Davidson:6.1
2026-09-10,BLK,10.5,,1,Evercore ISI Group:10.5
2026-09-10,BXP,3.3,,1,Truist Securities:3.3
2026-09-10,CDW,4.1,,1,Barclays:4.1
2026-09-10,CIEN,48,56.71,2,B. Riley Securities:7.9|JP Morgan:88.1
2026-09-10,CMS,12.1,,1,BMO Capital:12.1
2026-09-10,COO,18.74,9.2905,5,Citigroup:15.7|JP Morgan:11.8|Piper Sandler:13.7|Stifel:34.9|Wells Fargo:17.6
2026-09-10,CPRT,20,,1,JP Morgan:20
2026-09-10,CPT,9.8,,1,Mizuho:9.8
2026-09-10,CRWD,17.6,0,2,Needham:17.6|Rosenblatt:17.6
2026-09-10,CVX,9.8,,1,Wells Fargo:9.8
2026-09-10,DELL,20.7,,1,Evercore ISI Group:20.7
2026-09-10,DG,18,,1,Barclays:18
2026-09-10,DGX,4.9,,1,UBS:4.9
2026-09-10,ECHO,60.3,,1,UBS:60.3
2026-09-10,ETN,21.6,,1,UBS:21.6
2026-09-10,FDS,-2.9,14.5664,2,Barclays:-13.2|Morgan Stanley:7.4
2026-09-10,FDX,12.2,,1,Evercore ISI Group:12.2
2026-09-10,FRT,10.1,,1,JP Morgan:10.1
2026-09-10,GD,13.7,,1,UBS:13.7
2026-09-10,HCA,8.3,,1,RBC Capital:8.3
2026-09-10,HD,11.6,,1,Bernstein:11.6
2026-09-10,HLT,2.5,,1,Truist Securities:2.5
2026-09-10,HOOD,23.9,12.9081,4,Goldman Sachs:13.5|Cantor Fitzgerald:24.2|Mizuho:15.9|Bernstein:42
2026-09-10,HPE,38.35,11.8087,2,Barclays:46.7|Argus Research:30
2026-09-10,HST,22.1,,1,Truist Securities:22.1
2026-09-10,IEX,19.7,,1,Oppenheimer:19.7
2026-09-10,INTC,9.25,13.7886,2,Mizuho:-0.5|Northland Capital Markets:19
2026-09-10,IRM,24.4,,1,Barclays:24.4
2026-09-10,ISRG,33.9,,1,BTIG:33.9
2026-09-10,IVZ,14.2,,1,Evercore ISI Group:14.2
2026-09-10,JBL,19.9,,1,Goldman Sachs:19.9
2026-09-10,KMB,6.4,,1,Wells Fargo:6.4
2026-09-10,LMT,26.7,,1,UBS:26.7
2026-09-10,LOW,18.5,12.0208,2,Bernstein:27|Evercore ISI Group:10
2026-09-10,LULU,0.2133,15.478,15,B of A Securities:24.3|Baird:17.2|Barclays:-3.2|Goldman Sachs:-3.2|Morgan Stanley:-15.4|Piper Sandler:-18.5|Stifel:1.9|Telsey Advisory Group:12.1|Truist Securities:-16.5|UBS:8|Wells Fargo:-3.2|Bernstein:17.2|JP Morgan:-3.2|Citigroup:14.8|BMO Capital:-29.1
2026-09-10,MAA,9.4,,1,Mizuho:9.4
2026-09-10,MAR,8.9,,1,Truist Securities:8.9
2026-09-10,MLM,19.2,,1,Wells Fargo:19.2
2026-09-10,MPC,13.5,,1,UBS:13.5
2026-09-10,MRK,13.4,0.9899,2,Wells Fargo:12.7|Guggenheim:14.1
2026-09-10,MRVL,18.4,,1,Piper Sandler:18.4
2026-09-10,MSFT,3.9,,1,Stifel:3.9
2026-09-10,MTB,25.4,,1,Morgan Stanley:25.4
2026-09-10,MTD,14.4,,1,UBS:14.4
2026-09-10,NCLH,28,,1,Wells Fargo:28
2026-09-10,NKE,-18.8,,1,BMO Capital:-18.8
2026-09-10,NOC,36.4,,1,UBS:36.4
2026-09-10,NTAP,6.6,13.4011,3,Barclays:19.9|Susquehanna:6.8|Wedbush:-6.9
2026-09-10,NUE,18.9,,1,JP Morgan:18.9
2026-09-10,NVDA,44.8667,20.9574,3,Needham:29.8|Rosenblatt:68.8|Piper Sandler:36
2026-09-10,O,6,,1,Barclays:6
2026-09-10,ODFL,19.9,,1,Citigroup:19.9
2026-09-10,OKE,13.2,,1,Morgan Stanley:13.2
2026-09-10,PANW,28.9,,1,Argus Research:28.9
2026-09-10,PAYX,3,11.4551,2,Stifel:11.1|Wells Fargo:-5.1
2026-09-10,PCAR,11.05,15.9099,2,Morgan Stanley:-0.2|RBC Capital:22.3
2026-09-10,PCG,15.9,20.5061,2,B of A Securities:1.4|Barclays:30.4
2026-09-10,PSX,15.4,,1,UBS:15.4
2026-09-10,PWR,14.2,,1,Piper Sandler:14.2
2026-09-10,QCOM,23.45,18.4555,2,Piper Sandler:10.4|Rosenblatt:36.5
2026-09-10,RF,19,,1,Morgan Stanley:19
2026-09-10,SNPS,26,,1,Morgan Stanley:26
2026-09-10,SYK,29.55,2.192,2,Wells Fargo:28|Citigroup:31.1
2026-09-10,TMO,22.4,,1,UBS:22.4
2026-09-10,TRGP,5.8,,1,Scotiabank:5.8
2026-09-10,TROW,3.2,,1,Evercore ISI Group:3.2
2026-09-10,TSLA,-93.1,,1,GLJ Research:-93.1
2026-09-10,TSN,33.4,11.6155,3,BMO Capital:27.2|Barclays:46.8|Piper Sandler:26.2
2026-09-10,TTD,8.6,,1,RBC Capital:8.6
2026-09-10,UAL,29.9,,1,UBS:29.9
2026-09-10,UBER,27.95,4.7376,2,BTIG:31.3|Wedbush:24.6
2026-09-10,UDR,7.6,,1,Mizuho:7.6
2026-09-10,ULTA,7.9,,1,BMO Capital:7.9
2026-09-10,VLO,18.7,,1,UBS:18.7
2026-09-10,VMC,1,,1,Wells Fargo:1
2026-09-10,VRSK,28.2,,1,Barclays:28.2
2026-09-10,WAT,23.2,,1,UBS:23.2
2026-09-10,WMB,13.4,,1,Scotiabank:13.4
2026-09-10,WMT,24.3,,1,DA Davidson:24.3
2026-09-10,WST,22.9,,1,UBS:22.9
2026-09-10,WY,23.1,,1,JP Morgan:23.1
2026-09-11,ABBV,25.4,,1,HSBC:25.4
2026-09-11,ABT,27.7,,1,TD Cowen:27.7
2026-09-11,ADBE,8.4,7.3539,2,Evercore ISI Group:3.2|Jefferies:13.6
2026-09-11,AMGN,14.5,,1,BMO Capital:14.5
2026-09-11,APD,10.5,,1,Argus Research:10.5
2026-09-11,APH,17.3,8.7681,2,Barclays:23.5|TD Cowen:11.1
2026-09-11,APP,27.1,,1,BTIG:27.1
2026-09-11,AWK,15.3,,1,UBS:15.3
2026-09-11,AZO,20.5,,1,Wells Fargo:20.5
2026-09-11,BBY,6.1,,1,DA Davidson:6.1
2026-09-11,BLK,10.5,,1,Evercore ISI Group:10.5
2026-09-11,BXP,3.3,,1,Truist Securities:3.3
2026-09-11,CDW,4.1,,1,Barclays:4.1
2026-09-11,CLX,4.5,5.5154,2,Citigroup:8.4|Wells Fargo:0.6
2026-09-11,CMS,12.1,,1,BMO Capital:12.1
2026-09-11,COO,20.3571,10.9445,7,Citigroup:15.7|JP Morgan:11.8|Piper Sandler:13.7|Stifel:34.9|Wells Fargo:17.6|Baird:11.6|Mizuho:37.2
2026-09-11,CPT,9.8,,1,Mizuho:9.8
2026-09-11,CRL,15.9,,1,Evercore ISI Group:15.9
2026-09-11,CRWD,17.6,,1,Rosenblatt:17.6
2026-09-11,DAL,24.7,,1,UBS:24.7
2026-09-11,DELL,20.7,,1,Evercore ISI Group:20.7
2026-09-11,DG,18,,1,Barclays:18
2026-09-11,DGX,4.9,,1,UBS:4.9
2026-09-11,DHI,5.1,,1,Wells Fargo:5.1
2026-09-11,DPZ,-0.1,,1,TD Cowen:-0.1
2026-09-11,DRI,18.7,,1,Citigroup:18.7
2026-09-11,ECHO,60.3,,1,UBS:60.3
2026-09-11,ETN,21.6,,1,UBS:21.6
2026-09-11,FDS,2.3667,13.7588,3,Barclays:-13.2|Morgan Stanley:7.4|Deutsche Bank:12.9
2026-09-11,FDX,12.2,,1,Evercore ISI Group:12.2
2026-09-11,GD,13.7,,1,UBS:13.7
2026-09-11,HCA,8.3,,1,RBC Capital:8.3
2026-09-11,HD,11.6,,1,Bernstein:11.6
2026-09-11,HLT,2.5,,1,Truist Securities:2.5
2026-09-11,HOOD,23.9,12.9081,4,Goldman Sachs:13.5|Cantor Fitzgerald:24.2|Mizuho:15.9|Bernstein:42
2026-09-11,HPE,30,,1,Argus Research:30
2026-09-11,HST,22.1,,1,Truist Securities:22.1
2026-09-11,IEX,19.7,,1,Oppenheimer:19.7
2026-09-11,INTC,19,,1,Northland Capital Markets:19
2026-09-11,IRM,24.4,,1,Barclays:24.4
2026-09-11,ISRG,33.9,,1,BTIG:33.9
2026-09-11,IVZ,14.2,,1,Evercore ISI Group:14.2
2026-09-11,JBL,19.9,,1,Goldman Sachs:19.9
2026-09-11,KMB,12.65,8.8388,2,Wells Fargo:6.4|Piper Sandler:18.9
2026-09-11,LEN,0.5,,1,Wells Fargo:0.5
2026-09-11,LH,22.4,,1,UBS:22.4
2026-09-11,LMT,26.7,,1,UBS:26.7
2026-09-11,LOW,18.5,12.0208,2,Bernstein:27|Evercore ISI Group:10
2026-09-11,LULU,-0.075,21.3846,4,Bernstein:17.2|JP Morgan:-3.2|Citigroup:14.8|BMO Capital:-29.1
2026-09-11,LUV,23.5,,1,UBS:23.5
2026-09-11,MAA,9.4,,1,Mizuho:9.4
2026-09-11,MAR,8.9,,1,Truist Securities:8.9
2026-09-11,MAS,19.4,,1,Wells Fargo:19.4
2026-09-11,META,25.5,,1,JP Morgan:25.5
2026-09-11,MGM,12.7,,1,UBS:12.7
2026-09-11,MLM,19.2,,1,Wells Fargo:19.2
2026-09-11,MPC,13.5,,1,UBS:13.5
2026-09-11,MRK,14.1,,1,Guggenheim:14.1
2026-09-11,MRVL,18.4,,1,Piper Sandler:18.4
2026-09-11,MTB,25.4,,1,Morgan Stanley:25.4
2026-09-11,MTD,14.4,,1,UBS:14.4
2026-09-11,NKE,-17.3,2.1213,2,BMO Capital:-18.8|Morgan Stanley:-15.8
2026-09-11,NOC,36.4,,1,UBS:36.4
2026-09-11,NUE,18.9,,1,JP Morgan:18.9
2026-09-11,NVDA,44.8667,20.9574,3,Needham:29.8|Rosenblatt:68.8|Piper Sandler:36
2026-09-11,O,6,,1,Barclays:6
2026-09-11,ODFL,19.9,,1,Citigroup:19.9
2026-09-11,OKE,13.2,,1,Morgan Stanley:13.2
2026-09-11,ORCL,49,4.2426,2,TD Cowen:46|UBS:52
2026-09-11,OXY,14.7,,1,Evercore ISI Group:14.7
2026-09-11,PAYX,2.5667,8.1347,3,Stifel:11.1|Wells Fargo:-5.1|TD Cowen:1.7
2026-09-11,PCAR,22.3,,1,RBC Capital:22.3
2026-09-11,PFG,3.7,,1,UBS:3.7
2026-09-11,PHM,22.7,,1,Wells Fargo:22.7
2026-09-11,PKG,10.4,,1,B of A Securities:10.4
2026-09-11,PSA,18.2,,1,Barclays:18.2
2026-09-11,PSX,15.4,,1,UBS:15.4
2026-09-11,PWR,14.2,,1,Piper Sandler:14.2
2026-09-11,QCOM,23.45,18.4555,2,Piper Sandler:10.4|Rosenblatt:36.5
2026-09-11,RF,19,,1,Morgan Stanley:19
2026-09-11,SNPS,22.45,5.0205,2,Morgan Stanley:26|Wells Fargo:18.9
2026-09-11,SWK,4.8,,1,Wells Fargo:4.8
2026-09-11,SYK,29.55,2.192,2,Wells Fargo:28|Citigroup:31.1
2026-09-11,TEL,5.4,,1,Wells Fargo:5.4
2026-09-11,TMO,22.4,,1,UBS:22.4
2026-09-11,TRGP,10.6333,5.4243,3,Scotiabank:5.8|Mizuho:9.6|Stifel:16.5
2026-09-11,TROW,3.2,,1,Evercore ISI Group:3.2
2026-09-11,TSN,36.5,14.5664,2,Barclays:46.8|Piper Sandler:26.2
2026-09-11,TTD,8.6,,1,RBC Capital:8.6
2026-09-11,UAL,29.9,,1,UBS:29.9
2026-09-11,UBER,24.6,,1,Wedbush:24.6
2026-09-11,UDR,7.6,,1,Mizuho:7.6
2026-09-11,ULTA,7.9,,1,BMO Capital:7.9
2026-09-11,URI,17,,1,JP Morgan:17
2026-09-11,VLO,18.7,,1,UBS:18.7
2026-09-11,VMC,1,,1,Wells Fargo:1
2026-09-11,VRSK,28.2,,1,Barclays:28.2
2026-09-11,WAT,23.2,,1,UBS:23.2
2026-09-11,WMB,15.15,2.4749,2,Scotiabank:13.4|Stifel:16.9
2026-09-11,WMT,28.05,5.3033,2,DA Davidson:24.3|BTIG:31.8
2026-09-11,WST,22.9,,1,UBS:22.9
2026-09-11,YUM,20.5,,1,Wells Fargo:20.5
2026-09-12,ABBV,25.4,,1,HSBC:25.4
2026-09-12,ABT,27.7,,1,TD Cowen:27.7
2026-09-12,ADBE,12.32,11.009,5,Evercore ISI Group:3.2|Jefferies:13.6|BMO Capital:11.5|Piper Sandler:3.2|RBC Capital:30.1
2026-09-12,AMGN,14.5,,1,BMO Capital:14.5
2026-09-12,APD,10.5,,1,Argus Research:10.5
2026-09-12,APH,17.3,8.7681,2,Barclays:23.5|TD Cowen:11.1
2026-09-12,APP,27.1,,1,BTIG:27.1
2026-09-12,ATO,8.6,,1,JP Morgan:8.6
2026-09-12,AWK,15.3,,1,UBS:15.3
2026-09-12,AZO,20.5,,1,Wells Fargo:20.5
2026-09-12,BBY,6.1,,1,DA Davidson:6.1
2026-09-12,BLK,10.5,,1,Evercore ISI Group:10.5
2026-09-12,BXP,3.3,,1,Truist Securities:3.3
2026-09-12,CDW,4.1,,1,Barclays:4.1
2026-09-12,CLX,4.5,5.5154,2,Citigroup:8.4|Wells Fargo:0.6
2026-09-12,CMS,12.1,,1,BMO Capital:12.1
2026-09-12,COO,20.3571,10.9445,7,Citigroup:15.7|JP Morgan:11.8|Piper Sandler:13.7|Stifel:34.9|Wells Fargo:17.6|Baird:11.6|Mizuho:37.2
2026-09-12,CPRT,18.7,,1,Baird:18.7
2026-09-12,CPT,9.8,,1,Mizuho:9.8
2026-09-12,CRL,15.9,,1,Evercore ISI Group:15.9
2026-09-12,CRWD,20.2,,1,Wedbush:20.2
2026-09-12,DAL,22.15,3.6062,2,UBS:24.7|Barclays:19.6
2026-09-12,DDOG,24,,1,Wedbush:24
2026-09-12,DELL,20.7,,1,Evercore ISI Group:20.7
2026-09-12,DG,18,,1,Barclays:18
2026-09-12,DGX,4.9,,1,UBS:4.9
2026-09-12,DHI,5.1,,1,Wells Fargo:5.1
2026-09-12,DPZ,-0.1,,1,TD Cowen:-0.1
2026-09-12,DRI,18.7,,1,Citigroup:18.7
2026-09-12,ECHO,60.3,,1,UBS:60.3
2026-09-12,ETN,21.6,,1,UBS:21.6
2026-09-12,FDS,2.3667,13.7588,3,Barclays:-13.2|Morgan Stanley:7.4|Deutsche Bank:12.9
2026-09-12,FDX,12.2,,1,Evercore ISI Group:12.2
2026-09-12,GD,13.7,,1,UBS:13.7
2026-09-12,HCA,8.3,,1,RBC Capital:8.3
2026-09-12,HD,11.6,,1,Bernstein:11.6
2026-09-12,HLT,2.5,,1,Truist Securities:2.5
2026-09-12,HOOD,28.24,14.8035,5,Goldman Sachs:13.5|Cantor Fitzgerald:24.2|Mizuho:15.9|Bernstein:42|Citizens:45.6
2026-09-12,HPQ,0.2,,1,RBC Capital:0.2
2026-09-12,HST,22.1,,1,Truist Securities:22.1
2026-09-12,IEX,19.7,,1,Oppenheimer:19.7
2026-09-12,INTC,19,,1,Northland Capital Markets:19
2026-09-12,IRM,24.4,,1,Barclays:24.4
2026-09-12,ISRG,33.9,,1,BTIG:33.9
2026-09-12,IVZ,14.2,,1,Evercore ISI Group:14.2
2026-09-12,JBL,19.9,,1,Goldman Sachs:19.9
2026-09-12,KMB,12.65,8.8388,2,Wells Fargo:6.4|Piper Sandler:18.9
2026-09-12,LEN,0.5,,1,Wells Fargo:0.5
2026-09-12,LH,14.35,11.3844,2,UBS:22.4|Barclays:6.3
2026-09-12,LMT,26.7,,1,UBS:26.7
2026-09-12,LOW,18.5,12.0208,2,Bernstein:27|Evercore ISI Group:10
2026-09-12,LULU,-7.15,31.042,2,Citigroup:14.8|BMO Capital:-29.1
2026-09-12,LUV,34.85,16.0513,2,UBS:23.5|Barclays:46.2
2026-09-12,MAA,9.4,,1,Mizuho:9.4
2026-09-12,MAR,8.9,,1,Truist Securities:8.9
2026-09-12,MAS,19.4,,1,Wells Fargo:19.4
2026-09-12,MCD,11,,1,TD Cowen:11
2026-09-12,META,25.5,,1,JP Morgan:25.5
2026-09-12,MGM,12.7,,1,UBS:12.7
2026-09-12,MLM,19.2,,1,Wells Fargo:19.2
2026-09-12,MPC,13.5,,1,UBS:13.5
2026-09-12,MRK,14.1,,1,Guggenheim:14.1
2026-09-12,MRVL,18.4,,1,Piper Sandler:18.4
2026-09-12,MTB,25.4,,1,Morgan Stanley:25.4
2026-09-12,MTD,14.4,,1,UBS:14.4
2026-09-12,NKE,-17.3,2.1213,2,BMO Capital:-18.8|Morgan Stanley:-15.8
2026-09-12,NOC,36.4,,1,UBS:36.4
2026-09-12,NOW,18.8,,1,Needham:18.8
2026-09-12,NUE,18.9,,1,JP Morgan:18.9
2026-09-12,NVDA,36,,1,Piper Sandler:36
2026-09-12,ODFL,19.9,,1,Citigroup:19.9
2026-09-12,OKE,13.2,,1,Morgan Stanley:13.2
2026-09-12,ORCL,78.5,44.6885,4,TD Cowen:46|UBS:52|Cantor Fitzgerald:72.7|Guggenheim:143.3
2026-09-12,OXY,14.7,,1,Evercore ISI Group:14.7
2026-09-12,PANW,18.2,,1,Wedbush:18.2
2026-09-12,PAYX,2.5667,8.1347,3,Stifel:11.1|Wells Fargo:-5.1|TD Cowen:1.7
2026-09-12,PCAR,22.3,,1,RBC Capital:22.3
2026-09-12,PFG,3.7,,1,UBS:3.7
2026-09-12,PHM,22.7,,1,Wells Fargo:22.7
2026-09-12,PKG,10.4,,1,B of A Securities:10.4
2026-09-12,PLTR,33.8,,1,Rosenblatt:33.8
2026-09-12,PPG,24.7,,1,Keybanc:24.7
2026-09-12,PSA,18.2,,1,Barclays:18.2
2026-09-12,PSX,15.4,,1,UBS:15.4
2026-09-12,PWR,14.2,,1,Piper Sandler:14.2
2026-09-12,QCOM,23.45,18.4555,2,Piper Sandler:10.4|Rosenblatt:36.5
2026-09-12,RF,19,,1,Morgan Stanley:19
2026-09-12,SNPS,22.45,5.0205,2,Morgan Stanley:26|Wells Fargo:18.9
2026-09-12,SWK,4.8,,1,Wells Fargo:4.8
2026-09-12,SYK,29.55,2.192,2,Wells Fargo:28|Citigroup:31.1
2026-09-12,TEL,5.4,,1,Wells Fargo:5.4
2026-09-12,TMO,22.4,,1,UBS:22.4
2026-09-12,TRGP,10.6333,5.4243,3,Scotiabank:5.8|Mizuho:9.6|Stifel:16.5
2026-09-12,TROW,3.2,,1,Evercore ISI Group:3.2
2026-09-12,TSN,26.2,,1,Piper Sandler:26.2
2026-09-12,TTD,8.6,,1,RBC Capital:8.6
2026-09-12,UAL,38.65,12.3744,2,UBS:29.9|Barclays:47.4
2026-09-12,UBER,24.6,,1,Wedbush:24.6
2026-09-12,UDR,7.6,,1,Mizuho:7.6
2026-09-12,ULTA,7.9,,1,BMO Capital:7.9
2026-09-12,URI,17,,1,JP Morgan:17
2026-09-12,VLO,18.7,,1,UBS:18.7
2026-09-12,VMC,1,,1,Wells Fargo:1
2026-09-12,VRSK,28.2,,1,Barclays:28.2
2026-09-12,VRTX,7.3,,1,JP Morgan:7.3
2026-09-12,WAT,23.2,,1,UBS:23.2
2026-09-12,WMB,15.15,2.4749,2,Scotiabank:13.4|Stifel:16.9
2026-09-12,WMT,28.05,5.3033,2,DA Davidson:24.3|BTIG:31.8
2026-09-12,WST,22.9,,1,UBS:22.9
2026-09-12,YUM,20.5,,1,Wells Fargo:20.5
2026-09-14,ABBV,25.4,,1,HSBC:25.4
2026-09-14,ABT,27.7,,1,TD Cowen:27.7
2026-09-14,ACN,-8.2,,1,Morgan Stanley:-8.2
2026-09-14,ADBE,12.32,11.009,5,Evercore ISI Group:3.2|Jefferies:13.6|BMO Capital:11.5|Piper Sandler:3.2|RBC Capital:30.1
2026-09-14,AMGN,14.5,,1,BMO Capital:14.5
2026-09-14,APA,3,,1,UBS:3
2026-09-14,APD,10.5,,1,Argus Research:10.5
2026-09-14,APH,17.3,8.7681,2,Barclays:23.5|TD Cowen:11.1
2026-09-14,APP,27.1,,1,BTIG:27.1
2026-09-14,ATO,8.6,,1,JP Morgan:8.6
2026-09-14,AWK,15.3,,1,UBS:15.3
2026-09-14,AZO,20.5,,1,Wells Fargo:20.5
2026-09-14,BBY,6.1,,1,DA Davidson:6.1
2026-09-14,BLK,10.5,,1,Evercore ISI Group:10.5
2026-09-14,BXP,3.3,,1,Truist Securities:3.3
2026-09-14,CDW,4.1,,1,Barclays:4.1
2026-09-14,CHTR,2.9,,1,Morgan Stanley:2.9
2026-09-14,CLX,4.5,5.5154,2,Citigroup:8.4|Wells Fargo:0.6
2026-09-14,CMS,12.1,,1,BMO Capital:12.1
2026-09-14,COO,20.3571,10.9445,7,Citigroup:15.7|JP Morgan:11.8|Piper Sandler:13.7|Stifel:34.9|Wells Fargo:17.6|Baird:11.6|Mizuho:37.2
2026-09-14,COP,21.7,,1,UBS:21.7
2026-09-14,CPRT,18.7,,1,Baird:18.7
2026-09-14,CPT,9.8,,1,Mizuho:9.8
2026-09-14,CRL,15.9,,1,Evercore ISI Group:15.9
2026-09-14,CRWD,20.2,,1,Wedbush:20.2
2026-09-14,DAL,22.15,3.6062,2,UBS:24.7|Barclays:19.6
2026-09-14,DDOG,24,,1,Wedbush:24
2026-09-14,DELL,20.7,,1,Evercore ISI Group:20.7
2026-09-14,DG,18,,1,Barclays:18
2026-09-14,DGX,4.9,,1,UBS:4.9
2026-09-14,DHI,5.1,,1,Wells Fargo:5.1
2026-09-14,DPZ,-0.1,,1,TD Cowen:-0.1
2026-09-14,DRI,18.7,,1,Citigroup:18.7
2026-09-14,DVN,30.9,,1,Raymond James:30.9
2026-09-14,ECHO,52.35,11.243,2,UBS:60.3|Morgan Stanley:44.4
2026-09-14,EIX,-6.2,,1,Jefferies:-6.2
2026-09-14,EOG,22.8,,1,UBS:22.8
2026-09-14,ETN,21.6,,1,UBS:21.6
2026-09-14,FDS,2.3667,13.7588,3,Barclays:-13.2|Morgan Stanley:7.4|Deutsche Bank:12.9
2026-09-14,FDX,12.2,,1,Evercore ISI Group:12.2
2026-09-14,GD,13.7,,1,UBS:13.7
2026-09-14,GM,32.8,,1,UBS:32.8
2026-09-14,HAL,16.9,,1,UBS:16.9
2026-09-14,HCA,8.3,,1,RBC Capital:8.3
2026-09-14,HD,11.6,,1,Bernstein:11.6
2026-09-14,HLT,2.5,,1,Truist Securities:2.5
2026-09-14,HOOD,27.35,13.4189,6,Goldman Sachs:13.5|Cantor Fitzgerald:24.2|Mizuho:15.9|Bernstein:42|Citizens:45.6|Deutsche Bank:22.9
2026-09-14,HPQ,0.2,,1,RBC Capital:0.2
2026-09-14,HST,22.1,,1,Truist Securities:22.1
2026-09-14,IEX,19.7,,1,Oppenheimer:19.7
2026-09-14,INTC,19,,1,Northland Capital Markets:19
2026-09-14,IRM,24.4,,1,Barclays:24.4
2026-09-14,ISRG,33.9,,1,BTIG:33.9
2026-09-14,IVZ,14.2,,1,Evercore ISI Group:14.2
2026-09-14,JBL,19.9,,1,Goldman Sachs:19.9
2026-09-14,KMB,12.65,8.8388,2,Wells Fargo:6.4|Piper Sandler:18.9
2026-09-14,KR,26.5,,1,Telsey Advisory Group:26.5
2026-09-14,LEN,-5.35,8.2731,2,Wells Fargo:0.5|B of A Securities:-11.2
2026-09-14,LH,14.35,11.3844,2,UBS:22.4|Barclays:6.3
2026-09-14,LII,26.8,,1,Deutsche Bank:26.8
2026-09-14,LMT,26.7,,1,UBS:26.7
2026-09-14,LOW,18.5,12.0208,2,Bernstein:27|Evercore ISI Group:10
2026-09-14,LULU,-7.15,31.042,2,Citigroup:14.8|BMO Capital:-29.1
2026-09-14,LUV,34.85,16.0513,2,UBS:23.5|Barclays:46.2
2026-09-14,MAA,9.4,,1,Mizuho:9.4
2026-09-14,MAR,8.9,,1,Truist Securities:8.9
2026-09-14,MAS,19.4,,1,Wells Fargo:19.4
2026-09-14,MCD,16.7,5.174,3,TD Cowen:11|Deutsche Bank:18|Morgan Stanley:21.1
2026-09-14,META,25.5,,1,JP Morgan:25.5
2026-09-14,MGM,12.7,,1,UBS:12.7
2026-09-14,MKC,6.3,,1,TD Cowen:6.3
2026-09-14,MLM,19.2,,1,Wells Fargo:19.2
2026-09-14,MPC,12.5,1.3229,3,UBS:13.5|Morgan Stanley:13|Raymond James:11
2026-09-14,MRK,14.1,,1,Guggenheim:14.1
2026-09-14,MRVL,18.4,,1,Piper Sandler:18.4
2026-09-14,MTB,25.4,,1,Morgan Stanley:25.4
2026-09-14,MTD,14.4,,1,UBS:14.4
2026-09-14,NKE,-4.9667,21.4146,3,BMO Capital:-18.8|Morgan Stanley:-15.8|Baird:19.7
2026-09-14,NOC,36.4,,1,UBS:36.4
2026-09-14,NOW,18.8,,1,Needham:18.8
2026-09-14,NUE,18.9,,1,JP Morgan:18.9
2026-09-14,NVDA,36,,1,Piper Sandler:36
2026-09-14,ODFL,19.9,,1,Citigroup:19.9
2026-09-14,OKE,13.2,,1,Morgan Stanley:13.2
2026-09-14,ORCL,78.5,44.6885,4,TD Cowen:46|UBS:52|Cantor Fitzgerald:72.7|Guggenheim:143.3
2026-09-14,OXY,14.7,,1,Evercore ISI Group:14.7
2026-09-14,PANW,18.2,,1,Wedbush:18.2
2026-09-14,PAYX,2.5667,8.1347,3,Stifel:11.1|Wells Fargo:-5.1|TD Cowen:1.7
2026-09-14,PCAR,22.3,,1,RBC Capital:22.3
2026-09-14,PFG,3.7,,1,UBS:3.7
2026-09-14,PHM,22.7,,1,Wells Fargo:22.7
2026-09-14,PKG,10.4,,1,B of A Securities:10.4
2026-09-14,PLTR,33.8,,1,Rosenblatt:33.8
2026-09-14,PPG,24.7,,1,Keybanc:24.7
2026-09-14,PSA,18.2,,1,Barclays:18.2
2026-09-14,PSX,12.4333,3.9879,3,UBS:15.4|Morgan Stanley:7.9|Raymond James:14
2026-09-14,PWR,14.2,,1,Piper Sandler:14.2
2026-09-14,QCOM,23.45,18.4555,2,Piper Sandler:10.4|Rosenblatt:36.5
2026-09-14,RF,19,,1,Morgan Stanley:19
2026-09-14,SLB,34.1,,1,UBS:34.1
2026-09-14,SNPS,22.45,5.0205,2,Morgan Stanley:26|Wells Fargo:18.9
2026-09-14,SWK,4.8,,1,Wells Fargo:4.8
2026-09-14,SYK,29.55,2.192,2,Wells Fargo:28|Citigroup:31.1
2026-09-14,TEL,5.4,,1,Wells Fargo:5.4
2026-09-14,TMO,22.4,,1,UBS:22.4
2026-09-14,TRGP,10.6333,5.4243,3,Scotiabank:5.8|Mizuho:9.6|Stifel:16.5
2026-09-14,TROW,3.2,,1,Evercore ISI Group:3.2
2026-09-14,TSN,26.2,,1,Piper Sandler:26.2
2026-09-14,TTD,8.6,,1,RBC Capital:8.6
2026-09-14,UAL,38.65,12.3744,2,UBS:29.9|Barclays:47.4
2026-09-14,UBER,24.6,,1,Wedbush:24.6
2026-09-14,UDR,7.6,,1,Mizuho:7.6
2026-09-14,ULTA,11.3,4.8083,2,BMO Capital:7.9|DA Davidson:14.7
2026-09-14,URI,17,,1,JP Morgan:17
2026-09-14,VLO,12.1667,7.4849,3,UBS:18.7|Morgan Stanley:4|Raymond James:13.8
2026-09-14,VMC,1,,1,Wells Fargo:1
2026-09-14,VRSK,28.2,,1,Barclays:28.2
2026-09-14,VRTX,7.3,,1,JP Morgan:7.3
2026-09-14,WAT,23.2,,1,UBS:23.2
2026-09-14,WMB,15.15,2.4749,2,Scotiabank:13.4|Stifel:16.9
2026-09-14,WMT,28.05,5.3033,2,DA Davidson:24.3|BTIG:31.8
2026-09-14,WST,22.9,,1,UBS:22.9
2026-09-14,YUM,20.5,,1,Wells Fargo:20.5
2026-09-15,ABBV,25.4,,1,HSBC:25.4
2026-09-15,ABT,27.7,,1,TD Cowen:27.7
2026-09-15,ACN,-3.2,7.0711,2,Morgan Stanley:-8.2|Wells Fargo:1.8
2026-09-15,ADBE,12.32,11.009,5,Evercore ISI Group:3.2|Jefferies:13.6|BMO Capital:11.5|Piper Sandler:3.2|RBC Capital:30.1
2026-09-15,AMGN,14.5,,1,BMO Capital:14.5
2026-09-15,APA,3,,1,UBS:3
2026-09-15,APD,10.5,,1,Argus Research:10.5
2026-09-15,APH,17.3,8.7681,2,Barclays:23.5|TD Cowen:11.1
2026-09-15,APP,27.1,,1,BTIG:27.1
2026-09-15,APTV,26.8,,1,JP Morgan:26.8
2026-09-15,ATO,8.6,,1,JP Morgan:8.6
2026-09-15,AWK,15.3,,1,UBS:15.3
2026-09-15,AZO,18.4,2.9698,2,Wells Fargo:20.5|Citigroup:16.3
2026-09-15,BBY,6.1,,1,DA Davidson:6.1
2026-09-15,BLK,10.5,,1,Evercore ISI Group:10.5
2026-09-15,BXP,3.3,,1,Truist Securities:3.3
2026-09-15,CCL,57.8,,1,Wells Fargo:57.8
2026-09-15,CDW,4.1,,1,Barclays:4.1
2026-09-15,CHTR,-6.95,13.93,2,Morgan Stanley:2.9|Wolfe Research:-16.8
2026-09-15,CLX,4.5,5.5154,2,Citigroup:8.4|Wells Fargo:0.6
2026-09-15,CMS,11.45,0.9192,2,BMO Capital:12.1|Jefferies:10.8
2026-09-15,COIN,-3.6,,1,Compass Point:-3.6
2026-09-15,COO,20.3571,10.9445,7,Citigroup:15.7|JP Morgan:11.8|Piper Sandler:13.7|Stifel:34.9|Wells Fargo:17.6|Baird:11.6|Mizuho:37.2
2026-09-15,COP,21.7,,1,UBS:21.7
2026-09-15,CPRT,18.7,,1,Baird:18.7
2026-09-15,CRL,15.9,,1,Evercore ISI Group:15.9
2026-09-15,CRWD,20.2,,1,Wedbush:20.2
2026-09-15,DAL,22.15,3.6062,2,UBS:24.7|Barclays:19.6
2026-09-15,DDOG,24,,1,Wedbush:24
2026-09-15,DELL,20.7,,1,Evercore ISI Group:20.7
2026-09-15,DG,18,,1,Barclays:18
2026-09-15,DHI,5.1,,1,Wells Fargo:5.1
2026-09-15,DOC,3.7,,1,Jefferies:3.7
2026-09-15,DPZ,-0.1,,1,TD Cowen:-0.1
2026-09-15,DRI,18.7,,1,Citigroup:18.7
2026-09-15,DVN,30.9,,1,Raymond James:30.9
2026-09-15,ECHO,44.4,,1,Morgan Stanley:44.4
2026-09-15,EIX,-6.2,,1,Jefferies:-6.2
2026-09-15,EOG,22.8,,1,UBS:22.8
2026-09-15,FANG,22.1,,1,UBS:22.1
2026-09-15,FDS,2.3667,13.7588,3,Barclays:-13.2|Morgan Stanley:7.4|Deutsche Bank:12.9
2026-09-15,FDX,12.2,,1,Evercore ISI Group:12.2
2026-09-15,GIS,5.2,,1,Evercore ISI Group:5.2
2026-09-15,GM,32.8,,1,UBS:32.8
2026-09-15,HAL,16.9,,1,UBS:16.9
2026-09-15,HD,11.6,,1,Bernstein:11.6
2026-09-15,HLT,2.5,,1,Truist Securities:2.5
2026-09-15,HOOD,30.12,12.9436,5,Cantor Fitzgerald:24.2|Mizuho:15.9|Bernstein:42|Citizens:45.6|Deutsche Bank:22.9
2026-09-15,HPE,16.6,,1,Evercore ISI Group:16.6
2026-09-15,HPQ,0.2,,1,RBC Capital:0.2
2026-09-15,HST,22.1,,1,Truist Securities:22.1
2026-09-15,IEX,19.7,,1,Oppenheimer:19.7
2026-09-15,IRM,24.4,,1,Barclays:24.4
2026-09-15,ISRG,33.9,,1,BTIG:33.9
2026-09-15,IVZ,14.2,,1,Evercore ISI Group:14.2
2026-09-15,KHC,-3.9,,1,Evercore ISI Group:-3.9
2026-09-15,KMB,12.65,8.8388,2,Wells Fargo:6.4|Piper Sandler:18.9
2026-09-15,KR,20.85,7.9903,2,Telsey Advisory Group:26.5|Evercore ISI Group:15.2
2026-09-15,LEN,-5.35,8.2731,2,Wells Fargo:0.5|B of A Securities:-11.2
2026-09-15,LH,14.35,11.3844,2,UBS:22.4|Barclays:6.3
2026-09-15,LII,26.8,,1,Deutsche Bank:26.8
2026-09-15,LOW,18.5,12.0208,2,Bernstein:27|Evercore ISI Group:10
2026-09-15,LULU,-7.15,31.042,2,Citigroup:14.8|BMO Capital:-29.1
2026-09-15,LUV,34.85,16.0513,2,UBS:23.5|Barclays:46.2
2026-09-15,MAA,3,,1,Evercore ISI Group:3
2026-09-15,MAR,8.9,,1,Truist Securities:8.9
2026-09-15,MAS,19.4,,1,Wells Fargo:19.4
2026-09-15,MCD,15.65,4.7177,4,TD Cowen:11|Deutsche Bank:18|Morgan Stanley:21.1|RBC Capital:12.5
2026-09-15,META,12.05,19.0212,2,JP Morgan:25.5|Wedbush:-1.4
2026-09-15,MGM,12.7,,1,UBS:12.7
2026-09-15,MKC,6.3,,1,TD Cowen:6.3
2026-09-15,MLM,19.2,,1,Wells Fargo:19.2
2026-09-15,MPC,12,1.4142,2,Morgan Stanley:13|Raymond James:11
2026-09-15,MRK,14.1,,1,Guggenheim:14.1
2026-09-15,MRVL,18.4,,1,Piper Sandler:18.4
2026-09-15,MTD,14.4,,1,UBS:14.4
2026-09-15,NFLX,38.6,,1,Evercore ISI Group:38.6
2026-09-15,NKE,2.06,18.5739,5,BMO Capital:-18.8|Morgan Stanley:-15.8|Baird:19.7|Citigroup:5.8|Telsey Advisory Group:19.4
2026-09-15,NOW,18.8,,1,Needham:18.8
2026-09-15,NUE,18.9,,1,JP Morgan:18.9
2026-09-15,NVDA,36,,1,Piper Sandler:36
2026-09-15,OKE,13.2,,1,Morgan Stanley:13.2
2026-09-15,ORCL,78.5,44.6885,4,TD Cowen:46|UBS:52|Cantor Fitzgerald:72.7|Guggenheim:143.3
2026-09-15,OXY,18.2,12.4254,3,Evercore ISI Group:14.7|UBS:7.9|Wells Fargo:32
2026-09-15,PANW,18.2,,1,Wedbush:18.2
2026-09-15,PAYX,2.5667,8.1347,3,Stifel:11.1|Wells Fargo:-5.1|TD Cowen:1.7
2026-09-15,PCAR,22.3,,1,RBC Capital:22.3
2026-09-15,PFG,3.7,,1,UBS:3.7
2026-09-15,PHM,22.7,,1,Wells Fargo:22.7
2026-09-15,PKG,10.4,,1,B of A Securities:10.4
2026-09-15,PLTR,33.8,,1,Rosenblatt:33.8
2026-09-15,PPG,24.7,,1,Keybanc:24.7
2026-09-15,PPL,3.7,,1,RBC Capital:3.7
2026-09-15,PSA,18.2,,1,Barclays:18.2
2026-09-15,PSX,10.95,4.3134,2,Morgan Stanley:7.9|Raymond James:14
2026-09-15,PWR,14.2,,1,Piper Sandler:14.2
2026-09-15,QCOM,23.45,18.4555,2,Piper Sandler:10.4|Rosenblatt:36.5
2026-09-15,RMD,15.7,,1,RBC Capital:15.7
2026-09-15,SLB,34.1,,1,UBS:34.1
2026-09-15,SNPS,18.9,,1,Wells Fargo:18.9
2026-09-15,SOLV,6.1,,1,BTIG:6.1
2026-09-15,SPG,6.9,,1,Evercore ISI Group:6.9
2026-09-15,STZ,8.8,,1,Jefferies:8.8
2026-09-15,SWK,4.8,,1,Wells Fargo:4.8
2026-09-15,SYK,29.55,2.192,2,Wells Fargo:28|Citigroup:31.1
2026-09-15,TEL,5.4,,1,Wells Fargo:5.4
2026-09-15,TMO,22.4,,1,UBS:22.4
2026-09-15,TRGP,10.6333,5.4243,3,Scotiabank:5.8|Mizuho:9.6|Stifel:16.5
2026-09-15,TROW,3.2,,1,Evercore ISI Group:3.2
2026-09-15,TSN,26.2,,1,Piper Sandler:26.2
2026-09-15,TTD,8.6,,1,RBC Capital:8.6
2026-09-15,UAL,38.65,12.3744,2,UBS:29.9|Barclays:47.4
2026-09-15,UBER,24.6,,1,Wedbush:24.6
2026-09-15,UDR,22.3,,1,Evercore ISI Group:22.3
2026-09-15,ULTA,11.3,4.8083,2,BMO Capital:7.9|DA Davidson:14.7
2026-09-15,URI,17,,1,JP Morgan:17
2026-09-15,VICI,16,,1,Morgan Stanley:16
2026-09-15,VLO,8.9,6.9296,2,Morgan Stanley:4|Raymond James:13.8
2026-09-15,VMC,1,,1,Wells Fargo:1
2026-09-15,VRSK,28.2,,1,Barclays:28.2
2026-09-15,VRTX,7.3,,1,JP Morgan:7.3
2026-09-15,WAT,23.2,,1,UBS:23.2
2026-09-15,WMB,15.15,2.4749,2,Scotiabank:13.4|Stifel:16.9
2026-09-15,WMT,28.05,5.3033,2,DA Davidson:24.3|BTIG:31.8
2026-09-15,WST,22.9,,1,UBS:22.9
2026-09-15,YUM,20.5,,1,Wells Fargo:20.5
2026-09-16,ABBV,25.4,,1,HSBC:25.4
2026-09-16,ACN,-3.2,7.0711,2,Morgan Stanley:-8.2|Wells Fargo:1.8
2026-09-16,ADBE,12.32,11.009,5,Evercore ISI Group:3.2|Jefferies:13.6|BMO Capital:11.5|Piper Sandler:3.2|RBC Capital:30.1
2026-09-16,ALL,16.1,,1,Mizuho:16.1
2026-09-16,AON,20.6,,1,Mizuho:20.6
2026-09-16,APA,3,,1,UBS:3
2026-09-16,APTV,26.8,,1,JP Morgan:26.8
2026-09-16,ATO,8.6,,1,JP Morgan:8.6
2026-09-16,AWK,15.3,,1,UBS:15.3
2026-09-16,AZO,18.4,2.9698,2,Wells Fargo:20.5|Citigroup:16.3
2026-09-16,BMY,28,,1,Piper Sandler:28
2026-09-16,BRO,25,,1,Mizuho:25
2026-09-16,CCL,57.05,1.0607,2,Wells Fargo:57.8|Stifel:56.3
2026-09-16,CHTR,-6.95,13.93,2,Morgan Stanley:2.9|Wolfe Research:-16.8
2026-09-16,CLX,4.5,5.5154,2,Citigroup:8.4|Wells Fargo:0.6
2026-09-16,CMCSA,10.7,,1,UBS:10.7
2026-09-16,CMS,10.8,,1,Jefferies:10.8
2026-09-16,COIN,-3.6,,1,Compass Point:-3.6
2026-09-16,COO,22.1,11.2682,8,Citigroup:15.7|JP Morgan:11.8|Piper Sandler:13.7|Stifel:34.9|Wells Fargo:17.6|Baird:11.6|Mizuho:37.2|Needham:34.3
2026-09-16,COP,21.7,,1,UBS:21.7
2026-09-16,COST,28.7,,1,Oppenheimer:28.7
2026-09-16,CPRT,18.7,,1,Baird:18.7
2026-09-16,CRL,15.9,,1,Evercore ISI Group:15.9
2026-09-16,CRM,11.2,,1,Mizuho:11.2
2026-09-16,CRWD,20.2,,1,Wedbush:20.2
2026-09-16,DAL,22.15,3.6062,2,UBS:24.7|Barclays:19.6
2026-09-16,DDOG,24,,1,Wedbush:24
2026-09-16,DHI,5.1,,1,Wells Fargo:5.1
2026-09-16,DOC,3.7,,1,Jefferies:3.7
2026-09-16,DPZ,-0.1,,1,TD Cowen:-0.1
2026-09-16,DRI,18.7,,1,Citigroup:18.7
2026-09-16,DVN,30.9,,1,Raymond James:30.9
2026-09-16,ECHO,44.4,,1,Morgan Stanley:44.4
2026-09-16,EIX,-6.2,,1,Jefferies:-6.2
2026-09-16,EOG,22.8,,1,UBS:22.8
2026-09-16,ESS,3.7,,1,UBS:3.7
2026-09-16,FANG,22.1,,1,UBS:22.1
2026-09-16,FDS,10.15,3.8891,2,Morgan Stanley:7.4|Deutsche Bank:12.9
2026-09-16,GIS,5.2,,1,Evercore ISI Group:5.2
2026-09-16,GLW,22.3,,1,Mizuho:22.3
2026-09-16,GM,32.8,,1,UBS:32.8
2026-09-16,HAL,16.9,,1,UBS:16.9
2026-09-16,HD,11.6,,1,Bernstein:11.6
2026-09-16,HLT,2.5,,1,Truist Securities:2.5
2026-09-16,HOOD,36.8333,12.2001,3,Bernstein:42|Citizens:45.6|Deutsche Bank:22.9
2026-09-16,HPE,16.6,,1,Evercore ISI Group:16.6
2026-09-16,HPQ,0.2,,1,RBC Capital:0.2
2026-09-16,HST,22.1,,1,Truist Securities:22.1
2026-09-16,INTC,43,,1,Tigress Financial:43
2026-09-16,JKHY,28.2,,1,Raymond James:28.2
2026-09-16,KEY,19.8,,1,Stephens & Co.:19.8
2026-09-16,KHC,-3.9,,1,Evercore ISI Group:-3.9
2026-09-16,KMB,12.65,8.8388,2,Wells Fargo:6.4|Piper Sandler:18.9
2026-09-16,KR,16.1,9.9805,3,Telsey Advisory Group:26.5|Evercore ISI Group:15.2|Guggenheim:6.6
2026-09-16,LEN,-5.35,8.2731,2,Wells Fargo:0.5|B of A Securities:-11.2
2026-09-16,LH,14.35,11.3844,2,UBS:22.4|Barclays:6.3
2026-09-16,LII,26.8,,1,Deutsche Bank:26.8
2026-09-16,LULU,-29.1,,1,BMO Capital:-29.1
2026-09-16,LUV,34.85,16.0513,2,UBS:23.5|Barclays:46.2
2026-09-16,MAA,3.25,0.3536,2,Evercore ISI Group:3|UBS:3.5
2026-09-16,MAR,8.9,,1,Truist Securities:8.9
2026-09-16,MAS,19.4,,1,Wells Fargo:19.4
2026-09-16,MCD,15.65,4.7177,4,TD Cowen:11|Deutsche Bank:18|Morgan Stanley:21.1|RBC Capital:12.5
2026-09-16,META,13.9333,13.8399,3,JP Morgan:25.5|Wedbush:-1.4|Citigroup:17.7
2026-09-16,MGM,12.7,,1,UBS:12.7
2026-09-16,MKC,6.3,,1,TD Cowen:6.3
2026-09-16,MPC,12,1.4142,2,Morgan Stanley:13|Raymond James:11
2026-09-16,MRVL,18.4,,1,Piper Sandler:18.4
2026-09-16,MTD,14.4,,1,UBS:14.4
2026-09-16,NEM,23.2,,1,RBC Capital:23.2
2026-09-16,NFLX,38.6,,1,Evercore ISI Group:38.6
2026-09-16,NKE,2.06,18.5739,5,BMO Capital:-18.8|Morgan Stanley:-15.8|Baird:19.7|Citigroup:5.8|Telsey Advisory Group:19.4
2026-09-16,NOW,18.8,,1,Needham:18.8
2026-09-16,NVDA,36,,1,Piper Sandler:36
2026-09-16,ORCL,78.5,44.6885,4,TD Cowen:46|UBS:52|Cantor Fitzgerald:72.7|Guggenheim:143.3
2026-09-16,OXY,18.2,12.4254,3,Evercore ISI Group:14.7|UBS:7.9|Wells Fargo:32
2026-09-16,PANW,18.2,,1,Wedbush:18.2
2026-09-16,PAYX,1.7,,1,TD Cowen:1.7
2026-09-16,PCAR,22.3,,1,RBC Capital:22.3
2026-09-16,PFG,3.7,,1,UBS:3.7
2026-09-16,PHM,22.7,,1,Wells Fargo:22.7
2026-09-16,PKG,10.4,,1,B of A Securities:10.4
2026-09-16,PLTR,40.25,9.1217,2,Rosenblatt:33.8|UBS:46.7
2026-09-16,PPG,24.7,,1,Keybanc:24.7
2026-09-16,PPL,3.7,,1,RBC Capital:3.7
2026-09-16,PSA,18.2,,1,Barclays:18.2
2026-09-16,PSX,10.95,4.3134,2,Morgan Stanley:7.9|Raymond James:14
2026-09-16,QCOM,23.45,18.4555,2,Piper Sandler:10.4|Rosenblatt:36.5
2026-09-16,RMD,15.7,,1,RBC Capital:15.7
2026-09-16,SLB,34.1,,1,UBS:34.1
2026-09-16,SNPS,18.9,,1,Wells Fargo:18.9
2026-09-16,SOLV,6.1,,1,BTIG:6.1
2026-09-16,SPG,6.9,,1,Evercore ISI Group:6.9
2026-09-16,STZ,8.8,,1,Jefferies:8.8
2026-09-16,SWK,4.8,,1,Wells Fargo:4.8
2026-09-16,SYK,31.1,,1,Citigroup:31.1
2026-09-16,TDY,26.1,,1,Needham:26.1
2026-09-16,TEL,5.4,,1,Wells Fargo:5.4
2026-09-16,TMO,22.4,,1,UBS:22.4
2026-09-16,TRGP,14.35,8.6527,4,Scotiabank:5.8|Mizuho:9.6|Stifel:16.5|Morgan Stanley:25.5
2026-09-16,TSN,26.2,,1,Piper Sandler:26.2
2026-09-16,TTD,8.6,,1,RBC Capital:8.6
2026-09-16,UAL,38.65,12.3744,2,UBS:29.9|Barclays:47.4
2026-09-16,UDR,19.85,3.4648,2,Evercore ISI Group:22.3|UBS:17.4
2026-09-16,ULTA,6.5333,8.9288,3,BMO Capital:7.9|DA Davidson:14.7|Wells Fargo:-3
2026-09-16,URI,17,,1,JP Morgan:17
2026-09-16,VICI,16,,1,Morgan Stanley:16
2026-09-16,VLO,8.9,6.9296,2,Morgan Stanley:4|Raymond James:13.8
2026-09-16,VRTX,7.3,,1,JP Morgan:7.3
2026-09-16,VTRS,-22.4,,1,Piper Sandler:-22.4
2026-09-16,WAT,23.2,,1,UBS:23.2
2026-09-16,WMB,15.15,2.4749,2,Scotiabank:13.4|Stifel:16.9
2026-09-16,WMT,28.05,5.3033,2,DA Davidson:24.3|BTIG:31.8
2026-09-16,WTW,18.7,,1,Mizuho:18.7
2026-09-16,YUM,20.5,,1,Wells Fargo:20.5
2026-09-17,ACN,-3.2,7.0711,2,Morgan Stanley:-8.2|Wells Fargo:1.8
2026-09-17,ADBE,12.32,11.009,5,Evercore ISI Group:3.2|Jefferies:13.6|BMO Capital:11.5|Piper Sandler:3.2|RBC Capital:30.1
2026-09-17,ALL,16.1,,1,Mizuho:16.1
2026-09-17,AON,20.6,,1,Mizuho:20.6
2026-09-17,APA,3,,1,UBS:3
2026-09-17,APTV,26.8,,1,JP Morgan:26.8
2026-09-17,ATO,8.6,,1,JP Morgan:8.6
2026-09-17,AWK,15.3,,1,UBS:15.3
2026-09-17,AZO,16.3,,1,Citigroup:16.3
2026-09-17,BMY,28,,1,Piper Sandler:28
2026-09-17,BRO,25,,1,Mizuho:25
2026-09-17,CCL,53.1667,6.7678,3,Wells Fargo:57.8|Stifel:56.3|Barclays:45.4
2026-09-17,CHTR,-6.95,13.93,2,Morgan Stanley:2.9|Wolfe Research:-16.8
2026-09-17,CIEN,56.3,,1,Barclays:56.3
2026-09-17,CLX,4.5,5.5154,2,Citigroup:8.4|Wells Fargo:0.6
2026-09-17,CMCSA,28.9,25.7387,2,UBS:10.7|B of A Securities:47.1
2026-09-17,CMS,10.8,,1,Jefferies:10.8
2026-09-17,COIN,18.85,31.7491,2,Compass Point:-3.6|BTIG:41.3
2026-09-17,COO,27.7,14.0182,3,Baird:11.6|Mizuho:37.2|Needham:34.3
2026-09-17,COP,21.7,,1,UBS:21.7
2026-09-17,COST,25.5,4.5255,2,Oppenheimer:28.7|B of A Securities:22.3
2026-09-17,CPRT,18.7,,1,Baird:18.7
2026-09-17,CPT,0.2,,1,Scotiabank:0.2
2026-09-17,CRL,15.9,,1,Evercore ISI Group:15.9
2026-09-17,CRM,11.2,,1,Mizuho:11.2
2026-09-17,CRWD,20.2,,1,Wedbush:20.2
2026-09-17,CTVA,17.9333,8.0214,3,BMO Capital:16.7|RBC Capital:26.5|UBS:10.6
2026-09-17,DAL,22.15,3.6062,2,UBS:24.7|Barclays:19.6
2026-09-17,DDOG,24,,1,Wedbush:24
2026-09-17,DHI,5.1,,1,Wells Fargo:5.1
2026-09-17,DOC,3.7,,1,Jefferies:3.7
2026-09-17,DPZ,-0.1,,1,TD Cowen:-0.1
2026-09-17,DRI,18.7,,1,Citigroup:18.7
2026-09-17,DVN,30.9,,1,Raymond James:30.9
2026-09-17,ECHO,44.4,,1,Morgan Stanley:44.4
2026-09-17,EIX,-6.2,,1,Jefferies:-6.2
2026-09-17,EOG,22.8,,1,UBS:22.8
2026-09-17,ESS,3.7,,1,UBS:3.7
2026-09-17,FANG,27.8,8.061,2,UBS:22.1|Raymond James:33.5
2026-09-17,FDS,12.9,,1,Deutsche Bank:12.9
2026-09-17,FRT,11.6,,1,Scotiabank:11.6
2026-09-17,GIS,5.2,,1,Evercore ISI Group:5.2
2026-09-17,GLW,22.3,,1,Mizuho:22.3
2026-09-17,GM,32.8,,1,UBS:32.8
2026-09-17,GNRC,8.9,,1,Roth Capital:8.9
2026-09-17,GOOGL,29.1,,1,Evercore ISI Group:29.1
2026-09-17,HAL,16.9,,1,UBS:16.9
2026-09-17,HOOD,34.25,16.0513,2,Citizens:45.6|Deutsche Bank:22.9
2026-09-17,HPE,16.6,,1,Evercore ISI Group:16.6
2026-09-17,HPQ,0.2,,1,RBC Capital:0.2
2026-09-17,INTC,43,,1,Tigress Financial:43
2026-09-17,IQV,-1.2,,1,Morgan Stanley:-1.2
2026-09-17,JBHT,22.02,7.1625,5,B of A Securities:26.6|Barclays:19.4|Raymond James:25.7|UBS:10.6|Wells Fargo:27.8
2026-09-17,JKHY,20.4,11.0309,2,Raymond James:28.2|RBC Capital:12.6
2026-09-17,KEY,19.8,,1,Stephens & Co.:19.8
2026-09-17,KHC,-3.9,,1,Evercore ISI Group:-3.9
2026-09-17,KMB,18.9,,1,Piper Sandler:18.9
2026-09-17,KR,16.1,9.9805,3,Telsey Advisory Group:26.5|Evercore ISI Group:15.2|Guggenheim:6.6
2026-09-17,LEN,-5.35,8.2731,2,Wells Fargo:0.5|B of A Securities:-11.2
2026-09-17,LH,14.35,11.3844,2,UBS:22.4|Barclays:6.3
2026-09-17,LII,26.8,,1,Deutsche Bank:26.8
2026-09-17,LUV,34.85,16.0513,2,UBS:23.5|Barclays:46.2
2026-09-17,MAA,4,2.4913,4,Evercore ISI Group:3|UBS:3.5|Scotiabank:1.9|Truist Securities:7.6
2026-09-17,MAS,19.4,,1,Wells Fargo:19.4
2026-09-17,MCD,20.48,11.5472,5,TD Cowen:11|Deutsche Bank:18|Morgan Stanley:21.1|RBC Capital:12.5|BTIG:39.8
2026-09-17,META,17.9,13.807,4,JP Morgan:25.5|Wedbush:-1.4|Citigroup:17.7|Rosenblatt:29.8
2026-09-17,MGM,12.7,,1,UBS:12.7
2026-09-17,MKC,6.3,,1,TD Cowen:6.3
2026-09-17,MPC,12,1.4142,2,Morgan Stanley:13|Raymond James:11
2026-09-17,NEM,23.2,,1,RBC Capital:23.2
2026-09-17,NFLX,38.6,,1,Evercore ISI Group:38.6
2026-09-17,NKE,7.275,16.6936,4,Morgan Stanley:-15.8|Baird:19.7|Citigroup:5.8|Telsey Advisory Group:19.4
2026-09-17,NOW,18.8,,1,Needham:18.8
2026-09-17,ON,10.1,,1,Stifel:10.1
2026-09-17,ORCL,78.5,44.6885,4,TD Cowen:46|UBS:52|Cantor Fitzgerald:72.7|Guggenheim:143.3
2026-09-17,OXY,18.2,12.4254,3,Evercore ISI Group:14.7|UBS:7.9|Wells Fargo:32
2026-09-17,PANW,18.2,,1,Wedbush:18.2
2026-09-17,PAYX,1.7,,1,TD Cowen:1.7
2026-09-17,PFG,3.7,,1,UBS:3.7
2026-09-17,PHM,22.7,,1,Wells Fargo:22.7
2026-09-17,PKG,10.4,,1,B of A Securities:10.4
2026-09-17,PLTR,40.25,9.1217,2,Rosenblatt:33.8|UBS:46.7
2026-09-17,PPG,24.7,,1,Keybanc:24.7
2026-09-17,PPL,3.7,,1,RBC Capital:3.7
2026-09-17,PSA,18.2,,1,Barclays:18.2
2026-09-17,PSX,10.95,4.3134,2,Morgan Stanley:7.9|Raymond James:14
2026-09-17,REG,10.4,,1,Scotiabank:10.4
2026-09-17,RMD,15.7,,1,RBC Capital:15.7
2026-09-17,SLB,34.1,,1,UBS:34.1
2026-09-17,SNPS,18.9,,1,Wells Fargo:18.9
2026-09-17,SOLV,6.1,,1,BTIG:6.1
2026-09-17,SPG,7.5,0.8485,2,Evercore ISI Group:6.9|Scotiabank:8.1
2026-09-17,STZ,15.15,8.9803,2,Jefferies:8.8|TD Cowen:21.5
2026-09-17,SWK,4.8,,1,Wells Fargo:4.8
2026-09-17,TDG,26.3,4.2426,2,JP Morgan:29.3|RBC Capital:23.3
2026-09-17,TDY,26.1,,1,Needham:26.1
2026-09-17,TEL,5.4,,1,Wells Fargo:5.4
2026-09-17,TRGP,17.2,7.9731,3,Mizuho:9.6|Stifel:16.5|Morgan Stanley:25.5
2026-09-17,TSLA,-2,,1,Goldman Sachs:-2
2026-09-17,UAL,47.4,,1,Barclays:47.4
2026-09-17,UDR,16.5333,6.2453,3,Evercore ISI Group:22.3|UBS:17.4|Scotiabank:9.9
2026-09-17,ULTA,5.85,12.5158,2,DA Davidson:14.7|Wells Fargo:-3
2026-09-17,UNP,19.5,,1,UBS:19.5
2026-09-17,URI,17,,1,JP Morgan:17
2026-09-17,VICI,16,,1,Morgan Stanley:16
2026-09-17,VLO,8.9,6.9296,2,Morgan Stanley:4|Raymond James:13.8
2026-09-17,VRTX,7.3,,1,JP Morgan:7.3
2026-09-17,VTRS,-22.4,,1,Piper Sandler:-22.4
2026-09-17,WMB,16.9,,1,Stifel:16.9
2026-09-17,WMT,31.8,,1,BTIG:31.8
2026-09-17,WTW,18.7,,1,Mizuho:18.7
2026-09-17,YUM,19.65,1.2021,2,Wells Fargo:20.5|Baird:18.8
2026-09-18,ACN,-3.2,7.0711,2,Morgan Stanley:-8.2|Wells Fargo:1.8
2026-09-18,ADBE,14.9333,13.7747,3,BMO Capital:11.5|Piper Sandler:3.2|RBC Capital:30.1
2026-09-18,ADSK,38.2,,1,RBC Capital:38.2
2026-09-18,ALL,16.1,,1,Mizuho:16.1
2026-09-18,AON,20.6,,1,Mizuho:20.6
2026-09-18,APA,3,,1,UBS:3
2026-09-18,APTV,26.8,,1,JP Morgan:26.8
2026-09-18,ATO,8.6,,1,JP Morgan:8.6
2026-09-18,AZO,16.3,,1,Citigroup:16.3
2026-09-18,BALL,6.3,,1,JP Morgan:6.3
2026-09-18,BMY,28,,1,Piper Sandler:28
2026-09-18,BRO,25,,1,Mizuho:25
2026-09-18,BSX,16.1,,1,Citigroup:16.1
2026-09-18,CCL,53.1667,6.7678,3,Wells Fargo:57.8|Stifel:56.3|Barclays:45.4
2026-09-18,CHTR,-6.95,13.93,2,Morgan Stanley:2.9|Wolfe Research:-16.8
2026-09-18,CIEN,49.9667,5.5293,3,Barclays:56.3|Needham:46.1|Rosenblatt:47.5
2026-09-18,CMCSA,28.9,25.7387,2,UBS:10.7|B of A Securities:47.1
2026-09-18,CMS,10.8,,1,Jefferies:10.8
2026-09-18,COIN,18.85,31.7491,2,Compass Point:-3.6|BTIG:41.3
2026-09-18,COO,34.3,,1,Needham:34.3
2026-09-18,COP,21.7,,1,UBS:21.7
2026-09-18,COST,25.5,4.5255,2,Oppenheimer:28.7|B of A Securities:22.3
2026-09-18,CPRT,18.7,,1,Baird:18.7
2026-09-18,CPT,0.2,,1,Scotiabank:0.2
2026-09-18,CRM,16.15,8.1254,8,Mizuho:11.2|BMO Capital:16.7|Canaccord Genuity:22.8|Cantor Fitzgerald:22.8|Citigroup:7.7|Guggenheim:22.8|RBC Capital:2.4|Stifel:22.8
2026-09-18,CRWD,20.2,,1,Wedbush:20.2
2026-09-18,CTSH,0.2,18.2434,2,Deutsche Bank:13.1|TD Cowen:-12.7
2026-09-18,CTVA,17.9333,8.0214,3,BMO Capital:16.7|RBC Capital:26.5|UBS:10.6
2026-09-18,D,3.1,,1,Morgan Stanley:3.1
2026-09-18,DAL,19.6,,1,Barclays:19.6
2026-09-18,DDOG,24,,1,Wedbush:24
2026-09-18,DOC,3.7,,1,Jefferies:3.7
2026-09-18,DTE,9.1,,1,Morgan Stanley:9.1
2026-09-18,DUK,7.7,,1,Morgan Stanley:7.7
2026-09-18,DVN,30.9,,1,Raymond James:30.9
2026-09-18,DXCM,15.3,,1,Truist Securities:15.3
2026-09-18,ECHO,44.4,,1,Morgan Stanley:44.4
2026-09-18,EIX,1.4,10.748,2,Jefferies:-6.2|Morgan Stanley:9
2026-09-18,EOG,22.8,,1,UBS:22.8
2026-09-18,EQT,41.1,,1,Stephens & Co.:41.1
2026-09-18,ESS,3.7,,1,UBS:3.7
2026-09-18,ETR,-5,,1,Morgan Stanley:-5
2026-09-18,FANG,27.8,8.061,2,UBS:22.1|Raymond James:33.5
2026-09-18,FE,7.7,,1,Morgan Stanley:7.7
2026-09-18,FRT,11.6,,1,Scotiabank:11.6
2026-09-18,GEHC,22.9,,1,BTIG:22.9
2026-09-18,GIS,5.2,,1,Evercore ISI Group:5.2
2026-09-18,GLW,22.3,,1,Mizuho:22.3
2026-09-18,GM,32.8,,1,UBS:32.8
2026-09-18,GNRC,43.575,31.7036,4,Roth Capital:8.9|Canaccord Genuity:79|JP Morgan:26.5|Stephens & Co.:59.9
2026-09-18,GOOGL,29.1,,1,Evercore ISI Group:29.1
2026-09-18,HAL,16.9,,1,UBS:16.9
2026-09-18,HOOD,34.25,16.0513,2,Citizens:45.6|Deutsche Bank:22.9
2026-09-18,HPE,16.6,,1,Evercore ISI Group:16.6
2026-09-18,HPQ,0.2,,1,RBC Capital:0.2
2026-09-18,INTC,43,,1,Tigress Financial:43
2026-09-18,INTU,17.925,18.3988,4,Evercore ISI Group:27.8|Mizuho:37.4|Stifel:-4.1|TD Cowen:10.6
2026-09-18,IQV,-1.2,,1,Morgan Stanley:-1.2
2026-09-18,JBHT,22.15,6.4143,6,B of A Securities:26.6|Barclays:19.4|Raymond James:25.7|UBS:10.6|Wells Fargo:27.8|Baird:22.8
2026-09-18,JKHY,20.4,11.0309,2,Raymond James:28.2|RBC Capital:12.6
2026-09-18,KEY,19.8,,1,Stephens & Co.:19.8
2026-09-18,KHC,-3.9,,1,Evercore ISI Group:-3.9
2026-09-18,KR,16.1,9.9805,3,Telsey Advisory Group:26.5|Evercore ISI Group:15.2|Guggenheim:6.6
2026-09-18,LDOS,3.4,,1,B of A Securities:3.4
2026-09-18,LEN,-11.2,,1,B of A Securities:-11.2
2026-09-18,LH,6.3,,1,Barclays:6.3
2026-09-18,LII,26.8,,1,Deutsche Bank:26.8
2026-09-18,LUV,46.2,,1,Barclays:46.2
2026-09-18,MAA,4,2.4913,4,Evercore ISI Group:3|UBS:3.5|Scotiabank:1.9|Truist Securities:7.6
2026-09-18,MCD,21.2167,10.4845,6,TD Cowen:11|Deutsche Bank:18|Morgan Stanley:21.1|RBC Capital:12.5|BTIG:39.8|Citigroup:24.9
2026-09-18,META,15.3667,15.7303,3,Wedbush:-1.4|Citigroup:17.7|Rosenblatt:29.8
2026-09-18,MKC,16.3,14.1421,2,TD Cowen:6.3|JP Morgan:26.3
2026-09-18,MPC,12,1.4142,2,Morgan Stanley:13|Raymond James:11
2026-09-18,NEE,37.6,,1,Morgan Stanley:37.6
2026-09-18,NEM,23.2,,1,RBC Capital:23.2
2026-09-18,NFLX,38.6,,1,Evercore ISI Group:38.6
2026-09-18,NKE,15.175,6.4963,4,Baird:19.7|Citigroup:5.8|Telsey Advisory Group:19.4|UBS:15.8
2026-09-18,NOW,18.8,,1,Needham:18.8
2026-09-18,NRG,50.4,,1,Morgan Stanley:50.4
2026-09-18,O,6.7,,1,Mizuho:6.7
2026-09-18,ON,27.1,19.6233,7,Stifel:10.1|Cantor Fitzgerald:28.5|Mizuho:35.6|Needham:65.6|Rosenblatt:21.4|Truist Securities:7.1|Wells Fargo:21.4
2026-09-18,ORCL,108,49.9217,2,Cantor Fitzgerald:72.7|Guggenheim:143.3
2026-09-18,OXY,19.95,17.0413,2,UBS:7.9|Wells Fargo:32
2026-09-18,PANW,5.8,17.5362,2,Wedbush:18.2|Bernstein:-6.6
2026-09-18,PCG,50.5,,1,Morgan Stanley:50.5
2026-09-18,PEG,25.1,,1,Morgan Stanley:25.1
2026-09-18,PGR,16.8,,1,Keefe; Bruyette & Woods:16.8
2026-09-18,PLTR,40.25,9.1217,2,Rosenblatt:33.8|UBS:46.7
2026-09-18,PNW,-6.1,,1,Morgan Stanley:-6.1
2026-09-18,PPG,24.7,,1,Keybanc:24.7
2026-09-18,PPL,10.3,9.3338,2,RBC Capital:3.7|Morgan Stanley:16.9
2026-09-18,PSX,10.95,4.3134,2,Morgan Stanley:7.9|Raymond James:14
2026-09-18,REG,10.4,,1,Scotiabank:10.4
2026-09-18,RMD,15.7,,1,RBC Capital:15.7
2026-09-18,SLB,34.1,,1,UBS:34.1
2026-09-18,SO,-1.5,,1,Morgan Stanley:-1.5
2026-09-18,SOLV,6.1,,1,BTIG:6.1
2026-09-18,SPG,7.5,0.8485,2,Evercore ISI Group:6.9|Scotiabank:8.1
2026-09-18,SRE,22.7,,1,Morgan Stanley:22.7
2026-09-18,STLD,11,,1,JP Morgan:11
2026-09-18,STZ,15.15,8.9803,2,Jefferies:8.8|TD Cowen:21.5
2026-09-18,TDG,26.3,4.2426,2,JP Morgan:29.3|RBC Capital:23.3
2026-09-18,TDY,26.1,,1,Needham:26.1
2026-09-18,TRGP,25.5,,1,Morgan Stanley:25.5
2026-09-18,TSLA,-2,,1,Goldman Sachs:-2
2026-09-18,TSN,21,,1,JP Morgan:21
2026-09-18,UAL,47.4,,1,Barclays:47.4
2026-09-18,UDR,16.5333,6.2453,3,Evercore ISI Group:22.3|UBS:17.4|Scotiabank:9.9
2026-09-18,ULTA,5.85,12.5158,2,DA Davidson:14.7|Wells Fargo:-3
2026-09-18,UNP,19.5,,1,UBS:19.5
2026-09-18,VICI,16,,1,Morgan Stanley:16
2026-09-18,VLO,8.9,6.9296,2,Morgan Stanley:4|Raymond James:13.8
2026-09-18,VRTX,7.3,,1,JP Morgan:7.3
2026-09-18,VTRS,-22.4,,1,Piper Sandler:-22.4
2026-09-18,WBD,3.3,,1,Barclays:3.3
2026-09-18,WTW,18.7,,1,Mizuho:18.7
2026-09-18,XEL,13.3,,1,Morgan Stanley:13.3
2026-09-18,YUM,18.8,,1,Baird:18.8
2026-09-19,ACN,-3.2,7.0711,2,Morgan Stanley:-8.2|Wells Fargo:1.8
2026-09-19,ADSK,38.2,,1,RBC Capital:38.2
2026-09-19,AEE,5.3,,1,Morgan Stanley:5.3
2026-09-19,AEP,5.8,,1,Morgan Stanley:5.8
2026-09-19,ALL,16.1,,1,Mizuho:16.1
2026-09-19,AON,20.6,,1,Mizuho:20.6
2026-09-19,APA,3,,1,UBS:3
2026-09-19,APTV,26.8,,1,JP Morgan:26.8
2026-09-19,ATO,11.2,,1,Morgan Stanley:11.2
2026-09-19,AZO,16.3,,1,Citigroup:16.3
2026-09-19,BALL,6.3,,1,JP Morgan:6.3
2026-09-19,BMY,28,,1,Piper Sandler:28
2026-09-19,BRO,25,,1,Mizuho:25
2026-09-19,BSX,16.1,,1,Citigroup:16.1
2026-09-19,CCL,53.1667,6.7678,3,Wells Fargo:57.8|Stifel:56.3|Barclays:45.4
2026-09-19,CEG,41.8,,1,Morgan Stanley:41.8
2026-09-19,CHTR,-6.95,13.93,2,Morgan Stanley:2.9|Wolfe Research:-16.8
2026-09-19,CIEN,49.9667,5.5293,3,Barclays:56.3|Needham:46.1|Rosenblatt:47.5
2026-09-19,CMCSA,28.9,25.7387,2,UBS:10.7|B of A Securities:47.1
2026-09-19,CMS,13.85,4.3134,2,Jefferies:10.8|Morgan Stanley:16.9
2026-09-19,CNP,-0.7,,1,Morgan Stanley:-0.7
2026-09-19,COIN,18.85,31.7491,2,Compass Point:-3.6|BTIG:41.3
2026-09-19,COO,34.3,,1,Needham:34.3
2026-09-19,COP,21.7,,1,UBS:21.7
2026-09-19,COST,25.5,4.5255,2,Oppenheimer:28.7|B of A Securities:22.3
2026-09-19,CPT,0.2,,1,Scotiabank:0.2
2026-09-19,CRM,16.06,9.5234,10,Mizuho:11.2|BMO Capital:16.7|Canaccord Genuity:22.8|Cantor Fitzgerald:22.8|Citigroup:7.7|Guggenheim:22.8|RBC Capital:2.4|Stifel:22.8|Citizens:29|Wells Fargo:2.4
2026-09-19,CTSH,0.2,18.2434,2,Deutsche Bank:13.1|TD Cowen:-12.7
2026-09-19,CTVA,16.725,6.9811,4,BMO Capital:16.7|RBC Capital:26.5|UBS:10.6|Argus Research:13.1
2026-09-19,D,3.1,,1,Morgan Stanley:3.1
2026-09-19,DOC,3.7,,1,Jefferies:3.7
2026-09-19,DTE,9.1,,1,Morgan Stanley:9.1
2026-09-19,DUK,7.7,,1,Morgan Stanley:7.7
2026-09-19,DVN,30.9,,1,Raymond James:30.9
2026-09-19,DXCM,15.3,,1,Truist Securities:15.3
2026-09-19,ECHO,44.4,,1,Morgan Stanley:44.4
2026-09-19,ED,-9,,1,Morgan Stanley:-9
2026-09-19,EIX,1.4,10.748,2,Jefferies:-6.2|Morgan Stanley:9
2026-09-19,EOG,22.8,,1,UBS:22.8
2026-09-19,EQT,41.1,,1,Stephens & Co.:41.1
2026-09-19,ESS,3.7,,1,UBS:3.7
2026-09-19,ETR,-5,,1,Morgan Stanley:-5
2026-09-19,FANG,27.8,8.061,2,UBS:22.1|Raymond James:33.5
2026-09-19,FE,7.7,,1,Morgan Stanley:7.7
2026-09-19,FRT,11.6,,1,Scotiabank:11.6
2026-09-19,GEHC,22.9,,1,BTIG:22.9
2026-09-19,GIS,5.2,,1,Evercore ISI Group:5.2
2026-09-19,GLW,22.3,,1,Mizuho:22.3
2026-09-19,GM,32.8,,1,UBS:32.8
2026-09-19,GNRC,43.575,31.7036,4,Roth Capital:8.9|Canaccord Genuity:79|JP Morgan:26.5|Stephens & Co.:59.9
2026-09-19,GOOGL,32.5,4.8083,2,Evercore ISI Group:29.1|Tigress Financial:35.9
2026-09-19,HAL,16.9,,1,UBS:16.9
2026-09-19,HBAN,13.5,,1,Evercore ISI Group:13.5
2026-09-19,HOOD,22.9,,1,Deutsche Bank:22.9
2026-09-19,HPE,16.6,,1,Evercore ISI Group:16.6
2026-09-19,INTC,43,,1,Tigress Financial:43
2026-09-19,INTU,18.94,16.0947,5,Evercore ISI Group:27.8|Mizuho:37.4|Stifel:-4.1|TD Cowen:10.6|RBC Capital:23
2026-09-19,IQV,-1.2,,1,Morgan Stanley:-1.2
2026-09-19,JBHT,22.15,6.4143,6,B of A Securities:26.6|Barclays:19.4|Raymond James:25.7|UBS:10.6|Wells Fargo:27.8|Baird:22.8
2026-09-19,JKHY,20.4,11.0309,2,Raymond James:28.2|RBC Capital:12.6
2026-09-19,KEY,19.8,,1,Stephens & Co.:19.8
2026-09-19,KHC,-3.9,,1,Evercore ISI Group:-3.9
2026-09-19,KMI,5.8,,1,Jefferies:5.8
2026-09-19,KR,16.1,9.9805,3,Telsey Advisory Group:26.5|Evercore ISI Group:15.2|Guggenheim:6.6
2026-09-19,LDOS,3.4,,1,B of A Securities:3.4
2026-09-19,LEN,-8.45,5.4592,4,B of A Securities:-11.2|Barclays:-10.5|Evercore ISI Group:-0.3|RBC Capital:-11.8
2026-09-19,LII,26.8,,1,Deutsche Bank:26.8
2026-09-19,LLY,11.7,,1,Guggenheim:11.7
2026-09-19,MAA,4,2.4913,4,Evercore ISI Group:3|UBS:3.5|Scotiabank:1.9|Truist Securities:7.6
2026-09-19,MCD,23.26,10.3001,5,Deutsche Bank:18|Morgan Stanley:21.1|RBC Capital:12.5|BTIG:39.8|Citigroup:24.9
2026-09-19,META,15.3667,15.7303,3,Wedbush:-1.4|Citigroup:17.7|Rosenblatt:29.8
2026-09-19,MKC,16.3,14.1421,2,TD Cowen:6.3|JP Morgan:26.3
2026-09-19,MPC,12,1.4142,2,Morgan Stanley:13|Raymond James:11
2026-09-19,MU,52.8,,1,RBC Capital:52.8
2026-09-19,NEE,37.6,,1,Morgan Stanley:37.6
2026-09-19,NEM,23.2,,1,RBC Capital:23.2
2026-09-19,NFLX,9.3,41.4365,2,Evercore ISI Group:38.6|Wells Fargo:-20
2026-09-19,NKE,15.175,6.4963,4,Baird:19.7|Citigroup:5.8|Telsey Advisory Group:19.4|UBS:15.8
2026-09-19,NRG,50.4,,1,Morgan Stanley:50.4
2026-09-19,NUE,10.1,,1,Wells Fargo:10.1
2026-09-19,O,6.7,,1,Mizuho:6.7
2026-09-19,ON,27.1,19.6233,7,Stifel:10.1|Cantor Fitzgerald:28.5|Mizuho:35.6|Needham:65.6|Rosenblatt:21.4|Truist Securities:7.1|Wells Fargo:21.4
2026-09-19,ORLY,25.3,,1,DA Davidson:25.3
2026-09-19,OXY,19.95,17.0413,2,UBS:7.9|Wells Fargo:32
2026-09-19,PANW,-6.6,,1,Bernstein:-6.6
2026-09-19,PCG,50.5,,1,Morgan Stanley:50.5
2026-09-19,PEG,25.1,,1,Morgan Stanley:25.1
2026-09-19,PGR,16.8,,1,Keefe; Bruyette & Woods:16.8
2026-09-19,PLTR,46.7,,1,UBS:46.7
2026-09-19,PNW,-6.1,,1,Morgan Stanley:-6.1
2026-09-19,PPL,10.3,9.3338,2,RBC Capital:3.7|Morgan Stanley:16.9
2026-09-19,PSX,10.95,4.3134,2,Morgan Stanley:7.9|Raymond James:14
2026-09-19,REG,10.4,,1,Scotiabank:10.4
2026-09-19,RMD,15.7,,1,RBC Capital:15.7
2026-09-19,SLB,34.1,,1,UBS:34.1
2026-09-19,SO,-1.5,,1,Morgan Stanley:-1.5
2026-09-19,SOLV,6.1,,1,BTIG:6.1
2026-09-19,SPG,7.5,0.8485,2,Evercore ISI Group:6.9|Scotiabank:8.1
2026-09-19,SRE,22.7,,1,Morgan Stanley:22.7
2026-09-19,STLD,7.95,4.3134,2,JP Morgan:11|Wells Fargo:4.9
2026-09-19,STZ,15.15,8.9803,2,Jefferies:8.8|TD Cowen:21.5
2026-09-19,SYK,38.5,,1,Canaccord Genuity:38.5
2026-09-19,TDG,26.3,4.2426,2,JP Morgan:29.3|RBC Capital:23.3
2026-09-19,TDY,26.1,,1,Needham:26.1
2026-09-19,TRGP,25.5,,1,Morgan Stanley:25.5
2026-09-19,TSLA,-2,,1,Goldman Sachs:-2
2026-09-19,TSN,21,,1,JP Morgan:21
2026-09-19,TTD,-10,,1,Guggenheim:-10
2026-09-19,UDR,16.5333,6.2453,3,Evercore ISI Group:22.3|UBS:17.4|Scotiabank:9.9
2026-09-19,ULTA,5.85,12.5158,2,DA Davidson:14.7|Wells Fargo:-3
2026-09-19,UNP,19.5,,1,UBS:19.5
2026-09-19,VICI,16,,1,Morgan Stanley:16
2026-09-19,VLO,8.9,6.9296,2,Morgan Stanley:4|Raymond James:13.8
2026-09-19,VTRS,-22.4,,1,Piper Sandler:-22.4
2026-09-19,WBD,3.3,,1,Barclays:3.3
2026-09-19,WTW,18.7,,1,Mizuho:18.7
2026-09-19,XEL,13.3,,1,Morgan Stanley:13.3
2026-09-19,YUM,18.8,,1,Baird:18.8