date,symbol,yahoo_average_projected,yahoo_std_projected,yahoo_analyst_projections_count,yahoo_projections
2026-01-02,COF,18.7,,1,Keefe; Bruyette & Woods:18.7
2026-01-02,SYF,17.1,,1,Keefe; Bruyette & Woods:17.1
2026-01-03,ULTA,15.5,,1,Argus Research:15.5
2026-01-05,CARR,32,,1,UBS:32
2026-01-05,EL,19.3,,1,Raymond James:19.3
2026-01-05,LII,6.2,,1,UBS:6.2
2026-01-05,ROP,39.6,,1,Jefferies:39.6
2026-01-05,SWK,29.4,,1,UBS:29.4
2026-01-05,TT,31.5,,1,UBS:31.5
2026-01-06,AME,9.3,,1,Mizuho:9.3
2026-01-06,CARR,28.6,,1,Mizuho:28.6
2026-01-06,CMCSA,58,,1,Benchmark:58
2026-01-06,COP,-2.2,,1,Bernstein:-2.2
2026-01-06,DOV,26.6,,1,UBS:26.6
2026-01-06,DVN,15.1,,1,Bernstein:15.1
2026-01-06,EMR,17.9,,1,UBS:17.9
2026-01-06,EQT,38.4,,1,Bernstein:38.4
2026-01-06,FTV,-4.6,,1,Mizuho:-4.6
2026-01-06,HBAN,11.9,,1,Barclays:11.9
2026-01-06,HUBB,7.9,,1,Mizuho:7.9
2026-01-06,KEY,13.6,,1,Barclays:13.6
2026-01-06,MCHP,-2.2,,1,Morgan Stanley:-2.2
2026-01-06,TFC,11.1,,1,Barclays:11.1
2026-01-07,ACGL,6.5,,1,Evercore ISI Group:6.5
2026-01-07,BMY,17.7,,1,UBS:17.7
2026-01-07,CLX,-6.7,,1,Goldman Sachs:-6.7
2026-01-07,MCD,16.3,,1,Oppenheimer:16.3
2026-01-07,MCHP,9.5,,1,Stifel:9.5
2026-01-07,MU,17.4,,1,Piper Sandler:17.4
2026-01-07,UBER,27.6,,1,Wolfe Research:27.6
2026-01-07,YUM,18.6,,1,Barclays:18.6
2026-01-08,ACGL,-2.3,,1,Goldman Sachs:-2.3
2026-01-08,AMCR,19.8,,1,Baird:19.8
2026-01-08,BDX,35.9,,1,Stifel:35.9
2026-01-08,CMG,29.3,,1,Truist Securities:29.3
2026-01-08,DPZ,20.6,,1,Stifel:20.6
2026-01-08,LOW,16.3,,1,Barclays:16.3
2026-01-08,MDLZ,30.4,,1,Mizuho:30.4
2026-01-08,MTB,7.8,,1,B of A Securities:7.8
2026-01-08,REGN,6.7,,1,B of A Securities:6.7
2026-01-08,TSCO,1.2,,1,Gordon Haskett:1.2
2026-01-08,VLO,8.6,,1,JP Morgan:8.6
2026-01-08,WMT,12.3,,1,Barclays:12.3
2026-01-09,AOS,5.7,,1,Jefferies:5.7
2026-01-09,APTV,18.5,,1,Piper Sandler:18.5
2026-01-09,JNJ,1,,1,Bernstein:1
2026-01-09,LMT,15,,1,Truist Securities:15
2026-01-09,NOC,5.5,,1,Truist Securities:5.5
2026-01-09,PGR,24.6,,1,Barclays:24.6
2026-01-09,PLD,1.3,,1,Baird:1.3
2026-01-09,REG,5.9,,1,Mizuho:5.9
2026-01-09,WAB,9.7,,1,Wolfe Research:9.7
2026-01-10,ESS,9.7,,1,BMO Capital:9.7
2026-01-10,GNRC,31.5,,1,Baird:31.5
2026-01-10,MAA,14,,1,BMO Capital:14
2026-01-12,AEP,5.5,,1,B of A Securities:5.5
2026-01-12,CCL,41.1,,1,B of A Securities:41.1
2026-01-12,DLR,13.9,,1,Mizuho:13.9
2026-01-12,EFX,17.3,,1,Oppenheimer:17.3
2026-01-12,MCHP,26.1,,1,B. Riley Securities:26.1
2026-01-12,VST,32.4,,1,B of A Securities:32.4
2026-01-13,LOW,19,,1,Gordon Haskett:19
2026-01-13,NDAQ,20.6,,1,UBS:20.6
2026-01-13,PSX,9,,1,JP Morgan:9
2026-01-13,TT,38.6,,1,Morgan Stanley:38.6
2026-01-13,TTWO,12.5,,1,Morgan Stanley:12.5
2026-01-13,VST,40.2,,1,BMO Capital:40.2
2026-01-14,BLK,12.9,,1,TD Cowen:12.9
2026-01-14,CVX,15.2,,1,Jefferies:15.2
2026-01-14,GOOGL,10.4,,1,B of A Securities:10.4
2026-01-14,KMB,-8.7,,1,Citigroup:-8.7
2026-01-14,LYV,6.6,,1,Jefferies:6.6
2026-01-15,DECK,27.8,,1,Citigroup:27.8
2026-01-15,GDDY,33.7,,1,Morgan Stanley:33.7
2026-01-15,LOW,7.6,,1,Morgan Stanley:7.6
2026-01-15,MAR,7,,1,Citigroup:7
2026-01-15,TPR,3.3,,1,Jefferies:3.3
2026-01-16,BA,20.3,,1,Bernstein:20.3
2026-01-16,CRL,18.6,,1,Citigroup:18.6
2026-01-16,ETN,16.5,,1,HSBC:16.5
2026-01-16,LII,3.1,,1,JP Morgan:3.1
2026-01-16,MCHP,12.7,,1,Piper Sandler:12.7
2026-01-16,MTB,20,,1,Jefferies:20
2026-01-16,OTIS,28.9,,1,JP Morgan:28.9
2026-01-16,PNR,16.3,,1,JP Morgan:16.3
2026-01-16,SNDK,5.7,,1,Benchmark:5.7
2026-01-16,WFC,13.5,,1,Argus Research:13.5
2026-01-17,CHTR,23.3,,1,Bernstein:23.3
2026-01-17,CMCSA,13.3,,1,Bernstein:13.3
2026-01-17,KHC,0.7,,1,Morgan Stanley:0.7
2026-01-17,T,26.8,,1,Bernstein:26.8
2026-01-20,AWK,-5.1,,1,Wells Fargo:-5.1
2026-01-20,CMS,3.7,,1,Wells Fargo:3.7
2026-01-20,CNP,18.1,,1,Wells Fargo:18.1
2026-01-20,DTE,12.6,,1,Wells Fargo:12.6
2026-01-20,EW,31.4,,1,Stifel:31.4
2026-01-20,FE,12.8,,1,Wells Fargo:12.8
2026-01-20,GS,8.8,,1,RBC Capital:8.8
2026-01-20,HII,0.3,,1,Goldman Sachs:0.3
2026-01-20,PPL,12.1,,1,Wells Fargo:12.1
2026-01-20,SBAC,33.9,,1,UBS:33.9
2026-01-20,WEC,8,,1,Wells Fargo:8
2026-01-21,ALB,17.8,,1,Oppenheimer:17.8
2026-01-21,CVX,5.4,,1,JP Morgan:5.4
2026-01-21,EIX,-2.9,,1,Wells Fargo:-2.9
2026-01-21,KHC,3.5,,1,Jefferies:3.5
2026-01-21,LNT,4.8,,1,Wells Fargo:4.8
2026-01-21,MMM,15.2,,1,Deutsche Bank:15.2
2026-01-21,PM,7.5,,1,Jefferies:7.5
2026-01-21,RSG,14.5,,1,Scotiabank:14.5
2026-01-22,CFG,21.2,,1,B of A Securities:21.2
2026-01-22,DHI,-1.8,,1,B of A Securities:-1.8
2026-01-22,HAL,19.9,,1,Goldman Sachs:19.9
2026-01-22,LRCX,10.4,,1,Deutsche Bank:10.4
2026-01-22,MCHP,-1.3,,1,B of A Securities:-1.3
2026-01-22,MMM,5.4,,1,Morgan Stanley:5.4
2026-01-22,SBUX,18.2,,1,B of A Securities:18.2
2026-01-22,TFC,5.9,,1,Piper Sandler:5.9
2026-01-22,TSCO,-1,,1,Stephens & Co.:-1
2026-01-22,ULTA,15.7,,1,Raymond James:15.7
2026-01-23,ABT,15.5,,1,Bernstein:15.5
2026-01-23,COHR,18.5,,1,Susquehanna:18.5
2026-01-23,COR,25.2,,1,Jefferies:25.2
2026-01-23,ED,8.3,,1,UBS:8.3
2026-01-23,GOOG,20.2,,1,Raymond James:20.2
2026-01-23,META,41.1,,1,Jefferies:41.1
2026-01-23,OKE,29.8,,1,UBS:29.8
2026-01-23,RCL,34.2,,1,Mizuho:34.2
2026-01-23,SWKS,9.6,,1,Susquehanna:9.6
2026-01-24,CFG,12.7,,1,Argus Research:12.7
2026-01-24,DHI,18.7,,1,Argus Research:18.7
2026-01-24,DRI,12.9,,1,Mizuho:12.9
2026-01-24,INTC,-4,,1,Evercore ISI Group:-4
2026-01-24,MKC,6.5,,1,Stifel:6.5
2026-01-24,RSG,18.1,,1,Oppenheimer:18.1
2026-01-24,TFC,16,,1,Argus Research:16
2026-01-24,VRTX,13.9,,1,Evercore ISI Group:13.9
2026-01-26,GILD,14.1,,1,UBS:14.1
2026-01-27,FIX,5,,1,Stifel:5
2026-01-27,NRG,21.2,,1,Jefferies:21.2
2026-01-27,PWR,9,,1,Stifel:9
2026-01-27,SLB,9.4,,1,B of A Securities:9.4
2026-01-27,SWKS,0.2,,1,B. Riley Securities:0.2
2026-01-27,UBER,28.1,,1,Stifel:28.1
2026-01-27,WRB,1.6,,1,Jefferies:1.6
2026-01-28,ALB,17.8,,1,Jefferies:17.8
2026-01-28,BRO,14.5,,1,Jefferies:14.5
2026-01-28,EXPE,21.8,,1,Goldman Sachs:21.8
2026-01-28,FFIV,7.2,,1,Goldman Sachs:7.2
2026-01-28,HCA,18.1,,1,Jefferies:18.1
2026-01-28,NEE,3.75,1.6263,2,Argus Research:4.9|Mizuho:2.6
2026-01-28,NOC,11.2,,1,RBC Capital:11.2
2026-01-28,PTC,21.1,,1,Oppenheimer:21.1
2026-01-28,RTX,6.8,,1,JP Morgan:6.8
2026-01-28,STX,-2.6,,1,Goldman Sachs:-2.6
2026-01-28,UPS,11.6,13.1522,2,Jefferies:20.9|Wells Fargo:2.3
2026-01-29,ADP,10.3,,1,JP Morgan:10.3
2026-01-29,BA,17.7,,1,UBS:17.7
2026-01-29,GEV,29,,1,Goldman Sachs:29
2026-01-29,GM,21.8,,1,Piper Sandler:21.8
2026-01-29,HCA,13.4,,1,Deutsche Bank:13.4
2026-01-29,LRCX,6.7,,1,Goldman Sachs:6.7
2026-01-29,META,-5.1,,1,Scotiabank:-5.1
2026-01-29,MLM,5,,1,Loop Capital:5
2026-01-29,NOC,7.8,,1,B of A Securities:7.8
2026-01-29,PPG,11.1333,3.2929,3,Goldman Sachs:14.9|Jefferies:8.8|JP Morgan:9.7
2026-01-29,ROP,23.12,20.2881,5,Citigroup:26.5|Goldman Sachs:23.7|Mizuho:2.6|Stifel:8.2|Truist Securities:54.6
2026-01-29,SYY,9.8333,5.1733,3,Jefferies:13.4|JP Morgan:3.9|Truist Securities:12.2
2026-01-29,TXN,-5.3,,1,Deutsche Bank:-5.3
2026-01-29,UPS,13.05,16.1927,2,Deutsche Bank:1.6|Truist Securities:24.5
2026-01-30,AES,14.6,,1,JP Morgan:14.6
2026-01-30,ARE,4.9,,1,Jefferies:4.9
2026-01-30,DECK,-19.9,,1,Goldman Sachs:-19.9
2026-01-30,DHR,23.1,3.2527,2,Jefferies:20.8|JP Morgan:25.4
2026-01-30,LHX,4,,1,RBC Capital:4
2026-01-30,LVS,47.5,,1,Deutsche Bank:47.5
2026-01-30,META,0.3,,1,BMO Capital:0.3
2026-01-30,MSFT,36.6,,1,Keybanc:36.6
2026-01-30,NDAQ,10.2,,1,RBC Capital:10.2
2026-01-30,PH,11.6,5.9397,2,Barclays:7.4|Jefferies:15.8
2026-01-30,PHM,17.7,,1,Oppenheimer:17.7
2026-01-30,SBUX,18.1,9.8995,2,Barclays:25.1|Piper Sandler:11.1
2026-01-30,STX,12.3,,1,Baird:12.3
2026-01-30,TMO,17.6,0.2828,2,Citigroup:17.8|TD Cowen:17.4
2026-01-30,TPR,15.9,,1,Goldman Sachs:15.9
2026-01-30,TT,-5.2,,1,Wells Fargo:-5.2
2026-01-30,V,23.7,,1,Morgan Stanley:23.7
2026-01-31,DOV,19.8,,1,JP Morgan:19.8
2026-01-31,MA,21.1,,1,JP Morgan:21.1
2026-01-31,MO,13.3,,1,Stifel:13.3
2026-01-31,NDAQ,3,,1,JP Morgan:3
2026-01-31,TSCO,14.8,,1,JP Morgan:14.8
2026-02-02,CHD,7.9,,1,Morgan Stanley:7.9
2026-02-02,LHX,15.4,,1,Morgan Stanley:15.4
2026-02-02,LMT,-16.6,,1,Goldman Sachs:-16.6
2026-02-02,META,12,,1,Argus Research:12
2026-02-02,REGN,18,,1,Oppenheimer:18
2026-02-03,BA,24.8,,1,Jefferies:24.8
2026-02-03,BKR,18.9,,1,Jefferies:18.9
2026-02-03,CHD,18.5,,1,Jefferies:18.5
2026-02-03,HIG,3.5,,1,Morgan Stanley:3.5
2026-02-03,HSY,5.5,,1,Jefferies:5.5
2026-02-03,PHM,3.9,,1,JP Morgan:3.9
2026-02-03,PTC,4.9,,1,JP Morgan:4.9
2026-02-03,SLB,20.5,,1,Jefferies:20.5
2026-02-04,APTV,33.3,,1,Oppenheimer:33.3
2026-02-04,BR,20.7,,1,JP Morgan:20.7
2026-02-04,CHTR,9,,1,Deutsche Bank:9
2026-02-04,DIS,26.7,,1,Jefferies:26.7
2026-02-04,HIG,2.9,,1,Citigroup:2.9
2026-02-04,HUBB,5.3,,1,JP Morgan:5.3
2026-02-04,MDLZ,6.7,,1,Piper Sandler:6.7
2026-02-04,PGR,30,,1,Citigroup:30
2026-02-04,PYPL,-18.3,,1,Morgan Stanley:-18.3
2026-02-04,RVTY,7.1,,1,Wells Fargo:7.1
2026-02-04,WDC,-12.4,,1,Goldman Sachs:-12.4
2026-02-05,AES,3.2,,1,Jefferies:3.2
2026-02-05,ALGN,19.3,,1,Stifel:19.3
2026-02-05,BALL,7.2,,1,Mizuho:7.2
2026-02-05,BSX,29.3,,1,JP Morgan:29.3
2026-02-05,CCI,18.3,13.2045,3,Jefferies:5.3|Scotiabank:17.9|UBS:31.7
2026-02-05,CME,1.7,,1,RBC Capital:1.7
2026-02-05,CMG,10.3,4.3301,3,Keybanc:5.3|Stifel:12.8|Wells Fargo:12.8
2026-02-05,DOC,13.2,,1,Evercore ISI Group:13.2
2026-02-05,EFX,27.15,1.9092,2,JP Morgan:25.8|Stifel:28.5
2026-02-05,FOXA,17.4,0,2,Citigroup:17.4|UBS:17.4
2026-02-05,GOOGL,26.5,,1,JP Morgan:26.5
2026-02-05,LHX,20,4.8083,2,Citigroup:23.4|JP Morgan:16.6
2026-02-05,LITE,23.35,3.8891,2,B. Riley Securities:20.6|Susquehanna:26.1
2026-02-05,MDLZ,13.1,,1,Stifel:13.1
2026-02-05,PTC,27.4,,1,RBC Capital:27.4
2026-02-05,TECH,-4.5,,1,Stifel:-4.5
2026-02-05,UBER,43.3,,1,RBC Capital:43.3
2026-02-06,ALGN,12.4,,1,Wells Fargo:12.4
2026-02-06,AVY,15.7,,1,BMO Capital:15.7
2026-02-06,DLR,13.4,,1,Citigroup:13.4
2026-02-06,EMR,11.3,,1,Deutsche Bank:11.3
2026-02-06,FOXA,16.6,,1,Morgan Stanley:16.6
2026-02-06,GEHC,3.1,,1,Morgan Stanley:3.1
2026-02-06,HCA,8.9,,1,Argus Research:8.9
2026-02-06,IQV,26.5333,15.561,3,Citigroup:9.2|Jefferies:39.3|UBS:31.1
2026-02-06,JCI,16.1,,1,JP Morgan:16.1
2026-02-06,JKHY,3.6,,1,Morgan Stanley:3.6
2026-02-06,MAA,4.6,,1,RBC Capital:4.6
2026-02-06,MCK,-7.3,,1,Mizuho:-7.3
2026-02-06,ORLY,17.25,1.4849,2,RBC Capital:18.3|Truist Securities:16.2
2026-02-06,PSA,3.8,,1,Wells Fargo:3.8
2026-02-06,RL,19.9,,1,Jefferies:19.9
2026-02-06,UBER,41.3,7.621,3,Citigroup:45.7|Mizuho:45.7|Morgan Stanley:32.5
2026-02-07,BA,21.1,,1,Freedom Broker:21.1
2026-02-07,GWW,-2.5,,1,JP Morgan:-2.5
2026-02-07,MCHP,21,,1,Mizuho:21
2026-02-07,ORLY,17.2,,1,JP Morgan:17.2
2026-02-07,RCL,29.1,,1,Tigress Financial:29.1
2026-02-07,RDDT,57.9,,1,Guggenheim:57.9
2026-02-07,ROK,-1.7,,1,Mizuho:-1.7
2026-02-07,WEC,7,,1,Mizuho:7
2026-02-09,CB,16.4,,1,Citigroup:16.4
2026-02-09,IDXX,15.8,,1,Piper Sandler:15.8
2026-02-09,MCO,17.7,,1,Goldman Sachs:17.7
2026-02-09,MDLZ,6.7,,1,DA Davidson:6.7
2026-02-09,MPWR,11,,1,Citigroup:11
2026-02-10,CB,15.7,,1,Raymond James:15.7
2026-02-10,DGX,10.4,,1,Citigroup:10.4
2026-02-10,EMR,-3.2,,1,Stephens & Co.:-3.2
2026-02-10,FTV,3.6,,1,Barclays:3.6
2026-02-10,ON,15.8,,1,Piper Sandler:15.8
2026-02-10,VST,26.6,,1,Jefferies:26.6
2026-02-10,WDC,16.1,,1,Wedbush:16.1
2026-02-10,WMT,6.3,,1,Mizuho:6.3
2026-02-11,CAT,8.7,,1,B of A Securities:8.7
2026-02-11,COST,7.9,,1,Evercore ISI Group:7.9
2026-02-11,DD,10.3,,1,Wells Fargo:10.3
2026-02-11,ECL,12.4,,1,Stifel:12.4
2026-02-11,EW,20.8,,1,Goldman Sachs:20.8
2026-02-11,GM,11.8,,1,Benchmark:11.8
2026-02-11,HAS,9.8,,1,Goldman Sachs:9.8
2026-02-11,MAR,13.35,3.3234,2,Goldman Sachs:11|Jefferies:15.7
2026-02-11,SPGI,29.4,,1,Goldman Sachs:29.4
2026-02-12,APP,73.3,,1,Jefferies:73.3
2026-02-12,DD,12.7,4.1012,2,BMO Capital:15.6|Keybanc:9.8
2026-02-12,DGX,3.9,,1,Jefferies:3.9
2026-02-12,EQIX,9.8,,1,BMO Capital:9.8
2026-02-12,EW,26.1,,1,Wells Fargo:26.1
2026-02-12,FIS,34.2,,1,JP Morgan:34.2
2026-02-12,GILD,7.5,,1,Wells Fargo:7.5
2026-02-12,GOOG,11.4,,1,UBS:11.4
2026-02-12,GPN,24.4,,1,JP Morgan:24.4
2026-02-12,HII,0,,1,B of A Securities:0
2026-02-12,HUM,36.1,,1,Jefferies:36.1
2026-02-12,INCY,2.2,,1,Wells Fargo:2.2
2026-02-12,MAA,13.7,,1,Keybanc:13.7
2026-02-12,MCD,6.1,10.748,2,Jefferies:13.7|Piper Sandler:-1.5
2026-02-12,MLM,15,,1,Jefferies:15
2026-02-12,SPGI,69.4,,1,Evercore ISI Group:69.4
2026-02-13,ABNB,26.5,,1,TD Cowen:26.5
2026-02-13,AEE,3.5,,1,Wells Fargo:3.5
2026-02-13,AKAM,19.6,,1,DA Davidson:19.6
2026-02-13,ANET,28.9,,1,Goldman Sachs:28.9
2026-02-13,EQIX,4.5,,1,Jefferies:4.5
2026-02-13,FDX,28.5,,1,TD Cowen:28.5
2026-02-13,FRT,4.9,,1,Stifel:4.9
2026-02-13,MCD,11.3,,1,Truist Securities:11.3
2026-02-13,MDLZ,13.1,,1,Wells Fargo:13.1
2026-02-13,TEL,26,,1,Oppenheimer:26
2026-02-13,TYL,34.65,27.9307,2,Oppenheimer:54.4|Wells Fargo:14.9
2026-02-13,VRT,21.7,,1,Mizuho:21.7
2026-02-13,VRTX,8.55,13.7886,2,Scotiabank:18.3|Stifel:-1.2
2026-02-13,YUM,15.8,,1,Evercore ISI Group:15.8
2026-02-14,EXC,7.4,,1,Mizuho:7.4
2026-02-14,IFF,21.2,,1,Wells Fargo:21.2
2026-02-14,TYL,37.2,,1,Needham:37.2
2026-02-14,WMT,9.3,,1,Keybanc:9.3
2026-02-17,CI,18.9,,1,Truist Securities:18.9
2026-02-17,HUM,-14.3,,1,Goldman Sachs:-14.3
2026-02-18,DD,13,,1,Deutsche Bank:13
2026-02-18,DTE,16.2,,1,Citigroup:16.2
2026-02-18,GIS,8.3,,1,Bernstein:8.3
2026-02-18,IFF,11.3,,1,Mizuho:11.3
2026-02-18,JKHY,23.3,,1,Wells Fargo:23.3
2026-02-18,KVUE,-2.9,,1,Canaccord Genuity:-2.9
2026-02-18,MDLZ,21.9,,1,Bernstein:21.9
2026-02-18,MDT,4.2,,1,JP Morgan:4.2
2026-02-18,RSG,7.85,7.4246,2,BMO Capital:13.1|Morgan Stanley:2.6
2026-02-18,UDR,7.7,,1,Piper Sandler:7.7
2026-02-18,WDAY,34.2,,1,Deutsche Bank:34.2
2026-02-19,BLDR,10.4,,1,Baird:10.4
2026-02-19,DASH,27,,1,Oppenheimer:27
2026-02-19,FE,13.4,,1,Scotiabank:13.4
2026-02-19,IQV,44.9,,1,Truist Securities:44.9
2026-02-19,LDOS,14.2,,1,Baird:14.2
2026-02-19,MCO,13.6,7.7782,2,Stifel:19.1|UBS:8.1
2026-02-19,PPG,0.8,,1,Evercore ISI Group:0.8
2026-02-19,VMC,20.7,,1,Truist Securities:20.7
2026-02-19,VRSK,11.5,,1,Goldman Sachs:11.5
2026-02-20,ADI,15.8,0,2,Benchmark:15.8|Susquehanna:15.8
2026-02-20,AEE,15.3,,1,UBS:15.3
2026-02-20,BX,12.8,,1,UBS:12.8
2026-02-20,CVNA,57.3,,1,Stephens & Co.:57.3
2026-02-20,DASH,56.1,,1,B of A Securities:56.1
2026-02-20,ED,2.6,,1,Scotiabank:2.6
2026-02-20,EVRG,2.9,,1,Wells Fargo:2.9
2026-02-20,EXC,7.5,,1,UBS:7.5
2026-02-20,MCO,36.5,,1,Evercore ISI Group:36.5
2026-02-20,PFE,-6.4,,1,Barclays:-6.4
2026-02-20,PWR,4.9667,3.8592,3,B. Riley Securities:1.9|Baird:9.3|DA Davidson:3.7
2026-02-20,SO,6.7,,1,Scotiabank:6.7
2026-02-20,SYY,11.1,,1,Wells Fargo:11.1
2026-02-20,TAP,2.5,,1,Evercore ISI Group:2.5
2026-02-21,BKNG,24.6,,1,Susquehanna:24.6
2026-02-21,BMY,23.7,,1,Barclays:23.7
2026-02-21,INVH,31.8,,1,Keybanc:31.8
2026-02-21,LYV,22.8,,1,Evercore ISI Group:22.8
2026-02-21,SO,3.65,5.869,2,Mizuho:7.8|Wells Fargo:-0.5
2026-02-21,WMT,6.5,,1,HSBC:6.5
2026-02-23,ADSK,27.4,,1,Stifel:27.4
2026-02-23,GDDY,12.3,,1,Jefferies:12.3
2026-02-23,OMC,7.4,,1,Barclays:7.4
2026-02-23,PPL,7.6,5.7983,2,Citigroup:3.5|UBS:11.7
2026-02-23,TDY,15.6,,1,Jefferies:15.6
2026-02-23,WMT,9.3,,1,Evercore ISI Group:9.3
2026-02-24,DE,13.5,,1,Morgan Stanley:13.5
2026-02-24,HSIC,19,,1,Baird:19
2026-02-24,PH,2.5,,1,Morgan Stanley:2.5
2026-02-24,TRGP,13.6,,1,Citigroup:13.6
2026-02-24,WDAY,78.4,,1,JP Morgan:78.4
2026-02-25,AMT,29.4,,1,UBS:29.4
2026-02-25,CRL,3,,1,UBS:3
2026-02-25,FSLR,19.5,,1,RBC Capital:19.5
2026-02-25,GDDY,30.1,,1,RBC Capital:30.1
2026-02-25,HSIC,11.4,,1,JP Morgan:11.4
2026-02-25,INVH,21.2,,1,Citigroup:21.2
2026-02-25,WDAY,75.6,,1,Mizuho:75.6
2026-02-26,A,35.4,,1,UBS:35.4
2026-02-26,FIS,11.4,,1,Susquehanna:11.4
2026-02-26,GDDY,45.7,,1,Barclays:45.7
2026-02-26,HSIC,12.75,8.6974,2,Barrington Research:18.9|Wells Fargo:6.6
2026-02-26,IBM,-1.5,,1,UBS:-1.5
2026-02-26,KR,0.1,,1,Wells Fargo:0.1
2026-02-26,PNW,3,8.4853,2,Citigroup:9|Wells Fargo:-3
2026-02-26,TAP,-12.3,,1,B of A Securities:-12.3
2026-02-26,TTD,101.45,83.7922,2,BMO Capital:160.7|Morgan Stanley:42.2
2026-02-26,WDAY,58.75,59.3263,2,Evercore ISI Group:16.8|Guggenheim:100.7
2026-02-27,TTD,6.3,,1,Loop Capital:6.3
2026-02-27,XYZ,41.1,,1,Oppenheimer:41.1
2026-02-28,AEP,-0.1,,1,UBS:-0.1
2026-02-28,AON,19.9,,1,B of A Securities:19.9
2026-03-02,D,6.3,,1,Scotiabank:6.3
2026-03-02,PFE,26.9,,1,Argus Research:26.9
2026-03-02,VRSK,23.8,,1,Raymond James:23.8
2026-03-03,CI,30.7,,1,Piper Sandler:30.7
2026-03-03,COHR,22.4,,1,Barclays:22.4
2026-03-03,KMI,5.9,,1,Morgan Stanley:5.9
2026-03-03,MAA,13.1,,1,BTIG:13.1
2026-03-03,NEM,24.6,,1,Citigroup:24.6
2026-03-03,REG,6.4,,1,Truist Securities:6.4
2026-03-03,TTD,16.4,,1,Piper Sandler:16.4
2026-03-04,AES,5.8,,1,Mizuho:5.8
2026-03-04,AZO,11.8,,1,Evercore ISI Group:11.8
2026-03-04,DASH,44.5,,1,Mizuho:44.5
2026-03-04,DUK,2.7,,1,Wells Fargo:2.7
2026-03-04,NCLH,26.2,,1,B of A Securities:26.2
2026-03-04,SLB,23.3,,1,Goldman Sachs:23.3
2026-03-05,APP,35.7,,1,Oppenheimer:35.7
2026-03-05,EQT,-10.3,,1,Piper Sandler:-10.3
2026-03-05,HAS,14,,1,UBS:14
2026-03-05,JNJ,3,,1,JP Morgan:3
2026-03-05,LII,18.4,,1,Oppenheimer:18.4
2026-03-05,NEE,12.7,,1,UBS:12.7
2026-03-05,PEG,6.7,,1,Barclays:6.7
2026-03-05,ROST,6.9,,1,Guggenheim:6.9
2026-03-05,TGT,-11.5,,1,B of A Securities:-11.5
2026-03-05,VMC,9.8,,1,JP Morgan:9.8
2026-03-06,AEP,16.8,,1,Evercore ISI Group:16.8
2026-03-06,COST,36,,1,BMO Capital:36
2026-03-06,DUK,5.8,,1,Evercore ISI Group:5.8
2026-03-06,EIX,-11,,1,Ladenburg Thalmann:-11
2026-03-06,KMI,10.3,,1,Mizuho:10.3
2026-03-06,NI,7.2,,1,Evercore ISI Group:7.2
2026-03-06,PEG,15,,1,Evercore ISI Group:15
2026-03-06,SO,14,,1,Evercore ISI Group:14
2026-03-06,SRE,8.1,,1,UBS:8.1
2026-03-07,AES,5.5,,1,Morgan Stanley:5.5
2026-03-07,IQV,17.8,,1,Barclays:17.8
2026-03-09,AZO,17.5,,1,Argus Research:17.5
2026-03-09,DOW,8.7,,1,Fermium Research:8.7
2026-03-10,ARE,11.8,,1,JP Morgan:11.8
2026-03-10,CRM,16.1,,1,Northland Capital Markets:16.1
2026-03-10,DOW,12.7,,1,Jefferies:12.7
2026-03-10,INVH,28,,1,Morgan Stanley:28
2026-03-10,LYB,6.5,,1,Jefferies:6.5
2026-03-10,O,11.2,,1,UBS:11.2
2026-03-10,PCG,26.9,,1,UBS:26.9
2026-03-10,RDDT,76.2,,1,Jefferies:76.2
2026-03-10,VRTX,23.2333,1.6862,3,B of A Securities:24|Citigroup:21.3|Oppenheimer:24.4
2026-03-10,WBD,11.8,,1,Wells Fargo:11.8
2026-03-11,AMGN,-6.7,,1,Jefferies:-6.7
2026-03-11,APA,-8.6,,1,Goldman Sachs:-8.6
2026-03-11,BG,14.8,2.9698,2,BMO Capital:12.7|Morgan Stanley:16.9
2026-03-11,FANG,22.5,,1,Goldman Sachs:22.5
2026-03-11,GILD,22.4,,1,Jefferies:22.4
2026-03-11,ORCL,26.2,,1,JP Morgan:26.2
2026-03-11,OXY,0.9,,1,Goldman Sachs:0.9
2026-03-11,VRTX,22.6,8.6267,2,HC Wainwright & Co.:28.7|Jefferies:16.5
2026-03-12,AEP,6.1,,1,JP Morgan:6.1
2026-03-12,DVN,46.6,,1,Piper Sandler:46.6
2026-03-12,ED,1.1,,1,JP Morgan:1.1
2026-03-12,ES,1.4,,1,JP Morgan:1.4
2026-03-12,EXC,9.1,,1,JP Morgan:9.1
2026-03-12,FE,8.6,,1,JP Morgan:8.6
2026-03-12,PEG,9.2,,1,JP Morgan:9.2
2026-03-13,CF,13.6,,1,Wells Fargo:13.6
2026-03-13,KMI,-1.6,,1,Stifel:-1.6
2026-03-13,OXY,14.4,,1,Piper Sandler:14.4
2026-03-13,PAYX,11.5,,1,BMO Capital:11.5
2026-03-13,ULTA,14.8,,1,Oppenheimer:14.8
2026-03-14,ULTA,26.3,,1,Telsey Advisory Group:26.3
2026-03-16,HBAN,29.8,,1,DA Davidson:29.8
2026-03-16,MDLZ,25.9,,1,Morgan Stanley:25.9
2026-03-17,DLTR,8.5,,1,Citigroup:8.5
2026-03-17,EQT,11.1,,1,JP Morgan:11.1
2026-03-17,ETN,17.6,,1,Jefferies:17.6
2026-03-17,INCY,1,,1,Jefferies:1
2026-03-17,ORCL,105.9,,1,Mizuho:105.9
2026-03-17,TMUS,4.1,,1,Citigroup:4.1
2026-03-18,ALGN,15.6,,1,Barclays:15.6
2026-03-18,CF,-4.35,20.5768,2,B of A Securities:-18.9|BMO Capital:10.2
2026-03-18,DLTR,7.7,38.8909,2,B of A Securities:-19.8|Telsey Advisory Group:35.2
2026-03-18,DOV,7.8,,1,Wells Fargo:7.8
2026-03-18,PTC,27.7,,1,Keybanc:27.7
2026-03-18,VRTX,24.2,,1,Maxim Group:24.2
2026-03-19,GIS,19,23.8539,3,Goldman Sachs:6.6|Mizuho:3.9|RBC Capital:46.5
2026-03-19,LYB,-1.8,,1,Deutsche Bank:-1.8
2026-03-19,META,54.4,,1,Tigress Financial:54.4
2026-03-19,MU,24.7,6.6468,2,Bernstein:20|JP Morgan:29.4
2026-03-19,TTD,12,,1,Stifel:12
2026-03-20,CEG,27.2,,1,JP Morgan:27.2
2026-03-20,FDX,48.3,,1,Susquehanna:48.3
2026-03-20,OMC,50.5,,1,UBS:50.5
2026-03-20,PAYX,11.7,,1,RBC Capital:11.7
2026-03-20,VZ,10.6,,1,Citigroup:10.6
2026-03-21,DRI,13.1,,1,Barclays:13.1
2026-03-21,MOS,16.1,,1,B of A Securities:16.1
2026-03-21,OXY,5.6,,1,JP Morgan:5.6
2026-03-23,BAC,17.9,,1,Goldman Sachs:17.9
2026-03-23,EXR,8.2,,1,JP Morgan:8.2
2026-03-23,PSA,7.8,,1,JP Morgan:7.8
2026-03-23,PTC,6.4,,1,Mizuho:6.4
2026-03-23,SHW,21,,1,Mizuho:21
2026-03-23,SMCI,8.3,,1,Northland Capital Markets:8.3
2026-03-23,T,11.4,,1,Citigroup:11.4
2026-03-23,WFC,17,,1,Goldman Sachs:17
2026-03-24,BG,10.2,,1,JP Morgan:10.2
2026-03-24,CCI,5.9,,1,Wells Fargo:5.9
2026-03-24,FICO,48.8,,1,Baird:48.8
2026-03-24,KMI,13,,1,Truist Securities:13
2026-03-24,PCG,10,,1,Jefferies:10
2026-03-24,PGR,4.8,,1,Jefferies:4.8
2026-03-24,SRE,23.9,,1,Wells Fargo:23.9
2026-03-24,TRGP,16.4,,1,UBS:16.4
2026-03-25,AJG,27.9,,1,BMO Capital:27.9
2026-03-25,BX,13.9,,1,BMO Capital:13.9
2026-03-25,HD,29.9,,1,Telsey Advisory Group:29.9
2026-03-25,SMCI,6.1,,1,B of A Securities:6.1
2026-03-25,WAT,8.7,,1,Deutsche Bank:8.7
2026-03-26,CTAS,7.7,,1,Stifel:7.7
2026-03-26,EXC,21,,1,Citigroup:21
2026-03-26,GM,26.4,,1,Wolfe Research:26.4
2026-03-26,HAL,8.1,,1,BMO Capital:8.1
2026-03-26,LUV,3.1,,1,Freedom Broker:3.1
2026-03-26,PNC,22,,1,Jefferies:22
2026-03-26,TFC,-21.6,,1,Jefferies:-21.6
2026-03-26,WFC,25.2,,1,Jefferies:25.2
2026-03-27,CCL,58.7,,1,Mizuho:58.7
2026-03-27,CHRW,31.2,,1,B of A Securities:31.2
2026-03-27,ES,8.75,1.0607,2,B of A Securities:8|UBS:9.5
2026-03-27,GNRC,26.6,,1,B of A Securities:26.6
2026-03-27,GPN,58.9,,1,Mizuho:58.9
2026-03-27,KMI,-5.9,,1,Scotiabank:-5.9
2026-03-27,PAYX,34,,1,Baird:34
2026-03-28,CEG,35.5,,1,B of A Securities:35.5
2026-03-28,EQT,12.7,,1,BMO Capital:12.7
2026-03-28,IEX,13,,1,BMO Capital:13
2026-03-28,PH,21.1,,1,BMO Capital:21.1
2026-03-30,DOW,15.3,,1,Wells Fargo:15.3
2026-03-30,EL,59.5,,1,Deutsche Bank:59.5
2026-03-30,FITB,20.1,,1,Piper Sandler:20.1
2026-03-30,KDP,6.5,,1,Deutsche Bank:6.5
2026-03-30,KHC,-9.6,,1,Deutsche Bank:-9.6
2026-03-30,KMB,10.1,,1,Deutsche Bank:10.1
2026-03-30,KMI,-0.8,4.1012,2,Citigroup:-3.7|RBC Capital:2.1
2026-03-30,MDLZ,-7.9,,1,Deutsche Bank:-7.9
2026-03-30,META,44.5,,1,Morgan Stanley:44.5
2026-03-30,PG,13.3,,1,Deutsche Bank:13.3
2026-03-30,RF,10,,1,Piper Sandler:10
2026-03-30,SJM,2.1,,1,Deutsche Bank:2.1
2026-03-30,TAP,-4.8,,1,Deutsche Bank:-4.8
2026-03-30,VRSK,24.4,,1,RBC Capital:24.4
2026-03-31,CCL,16,,1,Bernstein:16
2026-03-31,CTAS,-5.6,,1,Citigroup:-5.6
2026-03-31,CVS,40.6,,1,Piper Sandler:40.6
2026-03-31,IDXX,20.5,,1,Stifel:20.5
2026-03-31,MLM,10,,1,Barclays:10
2026-03-31,NSC,9.8,,1,Bernstein:9.8
2026-03-31,PNR,45.8,,1,Jefferies:45.8
2026-03-31,ROK,16.3,,1,Baird:16.3
2026-03-31,TEL,23.7,,1,Jefferies:23.7
2026-03-31,TRMB,34.9,,1,Baird:34.9
2026-03-31,UNP,21.7,,1,Bernstein:21.7
2026-04-01,ALLE,6.3,,1,Wells Fargo:6.3
2026-04-01,AMCR,25,,1,Deutsche Bank:25
2026-04-01,BA,22.9,,1,Wells Fargo:22.9
2026-04-01,CARR,2.4,,1,Wells Fargo:2.4
2026-04-01,CEG,13.7,,1,Keybanc:13.7
2026-04-01,CF,-17.6,,1,Mizuho:-17.6
2026-04-01,FDS,0.5,,1,Goldman Sachs:0.5
2026-04-01,GE,12,,1,Wells Fargo:12
2026-04-01,GEV,0.8,,1,Wells Fargo:0.8
2026-04-01,ITW,-3.9,,1,Barclays:-3.9
2026-04-01,LDOS,6.8,,1,Wells Fargo:6.8
2026-04-01,MDT,21.85,23.6881,2,Barclays:38.6|Piper Sandler:5.1
2026-04-01,MKC,27.4,,1,Jefferies:27.4
2026-04-01,MMM,26.7,,1,Barclays:26.7
2026-04-01,NOC,16.1,,1,Wells Fargo:16.1
2026-04-01,OTIS,4.7,,1,Wells Fargo:4.7
2026-04-01,SCHW,26.3,,1,Truist Securities:26.3
2026-04-01,SWK,32.8,,1,Barclays:32.8
2026-04-01,TDG,3.5,,1,Wells Fargo:3.5
2026-04-01,UNH,20.3,,1,Raymond James:20.3
2026-04-02,CEG,42.3,,1,BMO Capital:42.3
2026-04-02,COP,14.2,,1,Citigroup:14.2
2026-04-02,CVX,16,,1,Citigroup:16
2026-04-02,FICO,45.5,,1,Goldman Sachs:45.5
2026-04-02,GPN,41.2,,1,Citigroup:41.2
2026-04-02,RTX,15.8,,1,Citigroup:15.8
2026-04-02,TXT,12.5,,1,Citigroup:12.5
2026-04-03,FANG,13.9,,1,Keybanc:13.9
2026-04-03,RDDT,35,,1,B of A Securities:35
2026-04-03,SYY,26.6,,1,Guggenheim:26.6
2026-04-06,RJF,3.1,,1,Jefferies:3.1
2026-04-06,SCHW,25.7,,1,Jefferies:25.7
2026-04-06,VMC,15.1,,1,Morgan Stanley:15.1
2026-04-06,WFC,17.3,,1,Evercore ISI Group:17.3
2026-04-06,WYNN,48.4,,1,Jefferies:48.4
2026-04-07,APO,27.6,,1,Goldman Sachs:27.6
2026-04-07,COF,43.1,,1,Goldman Sachs:43.1
2026-04-07,FSLR,-3.1,,1,Jefferies:-3.1
2026-04-07,KKR,26.3,5.5154,2,Goldman Sachs:22.4|Piper Sandler:30.2
2026-04-07,MCK,16.6,,1,B of A Securities:16.6
2026-04-07,MDT,27.9,,1,Citigroup:27.9
2026-04-07,TROW,-10.3,,1,Goldman Sachs:-10.3
2026-04-07,TSLA,55.3,,1,Baird:55.3
2026-04-08,ABNB,41.2,,1,Tigress Financial:41.2
2026-04-08,AXON,55.9,,1,Goldman Sachs:55.9
2026-04-08,COP,28.5,,1,Piper Sandler:28.5
2026-04-08,DGX,7,,1,Evercore ISI Group:7
2026-04-08,HSIC,21.8,,1,Evercore ISI Group:21.8
2026-04-08,IQV,5.5,,1,Evercore ISI Group:5.5
2026-04-08,KDP,44.5,,1,Wells Fargo:44.5
2026-04-08,LEN,-16.8,,1,Seaport Global:-16.8
2026-04-08,LH,10.3,,1,Evercore ISI Group:10.3
2026-04-08,LMT,4.5,,1,Jefferies:4.5
2026-04-08,PHM,-15.8,,1,Seaport Global:-15.8
2026-04-08,RCL,15.9,,1,JP Morgan:15.9
2026-04-08,TXT,21.5,,1,Jefferies:21.5
2026-04-09,COHR,4.7,,1,JP Morgan:4.7
2026-04-09,COST,10.2,,1,Telsey Advisory Group:10.2
2026-04-09,DE,-9.5,,1,Jefferies:-9.5
2026-04-09,GEV,14.5,,1,Susquehanna:14.5
2026-04-09,ICE,13.4,,1,Keefe; Bruyette & Woods:13.4
2026-04-09,ISRG,32.6,,1,Goldman Sachs:32.6
2026-04-09,MGM,-5,,1,Morgan Stanley:-5
2026-04-09,PG,-1.7,,1,Piper Sandler:-1.7
2026-04-09,PRU,2.1,,1,UBS:2.1
2026-04-09,REGN,20.5,,1,Bernstein:20.5
2026-04-09,XOM,12.85,6.2933,2,Jefferies:17.3|JP Morgan:8.4
2026-04-10,AES,4.1,,1,Susquehanna:4.1
2026-04-10,AXP,30.8,,1,Wells Fargo:30.8
2026-04-10,BDX,7.5,,1,Goldman Sachs:7.5
2026-04-10,COF,33.9,,1,Wells Fargo:33.9
2026-04-10,IT,1.8,,1,Barclays:1.8
2026-04-10,KMB,22.5,,1,B of A Securities:22.5
2026-04-10,LIN,14.4,,1,UBS:14.4
2026-04-10,MDLZ,10,,1,B of A Securities:10
2026-04-10,PFE,2.5,,1,Morgan Stanley:2.5
2026-04-10,PPG,17.4,,1,Wells Fargo:17.4
2026-04-10,RSG,12.9,,1,JP Morgan:12.9
2026-04-10,WM,16.4,,1,JP Morgan:16.4
2026-04-10,XOM,20.1,,1,Wells Fargo:20.1
2026-04-11,CBOE,-7.5,,1,Morgan Stanley:-7.5
2026-04-11,CL,18.7,,1,B of A Securities:18.7
2026-04-11,IVZ,19.4,,1,BMO Capital:19.4
2026-04-11,MO,8.2,,1,B of A Securities:8.2
2026-04-11,PH,1.4,,1,Stifel:1.4
2026-04-13,AOS,-7.3,,1,Goldman Sachs:-7.3
2026-04-13,DOV,16.7,,1,Citigroup:16.7
2026-04-13,GEHC,23.9,,1,Mizuho:23.9
2026-04-13,GILD,19.6,,1,Citigroup:19.6
2026-04-13,NKE,13.7,,1,HSBC:13.7
2026-04-13,PEG,10.2,,1,BMO Capital:10.2
2026-04-14,APD,9.2,,1,BMO Capital:9.2
2026-04-14,CB,-17.3,,1,B of A Securities:-17.3
2026-04-14,CCL,23.9,,1,UBS:23.9
2026-04-14,CF,10.1,,1,Goldman Sachs:10.1
2026-04-14,HIG,-0.1,,1,B of A Securities:-0.1
2026-04-14,J,0.1,,1,Baird:0.1
2026-04-14,JPM,11.4,,1,Piper Sandler:11.4
2026-04-14,KEYS,15.1,,1,Goldman Sachs:15.1
2026-04-14,MA,32.9,,1,Citigroup:32.9
2026-04-14,MET,31.3,,1,B of A Securities:31.3
2026-04-14,PFE,-0.7,,1,UBS:-0.7
2026-04-14,PRU,6.1,,1,B of A Securities:6.1
2026-04-14,RDDT,17.9,,1,Goldman Sachs:17.9
2026-04-14,SBUX,-6,,1,Jefferies:-6
2026-04-14,SPGI,28.7,,1,Wells Fargo:28.7
2026-04-14,TEL,14.1,,1,Goldman Sachs:14.1
2026-04-14,VRT,1.3,,1,Goldman Sachs:1.3
2026-04-14,WTW,20.9,,1,B of A Securities:20.9
2026-04-15,BLK,24.6,,1,Goldman Sachs:24.6
2026-04-15,C,14.2667,3.4588,3,Barclays:17.3|Goldman Sachs:15|Piper Sandler:10.5
2026-04-15,CNP,3.1,,1,Barclays:3.1
2026-04-15,DHR,15.5,,1,Barclays:15.5
2026-04-15,EVRG,7.8,,1,B of A Securities:7.8
2026-04-15,FAST,12.4,,1,Baird:12.4
2026-04-15,FDX,46.7,,1,Stephens & Co.:46.7
2026-04-15,GM,13.2,,1,Deutsche Bank:13.2
2026-04-15,JNJ,5.25,1.4849,2,Barclays:6.3|Stifel:4.2
2026-04-15,JPM,1.9,,1,Jefferies:1.9
2026-04-15,KVUE,9.5,,1,Citigroup:9.5
2026-04-15,LNT,2.8,,1,Barclays:2.8
2026-04-15,WFC,33.5,,1,Barclays:33.5
2026-04-16,ANET,28.3,,1,JP Morgan:28.3
2026-04-16,BALL,21.4,,1,Truist Securities:21.4
2026-04-16,CSCO,17,,1,JP Morgan:17
2026-04-16,D,4.5,,1,B of A Securities:4.5
2026-04-16,FLEX,7.9,,1,JP Morgan:7.9
2026-04-16,GRMN,7.3,,1,JP Morgan:7.3
2026-04-16,KIM,2.3,,1,Morgan Stanley:2.3
2026-04-16,NOW,38.3,,1,Deutsche Bank:38.3
2026-04-17,GEHC,17.3,,1,Piper Sandler:17.3
2026-04-17,INTC,-12.9,,1,Bernstein:-12.9
2026-04-17,KEY,9.7,,1,Piper Sandler:9.7
2026-04-17,LIN,15.8,,1,Seaport Global:15.8
2026-04-17,MPWR,4.3,,1,Stifel:4.3
2026-04-17,MS,9.2,,1,RBC Capital:9.2
2026-04-17,NCLH,49.5,,1,Tigress Financial:49.5
2026-04-17,PLD,13,,1,UBS:13
2026-04-17,PNC,16.7,3.5355,2,B of A Securities:19.2|Keefe; Bruyette & Woods:14.2
2026-04-17,RL,19.2,,1,B of A Securities:19.2
2026-04-17,RSG,14.9,,1,Baird:14.9
2026-04-17,SCHW,40.3,,1,JP Morgan:40.3
2026-04-17,WM,16.2,,1,Baird:16.2
2026-04-17,WYNN,17.2,,1,Susquehanna:17.2
2026-04-18,ABT,25.5,,1,Stifel:25.5
2026-04-18,EXC,6.4,0,2,Barclays:6.4|BMO Capital:6.4
2026-04-18,PEP,7.4,,1,Evercore ISI Group:7.4
2026-04-18,PLD,-5.3,,1,Evercore ISI Group:-5.3
2026-04-18,UDR,2.1,,1,Goldman Sachs:2.1
2026-04-20,EXC,4.95,3.0406,2,Jefferies:7.1|RBC Capital:2.8
2026-04-20,JBL,9.7,,1,B of A Securities:9.7
2026-04-20,MOS,36,,1,Scotiabank:36
2026-04-20,PHM,11.3,,1,B of A Securities:11.3
2026-04-20,RF,10.8,,1,RBC Capital:10.8
2026-04-20,TFC,5.5,,1,RBC Capital:5.5
2026-04-20,TRGP,14.6,,1,Goldman Sachs:14.6
2026-04-20,ULTA,25.2,,1,Jefferies:25.2
2026-04-20,UNH,15.1,,1,Jefferies:15.1
2026-04-20,XEL,12.2,,1,UBS:12.2
2026-04-21,ABT,49.6,,1,Barclays:49.6
2026-04-21,AMZN,16.8,,1,B of A Securities:16.8
2026-04-21,BX,41.6,,1,Morgan Stanley:41.6
2026-04-21,COHR,19,,1,Citigroup:19
2026-04-21,DD,0,,1,B of A Securities:0
2026-04-21,ECL,24.5,,1,B of A Securities:24.5
2026-04-21,FE,5.1,,1,Jefferies:5.1
2026-04-21,FITB,23.2,,1,Barclays:23.2
2026-04-21,FLEX,12.4,,1,Stifel:12.4
2026-04-21,INTC,41.5,,1,HSBC:41.5
2026-04-21,MAS,-8,,1,B of A Securities:-8
2026-04-21,PLD,11.5,,1,B of A Securities:11.5
2026-04-21,PNR,-3.6,,1,B of A Securities:-3.6
2026-04-21,REG,8.5,,1,Morgan Stanley:8.5
2026-04-21,WEC,1.1,,1,Barclays:1.1
2026-04-21,WMB,15,,1,Goldman Sachs:15
2026-04-22,ALGN,18.6,,1,Piper Sandler:18.6
2026-04-22,APD,2.3,,1,B of A Securities:2.3
2026-04-22,APO,13.1,,1,Evercore ISI Group:13.1
2026-04-22,BKNG,10.2,,1,Deutsche Bank:10.2
2026-04-22,CMS,15.6,,1,B of A Securities:15.6
2026-04-22,CTVA,11.6,,1,Wells Fargo:11.6
2026-04-22,CVNA,0.8,,1,B of A Securities:0.8
2026-04-22,DHI,16.6,,1,Goldman Sachs:16.6
2026-04-22,ES,-6.7,,1,Scotiabank:-6.7
2026-04-22,ETR,9.4,,1,Keybanc:9.4
2026-04-22,GE,39.5,,1,Morgan Stanley:39.5
2026-04-22,GIS,13.5,,1,Stifel:13.5
2026-04-22,GPN,6,,1,BMO Capital:6
2026-04-22,HAL,10.25,3.6062,2,JP Morgan:7.7|RBC Capital:12.8
2026-04-22,KEY,17,,1,Evercore ISI Group:17
2026-04-22,MA,18.1,,1,BMO Capital:18.1
2026-04-22,MMM,9.5,,1,Wells Fargo:9.5
2026-04-22,MPC,-5.7,,1,Scotiabank:-5.7
2026-04-22,MSCI,13.65,8.4146,2,Morgan Stanley:19.6|RBC Capital:7.7
2026-04-22,NEM,57.9,,1,CIBC:57.9
2026-04-22,NOC,21.9,,1,Morgan Stanley:21.9
2026-04-22,NTRS,-1.6,,1,Goldman Sachs:-1.6
2026-04-22,OXY,0.7,,1,Scotiabank:0.7
2026-04-22,PYPL,7.8,,1,B of A Securities:7.8
2026-04-22,RTX,17.2,,1,Morgan Stanley:17.2
2026-04-22,SJM,4.1,,1,Stifel:4.1
2026-04-22,STLD,10.45,4.7376,2,BMO Capital:7.1|Citigroup:13.8
2026-04-22,SWK,6.1,,1,Baird:6.1
2026-04-22,TSCO,13.4,,1,Morgan Stanley:13.4
2026-04-22,UNH,14,,1,Argus Research:14
2026-04-22,VLO,-4.4,,1,Scotiabank:-4.4
2026-04-22,XEL,12.9,,1,Keybanc:12.9
2026-04-23,CCI,18.1,,1,Keybanc:18.1
2026-04-23,CL,14.9,,1,Morgan Stanley:14.9
2026-04-23,CLX,12.9,,1,Morgan Stanley:12.9
2026-04-23,DHI,17,14.425,2,Citigroup:6.8|UBS:27.2
2026-04-23,DHR,38.25,3.8891,2,Baird:35.5|Morgan Stanley:41
2026-04-23,GEV,13.25,6.1518,2,Barclays:8.9|Evercore ISI Group:17.6
2026-04-23,GPC,11.7,,1,UBS:11.7
2026-04-23,HAL,9.9,,1,Stifel:9.9
2026-04-23,ISRG,34.4,,1,Barclays:34.4
2026-04-23,LRCX,17.9,1.2728,2,JP Morgan:18.8|RBC Capital:17
2026-04-23,LVS,22.8,,1,Jefferies:22.8
2026-04-23,MAS,-3.8,,1,RBC Capital:-3.8
2026-04-23,MSCI,18.2,,1,UBS:18.2
2026-04-23,OTIS,16.6,25.3144,2,Barclays:-1.3|RBC Capital:34.5
2026-04-23,REGN,27.8,,1,TD Cowen:27.8
2026-04-23,SWKS,12.5,,1,Barclays:12.5
2026-04-23,SYF,18.7,,1,Barclays:18.7
2026-04-23,TEL,10.2,,1,Truist Securities:10.2
2026-04-23,TSCO,18,,1,Citigroup:18
2026-04-23,TSLA,59.9,,1,Wedbush:59.9
2026-04-23,TXN,-0.1,,1,Jefferies:-0.1
2026-04-24,BA,6.4,,1,Morgan Stanley:6.4
2026-04-24,CHTR,86.7,,1,Benchmark:86.7
2026-04-24,CMCSA,15.5,1.1314,2,Citigroup:14.7|Evercore ISI Group:16.3
2026-04-24,COF,30.9,,1,Truist Securities:30.9
2026-04-24,DOV,0.5,,1,Barclays:0.5
2026-04-24,EQT,34.9,,1,Wells Fargo:34.9
2026-04-24,EW,3,,1,Canaccord Genuity:3
2026-04-24,GEV,7.7,,1,BMO Capital:7.7
2026-04-24,GL,19.6,,1,Truist Securities:19.6
2026-04-24,HSIC,-18,,1,Morgan Stanley:-18
2026-04-24,HSY,18.5,,1,Morgan Stanley:18.5
2026-04-24,MAR,8.9,,1,Evercore ISI Group:8.9
2026-04-24,MAS,9.9,8.5082,3,Baird:6.4|Goldman Sachs:19.6|JP Morgan:3.7
2026-04-24,NEE,4.9,,1,Wells Fargo:4.9
2026-04-24,PHM,24.4,,1,UBS:24.4
2026-04-24,ROP,2.2,,1,Barclays:2.2
2026-04-24,SBUX,0.6,,1,JP Morgan:0.6
2026-04-24,SYF,7.4,,1,Truist Securities:7.4
2026-04-24,TEL,18.6,,1,UBS:18.6
2026-04-24,TROW,3.5,,1,JP Morgan:3.5
2026-04-24,TXN,-13.1,,1,Barclays:-13.1
2026-04-24,URI,12.1,,1,RBC Capital:12.1
2026-04-24,VRSN,15.7,,1,Citigroup:15.7
2026-04-24,VRT,6.7,,1,JP Morgan:6.7
2026-04-24,WRB,0.1,,1,BMO Capital:0.1
2026-04-25,ALGN,-1.6,,1,Morgan Stanley:-1.6
2026-04-25,AMZN,5.8,,1,Oppenheimer:5.8
2026-04-25,DLR,16.4,,1,Stifel:16.4
2026-04-25,DOV,15.6,8.9095,2,Baird:21.9|Oppenheimer:9.3
2026-04-25,INTC,-2.7,,1,Jefferies:-2.7
2026-04-25,LMT,33.3,,1,Susquehanna:33.3
2026-04-25,MAS,2.4,,1,BMO Capital:2.4
2026-04-25,NEM,26.1,,1,BMO Capital:26.1
2026-04-25,ROP,28.8,,1,Baird:28.8
2026-04-25,SNA,0.8,,1,Baird:0.8
2026-04-25,TMO,32.05,5.869,2,Baird:36.2|Stifel:27.9
2026-04-25,VRSN,28.4,,1,Baird:28.4
2026-04-27,BKR,10,6.0811,2,BMO Capital:14.3|JP Morgan:5.7
2026-04-27,BLDR,11.3,,1,Stephens & Co.:11.3
2026-04-27,BX,6.6,,1,Piper Sandler:6.6
2026-04-27,CF,18.4,,1,Barclays:18.4
2026-04-27,EW,31.7,,1,Barclays:31.7
2026-04-27,HCA,20.9,,1,Stephens & Co.:20.9
2026-04-27,HIG,15.8,,1,UBS:15.8
2026-04-27,NCLH,-0.9,,1,JP Morgan:-0.9
2026-04-27,PG,13.95,3.8891,2,UBS:16.7|Wells Fargo:11.2
2026-04-27,SLB,8.7,,1,JP Morgan:8.7
2026-04-27,TSCO,3.2,,1,TD Cowen:3.2
2026-04-27,UAL,20.7,,1,Jefferies:20.7
2026-04-28,AXP,24.3,,1,Goldman Sachs:24.3
2026-04-28,DOV,17.2,,1,Seaport Global:17.2
2026-04-28,DPZ,27.1,,1,Goldman Sachs:27.1
2026-04-28,NSC,1.2,,1,Evercore ISI Group:1.2
2026-04-28,PG,8,,1,Evercore ISI Group:8
2026-04-29,AMT,35.2,,1,JP Morgan:35.2
2026-04-29,BEN,13.9,,1,Goldman Sachs:13.9
2026-04-29,BKNG,30.05,5.1619,2,JP Morgan:26.4|RBC Capital:33.7
2026-04-29,BRO,13.9,,1,RBC Capital:13.9
2026-04-29,CDNS,31.3,,1,Keybanc:31.3
2026-04-29,CNC,14.7,,1,Oppenheimer:14.7
2026-04-29,GM,27.9,,1,Mizuho:27.9
2026-04-29,HLT,1.4,,1,Mizuho:1.4
2026-04-29,INCY,-9.3,,1,Oppenheimer:-9.3
2026-04-29,MDLZ,12.5,8.2024,2,Evercore ISI Group:18.3|UBS:6.7
2026-04-29,NUE,15,,1,Citigroup:15
2026-04-29,NXPI,13.7,,1,Evercore ISI Group:13.7
2026-04-29,ODFL,1.9,,1,Baird:1.9
2026-04-29,PFE,2.4,,1,Citigroup:2.4
2026-04-29,PNR,19.45,11.9501,2,Barclays:11|Citigroup:27.9
2026-04-29,STX,-18.4,,1,UBS:-18.4
2026-04-29,SYY,18.6,,1,Barclays:18.6
2026-04-29,TER,24,,1,Stifel:24
2026-04-29,TPR,19.4,,1,Citigroup:19.4
2026-04-29,V,11.9,11.1723,2,Evercore ISI Group:4|Oppenheimer:19.8
2026-04-29,XYL,38.35,6.0104,2,Citigroup:42.6|Oppenheimer:34.1
2026-04-30,ACGL,32.7,,1,Citigroup:32.7
2026-04-30,ALGN,24.3,,1,Evercore ISI Group:24.3
2026-04-30,ALLE,16.2,,1,Barclays:16.2
2026-04-30,APH,18.5,,1,Evercore ISI Group:18.5
2026-04-30,BEN,4.2,,1,JP Morgan:4.2
2026-04-30,BG,19.8,,1,Barclays:19.8
2026-04-30,BKNG,20.4,,1,Barclays:20.4
2026-04-30,BRO,47.8,,1,Truist Securities:47.8
2026-04-30,CHRW,12.25,1.9092,2,Barclays:10.9|Wells Fargo:13.6
2026-04-30,CMG,28.2,,1,RBC Capital:28.2
2026-04-30,EBAY,10.4,14.8492,2,Goldman Sachs:-0.1|Morgan Stanley:20.9
2026-04-30,ETR,10,,1,Wells Fargo:10
2026-04-30,GEHC,9.8,,1,Goldman Sachs:9.8
2026-04-30,GLW,15.5,,1,Susquehanna:15.5
2026-04-30,GNRC,11.3,,1,TD Cowen:11.3
2026-04-30,GOOGL,21.65,1.9092,2,Guggenheim:20.3|Susquehanna:23
2026-04-30,INCY,22.6,,1,Stifel:22.6
2026-04-30,IR,26.4333,13.9005,3,Barclays:23.4|Citigroup:41.6|Wells Fargo:14.3
2026-04-30,LII,8.25,5.5861,2,Barclays:12.2|Wells Fargo:4.3
2026-04-30,META,37.2,,1,Bernstein:37.2
2026-04-30,NXPI,2.6,10.8331,6,Jefferies:3.6|JP Morgan:1.9|Keybanc:19.2|Stifel:-2.6|Susquehanna:-13.6|Truist Securities:7.1
2026-04-30,ODFL,3.45,15.4856,2,Stephens & Co.:14.4|TD Cowen:-7.5
2026-04-30,REGN,32.3,,1,Barclays:32.3
2026-04-30,SBUX,10.8,,1,Baird:10.8
2026-04-30,TER,22.3,,1,Citigroup:22.3
2026-04-30,TMUS,35.3,5.374,2,JP Morgan:39.1|Oppenheimer:31.5
2026-04-30,TPR,15.4,,1,Baird:15.4
2026-04-30,VMC,14.9,0,2,Barclays:14.9|Stephens & Co.:14.9
2026-04-30,WM,16.1,,1,Wells Fargo:16.1
2026-05-01,ALGN,24.2,,1,Mizuho:24.2
2026-05-01,APD,8.6,,1,JP Morgan:8.6
2026-05-01,APH,36.5,,1,JP Morgan:36.5
2026-05-01,CARR,19.05,2.0506,2,Barclays:17.6|RBC Capital:20.5
2026-05-01,CAT,25.4,,1,JP Morgan:25.4
2026-05-01,CHRW,5.8,,1,JP Morgan:5.8
2026-05-01,CVNA,17.6,,1,JP Morgan:17.6
2026-05-01,ETR,15.3,,1,UBS:15.3
2026-05-01,FTV,5.45,2.3335,2,Citigroup:7.1|RBC Capital:3.8
2026-05-01,GD,15.8,,1,JP Morgan:15.8
2026-05-01,GOOG,19.1,,1,Scotiabank:19.1
2026-05-01,HLT,13.9,,1,UBS:13.9
2026-05-01,HSY,12.5,,1,TD Cowen:12.5
2026-05-01,HUBB,8.7,,1,Wells Fargo:8.7
2026-05-01,INVH,4.5,,1,RBC Capital:4.5
2026-05-01,IP,27,,1,Seaport Global:27
2026-05-01,IRM,8.8,,1,JP Morgan:8.8
2026-05-01,KLAC,19.1,,1,Citigroup:19.1
2026-05-01,META,26.9,,1,Stifel:26.9
2026-05-01,MGM,3.3,,1,Citigroup:3.3
2026-05-01,MO,-4.4,,1,Citigroup:-4.4
2026-05-01,MOS,15.5,,1,CIBC:15.5
2026-05-01,MPWR,18.2,,1,TD Cowen:18.2
2026-05-01,MSFT,33.2,,1,Scotiabank:33.2
2026-05-01,ORLY,10,,1,Wells Fargo:10
2026-05-01,QCOM,-10.7,,1,JP Morgan:-10.7
2026-05-01,RCL,27.9,,1,Barclays:27.9
2026-05-01,SBAC,12.6,,1,Keybanc:12.6
2026-05-01,SWK,-4.6,,1,JP Morgan:-4.6
2026-05-01,TER,16.5,,1,JP Morgan:16.5
2026-05-01,TT,18.2,,1,Barclays:18.2
2026-05-01,TYL,6.7,,1,Evercore ISI Group:6.7
2026-05-01,UHS,84.2,,1,UBS:84.2
2026-05-01,V,26.2,,1,Macquarie:26.2
2026-05-01,VRSK,22.8,,1,JP Morgan:22.8
2026-05-01,VST,45.9,,1,JP Morgan:45.9
2026-05-01,VZ,7.7,,1,JP Morgan:7.7
2026-05-01,WTW,36.9,,1,Evercore ISI Group:36.9
2026-05-02,AAPL,6.1,,1,UBS:6.1
2026-05-02,AOS,12.9,,1,Baird:12.9
2026-05-02,BLDR,5.2,,1,DA Davidson:5.2
2026-05-02,BR,45.8,,1,Needham:45.8
2026-05-02,CAT,2,,1,Morgan Stanley:2
2026-05-02,GNRC,7.7,,1,Wells Fargo:7.7
2026-05-02,MA,31.4,,1,Susquehanna:31.4
2026-05-02,MGM,13.6,,1,Jefferies:13.6
2026-05-02,OMC,7.5,,1,Morgan Stanley:7.5
2026-05-02,ORLY,17.5,3.5355,2,Evercore ISI Group:15|UBS:20
2026-05-02,PWR,8.6,,1,Evercore ISI Group:8.6
2026-05-02,SYK,33.4,,1,Needham:33.4
2026-05-02,TT,12.1,,1,Keybanc:12.1
2026-05-02,UBER,46.5,,1,UBS:46.5
2026-05-04,AIG,12.8,,1,Citigroup:12.8
2026-05-04,AOS,12.3,,1,DA Davidson:12.3
2026-05-04,BAX,57,,1,Barclays:57
2026-05-04,BR,6.8,,1,UBS:6.8
2026-05-04,CPT,1,,1,RBC Capital:1
2026-05-04,DTE,4.3,,1,Barclays:4.3
2026-05-04,FCX,17.4,,1,Citigroup:17.4
2026-05-04,FTV,9.8,,1,Wells Fargo:9.8
2026-05-04,GM,31.7,,1,Evercore ISI Group:31.7
2026-05-04,HUBB,-1.3,,1,Barclays:-1.3
2026-05-04,INTC,-19.3,,1,RBC Capital:-19.3
2026-05-04,ITW,6.7,8.9095,2,Citigroup:13|Wells Fargo:0.4
2026-05-04,LHX,29.8,,1,Bernstein:29.8
2026-05-04,LNT,0.8,,1,Scotiabank:0.8
2026-05-04,MLM,20.6,,1,Truist Securities:20.6
2026-05-04,NEE,11.4,,1,Evercore ISI Group:11.4
2026-05-04,PWR,10.2,,1,Goldman Sachs:10.2
2026-05-04,SYK,33.7,,1,Barclays:33.7
2026-05-04,TAP,-2.1,,1,Barclays:-2.1
2026-05-04,XEL,17.1,,1,Evercore ISI Group:17.1
2026-05-05,ADP,14.3,,1,Argus Research:14.3
2026-05-05,ARE,19.7,,1,RBC Capital:19.7
2026-05-05,BR,39.5,,1,DA Davidson:39.5
2026-05-05,CBOE,-1.2,0,2,Keefe; Bruyette & Woods:-1.2|UBS:-1.2
2026-05-05,CIEN,5.7,,1,Stifel:5.7
2026-05-05,COHR,26.8,,1,Stifel:26.8
2026-05-05,CSGP,19.2,,1,Stephens & Co.:19.2
2026-05-05,CVX,15.1,,1,UBS:15.1
2026-05-05,FICO,60.7,,1,Jefferies:60.7
2026-05-05,FSLR,21.5,,1,Freedom Broker:21.5
2026-05-05,GDDY,14.6,,1,UBS:14.6
2026-05-05,HUBB,15.5,,1,Stephens & Co.:15.5
2026-05-05,LIN,7.2,,1,JP Morgan:7.2
2026-05-05,LITE,12.7,,1,Stifel:12.7
2026-05-05,LLY,44,,1,Barclays:44
2026-05-05,NOW,45.3,,1,Barclays:45.3
2026-05-05,NXPI,16.4,,1,Barclays:16.4
2026-05-05,ON,3.45,20.294,2,Jefferies:17.8|Morgan Stanley:-10.9
2026-05-05,PKG,17,,1,Deutsche Bank:17
2026-05-05,PLTR,-35.8,,1,RBC Capital:-35.8
2026-05-05,PWR,16.5,,1,UBS:16.5
2026-05-05,REG,4,,1,Citigroup:4
2026-05-05,RVTY,40.2,,1,Baird:40.2
2026-05-05,TAP,12.1,,1,Morgan Stanley:12.1
2026-05-05,TSN,1.4,,1,Stephens & Co.:1.4
2026-05-05,TXT,11.95,3.8891,2,JP Morgan:14.7|UBS:9.2
2026-05-05,VRTX,32.4,,1,Bernstein:32.4
2026-05-05,WDC,-1.3,,1,Baird:-1.3
2026-05-05,XOM,15.65,2.7577,2,RBC Capital:17.6|UBS:13.7
2026-05-06,AEP,8.4,,1,Wells Fargo:8.4
2026-05-06,ANET,13.1,,1,Citigroup:13.1
2026-05-06,EMR,1.4,,1,Barclays:1.4
2026-05-06,EXPD,1.3,,1,Susquehanna:1.3
2026-05-06,J,42.9,,1,Citigroup:42.9
2026-05-06,LDOS,42,,1,Stifel:42
2026-05-06,MAA,10,,1,Citigroup:10
2026-05-06,META,38.9,,1,Mizuho:38.9
2026-05-06,MRK,10.5,,1,Citigroup:10.5
2026-05-06,NCLH,-14.5,,1,Susquehanna:-14.5
2026-05-06,ON,9.6,17.2534,2,JP Morgan:-2.6|Keybanc:21.8
2026-05-06,PSKY,11.1,,1,Guggenheim:11.1
2026-05-06,ROK,2.55,6.2933,2,Barclays:7|Wells Fargo:-1.9
2026-05-06,RVTY,28.3,,1,TD Cowen:28.3
2026-05-06,SPGI,38.7,,1,Mizuho:38.7
2026-05-06,TDG,9.6,,1,Susquehanna:9.6
2026-05-06,UDR,5.9,4.8083,2,Citigroup:9.3|RBC Capital:2.5
2026-05-07,ADM,-5.6,,1,JP Morgan:-5.6
2026-05-07,AMCR,26.2,,1,Truist Securities:26.2
2026-05-07,AXON,84.9,,1,JP Morgan:84.9
2026-05-07,CDW,46.1,,1,Evercore ISI Group:46.1
2026-05-07,CMI,4.15,3.4648,2,Barclays:6.6|JP Morgan:1.7
2026-05-07,DVA,13.2,,1,Deutsche Bank:13.2
2026-05-07,EMR,4.8,,1,Wells Fargo:4.8
2026-05-07,ETN,10.4,5.9397,2,JP Morgan:6.2|Keybanc:14.6
2026-05-07,FLEX,36,,1,Keybanc:36
2026-05-07,J,18.1,,1,Keybanc:18.1
2026-05-07,JCI,5.1,7.7782,2,Barclays:-0.4|Wells Fargo:10.6
2026-05-07,LITE,4.8,,1,UBS:4.8
2026-05-07,NI,9.8,,1,Wells Fargo:9.8
2026-05-07,ROK,0.9,14.2836,2,JP Morgan:-9.2|Keybanc:11
2026-05-07,RVTY,-2.6,10.6066,2,Barclays:4.9|JP Morgan:-10.1
2026-05-07,SMCI,-5.9,,1,JP Morgan:-5.9
2026-05-07,SOLV,-1.9,,1,Wells Fargo:-1.9
2026-05-07,TECH,5.9,,1,Evercore ISI Group:5.9
2026-05-07,UBER,36.5333,4.5347,3,JP Morgan:37.8|Piper Sandler:31.5|Truist Securities:40.3
2026-05-07,WAT,-1.7,,1,JP Morgan:-1.7
2026-05-07,WMT,15.5,,1,TD Cowen:15.5
2026-05-08,AES,11.3,,1,Barclays:11.3
2026-05-08,CDW,34.1,,1,UBS:34.1
2026-05-08,COR,36.55,4.4548,2,Baird:33.4|Citigroup:39.7
2026-05-08,CRL,20.5,,1,Barclays:20.5
2026-05-08,GPN,14.3,,1,Stephens & Co.:14.3
2026-05-08,IFF,14.7,,1,Oppenheimer:14.7
2026-05-08,JCI,-0.5,,1,Mizuho:-0.5
2026-05-08,MCD,22.8,,1,Barclays:22.8
2026-05-08,MCHP,14.2,,1,JP Morgan:14.2
2026-05-08,MCK,37.2,,1,JP Morgan:37.2
2026-05-08,MNST,-1.8,,1,JP Morgan:-1.8
2026-05-08,PH,18.8,,1,JP Morgan:18.8
2026-05-08,PODD,26.3,5.2326,2,Barclays:22.6|Oppenheimer:30
2026-05-08,RSG,30.7,,1,RBC Capital:30.7
2026-05-08,SHW,23.8,,1,Evercore ISI Group:23.8
2026-05-08,TTD,0.1,,1,Wedbush:0.1
2026-05-08,VTR,9.6,,1,Keybanc:9.6
2026-05-08,WBD,14.4,,1,UBS:14.4
2026-05-08,WYNN,24.5,,1,Citigroup:24.5
2026-05-09,AKAM,34.1,,1,Keybanc:34.1
2026-05-09,ATO,4.1,,1,Citigroup:4.1
2026-05-09,C,17.5,,1,Keefe; Bruyette & Woods:17.5
2026-05-09,EVRG,9.7,,1,UBS:9.7
2026-05-09,MCHP,13.2667,1.6166,3,Evercore ISI Group:11.4|Needham:14.2|Susquehanna:14.2
2026-05-09,MTD,29.9,,1,Citigroup:29.9
2026-05-09,ORLY,16.3,,1,Mizuho:16.3
2026-05-09,TMO,29.9,,1,Wells Fargo:29.9
2026-05-09,WMB,13.5,,1,Citigroup:13.5
2026-05-11,APA,9,,1,Bernstein:9
2026-05-11,CVS,20.7,,1,TD Cowen:20.7
2026-05-11,EOG,17.8,,1,Bernstein:17.8
2026-05-11,FIS,32.1,,1,Goldman Sachs:32.1
2026-05-11,MCD,10.6,,1,JP Morgan:10.6
2026-05-11,MTD,7.5,,1,JP Morgan:7.5
2026-05-11,NI,4.1,,1,Citigroup:4.1
2026-05-11,NWSA,7.5,,1,Macquarie:7.5
2026-05-11,SLB,32.3,,1,Bernstein:32.3
2026-05-11,VTR,7.2,,1,JP Morgan:7.2
2026-05-12,ADI,7.7,,1,Oppenheimer:7.7
2026-05-12,BDX,40.8,,1,Barclays:40.8
2026-05-12,FOXA,7,,1,Evercore ISI Group:7
2026-05-12,FTV,5.6,,1,JP Morgan:5.6
2026-05-12,GM,26,,1,Wedbush:26
2026-05-12,GPN,10.5,,1,Cantor Fitzgerald:10.5
2026-05-12,HD,27.7,,1,Citigroup:27.7
2026-05-12,HST,4.85,6.4347,2,Citigroup:9.4|Morgan Stanley:0.3
2026-05-12,MOS,-13,,1,JP Morgan:-13
2026-05-12,MTD,9.9,,1,Baird:9.9
2026-05-12,STX,22.7,,1,Evercore ISI Group:22.7
2026-05-12,VRT,17.6,,1,Evercore ISI Group:17.6
2026-05-13,ADSK,30.8,,1,Barclays:30.8
2026-05-13,CEG,7.2,,1,Mizuho:7.2
2026-05-13,F,17,,1,Morgan Stanley:17
2026-05-13,GIS,6.1,,1,Barclays:6.1
2026-05-13,KIM,19.6,,1,Barclays:19.6
2026-05-13,MOS,8.8333,9.1593,3,Mizuho:5.9|RBC Capital:19.1|UBS:1.5
2026-05-13,MSFT,42.6,,1,Wedbush:42.6
2026-05-13,NEE,11.6,,1,JP Morgan:11.6
2026-05-13,WMB,20.9,,1,UBS:20.9
2026-05-14,ALB,26.3,,1,Deutsche Bank:26.3
2026-05-14,CARR,1.5,,1,JP Morgan:1.5
2026-05-14,CSCO,11.45,22.8395,2,Citigroup:-4.7|Evercore ISI Group:27.6
2026-05-14,EXC,-7.4,,1,Keybanc:-7.4
2026-05-14,GIS,21.2,,1,Piper Sandler:21.2
2026-05-14,HAS,26.2,,1,Morgan Stanley:26.2
2026-05-14,HUM,-16.1,,1,Piper Sandler:-16.1
2026-05-14,MOS,-3.4,,1,Wells Fargo:-3.4
2026-05-14,STE,26.8,,1,Keybanc:26.8
2026-05-14,TT,0.6,,1,JP Morgan:0.6
2026-05-14,WYNN,37.8,,1,Morgan Stanley:37.8
2026-05-15,AAPL,25.9,,1,Tigress Financial:25.9
2026-05-15,AMAT,20.8,0.8485,2,Evercore ISI Group:20.2|Goldman Sachs:21.4
2026-05-15,EG,7.7,,1,BMO Capital:7.7
2026-05-15,NVDA,19.7,,1,TD Cowen:19.7
2026-05-15,RCL,17.2,,1,UBS:17.2
2026-05-15,SCHW,51.4,,1,Raymond James:51.4
2026-05-15,VRT,16.95,5.4447,2,B of A Securities:20.8|Barclays:13.1
2026-05-16,AOS,5.3,,1,JP Morgan:5.3
2026-05-16,D,8.2,,1,Wells Fargo:8.2
2026-05-16,HLT,1.6,,1,Bernstein:1.6
2026-05-16,MAR,14.2,,1,Bernstein:14.2
2026-05-18,APO,9.1,,1,TD Cowen:9.1
2026-05-18,BA,17.9,,1,Citigroup:17.9
2026-05-18,BSX,27,,1,B of A Securities:27
2026-05-18,CIEN,16.8,,1,Citigroup:16.8
2026-05-18,DXCM,29.5,,1,B of A Securities:29.5
2026-05-18,INTC,14.6,,1,Citigroup:14.6
2026-05-18,ISRG,23.2,,1,B of A Securities:23.2
2026-05-18,LOW,0.7,,1,Stifel:0.7
2026-05-18,MOS,19.7,,1,Barclays:19.7
2026-05-18,NFLX,44.5,,1,B of A Securities:44.5
2026-05-18,TJX,17.4,,1,JP Morgan:17.4
2026-05-19,AMD,30.9,,1,Melius Research:30.9
2026-05-19,APTV,47.3,,1,Citigroup:47.3
2026-05-19,CRM,-13.5,,1,B of A Securities:-13.5
2026-05-19,CSGP,9.5,,1,B of A Securities:9.5
2026-05-19,DECK,5.9,,1,Piper Sandler:5.9
2026-05-19,EFX,36.4,,1,B of A Securities:36.4
2026-05-19,FFIV,25.7,,1,Evercore ISI Group:25.7
2026-05-19,HD,14.95,12.3744,2,Jefferies:23.7|Oppenheimer:6.2
2026-05-19,INTC,30.9,,1,Benchmark:30.9
2026-05-19,INVH,11.9,,1,Raymond James:11.9
2026-05-19,LOW,27.3,,1,Oppenheimer:27.3
2026-05-19,NVDA,48,,1,HSBC:48
2026-05-19,PFG,8.4,,1,Raymond James:8.4
2026-05-19,VRSK,8.8,,1,B of A Securities:8.8
2026-05-20,ECL,40.8,,1,Jefferies:40.8
2026-05-20,EQIX,18.2,,1,Guggenheim:18.2
2026-05-20,HD,27.7,4.531,3,Morgan Stanley:32.9|Piper Sandler:25.6|TD Cowen:24.6
2026-05-20,KIM,6.7,,1,Scotiabank:6.7
2026-05-20,MRVL,-15.5,,1,Evercore ISI Group:-15.5
2026-05-20,REGN,37.9,,1,Canaccord Genuity:37.9
2026-05-20,VRT,19.1,,1,TD Cowen:19.1
2026-05-20,VTRS,35.5,,1,Barclays:35.5
2026-05-21,ADI,18.4333,2.1127,3,Citigroup:16|Evercore ISI Group:19.5|Jefferies:19.8
2026-05-21,CI,17.75,14.7785,2,Deutsche Bank:7.3|Morgan Stanley:28.2
2026-05-21,CNC,38.6,,1,Deutsche Bank:38.6
2026-05-21,HD,24,,1,Baird:24
2026-05-21,HUM,45.2,,1,Deutsche Bank:45.2
2026-05-21,INTU,23.6,11.738,2,BMO Capital:31.9|UBS:15.3
2026-05-21,KEYS,15,,1,Citigroup:15
2026-05-21,MOS,43.5,,1,BMO Capital:43.5
2026-05-21,NVDA,30.95,5.7276,2,Jefferies:35|Stifel:26.9
2026-05-21,TJX,19.1,,1,Truist Securities:19.1
2026-05-21,VRT,9.5,,1,Oppenheimer:9.5
2026-05-22,ADI,18.2,,1,B of A Securities:18.2
2026-05-22,ADSK,41.8,,1,Keybanc:41.8
2026-05-22,AFL,5.7,,1,Morgan Stanley:5.7
2026-05-22,AWK,8.1,,1,B of A Securities:8.1
2026-05-22,CI,40.8,,1,UBS:40.8
2026-05-22,CNC,4.5,,1,UBS:4.5
2026-05-22,ELV,16.9,,1,UBS:16.9
2026-05-22,INTU,46.2,,1,Keybanc:46.2
2026-05-22,LOW,21.3,4.2426,2,B of A Securities:18.3|Baird:24.3
2026-05-22,NVDA,92.35,48.0126,2,B of A Securities:58.4|Baird:126.3
2026-05-22,TGT,5.9,,1,Baird:5.9
2026-05-22,TJX,14.3,4.5255,2,Baird:11.1|Telsey Advisory Group:17.5
2026-05-23,DE,14.3,,1,B of A Securities:14.3
2026-05-23,DECK,57.8,,1,UBS:57.8
2026-05-23,GNRC,16.1,,1,Jefferies:16.1
2026-05-23,RCL,14.5,,1,Truist Securities:14.5
2026-05-26,CIEN,11.7,,1,B of A Securities:11.7
2026-05-26,D,6.4,,1,Mizuho:6.4
2026-05-26,FFIV,-23.9,,1,B of A Securities:-23.9
2026-05-26,ON,12.4,,1,B of A Securities:12.4
2026-05-26,TRV,4.7,,1,JP Morgan:4.7
2026-05-26,TXN,16.2,,1,B of A Securities:16.2
2026-05-26,WDC,13.9,,1,Evercore ISI Group:13.9
2026-05-26,WMB,8.6,,1,CIBC:8.6
2026-05-27,A,34.5,,1,Baird:34.5
2026-05-27,CDNS,12.2,,1,Wells Fargo:12.2
2026-05-27,DHR,-45.3,,1,Citigroup:-45.3
2026-05-27,DOC,4.3,,1,Scotiabank:4.3
2026-05-27,ESS,3,,1,Truist Securities:3
2026-05-27,MGM,36.4,,1,Truist Securities:36.4
2026-05-27,MU,70,,1,UBS:70
2026-05-27,NVDA,98.5,,1,Tigress Financial:98.5
2026-05-27,PH,8.9,,1,Wells Fargo:8.9
2026-05-27,PLD,2.7,,1,Morgan Stanley:2.7
2026-05-27,SNDK,39.7,,1,Barclays:39.7
2026-05-27,WDC,15,,1,Barclays:15
2026-05-28,APA,-3.6,,1,Mizuho:-3.6
2026-05-28,AZO,7,,1,Mizuho:7
2026-05-28,CARR,-5.5,,1,Morgan Stanley:-5.5
2026-05-28,CDW,14,,1,JP Morgan:14
2026-05-28,CVX,25.2,,1,Mizuho:25.2
2026-05-28,D,12,,1,Jefferies:12
2026-05-28,DVN,51.9,,1,Mizuho:51.9
2026-05-28,EOG,15.2,,1,Mizuho:15.2
2026-05-28,FANG,23.2,,1,Mizuho:23.2
2026-05-28,FSLR,14.3,,1,GLJ Research:14.3
2026-05-28,HPQ,-12.5,16.122,2,JP Morgan:-1.1|Wells Fargo:-23.9
2026-05-28,KIM,2.9,,1,Truist Securities:2.9
2026-05-28,MRVL,19.5,1.8385,2,Jefferies:18.2|JP Morgan:20.8
2026-05-28,OXY,29.9,,1,Mizuho:29.9
2026-05-28,SNPS,17.6,,1,Stifel:17.6
2026-05-28,UNH,27.8,,1,Bernstein:27.8
2026-05-29,AVGO,13.2,,1,Susquehanna:13.2
2026-05-29,BBY,13.5,,1,JP Morgan:13.5
2026-05-29,COST,2.5,,1,Truist Securities:2.5
2026-05-29,CRM,49.8,43.1335,2,Piper Sandler:19.3|Wedbush:80.3
2026-05-29,CTVA,18.2,,1,Morgan Stanley:18.2
2026-05-29,F,18.5,,1,B of A Securities:18.5
2026-05-29,HPQ,-19.5,18.5262,2,B of A Securities:-32.6|Citigroup:-6.4
2026-05-29,LYB,43.5,,1,Wells Fargo:43.5
2026-05-29,MRVL,34.5,0,2,Barclays:34.5|Benchmark:34.5
2026-05-29,NTAP,-15.1,,1,JP Morgan:-15.1
2026-05-29,SNPS,24.8,,1,B of A Securities:24.8
2026-05-29,SWK,6.5,,1,Morgan Stanley:6.5
2026-05-30,ATO,6.7,,1,Mizuho:6.7
2026-05-30,IBM,15.4,,1,Wedbush:15.4
2026-06-01,CHRW,28.8,,1,UBS:28.8
2026-06-01,CMI,20.5,,1,Argus Research:20.5
2026-06-01,GM,57,,1,Citigroup:57
2026-06-01,INTC,-8.6,,1,Barclays:-8.6
2026-06-01,NTAP,16.5,,1,Argus Research:16.5
2026-06-01,SPG,6.6,,1,JP Morgan:6.6
2026-06-02,GIS,-10.4,,1,UBS:-10.4
2026-06-02,HPE,7.025,8.8157,4,Bernstein:-1.7|JP Morgan:7.8|Loop Capital:18.9|Susquehanna:3.1
2026-06-02,META,34.3,,1,RBC Capital:34.3
2026-06-02,MNST,15.5,,1,Morgan Stanley:15.5
2026-06-02,PANW,4.4,,1,Baird:4.4
2026-06-02,TTWO,26,,1,Piper Sandler:26
2026-06-02,WAT,7.4,,1,B of A Securities:7.4
2026-06-03,ACN,47.4,,1,Stifel:47.4
2026-06-03,CF,0.9,,1,JP Morgan:0.9
2026-06-03,COST,23.3,,1,TD Cowen:23.3
2026-06-03,ED,0.7,,1,Mizuho:0.7
2026-06-03,FTV,-2,,1,Morgan Stanley:-2
2026-06-03,GPN,52.1,,1,Susquehanna:52.1
2026-06-03,HAL,29.6,,1,Citigroup:29.6
2026-06-03,HON,125,,1,Goldman Sachs:125
2026-06-03,HPE,45.8,,1,Goldman Sachs:45.8
2026-06-03,HST,-2,,1,UBS:-2
2026-06-03,IR,12.3,,1,Morgan Stanley:12.3
2026-06-03,JCI,26.6,,1,UBS:26.6
2026-06-03,KHC,-8.9,,1,Bernstein:-8.9
2026-06-03,MDT,29.7,,1,Mizuho:29.7
2026-06-03,SHW,9.8,,1,UBS:9.8
2026-06-03,SNDK,0.8,,1,Morgan Stanley:0.8
2026-06-03,TMO,15.1,,1,HSBC:15.1
2026-06-03,ULTA,29.7333,15.5234,6,B. Riley Securities:4.4|Canaccord Genuity:52.7|Evercore ISI Group:32.6|JP Morgan:31.8|Morgan Stanley:31.6|Piper Sandler:25.3
2026-06-03,WST,14.8,,1,Stephens & Co.:14.8
2026-06-04,AVGO,26.3333,6.7241,3,B of A Securities:29.6|Oppenheimer:30.8|UBS:18.6
2026-06-04,CIEN,-4.1,,1,Raymond James:-4.1
2026-06-04,CNC,7.45,19.7283,2,B of A Securities:21.4|Morgan Stanley:-6.5
2026-06-04,CVS,18.7,,1,Morgan Stanley:18.7
2026-06-04,DOV,6.1,,1,Morgan Stanley:6.1
2026-06-04,ETR,8.5,,1,Barclays:8.5
2026-06-04,GOOGL,25.4,,1,Needham:25.4
2026-06-04,HCA,13.1,,1,Bernstein:13.1
2026-06-04,OMC,93.9,,1,Goldman Sachs:93.9
2026-06-04,PANW,9.35,2.6163,2,Loop Capital:7.5|Stephens & Co.:11.2
2026-06-04,RDDT,52.6,,1,Loop Capital:52.6
2026-06-04,RTX,24.6,,1,Jefferies:24.6
2026-06-04,ULTA,46.3,,1,Baird:46.3
2026-06-04,YUM,23.3,,1,Morgan Stanley:23.3
2026-06-05,ALB,23.2,,1,Wells Fargo:23.2
2026-06-05,AVGO,30,5.2326,2,Benchmark:33.7|Deutsche Bank:26.3
2026-06-05,CRWD,14.8,,1,Susquehanna:14.8
2026-06-05,DRI,41.5,,1,B of A Securities:41.5
2026-06-05,GIS,-1.5,,1,Morgan Stanley:-1.5
2026-06-05,GLW,20.4,,1,UBS:20.4
2026-06-05,LULU,4.1,0,2,Evercore ISI Group:4.1|Jefferies:4.1
2026-06-05,LVS,22.7,,1,UBS:22.7
2026-06-05,MDT,18.1,,1,Bernstein:18.1
2026-06-05,VEEV,87.6,,1,BTIG:87.6
2026-06-06,JBHT,12.1,,1,BMO Capital:12.1
2026-06-06,PLTR,63.9,,1,Wedbush:63.9
2026-06-06,PPL,4.9,,1,Mizuho:4.9
2026-06-08,ACN,13.6,,1,JP Morgan:13.6
2026-06-08,CI,18.3,,1,Mizuho:18.3
2026-06-08,CSCO,21.4,,1,B of A Securities:21.4
2026-06-08,CVS,19.9,,1,Mizuho:19.9
2026-06-08,ELV,14.35,1.9092,2,JP Morgan:15.7|Mizuho:13
2026-06-08,F,13.4,,1,UBS:13.4
2026-06-08,FRT,-3.8,,1,Truist Securities:-3.8
2026-06-08,HUM,12.8,,1,Mizuho:12.8
2026-06-08,ODFL,-4.5,,1,JP Morgan:-4.5
2026-06-08,STX,23.5,,1,Mizuho:23.5
2026-06-08,WDC,26.8,,1,Mizuho:26.8
2026-06-08,WRB,7.7,,1,Goldman Sachs:7.7
2026-06-09,CDNS,8.9,,1,Stifel:8.9
2026-06-09,CTSH,33.3,,1,Wedbush:33.3
2026-06-09,FFIV,12.6,,1,RBC Capital:12.6
2026-06-09,LEN,-5.7,,1,Keefe; Bruyette & Woods:-5.7
2026-06-09,ODFL,1,,1,Jefferies:1
2026-06-09,ULTA,29.4,,1,TD Cowen:29.4
2026-06-10,AOS,28.1,,1,Oppenheimer:28.1
2026-06-10,COR,24.7,,1,Barclays:24.7
2026-06-10,HON,110.1,3.8184,2,Barclays:112.8|Bernstein:107.4
2026-06-10,LITE,24.7,,1,Needham:24.7
2026-06-10,LYV,22.5,,1,Morgan Stanley:22.5
2026-06-10,PFE,-3.1,,1,RBC Capital:-3.1
2026-06-10,SPG,-2.6,,1,Morgan Stanley:-2.6
2026-06-10,TYL,41.9,7.9196,2,Barclays:36.3|DA Davidson:47.5
2026-06-10,WST,21,,1,Barclays:21
2026-06-11,CPT,6.7,,1,Truist Securities:6.7
2026-06-11,DOC,8.4,,1,Morgan Stanley:8.4
2026-06-11,ETR,9.5,,1,Mizuho:9.5
2026-06-11,FE,9.3,,1,UBS:9.3
2026-06-11,KR,9,,1,JP Morgan:9
2026-06-11,MU,38.2,,1,Wolfe Research:38.2
2026-06-11,ORCL,80.9,,1,Bernstein:80.9
2026-06-11,SJM,3.85,13.3643,2,B of A Securities:13.3|Morgan Stanley:-5.6
2026-06-12,ADBE,-6.1,,1,Goldman Sachs:-6.1
2026-06-12,AJG,20,,1,Jefferies:20
2026-06-12,CB,13,,1,Barclays:13
2026-06-12,HIG,20.6,,1,Barclays:20.6
2026-06-12,LRCX,-6.8,,1,Barclays:-6.8
2026-06-12,MGM,10.1,,1,JP Morgan:10.1
2026-06-12,ORCL,21.6,,1,Piper Sandler:21.6
2026-06-12,PEP,23.8,,1,Piper Sandler:23.8
2026-06-12,UBER,64.2,,1,Tigress Financial:64.2
2026-06-12,WDC,19.9,,1,JP Morgan:19.9
2026-06-12,WRB,-7.7,,1,Barclays:-7.7
2026-06-13,ADBE,-3.7,,1,Keybanc:-3.7
2026-06-13,DIS,23.7,,1,Needham:23.7
2026-06-13,FDX,24.3,,1,Barclays:24.3
2026-06-13,MNST,2.6,,1,Bernstein:2.6
2026-06-15,DOC,16,,1,BMO Capital:16
2026-06-15,FOXA,5.3,,1,Barclays:5.3
2026-06-15,FSLR,10,,1,Mizuho:10
2026-06-15,LRCX,3.6,,1,Oppenheimer:3.6
2026-06-15,MGM,-0.5,,1,Stifel:-0.5
2026-06-15,RF,5.1,,1,Stephens & Co.:5.1
2026-06-15,TXN,11.3,,1,Citigroup:11.3
2026-06-15,WDC,5,,1,Morgan Stanley:5
2026-06-16,CCL,21.3,,1,Citigroup:21.3
2026-06-16,CTAS,27.9,,1,Truist Securities:27.9
2026-06-16,LUV,-6.4,,1,Jefferies:-6.4
2026-06-16,PSA,12.6,,1,Citigroup:12.6
2026-06-16,TEL,38.3,,1,Barclays:38.3
2026-06-16,TSCO,4.9,,1,Truist Securities:4.9
2026-06-16,YUM,13.4,,1,TD Cowen:13.4
2026-06-17,AMAT,19.9,,1,Citigroup:19.9
2026-06-17,CMI,22.3,,1,Wells Fargo:22.3
2026-06-17,EXR,7.2,,1,B of A Securities:7.2
2026-06-17,INVH,6.7,,1,Mizuho:6.7
2026-06-17,LEN,-4.05,13.5057,2,JP Morgan:-13.6|UBS:5.5
2026-06-17,LRCX,17.8,,1,Citigroup:17.8
2026-06-17,SLB,15.4,,1,RBC Capital:15.4
2026-06-17,STZ,22.8,,1,UBS:22.8
2026-06-17,VTR,12.4,,1,Raymond James:12.4
2026-06-17,WELL,6,,1,Raymond James:6
2026-06-18,ACN,42.3,,1,Evercore ISI Group:42.3
2026-06-18,AEP,11.1,,1,Ladenburg Thalmann:11.1
2026-06-18,DAL,10.5,,1,Bernstein:10.5
2026-06-18,EXR,2,,1,Truist Securities:2
2026-06-18,GDDY,62.3,,1,JP Morgan:62.3
2026-06-18,JBL,14.7,4.5211,3,Barclays:9.7|JP Morgan:15.9|Stifel:18.5
2026-06-18,MU,35.4,,1,Stifel:35.4
2026-06-18,O,10.2,,1,Scotiabank:10.2
2026-06-18,PEP,19.1,,1,Deutsche Bank:19.1
2026-06-18,RMD,21.7,,1,Morgan Stanley:21.7
2026-06-18,SLB,27.7,,1,Stifel:27.7
2026-06-18,SO,5.9,,1,Barclays:5.9
2026-06-18,VICI,7.8,,1,Scotiabank:7.8
2026-06-19,C,12.6,,1,Wells Fargo:12.6
2026-06-19,CEG,13.5,,1,Goldman Sachs:13.5
2026-06-19,DUK,9.8,,1,Mizuho:9.8
2026-06-19,JBL,15.9,,1,Raymond James:15.9
2026-06-22,ACN,26,19.799,2,RBC Capital:40|Susquehanna:12
2026-06-22,BEN,19.4,,1,TD Cowen:19.4
2026-06-22,HCA,15.4,,1,TD Cowen:15.4
2026-06-22,INCY,5.2,,1,Truist Securities:5.2
2026-06-22,KR,11.4,,1,UBS:11.4
2026-06-22,UHS,39.5,,1,TD Cowen:39.5
2026-06-23,ACN,81.1,,1,Mizuho:81.1
2026-06-23,KR,13.2,7.4953,2,Barclays:7.9|Morgan Stanley:18.5
2026-06-23,NKE,8.5,,1,Goldman Sachs:8.5
2026-06-23,NUE,7.4,,1,Morgan Stanley:7.4
2026-06-23,NXPI,20.3,,1,Citigroup:20.3
2026-06-23,ODFL,5.7,,1,Goldman Sachs:5.7
2026-06-23,PSA,4.8,,1,Truist Securities:4.8
2026-06-23,SPG,0,,1,Truist Securities:0
2026-06-23,TEL,11.5,,1,Evercore ISI Group:11.5
2026-06-23,TSCO,32.9,,1,DA Davidson:32.9
2026-06-23,XEL,14.7,,1,Mizuho:14.7
2026-06-24,ADI,22.3,,1,Stifel:22.3
2026-06-24,AXP,11.3,,1,Truist Securities:11.3
2026-06-24,CAT,17.7,,1,Wells Fargo:17.7
2026-06-24,COR,0.6,,1,B of A Securities:0.6
2026-06-24,CVS,8,,1,B of A Securities:8
2026-06-24,D,0.6,,1,Barclays:0.6
2026-06-24,DOW,16.7,,1,Citigroup:16.7
2026-06-24,ECL,21,,1,Citigroup:21
2026-06-24,FDX,8.85,7.4246,2,Citigroup:14.1|Stifel:3.6
2026-06-24,FITB,9.3,,1,Truist Securities:9.3
2026-06-24,HUM,5,,1,B of A Securities:5
2026-06-24,IFF,15.8,,1,Citigroup:15.8
2026-06-24,KEY,3.9,,1,Truist Securities:3.9
2026-06-24,KLAC,30.9,,1,B of A Securities:30.9
2026-06-24,LRCX,30.8,,1,B of A Securities:30.8
2026-06-24,LYB,15.8,,1,Citigroup:15.8
2026-06-24,MET,2.2,,1,Piper Sandler:2.2
2026-06-24,MRVL,26.8,3.8184,2,B of A Securities:29.5|Stifel:24.1
2026-06-24,NKE,9.4,,1,Evercore ISI Group:9.4
2026-06-24,PFG,14.9,,1,Piper Sandler:14.9
2026-06-24,SHW,16.1,,1,Citigroup:16.1
2026-06-24,SNPS,19.5,,1,Piper Sandler:19.5
2026-06-24,TER,24.1,,1,B of A Securities:24.1
2026-06-24,TTWO,49,,1,B of A Securities:49
2026-06-24,TXN,18.8,,1,Stifel:18.8
2026-06-24,UNH,15.7,,1,B of A Securities:15.7
2026-06-25,BSX,47,,1,Stifel:47
2026-06-25,CCL,12.6,,1,Susquehanna:12.6
2026-06-25,CSGP,22.8,48.2247,2,Goldman Sachs:56.9|Wells Fargo:-11.3
2026-06-25,ESS,7.1,,1,Morgan Stanley:7.1
2026-06-25,F,-21,,1,Wells Fargo:-21
2026-06-25,FDX,12.05,3.3234,2,Truist Securities:14.4|UBS:9.7
2026-06-25,INVH,12.6,,1,Wells Fargo:12.6
2026-06-25,MU,20.3875,22.1389,8,Deutsche Bank:25.7|Goldman Sachs:-10.8|Morgan Stanley:-2.7|Raymond James:21.7|Susquehanna:62.2|TD Cowen:29.8|Wedbush:13.5|Wells Fargo:23.7
2026-06-25,NUE,13.1,,1,Keybanc:13.1
2026-06-25,PAYX,9.1,,1,JP Morgan:9.1
2026-06-25,QCOM,7.1,,1,Bernstein:7.1
2026-06-25,RDDT,87.1,,1,Needham:87.1
2026-06-25,STLD,7.6,,1,Keybanc:7.6
2026-06-26,AAPL,45.5,,1,Wedbush:45.5
2026-06-26,AMAT,15.1,,1,Wells Fargo:15.1
2026-06-26,AMT,21.8,4.1012,2,Goldman Sachs:24.7|RBC Capital:18.9
2026-06-26,CCI,18.2,,1,Goldman Sachs:18.2
2026-06-26,DAL,13.8,,1,Evercore ISI Group:13.8
2026-06-26,DRI,12.9,,1,UBS:12.9
2026-06-26,HSY,12.6,,1,B of A Securities:12.6
2026-06-26,INCY,3.2,,1,UBS:3.2
2026-06-26,INTC,16.5,,1,Goldman Sachs:16.5
2026-06-26,MKC,6.1,,1,UBS:6.1
2026-06-26,MRNA,29.5,,1,Piper Sandler:29.5
2026-06-26,MU,47.075,19.7927,4,B of A Securities:36.1|Barclays:75.6|Needham:44.9|Rosenblatt:31.7
2026-06-26,NKE,7.3,,1,Deutsche Bank:7.3
2026-06-26,NOC,15.6,,1,Jefferies:15.6
2026-06-26,NTRS,5.8,,1,Truist Securities:5.8
2026-06-26,ODFL,1.1,,1,Barclays:1.1
2026-06-26,PEP,16.7,,1,B of A Securities:16.7
2026-06-26,QCOM,21.5,,1,Barclays:21.5
2026-06-26,SBAC,11.8,,1,Goldman Sachs:11.8
2026-06-26,TECH,3,,1,Stephens & Co.:3
2026-06-26,UAL,27,,1,Citigroup:27
2026-06-26,UNP,9.1,,1,Evercore ISI Group:9.1
2026-06-26,URI,9.9,,1,Keybanc:9.9
2026-06-26,WFC,10.8,,1,Truist Securities:10.8
2026-06-27,BEN,3.2,,1,Morgan Stanley:3.2
2026-06-27,DRI,5.1,7.6368,2,BTIG:10.5|Piper Sandler:-0.3
2026-06-27,JBHT,9.1,,1,Benchmark:9.1
2026-06-27,MKC,30.6,11.5966,2,Bernstein:38.8|Deutsche Bank:22.4
2026-06-27,NKE,49.7,,1,Oppenheimer:49.7
2026-06-27,TECH,3,,1,Baird:3
2026-06-27,TROW,2.4,,1,Morgan Stanley:2.4
2026-06-29,APA,23.8,,1,Morgan Stanley:23.8
2026-06-29,BAC,16,,1,Morgan Stanley:16
2026-06-29,C,15.6,,1,Morgan Stanley:15.6
2026-06-29,CFG,12.7,,1,Morgan Stanley:12.7
2026-06-29,DVN,49.4,,1,Morgan Stanley:49.4
2026-06-29,EQIX,14.8,,1,Citigroup:14.8
2026-06-29,FITB,13.8,,1,Morgan Stanley:13.8
2026-06-29,GS,6.8,,1,Morgan Stanley:6.8
2026-06-29,JPM,10.3,,1,Morgan Stanley:10.3
2026-06-29,KEY,8.1,,1,Morgan Stanley:8.1
2026-06-29,LRCX,30.5,,1,Cantor Fitzgerald:30.5
2026-06-29,MU,77.2,,1,Cantor Fitzgerald:77.2
2026-06-29,OXY,36,,1,Morgan Stanley:36
2026-06-29,PNC,13.7,,1,Morgan Stanley:13.7
2026-06-29,QCOM,8.8,,1,Mizuho:8.8
2026-06-29,TXN,24.9,,1,UBS:24.9
2026-06-29,USB,10.1,,1,Morgan Stanley:10.1
2026-06-29,WDC,49.9,,1,Cantor Fitzgerald:49.9
2026-06-29,WFC,21.8,,1,Morgan Stanley:21.8
2026-06-30,CCL,45.1,,1,Tigress Financial:45.1
2026-06-30,DIS,43.7,,1,JP Morgan:43.7
2026-06-30,DOW,3.9,,1,B of A Securities:3.9
2026-06-30,EVRG,8.1,,1,Barclays:8.1
2026-06-30,FCX,22.3,,1,UBS:22.3
2026-06-30,FRT,5.6,,1,B of A Securities:5.6
2026-06-30,HON,13.7,,1,Deutsche Bank:13.7
2026-06-30,HRL,3.9,,1,B of A Securities:3.9
2026-06-30,LRCX,14.1,,1,Susquehanna:14.1
2026-06-30,LYB,-10.7,,1,B of A Securities:-10.7
2026-06-30,MKC,6.6,,1,Barclays:6.6
2026-06-30,MRK,9.1,,1,B of A Securities:9.1
2026-06-30,NEM,27.9,,1,UBS:27.9
2026-06-30,NTRS,-2.2,,1,Citigroup:-2.2
2026-06-30,PLD,14.9,,1,BMO Capital:14.9
2026-06-30,STZ,21.3,,1,Wells Fargo:21.3
2026-06-30,TECH,3,,1,Citigroup:3
2026-06-30,TER,17.6,,1,Susquehanna:17.6
2026-06-30,TFC,8,,1,Citigroup:8
2026-06-30,WY,26.6,,1,DA Davidson:26.6
2026-07-01,CMCSA,32,,1,Deutsche Bank:32
2026-07-01,DAL,5.9,,1,B of A Securities:5.9
2026-07-01,DRI,19.1,,1,Argus Research:19.1
2026-07-01,GE,14.9,,1,Citigroup:14.9
2026-07-01,ICE,45.1,,1,Goldman Sachs:45.1
2026-07-01,IFF,7.3,,1,Argus Research:7.3
2026-07-01,LDOS,5.9,,1,Jefferies:5.9
2026-07-01,LUV,-13.5,,1,B of A Securities:-13.5
2026-07-01,MA,15.4,,1,Piper Sandler:15.4
2026-07-01,MOS,23.2,,1,Morgan Stanley:23.2
2026-07-01,NKE,77.55,5.1619,2,Bernstein:73.9|Jefferies:81.2
2026-07-01,PAYX,8.1,,1,Morgan Stanley:8.1
2026-07-01,SLB,35.9,,1,Citigroup:35.9
2026-07-01,SNDK,19.9,,1,B of A Securities:19.9
2026-07-01,STT,15,,1,Goldman Sachs:15
2026-07-01,UAL,11.3,1.5556,2,B of A Securities:10.2|Bernstein:12.4
2026-07-01,WELL,16.4,,1,Deutsche Bank:16.4
2026-07-01,WMB,20,,1,JP Morgan:20
2026-07-02,BRO,2.4,,1,Goldman Sachs:2.4
2026-07-02,CAH,8.4,,1,B of A Securities:8.4
2026-07-02,CHTR,-11.1,,1,Goldman Sachs:-11.1
2026-07-02,CME,38.7,,1,Raymond James:38.7
2026-07-02,DLR,11.9,,1,Barclays:11.9
2026-07-02,FDS,1.2,,1,Jefferies:1.2
2026-07-02,GIS,-10.55,3.7477,2,Deutsche Bank:-13.2|JP Morgan:-7.9
2026-07-02,IFF,15.9,,1,Morgan Stanley:15.9
2026-07-02,LUV,-32,,1,Goldman Sachs:-32
2026-07-02,NKE,11.4143,15.5593,7,B of A Securities:6.6|Barclays:17.9|BTIG:24.7|Guggenheim:36|Piper Sandler:2|Stifel:2|Wells Fargo:-9.3
2026-07-02,NOW,17.7,,1,Guggenheim:17.7
2026-07-02,PEP,18.7,,1,JP Morgan:18.7
2026-07-02,PLD,22.9,,1,BTIG:22.9
2026-07-02,PNW,1,,1,Barclays:1
2026-07-02,PPG,9.3,,1,Mizuho:9.3
2026-07-02,STX,27.7,,1,B of A Securities:27.7
2026-07-02,STZ,14.2,10.4652,2,B of A Securities:6.8|JP Morgan:21.6
2026-07-02,TSLA,-1.9,,1,Freedom Broker:-1.9
2026-07-02,TSN,17.9,,1,B of A Securities:17.9
2026-07-02,VTR,6.1,,1,Evercore ISI Group:6.1
2026-07-02,WDC,22.9,,1,B of A Securities:22.9
2026-07-02,WMB,15.6,,1,Jefferies:15.6
2026-07-03,ATO,6.1,,1,Argus Research:6.1
2026-07-03,CHRW,5,,1,Raymond James:5
2026-07-03,CMI,31.9,,1,Truist Securities:31.9
2026-07-03,COHR,21.5,,1,Raymond James:21.5
2026-07-03,DD,21.5,,1,Citigroup:21.5
2026-07-03,DIS,15.1,,1,Raymond James:15.1
2026-07-03,EOG,35.2,,1,Jefferies:35.2
2026-07-03,EQT,42,,1,Jefferies:42
2026-07-03,ES,3.7,,1,Wells Fargo:3.7
2026-07-03,FDS,10,26,3,BMO Capital:10|UBS:36|Wells Fargo:-16
2026-07-03,GE,19.8,,1,Jefferies:19.8
2026-07-03,GIS,-11.4333,5.4684,3,Jefferies:-5.3|TD Cowen:-15.8|Wells Fargo:-13.2
2026-07-03,GNRC,11,,1,Citigroup:11
2026-07-03,ITW,11,,1,Truist Securities:11
2026-07-03,J,18.7,,1,Truist Securities:18.7
2026-07-03,PCAR,8.1,,1,Truist Securities:8.1
2026-07-03,PEG,0.7,,1,RBC Capital:0.7
2026-07-03,PEP,20.1,,1,UBS:20.1
2026-07-03,PM,0.5,,1,UBS:0.5
2026-07-03,STZ,26.35,14.0714,2,Morgan Stanley:16.4|RBC Capital:36.3
2026-07-03,TSN,9.3,,1,Bernstein:9.3
2026-07-03,UAL,17.4,,1,Goldman Sachs:17.4
2026-07-03,WST,6.5,,1,Keybanc:6.5
2026-07-06,ADP,-8.4,,1,TD Cowen:-8.4
2026-07-06,ALL,20.5,,1,Raymond James:20.5
2026-07-06,BAX,5.4,,1,Evercore ISI Group:5.4
2026-07-06,BDX,14,,1,Evercore ISI Group:14
2026-07-06,BXP,-2.2,,1,Evercore ISI Group:-2.2
2026-07-06,LUV,27.5,,1,Morgan Stanley:27.5
2026-07-06,MDT,26.1,,1,Evercore ISI Group:26.1
2026-07-06,MS,7.4,,1,Goldman Sachs:7.4
2026-07-06,MSFT,35.6,,1,Wolfe Research:35.6
2026-07-06,MTB,9.6,,1,Evercore ISI Group:9.6
2026-07-06,NTRS,1.3,,1,Evercore ISI Group:1.3
2026-07-06,PFG,0.9,,1,Morgan Stanley:0.9
2026-07-06,SYK,6.9,,1,Evercore ISI Group:6.9
2026-07-06,TER,20.3,,1,Goldman Sachs:20.3
2026-07-06,TMO,9.6,,1,Evercore ISI Group:9.6
2026-07-06,TRV,17.1,,1,Raymond James:17.1
2026-07-06,UNH,-10.3,,1,HSBC:-10.3
2026-07-06,UPS,-31.4,,1,Morgan Stanley:-31.4
2026-07-06,WRB,4.2,,1,Morgan Stanley:4.2
2026-07-07,AJG,15,,1,Barclays:15
2026-07-07,APTV,27,,1,Deutsche Bank:27
2026-07-07,ARE,19.9,,1,Mizuho:19.9
2026-07-07,AXON,17.6,,1,Needham:17.6
2026-07-07,C,22.2,,1,B of A Securities:22.2
2026-07-07,CHRW,-52,,1,Morgan Stanley:-52
2026-07-07,CMCSA,25.7,,1,Morgan Stanley:25.7
2026-07-07,CME,9.7,,1,UBS:9.7
2026-07-07,DLTR,37.6,,1,JP Morgan:37.6
2026-07-07,DOW,19.8,,1,BMO Capital:19.8
2026-07-07,EG,-4,,1,Morgan Stanley:-4
2026-07-07,FITB,14.7,,1,Wells Fargo:14.7
2026-07-07,GL,17.1,,1,Morgan Stanley:17.1
2026-07-07,GLW,29.9,,1,B of A Securities:29.9
2026-07-07,HBAN,7.1,1.9799,2,Jefferies:5.7|JP Morgan:8.5
2026-07-07,IBM,8,,1,B of A Securities:8
2026-07-07,JBHT,-28,,1,Morgan Stanley:-28
2026-07-07,KEY,9.6,7.4953,2,JP Morgan:4.3|Wells Fargo:14.9
2026-07-07,MCO,-1.1,,1,Morgan Stanley:-1.1
2026-07-07,MGM,3,,1,Wells Fargo:3
2026-07-07,MRK,-6.8,,1,Cantor Fitzgerald:-6.8
2026-07-07,MRNA,-49.45,6.0104,2,B of A Securities:-53.7|RBC Capital:-45.2
2026-07-07,MS,12.8,,1,B of A Securities:12.8
2026-07-07,MSFT,31.2,,1,BMO Capital:31.2
2026-07-07,NEE,3.3,,1,Barclays:3.3
2026-07-07,NEM,52,,1,Jefferies:52
2026-07-07,O,2.1,,1,Baird:2.1
2026-07-07,ODFL,11.4,,1,Morgan Stanley:11.4
2026-07-07,PFE,12.3,,1,Cantor Fitzgerald:12.3
2026-07-07,PFG,-18.8,,1,Barclays:-18.8
2026-07-07,PPG,10.5,,1,BMO Capital:10.5
2026-07-07,PRU,-19.9,,1,Barclays:-19.9
2026-07-07,SPGI,17.4,,1,Morgan Stanley:17.4
2026-07-07,SYF,16.4,,1,TD Cowen:16.4
2026-07-07,TFC,5.3,,1,Morgan Stanley:5.3
2026-07-07,TMUS,21.05,3.7477,2,B of A Securities:18.4|Morgan Stanley:23.7
2026-07-07,TRMB,49.3,,1,Oppenheimer:49.3
2026-07-07,VRTX,7.5,,1,RBC Capital:7.5
2026-07-07,WFC,15.9,,1,B of A Securities:15.9
2026-07-08,ACGL,9.35,9.5459,2,Barclays:2.6|UBS:16.1
2026-07-08,AFL,1.6,,1,UBS:1.6
2026-07-08,AIG,20.8,,1,UBS:20.8
2026-07-08,AWK,8.1,,1,JP Morgan:8.1
2026-07-08,BKR,34.3,,1,Citigroup:34.3
2026-07-08,BRO,7.95,3.0406,2,Barclays:10.1|UBS:5.8
2026-07-08,CF,-1.1,,1,Morgan Stanley:-1.1
2026-07-08,CFG,15.8,,1,UBS:15.8
2026-07-08,CNC,13.1,,1,Cantor Fitzgerald:13.1
2026-07-08,COP,32.7,,1,Mizuho:32.7
2026-07-08,CSX,8.5,,1,Baird:8.5
2026-07-08,DAL,24.4,,1,Susquehanna:24.4
2026-07-08,DVN,27.2,,1,JP Morgan:27.2
2026-07-08,ECL,21.1,,1,RBC Capital:21.1
2026-07-08,EFX,27.1,,1,UBS:27.1
2026-07-08,ELV,7.6,,1,Cantor Fitzgerald:7.6
2026-07-08,FITB,13.1,,1,UBS:13.1
2026-07-08,FRT,-0.3,,1,Evercore ISI Group:-0.3
2026-07-08,GILD,14.2,,1,Truist Securities:14.2
2026-07-08,HBAN,22.9,,1,UBS:22.9
2026-07-08,HCA,25.3,,1,Cantor Fitzgerald:25.3
2026-07-08,HUM,-24.3,,1,Cantor Fitzgerald:-24.3
2026-07-08,INVH,15.9,,1,UBS:15.9
2026-07-08,JNJ,10.9,,1,Citigroup:10.9
2026-07-08,KEY,16.1,,1,UBS:16.1
2026-07-08,LLY,12.5,3.1113,2,JP Morgan:14.7|Morgan Stanley:10.3
2026-07-08,LUV,13.7,,1,Susquehanna:13.7
2026-07-08,MA,28,,1,Baird:28
2026-07-08,MCO,3.8,,1,BMO Capital:3.8
2026-07-08,MET,14.6,,1,UBS:14.6
2026-07-08,MO,8.3,,1,UBS:8.3
2026-07-08,NTRS,10.5,,1,B of A Securities:10.5
2026-07-08,PANW,-5,,1,Evercore ISI Group:-5
2026-07-08,PFE,16.4,,1,JP Morgan:16.4
2026-07-08,PNC,13.9,,1,UBS:13.9
2026-07-08,PODD,7.2,,1,Citigroup:7.2
2026-07-08,RF,8.4,,1,UBS:8.4
2026-07-08,SHW,21.7,,1,RBC Capital:21.7
2026-07-08,SPGI,16.55,3.182,2,BMO Capital:14.3|UBS:18.8
2026-07-08,STT,6.1,,1,B of A Securities:6.1
2026-07-08,TFC,8.6,,1,UBS:8.6
2026-07-08,TSCO,31.7,,1,Evercore ISI Group:31.7
2026-07-08,VMC,18.6,,1,UBS:18.6
2026-07-08,VRTX,-33.1,,1,Baird:-33.1
2026-07-08,WELL,14.5,,1,UBS:14.5
2026-07-08,WM,7.1,5.6569,2,CIBC:3.1|Oppenheimer:11.1
2026-07-08,WRB,-3.6,,1,Keefe; Bruyette & Woods:-3.6
2026-07-09,BALL,22,5.7983,2,Citigroup:17.9|RBC Capital:26.1
2026-07-09,BRO,9.2,,1,Keefe; Bruyette & Woods:9.2
2026-07-09,CB,9.8,,1,Keefe; Bruyette & Woods:9.8
2026-07-09,CHD,15.1,,1,Wells Fargo:15.1
2026-07-09,CL,3.9,,1,Piper Sandler:3.9
2026-07-09,CVS,7.9,,1,RBC Capital:7.9
2026-07-09,DLTR,7.5,8.6267,2,Goldman Sachs:1.4|Raymond James:13.6
2026-07-09,ECL,22.4,,1,Deutsche Bank:22.4
2026-07-09,EG,12.7,,1,Keefe; Bruyette & Woods:12.7
2026-07-09,EW,18.2,,1,Citigroup:18.2
2026-07-09,FCX,20.65,4.7376,2,Goldman Sachs:24|Morgan Stanley:17.3
2026-07-09,GD,18.5,,1,Jefferies:18.5
2026-07-09,GL,8.5,,1,Wells Fargo:8.5
2026-07-09,HAL,21.7,,1,Susquehanna:21.7
2026-07-09,HSY,15.5,,1,Piper Sandler:15.5
2026-07-09,HUM,5.1,,1,RBC Capital:5.1
2026-07-09,JBHT,-14.2,,1,Goldman Sachs:-14.2
2026-07-09,KHC,0.9,,1,Wells Fargo:0.9
2026-07-09,KIM,15.3,,1,UBS:15.3
2026-07-09,LRCX,9.6,,1,TD Cowen:9.6
2026-07-09,LYV,11,,1,Goldman Sachs:11
2026-07-09,MNST,10.7,,1,Wells Fargo:10.7
2026-07-09,MSCI,26.2,,1,Raymond James:26.2
2026-07-09,NCLH,17,,1,Morgan Stanley:17
2026-07-09,NDAQ,33.9,,1,Raymond James:33.9
2026-07-09,NOW,42.1,,1,Goldman Sachs:42.1
2026-07-09,NTRS,-3.4,,1,Keefe; Bruyette & Woods:-3.4
2026-07-09,ODFL,13.7,,1,Wells Fargo:13.7
2026-07-09,OKE,-3.2,,1,Barclays:-3.2
2026-07-09,ON,53.1,,1,Susquehanna:53.1
2026-07-09,REG,6.4,,1,UBS:6.4
2026-07-09,ROL,45.6,,1,Morgan Stanley:45.6
2026-07-09,SPG,1.2,,1,UBS:1.2
2026-07-09,T,14.7,,1,Barclays:14.7
2026-07-09,TAP,6.1,,1,Wells Fargo:6.1
2026-07-09,TECH,3.2,,1,RBC Capital:3.2
2026-07-09,TFC,12.2,,1,B of A Securities:12.2
2026-07-09,TRV,4.5,,1,Keefe; Bruyette & Woods:4.5
2026-07-09,UDR,2.6,,1,Truist Securities:2.6
2026-07-09,UPS,19.1,,1,Citigroup:19.1
2026-07-09,USB,17.6,,1,Raymond James:17.6
2026-07-09,V,21.6,,1,Barclays:21.6
2026-07-09,WAT,4.9,,1,Morgan Stanley:4.9
2026-07-09,WDC,-15.8,,1,Susquehanna:-15.8
2026-07-09,WMB,-0.8,,1,Barclays:-0.8
2026-07-09,XYZ,31.6,,1,Barclays:31.6
2026-07-10,AEE,4.6,,1,Barclays:4.6
2026-07-10,AFL,-11.6,,1,Jefferies:-11.6
2026-07-10,APH,14.5,,1,B of A Securities:14.5
2026-07-10,AXP,11.3,,1,B of A Securities:11.3
2026-07-10,BMY,14.2,,1,B of A Securities:14.2
2026-07-10,CB,7.2,,1,Evercore ISI Group:7.2
2026-07-10,CME,12.2,,1,Barclays:12.2
2026-07-10,COF,14.5,,1,B of A Securities:14.5
2026-07-10,COST,20.4,,1,JP Morgan:20.4
2026-07-10,DVA,16.9,,1,UBS:16.9
2026-07-10,EXR,13.8,,1,UBS:13.8
2026-07-10,F,2.7,,1,Barclays:2.7
2026-07-10,FCX,30,3.5355,2,B of A Securities:32.5|JP Morgan:27.5
2026-07-10,GPN,25.6,,1,Wells Fargo:25.6
2026-07-10,HAS,30.5,,1,Citigroup:30.5
2026-07-10,HIG,5.4,,1,Evercore ISI Group:5.4
2026-07-10,HRL,2.5,,1,Stephens & Co.:2.5
2026-07-10,JNJ,1.1,,1,B of A Securities:1.1
2026-07-10,KO,14.8,,1,B of A Securities:14.8
2026-07-10,LDOS,46.9,,1,Truist Securities:46.9
2026-07-10,LIN,0,,1,Evercore ISI Group:0
2026-07-10,MGM,2.6,,1,Barclays:2.6
2026-07-10,MSFT,31.5,,1,Argus Research:31.5
2026-07-10,NEM,40.7,,1,B of A Securities:40.7
2026-07-10,NUE,25.6,,1,B of A Securities:25.6
2026-07-10,PEP,11.9,,1,Jefferies:11.9
2026-07-10,PFE,6.8,,1,B of A Securities:6.8
2026-07-10,PKG,9,,1,Wells Fargo:9
2026-07-10,PRU,-6.1,,1,Mizuho:-6.1
2026-07-10,PWR,18.4,,1,Jefferies:18.4
2026-07-10,RMD,7.9,,1,Jefferies:7.9
2026-07-10,RSG,18,,1,Citigroup:18
2026-07-10,SLB,28.7,,1,Raymond James:28.7
2026-07-10,SRE,8.9,,1,Barclays:8.9
2026-07-10,STLD,17.1,,1,B of A Securities:17.1
2026-07-10,TRGP,15.2,,1,JP Morgan:15.2
2026-07-10,WM,15.8,,1,Citigroup:15.8
2026-07-10,WRB,-5.2,,1,Evercore ISI Group:-5.2
2026-07-10,XEL,13.9,,1,Barclays:13.9
2026-07-11,ABBV,3.6,,1,RBC Capital:3.6
2026-07-11,AMD,16.7,,1,Stifel:16.7
2026-07-11,AME,4.6,,1,Morgan Stanley:4.6
2026-07-11,AMP,11.45,21.7082,2,Jefferies:26.8|Morgan Stanley:-3.9
2026-07-11,CTSH,23.5,,1,Baird:23.5
2026-07-11,EXR,20.1,,1,Barclays:20.1
2026-07-11,FSLR,17.5,,1,Susquehanna:17.5
2026-07-11,GL,-7.2,,1,Jefferies:-7.2
2026-07-11,GOOGL,24.5,,1,Keybanc:24.5
2026-07-11,ICE,19.6,,1,Morgan Stanley:19.6
2026-07-11,IT,27.5,,1,Morgan Stanley:27.5
2026-07-11,JBHT,14.4,,1,Bernstein:14.4
2026-07-11,LRCX,24.5,,1,Stifel:24.5
2026-07-11,LVS,55.7,,1,Citigroup:55.7
2026-07-11,MCO,17,,1,Barclays:17
2026-07-11,MET,11.9,,1,Jefferies:11.9
2026-07-11,MSCI,19.4,0.5657,2,B of A Securities:19|Barclays:19.8
2026-07-11,NDAQ,26.6,,1,Morgan Stanley:26.6
2026-07-11,PEP,10.54,7.1136,5,Citigroup:6.7|Morgan Stanley:17.8|RBC Capital:18.5|TD Cowen:6.7|Wells Fargo:3
2026-07-11,PG,12.8,,1,B of A Securities:12.8
2026-07-11,PRU,-5.3,,1,Jefferies:-5.3
2026-07-11,RJF,2.4,,1,Morgan Stanley:2.4
2026-07-11,SBAC,15,,1,RBC Capital:15
2026-07-11,WDC,29.4,,1,Wells Fargo:29.4
2026-07-11,WY,31.2,,1,Raymond James:31.2
2026-07-13,AAPL,15.1,,1,Citigroup:15.1
2026-07-13,AEE,-0.2,,1,B of A Securities:-0.2
2026-07-13,AFL,-6.5,,1,Evercore ISI Group:-6.5
2026-07-13,AMP,24.1,,1,Evercore ISI Group:24.1
2026-07-13,AON,14.4,,1,JP Morgan:14.4
2026-07-13,BX,13.8,,1,Evercore ISI Group:13.8
2026-07-13,CARR,15.8,,1,Citigroup:15.8
2026-07-13,CAT,17.7,,1,Oppenheimer:17.7
2026-07-13,CDW,0,,1,Citigroup:0
2026-07-13,CSGP,17.7,,1,RBC Capital:17.7
2026-07-13,DAL,29.6,,1,JP Morgan:29.6
2026-07-13,EW,19.2,,1,RBC Capital:19.2
2026-07-13,GL,-2.4,,1,Evercore ISI Group:-2.4
2026-07-13,HII,25.3,,1,TD Cowen:25.3
2026-07-13,INTC,8.5,,1,TD Cowen:8.5
2026-07-13,KKR,18.5,,1,Evercore ISI Group:18.5
2026-07-13,LDOS,47.6,,1,JP Morgan:47.6
2026-07-13,LH,18.65,4.5962,2,B of A Securities:15.4|Baird:21.9
2026-07-13,LLY,20.8,,1,UBS:20.8
2026-07-13,LMT,6.7,,1,TD Cowen:6.7
2026-07-13,MET,11.3,,1,Evercore ISI Group:11.3
2026-07-13,MRK,13.3,,1,JP Morgan:13.3
2026-07-13,NEE,6,,1,B of A Securities:6
2026-07-13,NXPI,9.4,,1,B of A Securities:9.4
2026-07-13,PRU,-5.6,,1,Evercore ISI Group:-5.6
2026-07-13,TEL,15.2,,1,Citigroup:15.2
2026-07-13,TSLA,-1.1,,1,Jefferies:-1.1
2026-07-13,TXT,15.9,,1,TD Cowen:15.9
2026-07-13,UNH,13.7,,1,Wells Fargo:13.7
2026-07-13,VRTX,20.3,,1,UBS:20.3
2026-07-14,AMCR,19,,1,B of A Securities:19
2026-07-14,AMP,1.3,,1,Piper Sandler:1.3
2026-07-14,APO,18.6,17.8191,2,BMO Capital:6|Piper Sandler:31.2
2026-07-14,ATO,11.4,,1,Wells Fargo:11.4
2026-07-14,AVY,31.4,,1,B of A Securities:31.4
2026-07-14,AXP,13.3,,1,JP Morgan:13.3
2026-07-14,BBY,0.4,,1,Loop Capital:0.4
2026-07-14,BIIB,17.3,,1,Truist Securities:17.3
2026-07-14,CAT,14.8,,1,Citigroup:14.8
2026-07-14,CL,18.3,,1,Citigroup:18.3
2026-07-14,CMG,23,,1,Citigroup:23
2026-07-14,CMI,15.6,,1,Citigroup:15.6
2026-07-14,COF,19.8,,1,JP Morgan:19.8
2026-07-14,CRL,0.7,,1,Mizuho:0.7
2026-07-14,DAL,26.4,,1,Citigroup:26.4
2026-07-14,DECK,19.7,,1,Jefferies:19.7
2026-07-14,ELV,6.6,,1,TD Cowen:6.6
2026-07-14,HUM,22.4,,1,Wells Fargo:22.4
2026-07-14,IQV,12.2,,1,Mizuho:12.2
2026-07-14,JBHT,-8.9,,1,Stifel:-8.9
2026-07-14,KDP,18.4,,1,Citigroup:18.4
2026-07-14,KO,15.2,,1,Citigroup:15.2
2026-07-14,MNST,15.7,,1,Citigroup:15.7
2026-07-14,NCLH,-17.9,,1,Goldman Sachs:-17.9
2026-07-14,NOC,-0.7,,1,Goldman Sachs:-0.7
2026-07-14,ODFL,3.7,,1,Raymond James:3.7
2026-07-14,PFE,23.1,,1,BMO Capital:23.1
2026-07-14,PFG,-1.8,,1,Keefe; Bruyette & Woods:-1.8
2026-07-14,Q,29.6,,1,RBC Capital:29.6
2026-07-14,RMD,21.6,,1,Citigroup:21.6
2026-07-14,SYF,6.6,,1,JP Morgan:6.6
2026-07-14,TAP,6,,1,Citigroup:6
2026-07-14,TSCO,9.3,,1,UBS:9.3
2026-07-14,UHS,14.5,,1,Wells Fargo:14.5
2026-07-14,UNH,-0.2,,1,TD Cowen:-0.2
2026-07-14,UNP,24.5,,1,Raymond James:24.5
2026-07-14,VLO,0.9,,1,Citigroup:0.9
2026-07-14,WAT,14.4,,1,Goldman Sachs:14.4
2026-07-14,YUM,11.4,,1,Citigroup:11.4
2026-07-15,ABNB,18.9,,1,Jefferies:18.9
2026-07-15,ADI,32.1,,1,Keybanc:32.1
2026-07-15,AMD,11.5,,1,B of A Securities:11.5
2026-07-15,ATO,3,,1,Barclays:3
2026-07-15,BAC,6,,1,RBC Capital:6
2026-07-15,BAX,-4.2,,1,Goldman Sachs:-4.2
2026-07-15,C,11.9,,1,RBC Capital:11.9
2026-07-15,CHRW,13.2,,1,Susquehanna:13.2
2026-07-15,CMS,7.5,,1,Barclays:7.5
2026-07-15,CNC,16.5,,1,Truist Securities:16.5
2026-07-15,CSGP,21.3,,1,Baird:21.3
2026-07-15,CSX,8.3,,1,Benchmark:8.3
2026-07-15,CTVA,15.1,,1,Mizuho:15.1
2026-07-15,CVS,11.8,,1,Truist Securities:11.8
2026-07-15,DASH,32.9,18.809,2,Jefferies:19.6|Keybanc:46.2
2026-07-15,DHI,-5.8,,1,Barclays:-5.8
2026-07-15,EBAY,10.3,,1,Baird:10.3
2026-07-15,ELV,20.9,,1,Truist Securities:20.9
2026-07-15,EW,17.7,,1,Mizuho:17.7
2026-07-15,FSLR,24.6,,1,Barclays:24.6
2026-07-15,GWW,-1.1,,1,Stephens & Co.:-1.1
2026-07-15,HAL,21.1,,1,Piper Sandler:21.1
2026-07-15,HUM,3.3,,1,Truist Securities:3.3
2026-07-15,IBM,58.4,,1,Oppenheimer:58.4
2026-07-15,INTC,41.8,,1,Keybanc:41.8
2026-07-15,INVH,18.8,,1,Barclays:18.8
2026-07-15,JPM,-2.4,13.2936,2,Baird:-11.8|RBC Capital:7
2026-07-15,LEN,4.9,,1,Citigroup:4.9
2026-07-15,LLY,39.7,,1,Citigroup:39.7
2026-07-15,LVS,18.2,,1,Wells Fargo:18.2
2026-07-15,MLM,18.6,,1,Raymond James:18.6
2026-07-15,MRVL,80.1,,1,Keybanc:80.1
2026-07-15,MSFT,26.4,,1,Mizuho:26.4
2026-07-15,MU,79.3,,1,Keybanc:79.3
2026-07-15,NOW,46.5,,1,Citigroup:46.5
2026-07-15,NSC,10.6,,1,Susquehanna:10.6
2026-07-15,ODFL,-1,,1,Susquehanna:-1
2026-07-15,OXY,26.5,,1,Stephens & Co.:26.5
2026-07-15,PNR,27.6,,1,RBC Capital:27.6
2026-07-15,PPL,13.7,,1,Barclays:13.7
2026-07-15,RMD,13,,1,Mizuho:13
2026-07-15,TDG,12,,1,Morgan Stanley:12
2026-07-15,TRMB,17.8,,1,Wells Fargo:17.8
2026-07-15,TSCO,16.2,,1,Barclays:16.2
2026-07-15,TSLA,-37.45,42.4971,2,Barclays:-7.4|Wells Fargo:-67.5
2026-07-15,UBER,44.8,,1,Keybanc:44.8
2026-07-15,UDR,14.3,,1,Barclays:14.3
2026-07-15,UNP,15.5,,1,Susquehanna:15.5
2026-07-15,WFC,7.1,,1,Baird:7.1
2026-07-16,AEE,22.8,,1,JP Morgan:22.8
2026-07-16,AVY,32.8,,1,Truist Securities:32.8
2026-07-16,AWK,0.4,,1,Barclays:0.4
2026-07-16,BAC,11.325,4.7444,4,Barclays:16.2|Keefe; Bruyette & Woods:12.9|Truist Securities:4.9|Wells Fargo:11.3
2026-07-16,BLK,18.8,,1,UBS:18.8
2026-07-16,C,14.3,,1,Truist Securities:14.3
2026-07-16,CB,10.6,,1,Piper Sandler:10.6
2026-07-16,CBOE,15.2,,1,Piper Sandler:15.2
2026-07-16,CHD,7.1,,1,JP Morgan:7.1
2026-07-16,CHRW,7.3,,1,Truist Securities:7.3
2026-07-16,CINF,13.5,,1,Piper Sandler:13.5
2026-07-16,CME,20,,1,Piper Sandler:20
2026-07-16,CMS,14.8,,1,JP Morgan:14.8
2026-07-16,CNP,9.9,,1,JP Morgan:9.9
2026-07-16,CTAS,15.0667,11.0636,3,RBC Capital:3.7|UBS:15.7|Wells Fargo:25.8
2026-07-16,DOC,0.9,,1,Wells Fargo:0.9
2026-07-16,DTE,10.3,,1,JP Morgan:10.3
2026-07-16,DUK,13.1,,1,JP Morgan:13.1
2026-07-16,ELV,13.7,8.7681,2,RBC Capital:7.5|Wells Fargo:19.9
2026-07-16,ETR,21.7,,1,JP Morgan:21.7
2026-07-16,EXPD,-7.35,6.7175,2,Stifel:-12.1|Truist Securities:-2.6
2026-07-16,GL,9.9,,1,Piper Sandler:9.9
2026-07-16,GS,3.8,13.2446,5,B of A Securities:13.3|Barclays:8.5|JP Morgan:-16.8|Keefe; Bruyette & Woods:-1.5|Wells Fargo:15.5
2026-07-16,HAS,30,,1,B of A Securities:30
2026-07-16,HIG,8.4,,1,Piper Sandler:8.4
2026-07-16,IBM,34.1,,1,Argus Research:34.1
2026-07-16,ICE,34.8,,1,Piper Sandler:34.8
2026-07-16,ISRG,29.4,,1,Truist Securities:29.4
2026-07-16,JBHT,1.9,3.3045,3,JP Morgan:5.7|TD Cowen:0.3|Truist Securities:-0.3
2026-07-16,JNJ,10.9,6.2225,2,Raymond James:6.5|RBC Capital:15.3
2026-07-16,JPM,12.775,9.3439,4,B of A Securities:20.2|Barclays:20.2|Keefe; Bruyette & Woods:9.9|Truist Securities:0.8
2026-07-16,KHC,-14.5,,1,JP Morgan:-14.5
2026-07-16,KLAC,19.4,,1,Oppenheimer:19.4
2026-07-16,KO,17.4,,1,UBS:17.4
2026-07-16,MCD,12.5,,1,Wells Fargo:12.5
2026-07-16,MNST,7.1,,1,Stifel:7.1
2026-07-16,MS,-4.7,14.0007,2,JP Morgan:-14.6|Wells Fargo:5.2
2026-07-16,MTB,1.6,,1,RBC Capital:1.6
2026-07-16,NRG,52.6,,1,Wells Fargo:52.6
2026-07-16,ODFL,9,,1,Truist Securities:9
2026-07-16,PG,8.4,,1,JP Morgan:8.4
2026-07-16,PGR,49.9,,1,B of A Securities:49.9
2026-07-16,PKG,17.8,,1,Truist Securities:17.8
2026-07-16,PNC,7.975,3.6207,4,Oppenheimer:10|RBC Capital:6.9|Truist Securities:3.4|Wells Fargo:11.6
2026-07-16,PNR,30.85,24.5366,2,Goldman Sachs:13.5|Oppenheimer:48.2
2026-07-16,SO,9.7,,1,JP Morgan:9.7
2026-07-16,TMUS,28,,1,Scotiabank:28
2026-07-16,TRGP,12.3,,1,Truist Securities:12.3
2026-07-16,TRV,18.2,,1,Piper Sandler:18.2
2026-07-16,TSCO,14.8,,1,Wells Fargo:14.8
2026-07-16,UNH,0.8,,1,Baird:0.8
2026-07-16,WEC,9.9,,1,JP Morgan:9.9
2026-07-16,WM,10.2,,1,Scotiabank:10.2
2026-07-16,WTW,9.9,,1,Piper Sandler:9.9
2026-07-16,WYNN,40.8,4.3841,2,JP Morgan:37.7|Stifel:43.9
2026-07-16,XEL,28.2,,1,JP Morgan:28.2
2026-07-17,ABT,15.5,4.1073,3,JP Morgan:18.8|Piper Sandler:16.8|Wells Fargo:10.9
2026-07-17,APD,15.8,,1,Bernstein:15.8
2026-07-17,BKR,27.1,,1,Barclays:27.1
2026-07-17,BLK,29.6,7.6374,5,B of A Securities:23.6|Barclays:35.7|JP Morgan:27.7|Keefe; Bruyette & Woods:21.7|Morgan Stanley:39.3
2026-07-17,CF,-4.1,,1,RBC Capital:-4.1
2026-07-17,CFG,10.5,14.0993,3,DA Davidson:15|Jefferies:21.8|Stephens & Co.:-5.3
2026-07-17,CMI,20.8,,1,Morgan Stanley:20.8
2026-07-17,CTAS,7.15,5.4447,2,B of A Securities:11|Baird:3.3
2026-07-17,DPZ,11.8,,1,Morgan Stanley:11.8
2026-07-17,ELV,22.65,0.3536,2,Barclays:22.9|Guggenheim:22.4
2026-07-17,FAST,4.5,9.051,2,Barclays:-1.9|Morgan Stanley:10.9
2026-07-17,GS,9.65,3.3234,2,BMO Capital:7.3|Citigroup:12
2026-07-17,HAS,34.3,,1,Jefferies:34.3
2026-07-17,HLT,3,,1,Morgan Stanley:3
2026-07-17,IBM,15.9,0,2,Evercore ISI Group:15.9|JP Morgan:15.9
2026-07-17,INTC,24.8,,1,Susquehanna:24.8
2026-07-17,ISRG,25.48,9.7107,5,JP Morgan:23.3|Mizuho:9.6|Piper Sandler:28.8|Raymond James:32.3|Wells Fargo:33.4
2026-07-17,IVZ,0.8,,1,Morgan Stanley:0.8
2026-07-17,JBHT,14.05,8.7057,4,Citigroup:4.3|Evercore ISI Group:10.7|Stephens & Co.:24.8|Susquehanna:16.4
2026-07-17,JNJ,16.4,,1,Morgan Stanley:16.4
2026-07-17,MAR,2.4,,1,Morgan Stanley:2.4
2026-07-17,MCD,41.8,,1,Tigress Financial:41.8
2026-07-17,MS,17.425,3.3629,4,Barclays:22.2|BMO Capital:16.6|Freedom Broker:14.3|Keefe; Bruyette & Woods:16.6
2026-07-17,MTB,2.45,4.7376,2,Baird:-0.9|Barclays:5.8
2026-07-17,NFLX,28.8,1.7321,3,JP Morgan:29.8|Morgan Stanley:26.8|Oppenheimer:29.8
2026-07-17,NI,5.4,,1,BMO Capital:5.4
2026-07-17,OXY,9.8,,1,Citigroup:9.8
2026-07-17,PGR,4.1,8.4853,2,BMO Capital:-1.9|Evercore ISI Group:10.1
2026-07-17,PLD,5,1.4142,2,Barclays:4|Mizuho:6
2026-07-17,PNC,9.95,2.4749,2,Barclays:11.7|Stephens & Co.:8.2
2026-07-17,PNR,0.1,,1,Stifel:0.1
2026-07-17,STT,14.8333,6.3509,3,Keefe; Bruyette & Woods:18.5|Morgan Stanley:7.5|Wells Fargo:18.5
2026-07-17,SYY,5.9,,1,Morgan Stanley:5.9
2026-07-17,UAL,75.6,,1,JP Morgan:75.6
2026-07-17,UBER,61.1,,1,TD Cowen:61.1
2026-07-17,UNH,19.4667,3.926,3,Keybanc:17.2|Morgan Stanley:24|Oppenheimer:17.2
2026-07-17,USB,13.85,8.8388,2,Oppenheimer:20.1|Wells Fargo:7.6
2026-07-17,WRB,-4.5,,1,B of A Securities:-4.5
2026-07-17,WY,21.8,,1,RBC Capital:21.8
2026-07-17,XYZ,45.2,,1,Citigroup:45.2
2026-07-18,ABT,23.75,7.0004,2,Evercore ISI Group:18.8|RBC Capital:28.7
2026-07-18,BAC,9.4,,1,Evercore ISI Group:9.4
2026-07-18,CFG,10.95,5.7276,2,Evercore ISI Group:15|RBC Capital:6.9
2026-07-18,ECL,15.3,,1,Oppenheimer:15.3
2026-07-18,EMR,13.5,,1,JP Morgan:13.5
2026-07-18,GE,20.35,7.1418,2,RBC Capital:15.3|UBS:25.4
2026-07-18,GS,12.9,,1,Evercore ISI Group:12.9
2026-07-18,ISRG,45.4333,28.0292,6,Baird:37|Bernstein:87.7|Citigroup:37|Evercore ISI Group:2.7|RBC Capital:57.5|Stifel:50.7
2026-07-18,JPM,8.5,,1,Evercore ISI Group:8.5
2026-07-18,MAR,-1.7,,1,Stifel:-1.7
2026-07-18,MMM,10,,1,JP Morgan:10
2026-07-18,MS,10.75,1.6263,2,Citigroup:9.6|Evercore ISI Group:11.9
2026-07-18,NFLX,37.425,32.3934,4,Guggenheim:14.5|Pivotal Research:6.9|TD Cowen:52.7|UBS:75.6
2026-07-18,PNC,12.1,,1,Evercore ISI Group:12.1
2026-07-18,PPG,11.5,,1,B of A Securities:11.5
2026-07-18,SBAC,11.1,,1,Wells Fargo:11.1
2026-07-18,SPGI,14.2,,1,Stifel:14.2
2026-07-18,STT,9.825,4.459,4,Barclays:10.2|Citigroup:15.8|RBC Capital:8|Truist Securities:5.3
2026-07-18,TSCO,27.8,,1,Raymond James:27.8
2026-07-18,UAL,42.7,,1,Susquehanna:42.7
2026-07-18,UNH,14.6667,2.6026,3,RBC Capital:12|Truist Securities:17.2|UBS:14.8
2026-07-18,USB,13.3333,5.0292,3,Barclays:17|DA Davidson:15.4|Truist Securities:7.6
2026-07-20,AIG,12.4,,1,JP Morgan:12.4
2026-07-20,CTVA,10.6,,1,B of A Securities:10.6
2026-07-20,DOW,31.1,,1,Morgan Stanley:31.1
2026-07-20,GE,13.1,,1,JP Morgan:13.1
2026-07-20,HIG,8.3,,1,JP Morgan:8.3
2026-07-20,IBM,11.9,,1,Stifel:11.9
2026-07-20,IR,2.3,,1,Stifel:2.3
2026-07-20,JPM,5.3,,1,Citigroup:5.3
2026-07-20,LITE,30.9,,1,Barclays:30.9
2026-07-20,LVS,32,,1,B of A Securities:32
2026-07-20,LYB,22.2,,1,Morgan Stanley:22.2
2026-07-20,MCO,18.1,,1,JP Morgan:18.1
2026-07-20,NVR,10.6,,1,B of A Securities:10.6
2026-07-20,PEG,-0.5,,1,Jefferies:-0.5
2026-07-20,PNC,15.2,,1,Citigroup:15.2
2026-07-20,PPL,8.5,,1,B of A Securities:8.5
2026-07-20,RF,11.05,4.4548,2,Citigroup:14.2|DA Davidson:7.9
2026-07-20,TER,49.2,,1,UBS:49.2
2026-07-20,TMUS,20.5,,1,RBC Capital:20.5
2026-07-20,TRV,4.7,,1,Citigroup:4.7
2026-07-21,APO,37.4,,1,Morgan Stanley:37.4
2026-07-21,CPT,5.6,,1,Piper Sandler:5.6
2026-07-21,DDOG,8.3,,1,Evercore ISI Group:8.3
2026-07-21,DIS,38.5,,1,UBS:38.5
2026-07-21,DPZ,16.0667,10.0421,3,Evercore ISI Group:14.5|Oppenheimer:26.8|RBC Capital:6.9
2026-07-21,DVN,42.7,,1,Susquehanna:42.7
2026-07-21,EOG,19.6,,1,Susquehanna:19.6
2026-07-21,ESS,19.7,,1,Piper Sandler:19.7
2026-07-21,FANG,29.4,,1,Susquehanna:29.4
2026-07-21,FITB,8.2667,4.3776,3,DA Davidson:12.9|Keefe; Bruyette & Woods:4.2|RBC Capital:7.7
2026-07-21,FRT,18.2,,1,Piper Sandler:18.2
2026-07-21,GL,8.7,,1,JP Morgan:8.7
2026-07-21,GPN,22,,1,Morgan Stanley:22
2026-07-21,HLT,12.15,1.0607,2,Evercore ISI Group:12.9|JP Morgan:11.4
2026-07-21,HST,3.4,,1,JP Morgan:3.4
2026-07-21,KIM,18.7,,1,Piper Sandler:18.7
2026-07-21,KKR,51.5,,1,Morgan Stanley:51.5
2026-07-21,LRCX,8.2,,1,Evercore ISI Group:8.2
2026-07-21,LYV,15.5,,1,JP Morgan:15.5
2026-07-21,MAR,10.6,3.8184,2,JP Morgan:7.9|TD Cowen:13.3
2026-07-21,MCHP,5.8,,1,Wells Fargo:5.8
2026-07-21,META,29.9,,1,Raymond James:29.9
2026-07-21,MNST,0.45,2.192,2,BMO Capital:-1.1|Deutsche Bank:2
2026-07-21,MTB,7.2,,1,Truist Securities:7.2
2026-07-21,OKE,-3.8,,1,RBC Capital:-3.8
2026-07-21,PLD,9.4,,1,Truist Securities:9.4
2026-07-21,PWR,11.8,,1,JP Morgan:11.8
2026-07-21,RF,7.6,2.2627,2,Keefe; Bruyette & Woods:6|Truist Securities:9.2
2026-07-21,RL,10.2,,1,Wells Fargo:10.2
2026-07-21,SPG,24,,1,Piper Sandler:24
2026-07-21,STT,8.6,,1,Evercore ISI Group:8.6
2026-07-21,TFC,9.9,1.633,4,Baird:9.9|Evercore ISI Group:9.9|Keefe; Bruyette & Woods:7.9|Stephens & Co.:11.9
2026-07-21,TRV,-12.4667,4.3108,3,B of A Securities:-16.3|Barclays:-13.3|Evercore ISI Group:-7.8
2026-07-21,TSCO,26.4,,1,Baird:26.4
2026-07-21,TXN,14.8,,1,Susquehanna:14.8
2026-07-21,UNH,13.25,12.5158,2,Barclays:4.4|JP Morgan:22.1
2026-07-21,UPS,2.2,,1,Evercore ISI Group:2.2
2026-07-21,WRB,5.6,14.8492,2,Truist Securities:16.1|Wells Fargo:-4.9
2026-07-22,ADP,8.3,,1,UBS:8.3
2026-07-22,AEE,7.1,,1,BMO Capital:7.1
2026-07-22,AEP,5.5,,1,BMO Capital:5.5
2026-07-22,BIIB,21.5,22.6274,2,B of A Securities:5.5|Guggenheim:37.5
2026-07-22,BXP,6.6,11.3137,2,Barclays:14.6|Mizuho:-1.4
2026-07-22,CB,15.8,,1,Citizens:15.8
2026-07-22,CHD,-11,,1,Barclays:-11
2026-07-22,CLX,-11.7,,1,Barclays:-11.7
2026-07-22,CNP,8.9,,1,BMO Capital:8.9
2026-07-22,D,-0.6,,1,BMO Capital:-0.6
2026-07-22,DDOG,15.2,5.6569,2,Jefferies:11.2|TD Cowen:19.2
2026-07-22,DHI,1.7,20.6475,2,Keefe; Bruyette & Woods:16.3|RBC Capital:-12.9
2026-07-22,DHR,13.9667,5.8287,3,Guggenheim:12.1|RBC Capital:20.5|Wells Fargo:9.3
2026-07-22,DPZ,26.6,,1,BMO Capital:26.6
2026-07-22,EFX,22.4,10.9055,3,Baird:33.5|RBC Capital:11.7|Wells Fargo:22
2026-07-22,ES,-2.3,,1,BMO Capital:-2.3
2026-07-22,ESS,0.6,,1,Wells Fargo:0.6
2026-07-22,ETR,9.3,,1,BMO Capital:9.3
2026-07-22,EXPD,5.7,,1,B of A Securities:5.7
2026-07-22,GM,20.52,26.9768,5,Goldman Sachs:28|JP Morgan:49.1|Morgan Stanley:25.5|RBC Capital:24.2|Wells Fargo:-24.2
2026-07-22,GPC,14.15,14.0714,2,Evercore ISI Group:24.1|Truist Securities:4.2
2026-07-22,GS,-7.7,,1,HSBC:-7.7
2026-07-22,HAL,29.1,10.436,3,Evercore ISI Group:28.1|Morgan Stanley:19.2|TD Cowen:40
2026-07-22,HAS,15.8,12.7279,2,DA Davidson:6.8|JP Morgan:24.8
2026-07-22,HST,-1.8,,1,Barclays:-1.8
2026-07-22,HSY,5.2,,1,Stifel:5.2
2026-07-22,IBM,25.2,,1,Jefferies:25.2
2026-07-22,KEY,15.6667,6.7211,3,DA Davidson:23|Keefe; Bruyette & Woods:14.2|RBC Capital:9.8
2026-07-22,KMB,5.5,,1,Barclays:5.5
2026-07-22,KVUE,-1.1,,1,Barclays:-1.1
2026-07-22,MMM,5.8,21.2064,3,Bernstein:-15.7|Citigroup:6.4|UBS:26.7
2026-07-22,MPC,15.1,,1,Goldman Sachs:15.1
2026-07-22,MS,-0.2,,1,HSBC:-0.2
2026-07-22,MSCI,26.8333,2.9687,3,Evercore ISI Group:30.1|JP Morgan:26.1|Wells Fargo:24.3
2026-07-22,MSFT,36.4,10.6066,2,Oppenheimer:28.9|Truist Securities:43.9
2026-07-22,NOC,25.2,,1,Susquehanna:25.2
2026-07-22,PAYX,1.7,,1,UBS:1.7
2026-07-22,PEP,4.1,,1,Barclays:4.1
2026-07-22,PFG,3.3,,1,Wells Fargo:3.3
2026-07-22,PG,1.7,,1,Barclays:1.7
2026-07-22,PNR,38.1,,1,Mizuho:38.1
2026-07-22,PNW,-2.4,,1,BMO Capital:-2.4
2026-07-22,PSX,8.8,,1,Goldman Sachs:8.8
2026-07-22,SCHW,26.3,,1,UBS:26.3
2026-07-22,SRE,11.3,,1,BMO Capital:11.3
2026-07-22,STLD,10.2,,1,Morgan Stanley:10.2
2026-07-22,STZ,0,,1,Barclays:0
2026-07-22,SYF,17.5,7.9196,2,RBC Capital:11.9|Wells Fargo:23.1
2026-07-22,TRV,-3.75,9.4045,2,BMO Capital:2.9|Morgan Stanley:-10.4
2026-07-22,UNH,13.3,,1,Mizuho:13.3
2026-07-22,VLO,11.8,,1,Goldman Sachs:11.8
2026-07-22,VTR,6.3,,1,Mizuho:6.3
2026-07-22,WEC,3.7,,1,BMO Capital:3.7
2026-07-22,WELL,5.2,,1,Mizuho:5.2
2026-07-22,XEL,15.9,,1,BMO Capital:15.9
2026-07-23,ALGN,11.6,,1,UBS:11.6
2026-07-23,AMD,25.7,,1,Benchmark:25.7
2026-07-23,BLDR,43.8,,1,Benchmark:43.8
2026-07-23,CCI,17,1.8385,2,RBC Capital:15.7|TD Cowen:18.3
2026-07-23,CME,11.85,28.2136,2,B of A Securities:-8.1|Morgan Stanley:31.8
2026-07-23,COF,20,,1,Barclays:20
2026-07-23,COIN,44.1,,1,Citigroup:44.1
2026-07-23,CSX,11.6333,3.8501,3,B of A Securities:7.8|Barclays:15.5|JP Morgan:11.6
2026-07-23,CTVA,6.9,,1,Oppenheimer:6.9
2026-07-23,EFX,32.1,18.9505,2,Barclays:18.7|Needham:45.5
2026-07-23,FRT,6.2,,1,Wells Fargo:6.2
2026-07-23,GE,23.8,,1,Bernstein:23.8
2026-07-23,GEV,32.6333,6.8646,3,JP Morgan:35.5|Morgan Stanley:37.6|RBC Capital:24.8
2026-07-23,GM,35.2,,1,Barclays:35.2
2026-07-23,GOOG,34.2333,12.0674,3,JP Morgan:30.6|Oppenheimer:24.4|TD Cowen:47.7
2026-07-23,GOOGL,37.8,1.1314,2,Roth Capital:37|Wedbush:38.6
2026-07-23,HAL,38.8,27.4357,2,Argus Research:19.4|Barclays:58.2
2026-07-23,HAS,19.2,,1,Argus Research:19.2
2026-07-23,HOOD,22.7,,1,Keybanc:22.7
2026-07-23,IBM,17.45,17.9203,4,Barclays:29.3|BMO Capital:13.5|Morgan Stanley:-6.2|RBC Capital:33.2
2026-07-23,INCY,-7,3.677,2,JP Morgan:-4.4|Morgan Stanley:-9.6
2026-07-23,KDP,26.7,,1,JP Morgan:26.7
2026-07-23,KEY,0.7,,1,Baird:0.7
2026-07-23,KIM,-0.3,,1,Wells Fargo:-0.3
2026-07-23,LVS,32.325,5.9095,4,Barclays:32.9|Goldman Sachs:23.9|JP Morgan:35.1|Mizuho:37.4
2026-07-23,MCO,19.2,,1,Baird:19.2
2026-07-23,MMM,-8.75,19.8697,2,Mizuho:5.3|RBC Capital:-22.8
2026-07-23,NCLH,8.2,,1,Truist Securities:8.2
2026-07-23,NOC,11.7,,1,JP Morgan:11.7
2026-07-23,NTRS,0.25,2.0506,2,Morgan Stanley:-1.2|RBC Capital:1.7
2026-07-23,PHM,-3.45,4.5962,2,Barclays:-0.2|RBC Capital:-6.7
2026-07-23,PM,12,,1,Morgan Stanley:12
2026-07-23,RJF,5.7,,1,JP Morgan:5.7
2026-07-23,ROL,7.2,,1,RBC Capital:7.2
2026-07-23,SCHW,19.2,7.7782,2,Argus Research:13.7|Barclays:24.7
2026-07-23,STLD,13.1,,1,Barclays:13.1
2026-07-23,SYF,25.7,,1,Baird:25.7
2026-07-23,T,21.475,6.45,4,Argus Research:29|Morgan Stanley:16.1|RBC Capital:16.1|Wolfe Research:24.7
2026-07-23,TEL,13.6,,1,Baird:13.6
2026-07-23,TSLA,27.8889,14.1568,9,Canaccord Genuity:20.2|JP Morgan:30.5|Mizuho:32|Morgan Stanley:17.3|RBC Capital:46.6|Roth Capital:48.1|TD Cowen:34.9|Truist Securities:8.5|UBS:12.9
2026-07-23,TXN,12.15,17.2808,10,Baird:38.8|Benchmark:29.8|Bernstein:4.6|Goldman Sachs:-18.9|JP Morgan:22.6|Mizuho:10|Morgan Stanley:-8|TD Cowen:22.6|Truist Securities:8.2|Wells Fargo:11.8
2026-07-23,UNP,7.8,,1,B of A Securities:7.8
2026-07-23,URI,18.6,,1,B of A Securities:18.6
2026-07-23,VICI,16.7,,1,Barclays:16.7
2026-07-23,WAB,13.5667,6.9241,3,JP Morgan:7.3|Morgan Stanley:21|Stephens & Co.:12.4
2026-07-24,AEE,7.1,,1,Keybanc:7.1
2026-07-24,ALLE,11.7,,1,JP Morgan:11.7
2026-07-24,AMD,18.8,,1,Roth Capital:18.8
2026-07-24,AMP,4.9,,1,Keefe; Bruyette & Woods:4.9
2026-07-24,BLDR,-1.3,,1,Stifel:-1.3
2026-07-24,BX,18.2,23.7588,2,Goldman Sachs:1.4|RBC Capital:35
2026-07-24,CB,0.1,,1,Wells Fargo:0.1
2026-07-24,CCI,29.7,,1,Citigroup:29.7
2026-07-24,CMCSA,8,,1,Wells Fargo:8
2026-07-24,CNP,3.2,,1,Keybanc:3.2
2026-07-24,CSX,-0.55,4.0305,2,Citigroup:2.3|Evercore ISI Group:-3.4
2026-07-24,CTSH,26.7,,1,JP Morgan:26.7
2026-07-24,DECK,26.6,21.0718,2,Stifel:41.5|Truist Securities:11.7
2026-07-24,DGX,11.0667,2.5403,3,Barclays:9.6|Mizuho:14|Truist Securities:9.6
2026-07-24,DLR,23.7,,1,JP Morgan:23.7
2026-07-24,DOW,30.7,,1,JP Morgan:30.7
2026-07-24,DUK,7.5,,1,Keybanc:7.5
2026-07-24,ED,-17,,1,Keybanc:-17
2026-07-24,EVRG,11.4,,1,Citigroup:11.4
2026-07-24,EW,14.8,,1,Piper Sandler:14.8
2026-07-24,FCX,11.9,,1,Wells Fargo:11.9
2026-07-24,GL,11,,1,Keefe; Bruyette & Woods:11
2026-07-24,HON,13,,1,Citigroup:13
2026-07-24,HST,8.1,,1,Wells Fargo:8.1
2026-07-24,HSY,30.1,,1,Evercore ISI Group:30.1
2026-07-24,IBM,17.1,,1,Citigroup:17.1
2026-07-24,INTC,1.04,16.0347,5,JP Morgan:-15.3|Morgan Stanley:-16.3|Roth Capital:19.6|Stifel:9.6|Truist Securities:7.6
2026-07-24,KMI,9.4,,1,Wells Fargo:9.4
2026-07-24,LMT,21.4,,1,Morgan Stanley:21.4
2026-07-24,LVS,32.3333,3.2517,3,Macquarie:33|Stifel:28.8|Susquehanna:35.2
2026-07-24,MCD,21.3,,1,Evercore ISI Group:21.3
2026-07-24,MCK,20.5,,1,Citigroup:20.5
2026-07-24,MCO,25.4,,1,Wells Fargo:25.4
2026-07-24,NDAQ,16.9667,4.9973,3,Barclays:21.3|Keefe; Bruyette & Woods:11.5|TD Cowen:18.1
2026-07-24,NI,6.4,,1,Keybanc:6.4
2026-07-24,NOW,42.25,37.2645,2,Evercore ISI Group:68.6|Macquarie:15.9
2026-07-24,NSC,5.9333,6.0935,6,Barclays:13.8|Citigroup:6.9|JP Morgan:-3.9|RBC Capital:2.4|TD Cowen:6.9|Wells Fargo:9.5
2026-07-24,NTRS,8.7,,1,Wells Fargo:8.7
2026-07-24,NXPI,18.7,,1,Oppenheimer:18.7
2026-07-24,PHM,17.3,15.6978,2,Citigroup:6.2|Evercore ISI Group:28.4
2026-07-24,PLD,3.4,,1,Scotiabank:3.4
2026-07-24,PM,9,3.677,2,Needham:11.6|Stifel:6.4
2026-07-24,ROL,16,,1,Barclays:16
2026-07-24,RTX,17.4,1.6971,2,RBC Capital:18.6|Susquehanna:16.2
2026-07-24,SNDK,96.6,,1,Susquehanna:96.6
2026-07-24,SO,-18.6,,1,Keybanc:-18.6
2026-07-24,T,-13,,1,Wells Fargo:-13
2026-07-24,TDY,8.2,14.5664,2,Barclays:-2.1|Stifel:18.5
2026-07-24,TMO,7.9,8.6267,2,Barclays:14|RBC Capital:1.8
2026-07-24,TMUS,24.7,26.4006,3,Barclays:24.9|TD Cowen:51|Wells Fargo:-1.8
2026-07-24,TSCO,6.1,16.8369,3,Goldman Sachs:24.7|Mizuho:-8.1|Piper Sandler:1.7
2026-07-24,TSLA,45.75,7.7075,2,Cantor Fitzgerald:51.2|Piper Sandler:40.3
2026-07-24,TXN,29.85,17.607,2,Evercore ISI Group:17.4|Keybanc:42.3
2026-07-24,UNP,10.3833,4.0241,6,Barclays:14.9|BMO Capital:5.1|Citigroup:14.6|JP Morgan:9.7|RBC Capital:11.3|TD Cowen:6.7
2026-07-24,URI,24.6,6.9296,2,Truist Securities:29.5|Wells Fargo:19.7
2026-07-24,VRSN,19.8,,1,JP Morgan:19.8
2026-07-24,WAB,11,4.8497,3,Keybanc:13.8|Susquehanna:13.8|Wells Fargo:5.4
2026-07-24,WEC,1.3,,1,Keybanc:1.3
2026-07-25,ALLE,9.7,2.8284,2,B of A Securities:7.7|Baird:11.7
2026-07-25,AMP,14.6,,1,RBC Capital:14.6
2026-07-25,CTSH,8.3,,1,RBC Capital:8.3
2026-07-25,DECK,17,7.4953,2,Baird:22.3|Telsey Advisory Group:11.7
2026-07-25,DGX,11.8,,1,Baird:11.8
2026-07-25,DOV,19.6,,1,BMO Capital:19.6
2026-07-25,DOW,4.5,,1,UBS:4.5
2026-07-25,HBAN,10.6,,1,Morgan Stanley:10.6
2026-07-25,INTC,5.375,20.7494,4,Cantor Fitzgerald:24.6|Rosenblatt:-20.3|Wedbush:-2.4|Wells Fargo:19.6
2026-07-25,LUV,11.9,,1,Citigroup:11.9
2026-07-25,NVR,20.3,,1,UBS:20.3
2026-07-25,PGR,-0.3,,1,Morgan Stanley:-0.3
2026-07-25,ROL,3.1,18.0286,3,Canaccord Genuity:16|UBS:10.8|Wells Fargo:-17.5
2026-07-25,RTX,5.55,5.0205,2,UBS:2|Wells Fargo:9.1
2026-07-25,TMUS,48.1,13.2895,3,Benchmark:62.6|Keybanc:45.2|UBS:36.5
2026-07-25,TSCO,28,4.6669,2,Guggenheim:31.3|Telsey Advisory Group:24.7
2026-07-25,TXN,24.5,,1,Rosenblatt:24.5
2026-07-25,UNP,10,0,2,Benchmark:10|Wells Fargo:10
2026-07-25,URI,18.4,1.2728,2,Citigroup:17.5|UBS:19.3
2026-07-27,AKAM,49.6,,1,Evercore ISI Group:49.6
2026-07-27,AMD,18.5,,1,Mizuho:18.5
2026-07-27,AXP,15.2,,1,Morgan Stanley:15.2
2026-07-27,CHTR,11.6,,1,UBS:11.6
2026-07-27,DLR,13.5,,1,RBC Capital:13.5
2026-07-27,FIX,28.2,,1,UBS:28.2
2026-07-27,GILD,26,,1,Morgan Stanley:26
2026-07-27,HCA,25,36.6281,2,Morgan Stanley:-0.9|UBS:50.9
2026-07-27,HIG,6.5,,1,RBC Capital:6.5
2026-07-27,HON,8.4,,1,Mizuho:8.4
2026-07-27,LVS,30,,1,Morgan Stanley:30
2026-07-27,MCD,27.1,,1,UBS:27.1
2026-07-27,MCO,10.7,,1,Mizuho:10.7
2026-07-27,MSFT,23.1,,1,UBS:23.1
2026-07-27,RJF,7.7,,1,UBS:7.7
2026-07-27,SCHW,32.5,,1,Morgan Stanley:32.5
2026-07-27,SLB,19.05,9.4055,4,Evercore ISI Group:26.2|Morgan Stanley:5.2|Piper Sandler:22.4|TD Cowen:22.4
2026-07-27,TMO,15,,1,Morgan Stanley:15
2026-07-27,VZ,6.7,7.6368,2,Morgan Stanley:12.1|RBC Capital:1.3
2026-07-27,WRB,2.6,,1,UBS:2.6
2026-07-27,WST,29.1,,1,Evercore ISI Group:29.1
2026-07-28,ABT,17.8,,1,UBS:17.8
2026-07-28,ADSK,29.6,,1,Oppenheimer:29.6
2026-07-28,AXP,-6.1,,1,BTIG:-6.1
2026-07-28,BAX,4.8,,1,UBS:4.8
2026-07-28,BDX,17.3,,1,UBS:17.3
2026-07-28,BKR,25.3667,4.1789,3,Piper Sandler:21.5|Stifel:24.8|TD Cowen:29.8
2026-07-28,BLDR,14.9,,1,BMO Capital:14.9
2026-07-28,CDNS,25.3,,1,B of A Securities:25.3
2026-07-28,CEG,40.9,4.8083,2,UBS:44.3|Wells Fargo:37.5
2026-07-28,CHTR,10.45,34.4361,2,Barclays:-13.9|Citigroup:34.8
2026-07-28,COF,42.2,,1,Citigroup:42.2
2026-07-28,CPAY,8.2,,1,Morgan Stanley:8.2
2026-07-28,CTSH,34.4,,1,Guggenheim:34.4
2026-07-28,CVX,18.6,,1,B of A Securities:18.6
2026-07-28,EQT,28.6,,1,Citigroup:28.6
2026-07-28,ES,7.7,,1,Citigroup:7.7
2026-07-28,F,18.6,,1,Jefferies:18.6
2026-07-28,FCX,33.4,,1,Barclays:33.4
2026-07-28,FFIV,11.15,8.2731,2,Morgan Stanley:5.3|Piper Sandler:17
2026-07-28,FIX,26.7,,1,Keybanc:26.7
2026-07-28,GM,13,,1,Jefferies:13
2026-07-28,HCA,12.7333,12.2693,6,Baird:-0.8|Barclays:-2.3|Goldman Sachs:22.4|Keybanc:9.8|Oppenheimer:22.4|Truist Securities:24.9
2026-07-28,HIG,15.5,,1,Wells Fargo:15.5
2026-07-28,INTC,44.3,,1,Baird:44.3
2026-07-28,ISRG,36.8,,1,UBS:36.8
2026-07-28,MSFT,49,,1,Guggenheim:49
2026-07-28,NEE,7.4,,1,BMO Capital:7.4
2026-07-28,NRG,58.85,2.0506,2,BMO Capital:57.4|UBS:60.3
2026-07-28,NSC,6,4.5255,2,Baird:9.2|BMO Capital:2.8
2026-07-28,NUE,0.8,,1,UBS:0.8
2026-07-28,PFG,-2.6,5.0912,2,B of A Securities:-6.2|Evercore ISI Group:1
2026-07-28,PKG,-1.1,,1,Citigroup:-1.1
2026-07-28,SLB,23.9667,5.1404,3,Barclays:29.8|BMO Capital:22|Susquehanna:20.1
2026-07-28,SO,6.9,,1,BMO Capital:6.9
2026-07-28,SYF,14.1,,1,Evercore ISI Group:14.1
2026-07-28,UBER,49,,1,B of A Securities:49
2026-07-28,UNP,14.1,,1,Baird:14.1
2026-07-28,VST,47.5,,1,UBS:47.5
2026-07-28,VZ,1.3333,7.3214,3,Barclays:-3.9|Scotiabank:9.7|Wells Fargo:-1.8
2026-07-28,XOM,2.5,,1,B of A Securities:2.5
2026-07-29,AMT,29.7,,1,TD Cowen:29.7
2026-07-29,BA,32.7,,1,JP Morgan:32.7
2026-07-29,BAC,8.8,,1,JP Morgan:8.8
2026-07-29,CBOE,-2.8,,1,JP Morgan:-2.8
2026-07-29,CDNS,13.8,9.5844,4,Baird:20.3|Needham:14.6|Piper Sandler:0|Rosenblatt:20.3
2026-07-29,CEG,24.2,,1,Barclays:24.2
2026-07-29,CFG,8.2,,1,JP Morgan:8.2
2026-07-29,CHTR,8.7,,1,JP Morgan:8.7
2026-07-29,CLX,-0.3,,1,Jefferies:-0.3
2026-07-29,CMS,3.4,,1,Mizuho:3.4
2026-07-29,CSGP,63.3,51.6188,2,Citigroup:26.8|JP Morgan:99.8
2026-07-29,DGX,6.3,,1,JP Morgan:6.3
2026-07-29,ECL,14.5,,1,Mizuho:14.5
2026-07-29,F,11.3333,16.2057,3,Citigroup:28.5|JP Morgan:9.2|RBC Capital:-3.7
2026-07-29,FFIV,13,20.6475,2,Barclays:-1.6|JP Morgan:27.6
2026-07-29,FITB,7,,1,JP Morgan:7
2026-07-29,GLW,44.5,19.6576,2,Morgan Stanley:30.6|Oppenheimer:58.4
2026-07-29,GM,43.3,,1,Tigress Financial:43.3
2026-07-29,HBAN,16.5,,1,Truist Securities:16.5
2026-07-29,HCA,13.6,,1,Mizuho:13.6
2026-07-29,HIG,0.7,,1,Keefe; Bruyette & Woods:0.7
2026-07-29,HLT,2.6,,1,Macquarie:2.6
2026-07-29,HON,8,,1,B of A Securities:8
2026-07-29,HSIC,10.5,,1,Piper Sandler:10.5
2026-07-29,HST,-1.8,,1,Evercore ISI Group:-1.8
2026-07-29,INCY,0.5,22.486,2,Guggenheim:16.4|RBC Capital:-15.4
2026-07-29,IP,42,,1,JP Morgan:42
2026-07-29,IQV,13.325,7.7168,4,JP Morgan:17.9|RBC Capital:2.2|Stifel:14.1|TD Cowen:19.1
2026-07-29,ITW,17.2,,1,JP Morgan:17.2
2026-07-29,IVZ,11.25,13.3643,2,JP Morgan:1.8|RBC Capital:20.7
2026-07-29,KLAC,39.3,1.9799,2,Stifel:40.7|Wells Fargo:37.9
2026-07-29,KO,8.875,2.6676,4,JP Morgan:8.3|Piper Sandler:7.2|TD Cowen:12.8|Wells Fargo:7.2
2026-07-29,MDLZ,11.3,2.2627,2,JP Morgan:12.9|TD Cowen:9.7
2026-07-29,MGM,15.1,,1,Susquehanna:15.1
2026-07-29,NEM,35.6,,1,Barclays:35.6
2026-07-29,NRG,60.8,,1,Barclays:60.8
2026-07-29,NXPI,0.1333,21.767,3,Mizuho:-24.9|TD Cowen:14.6|Wells Fargo:10.7
2026-07-29,PKG,25.1,,1,JP Morgan:25.1
2026-07-29,PNC,7.6,,1,JP Morgan:7.6
2026-07-29,PNR,-2.3,,1,TD Cowen:-2.3
2026-07-29,PYPL,11.9,,1,JP Morgan:11.9
2026-07-29,RCL,23.7333,6.8705,3,Stifel:31.1|Susquehanna:17.5|Wells Fargo:22.6
2026-07-29,RF,3,,1,JP Morgan:3
2026-07-29,ROP,5.7,,1,JP Morgan:5.7
2026-07-29,SHW,9.4,5.5588,4,BMO Capital:15.1|JP Morgan:8|Morgan Stanley:12.2|Wells Fargo:2.3
2026-07-29,SPGI,25.9,,1,JP Morgan:25.9
2026-07-29,STX,39.36,19.5088,5,JP Morgan:57.6|Morgan Stanley:50.9|Susquehanna:11.2|Wedbush:27.1|Wells Fargo:50
2026-07-29,SWKS,12.0833,12.4252,6,JP Morgan:10.9|Mizuho:-11.2|Morgan Stanley:22.9|Stifel:19.5|TD Cowen:10.9|UBS:19.5
2026-07-29,TFC,2.7,,1,JP Morgan:2.7
2026-07-29,TSCO,27.5,,1,Argus Research:27.5
2026-07-29,UHS,10.3,7.6446,3,Barclays:1.5|Guggenheim:14.1|Morgan Stanley:15.3
2026-07-29,UPS,13,4.5177,3,Oppenheimer:11.4|Stifel:9.5|UBS:18.1
2026-07-29,USB,7.8,,1,JP Morgan:7.8
2026-07-29,V,17.75,3.13,4,BMO Capital:13.4|Piper Sandler:20.4|Susquehanna:19.6|UBS:17.6
2026-07-29,WYNN,26.5,,1,Mizuho:26.5
2026-07-29,XYL,17.8,17.2534,2,Mizuho:5.6|Stifel:30
2026-07-30,AAPL,5.85,9.5459,2,Argus Research:12.6|Baird:-0.9
2026-07-30,ACGL,22.8,9.6167,2,B of A Securities:29.6|RBC Capital:16
2026-07-30,ADP,7.3667,0.7506,3,Citigroup:8.1|Stifel:7.4|Wells Fargo:6.6
2026-07-30,AMT,10,,1,BMO Capital:10
2026-07-30,AON,18.5,,1,Citigroup:18.5
2026-07-30,APH,33.05,2.192,2,Citigroup:31.5|Truist Securities:34.6
2026-07-30,BA,23.3,,1,RBC Capital:23.3
2026-07-30,BIIB,19.0333,5.2786,3,Canaccord Genuity:21.3|HC Wainwright & Co.:22.8|Morgan Stanley:13
2026-07-30,BRO,3.8,4.8083,2,BMO Capital:0.4|Citigroup:7.2
2026-07-30,BSX,42.1,14.7034,3,Canaccord Genuity:45.8|RBC Capital:54.6|Truist Securities:25.9
2026-07-30,BX,14.3,,1,Argus Research:14.3
2026-07-30,CAT,11,,1,Baird:11
2026-07-30,CBRE,19,,1,Evercore ISI Group:19
2026-07-30,CHRW,46.4,,1,Evercore ISI Group:46.4
2026-07-30,CMG,20.1,,1,TD Cowen:20.1
2026-07-30,CNC,30.3,,1,Barclays:30.3
2026-07-30,CSGP,22.05,27.5065,2,Keefe; Bruyette & Woods:2.6|Needham:41.5
2026-07-30,CTSH,29.3667,20.8974,3,Citigroup:11.4|Susquehanna:52.3|Wells Fargo:24.4
2026-07-30,CVNA,39.1,,1,RBC Capital:39.1
2026-07-30,DIS,38.6,,1,Citigroup:38.6
2026-07-30,DLR,13.2,,1,Truist Securities:13.2
2026-07-30,ECL,4.6,,1,Wells Fargo:4.6
2026-07-30,EG,-0.4,,1,Evercore ISI Group:-0.4
2026-07-30,EQIX,16.0667,5.4271,3,Stifel:19.2|TD Cowen:9.8|UBS:19.2
2026-07-30,FICO,29.35,4.5962,2,RBC Capital:32.6|Wells Fargo:26.1
2026-07-30,FLEX,44.7,,1,Goldman Sachs:44.7
2026-07-30,FTV,13.4,,1,Truist Securities:13.4
2026-07-30,GD,15.025,8.2123,4,Citigroup:7.2|Morgan Stanley:23.4|RBC Capital:8.8|Susquehanna:20.7
2026-07-30,GEHC,11.4,8.9095,2,Citigroup:5.1|Evercore ISI Group:17.7
2026-07-30,GILD,11.5,,1,Barclays:11.5
2026-07-30,GLW,32.6333,34.9585,3,Barclays:-1.1|Citigroup:68.7|JP Morgan:30.3
2026-07-30,GNRC,41.6,,1,Stifel:41.6
2026-07-30,GRMN,-1.4,,1,Morgan Stanley:-1.4
2026-07-30,HLT,13.35,1.7678,2,Baird:12.1|Barclays:14.6
2026-07-30,IEX,18.2,2.418,4,Citigroup:16.5|RBC Capital:21.2|Stifel:16|TD Cowen:19.1
2026-07-30,INCY,8.45,5.1619,2,Barclays:12.1|BMO Capital:4.8
2026-07-30,IQV,17.7,,1,Baird:17.7
2026-07-30,ITW,0.3,,1,Baird:0.3
2026-07-30,IVZ,12.3,,1,Barclays:12.3
2026-07-30,JCI,10.4,1.9799,2,Citigroup:9|RBC Capital:11.8
2026-07-30,KLAC,28.1,16.0614,3,Jefferies:12.4|JP Morgan:27.4|Needham:44.5
2026-07-30,KO,10.15,0.7778,2,Argus Research:10.7|RBC Capital:9.6
2026-07-30,LII,9.1,,1,RBC Capital:9.1
2026-07-30,LRCX,11.7667,3.06,3,B. Riley Securities:10|Morgan Stanley:15.3|Wells Fargo:10
2026-07-30,MAS,19,,1,Truist Securities:19
2026-07-30,META,35.8125,9.4943,8,Baird:42.6|DA Davidson:33.1|Goldman Sachs:37.8|Piper Sandler:49.2|Susquehanna:23.6|TD Cowen:42.6|UBS:35.9|Wells Fargo:21.7
2026-07-30,MRK,17,,1,Barclays:17
2026-07-30,MSFT,33.4167,11.9235,6,Bernstein:47.8|Citigroup:37|DA Davidson:25.6|Evercore ISI Group:20.6|RBC Capital:46.2|TD Cowen:23.3
2026-07-30,NUE,14.2,0,2,Barclays:14.2|BMO Capital:14.2
2026-07-30,NXPI,20.8,,1,Needham:20.8
2026-07-30,ODFL,13.15,6.2933,2,Evercore ISI Group:8.7|Stifel:17.6
2026-07-30,OMC,21,6.2225,2,Citigroup:25.4|Wells Fargo:16.6
2026-07-30,ORLY,21.8,,1,Morgan Stanley:21.8
2026-07-30,PAYX,26,,1,Citigroup:26
2026-07-30,PCAR,13.9,9.111,3,Citigroup:3.8|JP Morgan:21.5|Wells Fargo:16.4
2026-07-30,PG,18.3,,1,Citigroup:18.3
2026-07-30,PM,16.5,0,2,Barclays:16.5|Citigroup:16.5
2026-07-30,PNR,22,,1,Baird:22
2026-07-30,PPG,8.25,0.6364,2,Citigroup:7.8|RBC Capital:8.7
2026-07-30,PTC,21.7,,1,Stifel:21.7
2026-07-30,PYPL,4.54,10.4792,5,Baird:-0.7|Barclays:-0.7|Canaccord Genuity:-4.2|Citigroup:6.3|Keefe; Bruyette & Woods:22
2026-07-30,QCOM,32.2,34.9251,4,Benchmark:84.2|Susquehanna:9.2|TD Cowen:19.4|Wells Fargo:16
2026-07-30,RCL,13.5,,1,Citigroup:13.5
2026-07-30,REG,3.7,,1,Evercore ISI Group:3.7
2026-07-30,SBUX,8.2,5.2326,2,Citigroup:4.5|Evercore ISI Group:11.9
2026-07-30,SPGI,28.3,6.7882,2,Baird:23.5|Barclays:33.1
2026-07-30,STX,39.94,21.8855,5,Argus Research:2.4|Barclays:42.2|Cantor Fitzgerald:47.9|Citigroup:47.9|Rosenblatt:59.3
2026-07-30,SW,18.5,5.1856,3,RBC Capital:24|Truist Securities:17.8|Wells Fargo:13.7
2026-07-30,SWKS,4.4,,1,Citigroup:4.4
2026-07-30,TER,30.9667,23.7287,3,Cantor Fitzgerald:58.1|Evercore ISI Group:20.7|Morgan Stanley:14.1
2026-07-30,UHS,11.1333,9.2007,3,Baird:0.6|Cantor Fitzgerald:17.6|Goldman Sachs:15.2
2026-07-30,V,19.325,3.4587,4,Baird:15.1|Citigroup:20.5|JP Morgan:23.3|Wells Fargo:18.4
2026-07-30,VLTO,12.9,3.7027,3,Citigroup:9.8|RBC Capital:11.9|Stifel:17
2026-07-30,VMC,12.85,12.2329,2,Citigroup:21.5|RBC Capital:4.2
2026-07-30,VRSK,18.15,12.7986,2,Evercore ISI Group:9.1|Wells Fargo:27.2
2026-07-30,VRT,46.5,6.2225,2,Citigroup:50.9|RBC Capital:42.1
2026-07-30,WM,9.8,5.2326,2,RBC Capital:6.1|Stifel:13.5
2026-07-30,XYL,33.1,2.6287,3,Baird:35|Barclays:30.1|RBC Capital:34.2
2026-07-31,AAPL,11.5,,1,JP Morgan:11.5
2026-07-31,ACGL,16.6,,1,Wells Fargo:16.6
2026-07-31,ADP,15.3,,1,Guggenheim:15.3
2026-07-31,AEE,5.7,,1,Goldman Sachs:5.7
2026-07-31,AJG,21.4,6.6468,2,Piper Sandler:16.7|RBC Capital:26.1
2026-07-31,AMZN,24.5667,6.5241,3,Cantor Fitzgerald:20.8|Citigroup:32.1|Piper Sandler:20.8
2026-07-31,AOS,8.2,,1,Citigroup:8.2
2026-07-31,APD,17.65,1.2021,2,Mizuho:18.5|Wells Fargo:16.8
2026-07-31,APH,19.5,,1,UBS:19.5
2026-07-31,AVY,9.15,1.6263,2,Citigroup:8|JP Morgan:10.3
2026-07-31,AWK,2.5,,1,Mizuho:2.5
2026-07-31,BAX,-14.6,,1,Wells Fargo:-14.6
2026-07-31,BLDR,33.8,,1,RBC Capital:33.8
2026-07-31,BMY,12.3,,1,JP Morgan:12.3
2026-07-31,BSX,9.1,,1,Wells Fargo:9.1
2026-07-31,CBRE,22.8,7.6368,2,Keefe; Bruyette & Woods:17.4|UBS:28.2
2026-07-31,CINF,11.2,,1,B of A Securities:11.2
2026-07-31,COIN,26.1,,1,Oppenheimer:26.1
2026-07-31,CVNA,55.6333,33.5148,3,Morgan Stanley:44.9|Needham:93.2|Wells Fargo:28.8
2026-07-31,DXCM,13.3,7.6472,4,JP Morgan:2.7|Mizuho:18.9|Piper Sandler:18.9|RBC Capital:12.7
2026-07-31,EG,12.1667,4.6231,3,Barclays:16.5|Mizuho:12.7|Wells Fargo:7.3
2026-07-31,ESS,11.1,,1,RBC Capital:11.1
2026-07-31,FICO,45.2,,1,Needham:45.2
2026-07-31,FLEX,22.1,,1,Barclays:22.1
2026-07-31,GDDY,72.45,69.0843,2,B. Riley Securities:121.3|Piper Sandler:23.6
2026-07-31,GEHC,23.5,,1,Wells Fargo:23.5
2026-07-31,GNRC,40.8,,1,Barclays:40.8
2026-07-31,GRMN,0.5,,1,Barclays:0.5
2026-07-31,HLT,18.4,,1,Wells Fargo:18.4
2026-07-31,HSY,9.5,,1,JP Morgan:9.5
2026-07-31,HUM,16.075,14.2282,4,Evercore ISI Group:29.1|Guggenheim:26.7|TD Cowen:-0.5|UBS:9
2026-07-31,ICE,14.2,,1,TD Cowen:14.2
2026-07-31,IP,10.6333,6.9284,3,Citigroup:9.1|RBC Capital:18.2|Wells Fargo:4.6
2026-07-31,KO,6.1,,1,Barclays:6.1
2026-07-31,LH,8.2,,1,Morgan Stanley:8.2
2026-07-31,LII,29.6,,1,Goldman Sachs:29.6
2026-07-31,LOW,21.3,,1,JP Morgan:21.3
2026-07-31,LRCX,14.95,12.3744,2,Jefferies:6.2|Needham:23.7
2026-07-31,LYV,13.6,,1,Oppenheimer:13.6
2026-07-31,MA,18.75,1.7678,2,Morgan Stanley:20|TD Cowen:17.5
2026-07-31,MAA,5.6,,1,Piper Sandler:5.6
2026-07-31,MAS,13.625,11.109,4,Barclays:9.5|Citigroup:6.7|Evercore ISI Group:8.1|UBS:30.2
2026-07-31,MCD,8.6,,1,Mizuho:8.6
2026-07-31,MDLZ,12.1,,1,Barclays:12.1
2026-07-31,META,37.98,10.3989,5,B of A Securities:49|Barclays:43.5|Cantor Fitzgerald:25.1|Guggenheim:28.8|Keybanc:43.5
2026-07-31,MLM,26.8,,1,Stephens & Co.:26.8
2026-07-31,MPWR,20.1,,1,Wells Fargo:20.1
2026-07-31,MSFT,17.3333,4.3558,3,Barclays:13.8|Cantor Fitzgerald:16|Piper Sandler:22.2
2026-07-31,MTD,7.8,,1,Jefferies:7.8
2026-07-31,ODFL,6.4,,1,UBS:6.4
2026-07-31,ORLY,26.3,,1,TD Cowen:26.3
2026-07-31,PPG,12.3,,1,UBS:12.3
2026-07-31,PSA,-0.1,,1,RBC Capital:-0.1
2026-07-31,PTC,23.3,14.4821,3,Barclays:14.2|Piper Sandler:15.7|Rosenblatt:40
2026-07-31,PWR,28.3,,1,Citigroup:28.3
2026-07-31,RDDT,34.05,36.0441,4,B. Riley Securities:82.8|JP Morgan:25.3|Piper Sandler:32|Wells Fargo:-3.9
2026-07-31,SBUX,17.3,,1,Wells Fargo:17.3
2026-07-31,SNA,18.5,,1,Tigress Financial:18.5
2026-07-31,SW,43.1,,1,JP Morgan:43.1
2026-07-31,SYK,17.1,10.6353,3,JP Morgan:6|Piper Sandler:18.1|RBC Capital:27.2
2026-07-31,TT,17.05,10.9602,2,Citigroup:24.8|RBC Capital:9.3
2026-07-31,TYL,25.6,,1,BTIG:25.6
2026-07-31,VLTO,16.35,9.6874,2,Barclays:23.2|UBS:9.5
2026-07-31,VRSK,18.8,,1,UBS:18.8
2026-07-31,VTR,10.8,,1,Cantor Fitzgerald:10.8
2026-07-31,WM,22.6,,1,Barclays:22.6
2026-07-31,WTW,13.6,,1,Wells Fargo:13.6
2026-08-01,AJG,9,1.6971,2,Keefe; Bruyette & Woods:10.2|Truist Securities:7.8
2026-08-01,AMZN,19.35,5.6318,4,Bernstein:20.8|Needham:13.2|Telsey Advisory Group:26.4|Wedbush:17
2026-08-01,AOS,18.4,,1,Stifel:18.4
2026-08-01,APD,10.2,,1,Citigroup:10.2
2026-08-01,AVY,30.6,,1,UBS:30.6
2026-08-01,BAX,4,0,2,Citigroup:4|Stifel:4
2026-08-01,BLDR,30.05,9.6874,2,Barclays:23.2|Truist Securities:36.9
2026-08-01,BMY,11.55,5.4447,2,Guggenheim:15.4|Truist Securities:7.7
2026-08-01,COIN,53.1,32.2541,5,Benchmark:50.2|Canaccord Genuity:96|HC Wainwright & Co.:73.1|Needham:15.6|Rosenblatt:30.6
2026-08-01,CVNA,47.3,3.3941,2,Barclays:49.7|Citigroup:44.9
2026-08-01,DXCM,14.55,6.1518,2,Citigroup:10.2|Stifel:18.9
2026-08-01,EG,12.4,,1,Citigroup:12.4
2026-08-01,EIX,-1.2,,1,Barclays:-1.2
2026-08-01,EQIX,15.3,,1,Truist Securities:15.3
2026-08-01,FE,11.2,,1,Barclays:11.2
2026-08-01,FSLR,7.6,,1,Truist Securities:7.6
2026-08-01,GDDY,82.2,,1,Benchmark:82.2
2026-08-01,GEHC,6,,1,UBS:6
2026-08-01,HII,17.3,,1,Citigroup:17.3
2026-08-01,HSY,12.4,,1,UBS:12.4
2026-08-01,HUM,9.5,,1,Barclays:9.5
2026-08-01,ICE,21.6,5.9397,2,Barclays:17.4|UBS:25.8
2026-08-01,IP,10.6667,3.4588,3,Deutsche Bank:13.7|Truist Securities:11.4|UBS:6.9
2026-08-01,KKR,35.7,,1,Barclays:35.7
2026-08-01,LH,12.1,,1,Truist Securities:12.1
2026-08-01,LHX,28.2,,1,Susquehanna:28.2
2026-08-01,LYV,11.7667,9.2722,3,Benchmark:16.3|Guggenheim:17.9|Susquehanna:1.1
2026-08-01,MA,18.05,2.4749,2,Barclays:16.3|Keybanc:19.8
2026-08-01,MPWR,26.15,15.1689,4,Keybanc:40.1|Needham:33.4|Rosenblatt:5.1|Truist Securities:26
2026-08-01,NCLH,15.2,18.6652,3,Barclays:-4.3|Citigroup:17|Stifel:32.9
2026-08-01,PTC,3.9,,1,Citigroup:3.9
2026-08-01,RDDT,86.2,,1,Truist Securities:86.2
2026-08-01,REGN,6.2,,1,Truist Securities:6.2
2026-08-01,SBUX,7.9,,1,BTIG:7.9
2026-08-01,SWK,12,,1,Citigroup:12
2026-08-01,SYK,8.5,,1,BTIG:8.5
2026-08-01,TYL,54.2,,1,Piper Sandler:54.2
2026-08-01,VLO,3.4,,1,Barclays:3.4
2026-08-01,WELL,17.4,,1,Citigroup:17.4
2026-08-01,WMT,28.5,,1,Bernstein:28.5
2026-08-01,WTW,20.2,,1,Truist Securities:20.2
2026-08-01,YUM,7.6,,1,RBC Capital:7.6
2026-08-03,BEN,5.5,,1,Evercore ISI Group:5.5
2026-08-03,BIIB,5.7,,1,Citigroup:5.7
2026-08-03,BMY,5.9,,1,Citigroup:5.9
2026-08-03,CBOE,4.1,,1,TD Cowen:4.1
2026-08-03,CHD,-3.5,,1,TD Cowen:-3.5
2026-08-03,CI,14.7,,1,Raymond James:14.7
2026-08-03,CL,6.0667,7.5857,3,Evercore ISI Group:9.3|JP Morgan:11.5|TD Cowen:-2.6
2026-08-03,CNC,27.7,,1,Bernstein:27.7
2026-08-03,CVX,7,,1,Bernstein:7
2026-08-03,ETN,20.45,4.5962,2,Citigroup:17.2|RBC Capital:23.7
2026-08-03,EXPE,1.8,,1,Truist Securities:1.8
2026-08-03,FSLR,29.4,,1,Guggenheim:29.4
2026-08-03,INVH,10.2,,1,Oppenheimer:10.2
2026-08-03,KKR,7.8,,1,TD Cowen:7.8
2026-08-03,LH,16.1,,1,JP Morgan:16.1
2026-08-03,LHX,7.6,,1,UBS:7.6
2026-08-03,LIN,17.3,3.9598,2,Citigroup:20.1|RBC Capital:14.5
2026-08-03,LYV,20,,1,Citigroup:20
2026-08-03,MLM,32.55,3.3234,2,Citigroup:30.2|UBS:34.9
2026-08-03,MTD,4.65,2.4749,2,Evercore ISI Group:6.4|Wells Fargo:2.9
2026-08-03,PFG,-6.2,,1,JP Morgan:-6.2
2026-08-03,PWR,48.1,,1,Truist Securities:48.1
2026-08-03,REGN,15,26.5872,2,Citigroup:-3.8|Guggenheim:33.8
2026-08-03,TROW,2.9,,1,Keefe; Bruyette & Woods:2.9
2026-08-03,VLO,12.2,,1,TD Cowen:12.2
2026-08-03,WELL,10.6,,1,RBC Capital:10.6
2026-08-03,WY,9.9,,1,Truist Securities:9.9
2026-08-04,ABBV,17.6667,2.2546,3,Canaccord Genuity:17.5|Cantor Fitzgerald:15.5|Morgan Stanley:20
2026-08-04,ACGL,10.9,,1,Morgan Stanley:10.9
2026-08-04,AEE,14,,1,Mizuho:14
2026-08-04,AEP,0.7,,1,Barclays:0.7
2026-08-04,AJG,19.65,3.182,2,Citigroup:17.4|Wells Fargo:21.9
2026-08-04,AON,9.5,,1,UBS:9.5
2026-08-04,AXP,11.3,,1,UBS:11.3
2026-08-04,BBY,-4.4,,1,B of A Securities:-4.4
2026-08-04,BEN,2.3,,1,Barclays:2.3
2026-08-04,BXP,-1.6,,1,Citigroup:-1.6
2026-08-04,CBOE,20.7,,1,Barclays:20.7
2026-08-04,CL,22.2,,1,UBS:22.2
2026-08-04,CLX,2,7.2125,2,JP Morgan:-3.1|UBS:7.1
2026-08-04,CMG,20.1,,1,Argus Research:20.1
2026-08-04,COF,27.7,,1,UBS:27.7
2026-08-04,COIN,24.8,,1,Cantor Fitzgerald:24.8
2026-08-04,DXCM,3.3,,1,Canaccord Genuity:3.3
2026-08-04,ES,3.8,,1,Mizuho:3.8
2026-08-04,ESS,11.2,,1,Cantor Fitzgerald:11.2
2026-08-04,GDDY,5.2,,1,Wedbush:5.2
2026-08-04,GNRC,61.9,,1,UBS:61.9
2026-08-04,GS,9.5,,1,UBS:9.5
2026-08-04,HCA,-5.2,,1,Wells Fargo:-5.2
2026-08-04,INCY,15,,1,Mizuho:15
2026-08-04,IR,23.3,,1,Baird:23.3
2026-08-04,JNJ,10.8,,1,Wells Fargo:10.8
2026-08-04,JPM,12.7,,1,UBS:12.7
2026-08-04,KKR,12,,1,BMO Capital:12
2026-08-04,LH,0.7,,1,Piper Sandler:0.7
2026-08-04,LNT,7.7,2.9698,2,BMO Capital:9.8|Mizuho:5.6
2026-08-04,LYB,18.15,12.2195,4,BMO Capital:15.6|JP Morgan:36|Mizuho:12.2|UBS:8.8
2026-08-04,MAA,5.8,,1,Cantor Fitzgerald:5.8
2026-08-04,MAR,8.5,,1,Mizuho:8.5
2026-08-04,MS,21.7,,1,UBS:21.7
2026-08-04,MTD,9.85,1.2021,2,Barclays:9|Stifel:10.7
2026-08-04,NTRS,1.5,,1,JP Morgan:1.5
2026-08-04,NXPI,17.4,,1,UBS:17.4
2026-08-04,ON,50.5,,1,B. Riley Securities:50.5
2026-08-04,PGR,16.3,,1,JP Morgan:16.3
2026-08-04,PLTR,58.45,14.6371,2,Citigroup:68.8|Mizuho:48.1
2026-08-04,SBAC,24.6,,1,JP Morgan:24.6
2026-08-04,STT,0.8,,1,JP Morgan:0.8
2026-08-04,SW,20.4,,1,Citigroup:20.4
2026-08-04,SYF,11.5,,1,UBS:11.5
2026-08-04,TROW,-2.35,10.5359,2,Barclays:-9.8|BMO Capital:5.1
2026-08-04,TSLA,51.5,,1,Stifel:51.5
2026-08-04,UDR,7.6,0,2,Cantor Fitzgerald:7.6|JP Morgan:7.6
2026-08-04,URI,10.9,,1,Argus Research:10.9
2026-08-04,V,23,,1,Cantor Fitzgerald:23
2026-08-04,VLO,-1.6,,1,Mizuho:-1.6
2026-08-04,VRTX,16.7,,1,TD Cowen:16.7
2026-08-04,WM,20.1,,1,UBS:20.1
2026-08-04,WTW,14.3333,9.5259,3,Citigroup:3.5|Keefe; Bruyette & Woods:18.1|UBS:21.4
2026-08-04,WY,16,,1,Citigroup:16
2026-08-04,YUM,7.7,,1,JP Morgan:7.7
2026-08-05,ABBV,16.6,,1,Guggenheim:16.6
2026-08-05,ADM,0.2,,1,BMO Capital:0.2
2026-08-05,AME,11,7.3185,3,Citigroup:2.6|Keybanc:16|RBC Capital:14.4
2026-08-05,AMGN,3.2,15.8392,2,Oppenheimer:14.4|Truist Securities:-8
2026-08-05,ANET,20.1,1.6971,2,Keybanc:18.9|Wells Fargo:21.3
2026-08-05,APTV,55.1,13.9825,3,RBC Capital:64.2|TD Cowen:62.1|Wells Fargo:39
2026-08-05,AZO,19.5,,1,Barclays:19.5
2026-08-05,BALL,13.9,,1,Wells Fargo:13.9
2026-08-05,BKNG,23.7,11.5966,2,B. Riley Securities:31.9|Oppenheimer:15.5
2026-08-05,CAT,40,,1,Truist Securities:40
2026-08-05,CI,14.4,,1,Jefferies:14.4
2026-08-05,CINF,5.1,,1,Keefe; Bruyette & Woods:5.1
2026-08-05,CLX,-6,,1,Evercore ISI Group:-6
2026-08-05,CVNA,25.5,,1,BTIG:25.5
2026-08-05,DDOG,1.2,,1,Canaccord Genuity:1.2
2026-08-05,DLR,8.5,,1,Argus Research:8.5
2026-08-05,EMR,14.75,1.3435,2,Citigroup:15.7|RBC Capital:13.8
2026-08-05,EQIX,15.9,,1,RBC Capital:15.9
2026-08-05,FANG,26.85,14.3543,2,Truist Securities:16.7|Wells Fargo:37
2026-08-05,FIS,16.9667,12.9817,3,Citigroup:2.5|Keefe; Bruyette & Woods:27.6|RBC Capital:20.8
2026-08-05,GD,13.2,,1,Wells Fargo:13.2
2026-08-05,GILD,-9.6,,1,RBC Capital:-9.6
2026-08-05,GWW,7.55,2.8991,2,Oppenheimer:5.5|RBC Capital:9.6
2026-08-05,HSIC,5.4,,1,UBS:5.4
2026-08-05,IT,-12.2333,8.2646,3,Goldman Sachs:-3.7|RBC Capital:-12.8|Wells Fargo:-20.2
2026-08-05,J,20.1,,1,RBC Capital:20.1
2026-08-05,KMB,-6.4,,1,TD Cowen:-6.4
2026-08-05,LDOS,18.75,17.4655,2,RBC Capital:31.1|UBS:6.4
2026-08-05,LYB,17.8,,1,RBC Capital:17.8
2026-08-05,MAR,12.025,9.1106,4,Baird:12.8|Barclays:-0.1|BMO Capital:13.4|Wells Fargo:22
2026-08-05,MPC,10.15,12.7986,2,Citigroup:1.1|TD Cowen:19.2
2026-08-05,MSFT,39,,1,Tigress Financial:39
2026-08-05,MTD,0.3,,1,Morgan Stanley:0.3
2026-08-05,NKE,-4,,1,JP Morgan:-4
2026-08-05,ON,30.35,8.9803,2,Baird:36.7|Citigroup:24
2026-08-05,PEG,13.6,4.6669,2,Citigroup:10.3|Wells Fargo:16.9
2026-08-05,PLD,14.4,,1,RBC Capital:14.4
2026-08-05,PLTR,32.75,13.0815,2,Deutsche Bank:23.5|Piper Sandler:42
2026-08-05,RL,19,,1,JP Morgan:19
2026-08-05,ROK,19.1,,1,Citigroup:19.1
2026-08-05,RVTY,12,,1,Evercore ISI Group:12
2026-08-05,SBAC,22.4,8.7681,2,Morgan Stanley:16.2|Truist Securities:28.6
2026-08-05,SW,15.5,,1,Barclays:15.5
2026-08-05,SYY,1.2,1.6971,2,Citigroup:2.4|Piper Sandler:0
2026-08-05,TPR,34.2,,1,JP Morgan:34.2
2026-08-05,V,9.1,,1,Truist Securities:9.1
2026-08-05,VRTX,9.5333,16.5929,3,Canaccord Genuity:-9.3|Cantor Fitzgerald:22|Truist Securities:15.9
2026-08-05,WAT,8.2333,9.7372,3,Evercore ISI Group:5.3|TD Cowen:19.1|Wells Fargo:0.3
2026-08-05,WELL,18.4,,1,Keybanc:18.4
2026-08-05,WMB,25.8,,1,Wells Fargo:25.8
2026-08-05,WYNN,40.1,,1,Macquarie:40.1
2026-08-06,ACGL,1.6,,1,BMO Capital:1.6
2026-08-06,ADM,7.5,9.8995,2,Barclays:14.5|Morgan Stanley:0.5
2026-08-06,ADP,14.3,,1,Cantor Fitzgerald:14.3
2026-08-06,AIZ,13.65,6.1518,2,Piper Sandler:9.3|Truist Securities:18
2026-08-06,AMD,24.95,3.182,2,Evercore ISI Group:22.7|Wedbush:27.2
2026-08-06,AME,15.1,7.3817,3,BMO Capital:10.3|DA Davidson:11.4|Truist Securities:23.6
2026-08-06,AMGN,-2.7333,17.938,3,B of A Securities:-23.4|Goldman Sachs:8.8|UBS:6.4
2026-08-06,ANET,33.8,8.8807,4,B of A Securities:24.7|Evercore ISI Group:29.9|Needham:35.1|Rosenblatt:45.5
2026-08-06,APD,21,,1,RBC Capital:21
2026-08-06,APO,20.1,,1,Barclays:20.1
2026-08-06,APP,98.9333,29.8867,3,Macquarie:83.2|UBS:133.4|Wedbush:80.2
2026-08-06,APTV,17.9,,1,Morgan Stanley:17.9
2026-08-06,ARE,2.3,,1,Cantor Fitzgerald:2.3
2026-08-06,AXON,11.5333,11.4845,3,Morgan Stanley:8.6|Piper Sandler:24.2|UBS:1.8
2026-08-06,BALL,3.4,,1,UBS:3.4
2026-08-06,BBY,0.7,,1,Jefferies:0.7
2026-08-06,BKNG,19.8,0.9899,2,BMO Capital:20.5|Wedbush:19.1
2026-08-06,BR,8.8,,1,Morgan Stanley:8.8
2026-08-06,CDW,23.2,,1,Morgan Stanley:23.2
2026-08-06,CMG,31.7,,1,BTIG:31.7
2026-08-06,CMI,29.6,,1,UBS:29.6
2026-08-06,COR,21.15,17.607,2,Evercore ISI Group:8.7|UBS:33.6
2026-08-06,CPAY,6.7,,1,UBS:6.7
2026-08-06,CVS,23.8,,1,Evercore ISI Group:23.8
2026-08-06,DASH,46.95,13.5057,2,Benchmark:37.4|Truist Securities:56.5
2026-08-06,DD,20.4,,1,UBS:20.4
2026-08-06,DIS,22.15,8.9727,4,Argus Research:30.7|Barclays:12.2|Guggenheim:17|Wells Fargo:28.7
2026-08-06,DUK,5.7,0,2,Barclays:5.7|BMO Capital:5.7
2026-08-06,DVA,20.4,,1,Barclays:20.4
2026-08-06,EBAY,19.2,0.5657,2,Benchmark:19.6|Piper Sandler:18.8
2026-08-06,EOG,12,,1,Truist Securities:12
2026-08-06,EXPD,4.7667,14.6083,3,Barclays:-11.8|JP Morgan:10.3|UBS:15.8
2026-08-06,EXPE,5.4,7.6368,2,Benchmark:10.8|Piper Sandler:0
2026-08-06,FIS,1.2,,1,Barclays:1.2
2026-08-06,GILD,15.7,,1,Cantor Fitzgerald:15.7
2026-08-06,GPN,4,,1,UBS:4
2026-08-06,HUM,1,,1,Morgan Stanley:1
2026-08-06,IDXX,14.4,,1,UBS:14.4
2026-08-06,IFF,4.7,,1,UBS:4.7
2026-08-06,IRM,10,,1,Wells Fargo:10
2026-08-06,IT,6.5,,1,UBS:6.5
2026-08-06,KHC,-4.2667,9.7618,3,Piper Sandler:-3|TD Cowen:-14.6|UBS:4.8
2026-08-06,KMB,3,,1,UBS:3
2026-08-06,LLY,11.2,,1,Wells Fargo:11.2
2026-08-06,MAR,0.8,,1,Macquarie:0.8
2026-08-06,MCD,7.8,3.8184,2,Guggenheim:5.1|Keybanc:10.5
2026-08-06,MCK,12.7667,4.8911,3,Evercore ISI Group:9.6|TD Cowen:10.3|UBS:18.4
2026-08-06,MET,-1.6,,1,Barclays:-1.6
2026-08-06,MPC,5.9,,1,Barclays:5.9
2026-08-06,MSI,11.5,0.1414,2,Barclays:11.4|Piper Sandler:11.6
2026-08-06,PODD,23.6,11.8653,5,Bernstein:33.7|RBC Capital:22.2|Stifel:37.5|TD Cowen:10|UBS:14.6
2026-08-06,PSX,10.2333,10.2344,3,Barclays:3.4|Evercore ISI Group:5.3|TD Cowen:22
2026-08-06,RL,20,,1,Needham:20
2026-08-06,ROP,13.2,,1,Argus Research:13.2
2026-08-06,SNDK,79,,1,Citigroup:79
2026-08-06,SOLV,14.6667,2.3459,3,Keybanc:13.9|Piper Sandler:17.3|UBS:12.8
2026-08-06,SYY,11.8,,1,UBS:11.8
2026-08-06,TDG,22.6,16.2635,2,Stifel:11.1|UBS:34.1
2026-08-06,TPR,8.8,,1,Telsey Advisory Group:8.8
2026-08-06,UBER,51.175,23.0347,4,Barclays:54.5|Bernstein:38.4|Guggenheim:82.1|Wells Fargo:29.7
2026-08-06,VRTX,25.7,,1,Barclays:25.7
2026-08-06,WAT,15.6,,1,Barclays:15.6
2026-08-06,WDC,22.4,,1,UBS:22.4
2026-08-06,WYNN,34.5,,1,Barclays:34.5
2026-08-06,XYZ,22.5667,8.1292,3,Keybanc:28.9|RBC Capital:13.4|TD Cowen:25.4
2026-08-07,ABNB,14.5333,6.2132,3,Benchmark:9.3|Canaccord Genuity:21.4|Wells Fargo:12.9
2026-08-07,ALL,-16.9,,1,Barclays:-16.9
2026-08-07,AMD,40.6,,1,Rosenblatt:40.6
2026-08-07,AME,8.7,,1,TD Cowen:8.7
2026-08-07,ANET,46,,1,Barclays:46
2026-08-07,AXON,30.7,,1,Barclays:30.7
2026-08-07,BDX,-0.1,,1,Piper Sandler:-0.1
2026-08-07,CAT,1.9,,1,DA Davidson:1.9
2026-08-07,COR,20.4,,1,JP Morgan:20.4
2026-08-07,CPAY,17.9,0,2,JP Morgan:17.9|Keefe; Bruyette & Woods:17.9
2026-08-07,CRL,16.6,2.687,2,JP Morgan:18.5|Morgan Stanley:14.7
2026-08-07,CVS,13.4,,1,Barclays:13.4
2026-08-07,DASH,23.7,1.6971,2,Cantor Fitzgerald:22.5|Needham:24.9
2026-08-07,DD,21.5,,1,RBC Capital:21.5
2026-08-07,DDOG,29.9,,1,Citigroup:29.9
2026-08-07,DIS,20.7,,1,Rosenblatt:20.7
2026-08-07,EBAY,16.8,5.7862,3,Argus Research:19.2|Barclays:10.2|Needham:21
2026-08-07,ED,0,,1,Wells Fargo:0
2026-08-07,EXPE,13.95,15.9099,2,B. Riley Securities:25.2|Barclays:2.7
2026-08-07,GEN,3.4333,6.8501,3,Barclays:10.3|RBC Capital:3.4|Wells Fargo:-3.4
2026-08-07,GPN,5.7667,3.6501,3,Barclays:1.6|Goldman Sachs:7.3|Keefe; Bruyette & Woods:8.4
2026-08-07,GRMN,21.4,,1,Tigress Financial:21.4
2026-08-07,HSIC,13.5,,1,Barclays:13.5
2026-08-07,IEX,2.2,,1,DA Davidson:2.2
2026-08-07,IFF,13.3,,1,Barclays:13.3
2026-08-07,JNJ,12.2,,1,Guggenheim:12.2
2026-08-07,KHC,4.4,,1,Barclays:4.4
2026-08-07,LLY,18.7,,1,Cantor Fitzgerald:18.7
2026-08-07,MCHP,16.8,,1,Citigroup:16.8
2026-08-07,MNST,7.15,0.7778,2,Piper Sandler:7.7|RBC Capital:6.6
2026-08-07,MSI,13.9,,1,JP Morgan:13.9
2026-08-07,MU,27.3,,1,Citigroup:27.3
2026-08-07,NI,4.3,,1,Barclays:4.3
2026-08-07,PFE,18.2,,1,Guggenheim:18.2
2026-08-07,PH,12.2,,1,Keybanc:12.2
2026-08-07,PODD,13.75,11.0325,4,Canaccord Genuity:29.7|JP Morgan:10.1|Truist Securities:10.9|Wells Fargo:4.3
2026-08-07,RL,17,,1,Barclays:17
2026-08-07,RMD,6.2,3.3941,2,Piper Sandler:8.6|Wells Fargo:3.8
2026-08-07,RSG,12.3,,1,Barclays:12.3
2026-08-07,STE,19.9,,1,Piper Sandler:19.9
2026-08-07,TAP,11.3,10.0409,2,Needham:18.4|Piper Sandler:4.2
2026-08-07,TRGP,7.7,,1,Barclays:7.7
2026-08-07,TTD,24.3,43.982,2,Benchmark:55.4|Wells Fargo:-6.8
2026-08-07,UBER,36.4,12.8522,4,Cantor Fitzgerald:26.2|DA Davidson:40.3|Needham:52.9|Susquehanna:26.2
2026-08-07,WDC,51.5667,29.7984,3,Citigroup:61.8|Rosenblatt:74.9|TD Cowen:18
2026-08-07,XYZ,23.45,4.4548,2,Cantor Fitzgerald:20.3|Needham:26.6
2026-08-08,ABNB,19.3,2.9698,2,Citigroup:17.2|Susquehanna:21.4
2026-08-08,AFL,-21.8,,1,Barclays:-21.8
2026-08-08,AIG,2.3,,1,Barclays:2.3
2026-08-08,AIZ,9.7,,1,Keefe; Bruyette & Woods:9.7
2026-08-08,AKAM,13.7,1.3856,3,Baird:12.9|TD Cowen:12.9|UBS:15.3
2026-08-08,ALB,41.8333,11.1429,3,BMO Capital:54.7|Citigroup:35.4|UBS:35.4
2026-08-08,AMGN,0.2,,1,Citigroup:0.2
2026-08-08,APP,92.6,,1,Citigroup:92.6
2026-08-08,BDX,6.7,13.7179,2,Citigroup:16.4|Wells Fargo:-3
2026-08-08,BKR,12.7,,1,Morgan Stanley:12.7
2026-08-08,CF,7.5,,1,UBS:7.5
2026-08-08,COP,63.5,,1,Wells Fargo:63.5
2026-08-08,DASH,17.8,,1,Susquehanna:17.8
2026-08-08,DDOG,27.775,6.3068,4,DA Davidson:34.2|Needham:27.8|Rosenblatt:29.9|UBS:19.2
2026-08-08,DVA,19.55,1.9092,2,TD Cowen:20.9|Truist Securities:18.2
2026-08-08,ED,-1.9,,1,Barclays:-1.9
2026-08-08,EXPE,2.7,,1,TD Cowen:2.7
2026-08-08,KDP,30.6,,1,UBS:30.6
2026-08-08,LDOS,1.3,,1,TD Cowen:1.3
2026-08-08,LLY,15.8,,1,Truist Securities:15.8
2026-08-08,MCHP,35.2,21.3042,3,Rosenblatt:47.5|Truist Securities:10.6|UBS:47.5
2026-08-08,MNST,12,0,2,Evercore ISI Group:12|UBS:12
2026-08-08,O,12.4,,1,RBC Capital:12.4
2026-08-08,PH,18.6667,6.3217,3,Citigroup:14.2|Susquehanna:15.9|Truist Securities:25.9
2026-08-08,PWR,18.2,,1,Keybanc:18.2
2026-08-08,RL,19.58,6.8042,5,BTIG:16.3|Citigroup:15|Evercore ISI Group:16.3|Telsey Advisory Group:18.8|UBS:31.5
2026-08-08,TAP,6.5,,1,UBS:6.5
2026-08-08,TTD,9.6333,19.59,9,Cantor Fitzgerald:8.8|Citigroup:-14.5|Evercore ISI Group:1|Needham:47.6|Rosenblatt:-6.8|Scotiabank:-6.8|Susquehanna:8.8|Truist Securities:24.3|UBS:24.3
2026-08-08,XOM,10.1,,1,TD Cowen:10.1
2026-08-10,ABBV,5.8,,1,Evercore ISI Group:5.8
2026-08-10,AFL,11.2,,1,Piper Sandler:11.2
2026-08-10,AIG,9.9,2.687,2,Piper Sandler:8|RBC Capital:11.8
2026-08-10,ALB,19.5,,1,RBC Capital:19.5
2026-08-10,ALL,7.7,6.6468,2,Piper Sandler:12.4|UBS:3
2026-08-10,APA,2,,1,Truist Securities:2
2026-08-10,APTV,42.7,,1,Evercore ISI Group:42.7
2026-08-10,ARE,1.8,,1,Citigroup:1.8
2026-08-10,COP,9,,1,Truist Securities:9
2026-08-10,CRL,12.9,,1,TD Cowen:12.9
2026-08-10,DD,20.4,,1,JP Morgan:20.4
2026-08-10,DOC,12.7,,1,RBC Capital:12.7
2026-08-10,FANG,15.3,,1,Citigroup:15.3
2026-08-10,HUM,2.1,,1,JP Morgan:2.1
2026-08-10,OXY,11.3,,1,Truist Securities:11.3
2026-08-10,TAP,-1.7,,1,JP Morgan:-1.7
2026-08-10,TTD,18.7,,1,DA Davidson:18.7
2026-08-10,TTWO,19.175,4.05,4,DA Davidson:21.2|Oppenheimer:13.1|Wedbush:21.2|Wells Fargo:21.2
2026-08-10,WAT,15.8,,1,Citigroup:15.8
2026-08-10,WMB,22.5,,1,RBC Capital:22.5
2026-08-11,AFL,-4.2,,1,JP Morgan:-4.2
2026-08-11,AKAM,18.6,,1,Susquehanna:18.6
2026-08-11,ALB,30.7,10.3238,2,Evercore ISI Group:38|Morgan Stanley:23.4
2026-08-11,ALL,1.4,10.2103,3,Citigroup:-10.1|Goldman Sachs:4.9|JP Morgan:9.4
2026-08-11,ALLE,-3.6,,1,Morgan Stanley:-3.6
2026-08-11,DOC,5.4,,1,Citigroup:5.4
2026-08-11,FICO,62.7,,1,Barclays:62.7
2026-08-11,FIS,19,,1,Cantor Fitzgerald:19
2026-08-11,GWW,-8.6,,1,Barclays:-8.6
2026-08-11,J,15.1,,1,UBS:15.1
2026-08-11,KDP,30.1,,1,Barclays:30.1
2026-08-11,KIM,8.4,,1,Citigroup:8.4
2026-08-11,LDOS,16.8,,1,Citigroup:16.8
2026-08-11,LIN,11.2,,1,BMO Capital:11.2
2026-08-11,MET,11.6,,1,JP Morgan:11.6
2026-08-11,PPL,8.8,,1,BMO Capital:8.8
2026-08-11,SPG,-5.1,,1,Stifel:-5.1
2026-08-11,STLD,3,,1,UBS:3
2026-08-11,TTD,-24.2,,1,HSBC:-24.2
2026-08-11,TTWO,23.5,,1,BTIG:23.5
2026-08-11,UBER,41,,1,Jefferies:41
2026-08-11,VTR,17.8,,1,BMO Capital:17.8
2026-08-12,A,17.5,,1,Morgan Stanley:17.5
2026-08-12,AFL,4,,1,Keefe; Bruyette & Woods:4
2026-08-12,AIG,15.6,13.8593,2,Keefe; Bruyette & Woods:25.4|Morgan Stanley:5.8
2026-08-12,APA,17.2,,1,Susquehanna:17.2
2026-08-12,APP,25.3,,1,B of A Securities:25.3
2026-08-12,CAH,13.3,3.2078,3,Citigroup:16.8|Evercore ISI Group:12.6|Morgan Stanley:10.5
2026-08-12,CAT,20.7,,1,Evercore ISI Group:20.7
2026-08-12,CMI,20.7,,1,Evercore ISI Group:20.7
2026-08-12,COP,28.8,,1,Susquehanna:28.8
2026-08-12,COR,23.6,,1,Wells Fargo:23.6
2026-08-12,CPT,9.4,,1,Morgan Stanley:9.4
2026-08-12,CVS,25.9,,1,JP Morgan:25.9
2026-08-12,ETN,8.2,,1,Evercore ISI Group:8.2
2026-08-12,FIS,18.4,,1,Stephens & Co.:18.4
2026-08-12,HD,13.6,,1,Wells Fargo:13.6
2026-08-12,HLT,7.2,,1,Susquehanna:7.2
2026-08-12,HPQ,-27.9,,1,Goldman Sachs:-27.9
2026-08-12,HST,5.5,,1,Cantor Fitzgerald:5.5
2026-08-12,IDXX,22.4,,1,Barclays:22.4
2026-08-12,INTC,43.1,,1,B of A Securities:43.1
2026-08-12,IR,8.8,,1,Evercore ISI Group:8.8
2026-08-12,ITW,5.6,,1,Evercore ISI Group:5.6
2026-08-12,JBL,17.6,,1,UBS:17.6
2026-08-12,JKHY,30.8,,1,Stephens & Co.:30.8
2026-08-12,KVUE,1.7,,1,UBS:1.7
2026-08-12,LDOS,-4.6,,1,Goldman Sachs:-4.6
2026-08-12,LITE,26.8,15.6,3,JP Morgan:42.4|Mizuho:26.8|Morgan Stanley:11.2
2026-08-12,LOW,11.6,,1,Wells Fargo:11.6
2026-08-12,MAA,12.2,,1,Morgan Stanley:12.2
2026-08-12,MCK,3.4,,1,Wells Fargo:3.4
2026-08-12,MET,11.8,,1,Keefe; Bruyette & Woods:11.8
2026-08-12,MO,-10,,1,Barclays:-10
2026-08-12,MPC,-9.3,,1,Mizuho:-9.3
2026-08-12,NEM,24.2,,1,Scotiabank:24.2
2026-08-12,NVDA,42.5,,1,Wells Fargo:42.5
2026-08-12,OXY,19.7,,1,Susquehanna:19.7
2026-08-12,PCAR,21.7,,1,Evercore ISI Group:21.7
2026-08-12,PH,13.7,,1,Evercore ISI Group:13.7
2026-08-12,PRU,2.85,2.8991,2,Keefe; Bruyette & Woods:0.8|Piper Sandler:4.9
2026-08-12,RSG,10.3,,1,UBS:10.3
2026-08-12,SMCI,2.9,7.5783,3,Citigroup:11.5|Goldman Sachs:-2.8|Mizuho:0
2026-08-12,TGT,12.4,,1,Oppenheimer:12.4
2026-08-12,TTWO,24.8,,1,JP Morgan:24.8
2026-08-12,UDR,12.7,,1,Morgan Stanley:12.7
2026-08-12,URI,9.9,,1,Evercore ISI Group:9.9
2026-08-12,WMB,21.7,,1,Truist Securities:21.7
2026-08-13,AKAM,26.5,,1,JP Morgan:26.5
2026-08-13,APA,16.8,,1,Benchmark:16.8
2026-08-13,BBY,4.9,,1,Citigroup:4.9
2026-08-13,BDX,2.8,,1,RBC Capital:2.8
2026-08-13,CAH,17.0333,4.8894,6,Baird:17.6|Barclays:18|Mizuho:7.3|TD Cowen:20.2|UBS:20.2|Wells Fargo:18.9
2026-08-13,COHR,8.7,,1,Morgan Stanley:8.7
2026-08-13,CPT,4.5,,1,JP Morgan:4.5
2026-08-13,FICO,6.1,,1,UBS:6.1
2026-08-13,IEX,16,,1,Mizuho:16
2026-08-13,INTC,10.3,,1,UBS:10.3
2026-08-13,IVZ,23,,1,TD Cowen:23
2026-08-13,LITE,23.95,22.8395,2,B of A Securities:7.8|Rosenblatt:40.1
2026-08-13,LMT,13.3,,1,Citigroup:13.3
2026-08-13,MLM,16.8,,1,Morgan Stanley:16.8
2026-08-13,MSFT,41.9,,1,Wells Fargo:41.9
2026-08-13,NOC,15.3,,1,Citigroup:15.3
2026-08-13,PAYX,-1.3,,1,Jefferies:-1.3
2026-08-13,SMCI,14.95,14.6074,4,Barclays:1.9|Needham:20.2|Rosenblatt:33.2|Wedbush:4.5
2026-08-13,TDY,3.9,,1,Morgan Stanley:3.9
2026-08-13,TRMB,30.9,3.677,2,Bernstein:28.3|JP Morgan:33.5
2026-08-14,AIZ,17.3,,1,UBS:17.3
2026-08-14,ALL,8.7,,1,BMO Capital:8.7
2026-08-14,AMAT,40.2,,1,TD Cowen:40.2
2026-08-14,AMCR,4.35,12.2329,2,Citigroup:13|Wells Fargo:-4.3
2026-08-14,COHR,28.3333,23.6045,3,B. Riley Securities:5|Needham:27.8|Rosenblatt:52.2
2026-08-14,CSCO,28.2,11.5104,5,Keybanc:19.7|Morgan Stanley:19.7|Rosenblatt:46.3|UBS:22.3|Wells Fargo:33
2026-08-14,DELL,9.9,,1,Wells Fargo:9.9
2026-08-14,DOC,15.6,,1,Baird:15.6
2026-08-14,DVN,45.1,,1,Wells Fargo:45.1
2026-08-14,EBAY,24.3,,1,Citigroup:24.3
2026-08-14,EOG,35.6,,1,Wells Fargo:35.6
2026-08-14,ESS,2.7,,1,JP Morgan:2.7
2026-08-14,FOXA,18.4,,1,Wells Fargo:18.4
2026-08-14,HON,9.7,,1,JP Morgan:9.7
2026-08-14,HRL,6.5,,1,JP Morgan:6.5
2026-08-14,INTU,26.2,,1,Citigroup:26.2
2026-08-14,JPM,7.4,,1,Wells Fargo:7.4
2026-08-14,LOW,25.4,,1,Piper Sandler:25.4
2026-08-14,PKG,13.8,,1,UBS:13.8
2026-08-14,ROK,15.6,,1,Bernstein:15.6
2026-08-14,SJM,15.8,,1,JP Morgan:15.8
2026-08-14,SNDK,-4.35,2.192,2,RBC Capital:-2.8|Wells Fargo:-5.9
2026-08-14,TECH,1.1,,1,Wells Fargo:1.1
2026-08-14,TPR,40.04,24.6137,5,Barclays:44.6|Evercore ISI Group:25|Morgan Stanley:24.3|UBS:81.3|Wells Fargo:25
2026-08-14,TRMB,51,,1,Piper Sandler:51
2026-08-14,VTR,9.8,,1,RBC Capital:9.8
2026-08-14,WAB,14.4,,1,Citigroup:14.4
2026-08-14,XYL,14.9,,1,UBS:14.9
2026-08-15,AMAT,45.7,18.6458,4,Cantor Fitzgerald:70.2|JP Morgan:32.2|Keybanc:50.2|Stifel:30.2
2026-08-15,DLR,20.2,,1,HSBC:20.2
2026-08-15,FOXA,21.3,,1,JP Morgan:21.3
2026-08-15,SNDK,48.75,38.6787,2,Cantor Fitzgerald:76.1|Wedbush:21.4
2026-08-15,TPR,36.8,,1,BTIG:36.8
2026-08-15,WDAY,4.6,1.6971,2,Baird:3.4|UBS:5.8
2026-08-17,ADM,18.2,,1,UBS:18.2
2026-08-17,ARE,19.7,,1,Evercore ISI Group:19.7
2026-08-17,CNP,5.9,,1,Evercore ISI Group:5.9
2026-08-17,D,2.2,,1,Evercore ISI Group:2.2
2026-08-17,ED,3.2,,1,Evercore ISI Group:3.2
2026-08-17,HON,9.8,,1,Jefferies:9.8
2026-08-17,INCY,8.2,,1,Piper Sandler:8.2
2026-08-17,MGM,25.2,0,2,Argus Research:25.2|Macquarie:25.2
2026-08-17,NOW,14.4,,1,TD Cowen:14.4
2026-08-17,PANW,4.4,,1,TD Cowen:4.4
2026-08-17,PRU,4.8,,1,JP Morgan:4.8
2026-08-17,REG,20.3,,1,Barclays:20.3
2026-08-17,SPG,1.85,4.879,2,Barclays:-1.6|Citigroup:5.3
2026-08-17,YUM,22.2,,1,Argus Research:22.2
2026-08-18,ABBV,18.1,,1,Wells Fargo:18.1
2026-08-18,AJG,20,,1,Argus Research:20
2026-08-18,AMCR,2.5,,1,JP Morgan:2.5
2026-08-18,APA,-4.8,,1,Barclays:-4.8
2026-08-18,CBRE,23.3,,1,Barclays:23.3
2026-08-18,CPT,12.5,,1,Barclays:12.5
2026-08-18,DLR,20.7,,1,Evercore ISI Group:20.7
2026-08-18,DLTR,17.6,,1,Wells Fargo:17.6
2026-08-18,DVN,20.8,,1,Barclays:20.8
2026-08-18,EOG,-0.7,,1,Barclays:-0.7
2026-08-18,EQIX,15.1,,1,Evercore ISI Group:15.1
2026-08-18,ESS,5.3,,1,Barclays:5.3
2026-08-18,EXR,6.3,,1,Scotiabank:6.3
2026-08-18,FRT,3.9,,1,Barclays:3.9
2026-08-18,HD,1,,1,Stifel:1
2026-08-18,MAA,10.5,,1,Barclays:10.5
2026-08-18,MCHP,60.2,,1,Cantor Fitzgerald:60.2
2026-08-18,NXPI,74.2,,1,Cantor Fitzgerald:74.2
2026-08-18,OXY,18.4,,1,Barclays:18.4
2026-08-18,PANW,28.3,,1,Wells Fargo:28.3
2026-08-18,REGN,1.2,,1,Leerink Partners:1.2
2026-08-18,TRGP,17.6,,1,Jefferies:17.6
2026-08-18,TXN,23.2,,1,Cantor Fitzgerald:23.2
2026-08-18,VEEV,18.25,7.2832,2,Oppenheimer:23.4|Stifel:13.1
2026-08-18,WMB,38,,1,Morgan Stanley:38
2026-08-18,XOM,7.7,,1,Barclays:7.7
2026-08-19,ADBE,-16.1,,1,B of A Securities:-16.1
2026-08-19,CME,-0.1,,1,Deutsche Bank:-0.1
2026-08-19,COP,16,,1,Morgan Stanley:16
2026-08-19,EQT,24.7,,1,Morgan Stanley:24.7
2026-08-19,FANG,2.4,,1,Morgan Stanley:2.4
2026-08-19,HBAN,17.2,,1,RBC Capital:17.2
2026-08-19,HD,14.2,6.2418,4,DA Davidson:10.4|Mizuho:14.2|Truist Securities:9.2|UBS:23
2026-08-19,INTU,21.7,,1,Deutsche Bank:21.7
2026-08-19,IT,13.8,,1,BMO Capital:13.8
2026-08-19,JKHY,27.6,,1,Oppenheimer:27.6
2026-08-19,KEYS,23.2333,2.4826,3,JP Morgan:21.8|Morgan Stanley:21.8|UBS:26.1
2026-08-19,MCK,15.7,,1,Barclays:15.7
2026-08-19,NCLH,3.35,11.8087,2,Mizuho:-5|UBS:11.7
2026-08-19,NOW,26.4,,1,B of A Securities:26.4
2026-08-19,PANW,10.25,4.9156,4,Mizuho:10.6|Stifel:10.6|Truist Securities:15.9|UBS:3.9
2026-08-19,ROP,5.3,,1,RBC Capital:5.3
2026-08-19,SJM,16.2,,1,Jefferies:16.2
2026-08-19,TRMB,39.7,,1,Barclays:39.7
2026-08-19,WDAY,7.7,,1,B of A Securities:7.7
2026-08-19,XOM,6.6,,1,Morgan Stanley:6.6
2026-08-20,ABBV,14,,1,Piper Sandler:14
2026-08-20,AFL,5,,1,Wells Fargo:5
2026-08-20,AIZ,15.6,,1,Morgan Stanley:15.6
2026-08-20,AMGN,5.25,0.495,2,Argus Research:5.6|Piper Sandler:4.9
2026-08-20,AMT,11.8,,1,Barclays:11.8
2026-08-20,APP,4.4,,1,Wells Fargo:4.4
2026-08-20,BBY,-2.9,,1,Piper Sandler:-2.9
2026-08-20,CCI,10.3,,1,Barclays:10.3
2026-08-20,CIEN,24.9,,1,Northland Capital Markets:24.9
2026-08-20,EBAY,32.6,,1,Wedbush:32.6
2026-08-20,EL,13.175,5.8243,4,Goldman Sachs:15|JP Morgan:15|Morgan Stanley:4.7|Piper Sandler:18
2026-08-20,FISV,1.6,,1,Truist Securities:1.6
2026-08-20,FTV,16.1,,1,Argus Research:16.1
2026-08-20,HAS,-2.5,,1,Wells Fargo:-2.5
2026-08-20,HCA,5.4,,1,JP Morgan:5.4
2026-08-20,HD,14.15,17.4655,2,Guggenheim:26.5|RBC Capital:1.8
2026-08-20,JKHY,6.55,3.4648,2,Goldman Sachs:9|UBS:4.1
2026-08-20,KEYS,33.775,5.1803,4,Baird:30.3|Barclays:36.3|Susquehanna:39.8|Wells Fargo:28.7
2026-08-20,LOW,18.9,6.6851,5,Citigroup:20.4|TD Cowen:8.8|Telsey Advisory Group:20.4|Truist Securities:17.6|UBS:27.3
2026-08-20,MAR,10.8,,1,UBS:10.8
2026-08-20,MET,14.8,,1,Wells Fargo:14.8
2026-08-20,MRK,14.4,2.4042,2,BMO Capital:12.7|UBS:16.1
2026-08-20,MRNA,-10.1,14.1421,2,Goldman Sachs:-20.1|UBS:-0.1
2026-08-20,MRVL,30.5,,1,UBS:30.5
2026-08-20,MTB,16.9,,1,Cantor Fitzgerald:16.9
2026-08-20,PANW,17.2,,1,BMO Capital:17.2
2026-08-20,PGR,-8.1,,1,Wells Fargo:-8.1
2026-08-20,PRU,-10,,1,Wells Fargo:-10
2026-08-20,REG,15.6,,1,Wells Fargo:15.6
2026-08-20,SBAC,15.3,,1,Barclays:15.3
2026-08-20,SJM,16.2,,1,UBS:16.2
2026-08-20,TGT,10.15,10.8187,2,Goldman Sachs:2.5|Wells Fargo:17.8
2026-08-20,TJX,22.6571,14.6424,7,Barclays:32.2|BTIG:33.6|Citigroup:8.3|Evercore ISI Group:21.7|Morgan Stanley:25.2|UBS:39.2|Wells Fargo:-1.6
2026-08-21,ALL,-1.6,,1,Keefe; Bruyette & Woods:-1.6
2026-08-21,APP,6.9,,1,Piper Sandler:6.9
2026-08-21,CPRT,1.5,,1,Stephens & Co.:1.5
2026-08-21,DE,4.3,,1,Citigroup:4.3
2026-08-21,EL,13.7,14.5664,2,Jefferies:3.4|RBC Capital:24
2026-08-21,EXC,16.6,,1,Morgan Stanley:16.6
2026-08-21,FIX,24.3,,1,DA Davidson:24.3
2026-08-21,INCY,18.6,,1,HC Wainwright & Co.:18.6
2026-08-21,LOW,14.4,8.3845,4,DA Davidson:12|Keybanc:25.7|Mizuho:14.3|RBC Capital:5.6
2026-08-21,MRK,9.3,9.8534,3,Goldman Sachs:7.3|Morgan Stanley:20|RBC Capital:0.6
2026-08-21,MRNA,-37.65,6.4347,2,JP Morgan:-42.2|Morgan Stanley:-33.1
2026-08-21,MRVL,25.8,23.7588,2,Citigroup:9|RBC Capital:42.6
2026-08-21,NDSN,6.5,,1,Keybanc:6.5
2026-08-21,NWSA,27.2,,1,JP Morgan:27.2
2026-08-21,RDDT,38.3,,1,Morgan Stanley:38.3
2026-08-21,ROST,10.06,11.1262,5,Barclays:22.2|Citigroup:18.9|JP Morgan:11.5|Morgan Stanley:-4|Wells Fargo:1.7
2026-08-21,TGT,11.3667,3.1896,3,DA Davidson:14.9|Guggenheim:8.7|RBC Capital:10.5
2026-08-21,TJX,10.2,,1,Gordon Haskett:10.2
2026-08-21,UHS,5.7,,1,RBC Capital:5.7
2026-08-21,VST,62.2,,1,Morgan Stanley:62.2
2026-08-21,WMT,20.3833,6.542,6,Citigroup:27.3|JP Morgan:20.6|Piper Sandler:23.4|Truist Securities:9.9|UBS:25.4|Wells Fargo:15.7
2026-08-22,ADSK,29.5,,1,Baird:29.5
2026-08-22,DE,9.9,,1,Oppenheimer:9.9
2026-08-22,HSY,9.8,,1,RBC Capital:9.8
2026-08-22,LOW,25.7,,1,Guggenheim:25.7
2026-08-22,MCHP,23.7,,1,BMO Capital:23.7
2026-08-22,MRVL,-0.9,,1,BMO Capital:-0.9
2026-08-22,NDSN,6.65,4.0305,2,Baird:3.8|Oppenheimer:9.5
2026-08-22,NVDA,55.7,,1,BMO Capital:55.7
2026-08-22,ROST,14.8,5.7983,2,Baird:10.7|Evercore ISI Group:18.9
2026-08-22,SWKS,3.1,,1,BMO Capital:3.1
2026-08-22,TER,10,,1,Baird:10
2026-08-22,WMT,22.68,4.4986,5,Baird:15.7|Guggenheim:25.4|Morgan Stanley:20.6|RBC Capital:26.3|Telsey Advisory Group:25.4
2026-08-24,ABNB,10.3,6.364,2,Bernstein:14.8|Evercore ISI Group:5.8
2026-08-24,ACN,2.9,,1,Citigroup:2.9
2026-08-24,DAL,21.85,6.0104,2,Raymond James:17.6|TD Cowen:26.1
2026-08-24,DE,14.3,10.0165,3,Barclays:3.4|DA Davidson:16.4|Truist Securities:23.1
2026-08-24,EOG,-0.7,,1,Goldman Sachs:-0.7
2026-08-24,EXPE,32.9,,1,Evercore ISI Group:32.9
2026-08-24,GWW,6.6,,1,Morgan Stanley:6.6
2026-08-24,HPQ,8.3,,1,Evercore ISI Group:8.3
2026-08-24,INTU,36.4,,1,Jefferies:36.4
2026-08-24,LUV,32,,1,Raymond James:32
2026-08-24,MET,17,,1,Morgan Stanley:17
2026-08-24,MRNA,-12.4,,1,Barclays:-12.4
2026-08-24,MRVL,35.2,,1,Wells Fargo:35.2
2026-08-24,NDSN,13.1,,1,DA Davidson:13.1
2026-08-24,NTAP,10,,1,Evercore ISI Group:10
2026-08-24,PHM,-1.5,,1,Wolfe Research:-1.5
2026-08-24,PRU,-13.3,,1,Morgan Stanley:-13.3
2026-08-24,UAL,66.9,,1,TD Cowen:66.9
2026-08-24,WDAY,11.45,1.7678,2,Jefferies:12.7|Oppenheimer:10.2
2026-08-24,XYL,30.9,,1,Jefferies:30.9
2026-08-25,ADI,79.4,,1,Baird:79.4
2026-08-25,ARE,-4.6,,1,Baird:-4.6
2026-08-25,BXP,-0.9,,1,UBS:-0.9
2026-08-25,CMG,5.3,,1,Baird:5.3
2026-08-25,COF,26.2,,1,Wolfe Research:26.2
2026-08-25,DE,15.3,,1,RBC Capital:15.3
2026-08-25,DPZ,1.1,,1,Baird:1.1
2026-08-25,MLM,16.3,,1,DA Davidson:16.3
2026-08-25,MRK,19.2,,1,Wolfe Research:19.2
2026-08-25,PPL,25.1,,1,Jefferies:25.1
2026-08-25,SYF,11.8,,1,Wolfe Research:11.8
2026-08-25,ULTA,30.2,,1,Deutsche Bank:30.2
2026-08-25,USB,8.9,,1,RBC Capital:8.9
2026-08-25,VMC,17.4,,1,DA Davidson:17.4
2026-08-25,XYZ,40.6,,1,Wolfe Research:40.6
2026-08-26,AMAT,23,,1,Mizuho:23
2026-08-26,AMD,34.9,,1,Raymond James:34.9
2026-08-26,BIIB,18.5,,1,RBC Capital:18.5
2026-08-26,BKR,23,,1,RBC Capital:23
2026-08-26,BSX,19.1,,1,TD Cowen:19.1
2026-08-26,BXP,21.2,,1,JP Morgan:21.2
2026-08-26,DLTR,5.65,3.7477,2,Guggenheim:8.3|Truist Securities:3
2026-08-26,EXPE,18,,1,BTIG:18
2026-08-26,FIS,14.5,,1,Wells Fargo:14.5
2026-08-26,FOXA,20.9,,1,Guggenheim:20.9
2026-08-26,GPN,1.4,,1,Truist Securities:1.4
2026-08-26,INTU,14.4,15.6815,3,Morgan Stanley:-2.6|Oppenheimer:17.5|Susquehanna:28.3
2026-08-26,KIM,8.1,,1,JP Morgan:8.1
2026-08-26,LRCX,16,,1,Mizuho:16
2026-08-26,META,45.7,,1,Evercore ISI Group:45.7
2026-08-26,MRK,10.1,,1,Argus Research:10.1
2026-08-26,MRVL,10.4,,1,Susquehanna:10.4
2026-08-26,MU,40.4,,1,Mizuho:40.4
2026-08-26,NI,18.2,,1,Mizuho:18.2
2026-08-26,NKE,14.2,,1,RBC Capital:14.2
2026-08-26,PANW,16.2,,1,JP Morgan:16.2
2026-08-26,SNDK,28.8,,1,Mizuho:28.8
2026-08-26,TJX,4.2,,1,Jefferies:4.2
2026-08-26,WDAY,19.6,,1,Canaccord Genuity:19.6
2026-08-27,A,14.84,4.189,5,B of A Securities:13|Citigroup:19.2|Goldman Sachs:9.8|JP Morgan:19.2|TD Cowen:13
2026-08-27,ACN,-6,,1,TD Cowen:-6
2026-08-27,BXP,26.1,,1,Piper Sandler:26.1
2026-08-27,CPRT,-22.9,,1,Barclays:-22.9
2026-08-27,CRM,11.2833,16.7777,6,Barclays:20|Bernstein:-15.2|Jefferies:30.4|JP Morgan:15.2|Macquarie:-2.2|Oppenheimer:19.5
2026-08-27,CRWD,12.8,,1,BMO Capital:12.8
2026-08-27,DTE,11.8,,1,Mizuho:11.8
2026-08-27,EXR,17.7,,1,BMO Capital:17.7
2026-08-27,FDS,2.5,,1,RBC Capital:2.5
2026-08-27,FSLR,23.5,,1,BMO Capital:23.5
2026-08-27,GPN,2.5,,1,TD Cowen:2.5
2026-08-27,HPQ,4.1,5.0912,2,TD Cowen:7.7|UBS:0.5
2026-08-27,INTU,-7.62,13.5629,5,Barclays:15.4|Goldman Sachs:-14|JP Morgan:-6.4|Piper Sandler:-18|Wells Fargo:-15.1
2026-08-27,MCD,16.8,,1,Argus Research:16.8
2026-08-27,NKE,9.1,,1,Truist Securities:9.1
2026-08-27,NVDA,47.1,14.8334,7,Bernstein:79.5|Citigroup:41.3|JP Morgan:43.6|Mizuho:41.3|Oppenheimer:41.3|RBC Capital:48.1|UBS:34.6
2026-08-27,PGR,5.8,,1,UBS:5.8
2026-08-27,SJM,12.0667,8.0773,3,Barclays:11.3|Bernstein:20.5|TD Cowen:4.4
2026-08-27,SNPS,33.4,,1,Baird:33.4
2026-08-27,SPG,4.9,,1,Mizuho:4.9
2026-08-27,SPGI,16.8,,1,RBC Capital:16.8
2026-08-27,TRGP,15.4,,1,RBC Capital:15.4
2026-08-27,VEEV,8.9,,1,Baird:8.9
2026-08-28,A,12.2,,1,Barclays:12.2
2026-08-28,ADSK,24.4,,1,UBS:24.4
2026-08-28,BBY,1.4,,1,Barclays:1.4
2026-08-28,BX,18.3,,1,Oppenheimer:18.3
2026-08-28,CRM,1,16.5892,5,DA Davidson:-20.2|Evercore ISI Group:15.8|Morgan Stanley:-6.2|Truist Securities:19.8|UBS:-4.2
2026-08-28,CRWD,9.5,,1,Benchmark:9.5
2026-08-28,DG,6.7333,8.8121,3,Citigroup:6.2|Morgan Stanley:15.8|Piper Sandler:-1.8
2026-08-28,DLTR,17.7,,1,UBS:17.7
2026-08-28,DRI,11.7,,1,Keybanc:11.7
2026-08-28,EMR,-14.7,,1,Morgan Stanley:-14.7
2026-08-28,ETN,24.6,,1,Morgan Stanley:24.6
2026-08-28,HPQ,-29.7,9.4752,2,Barclays:-23|Morgan Stanley:-36.4
2026-08-28,KKR,51.2,,1,Oppenheimer:51.2
2026-08-28,META,33.5,,1,Truist Securities:33.5
2026-08-28,MLM,16.5,,1,RBC Capital:16.5
2026-08-28,MRVL,27.06,16.9531,5,B. Riley Securities:39.8|Craig-Hallum:33.2|Morgan Stanley:9.2|Oppenheimer:44.3|TD Cowen:8.8
2026-08-28,NVDA,60.5556,32.6519,9,Benchmark:47.3|Cantor Fitzgerald:53.9|DA Davidson:31.9|Evercore ISI Group:104.5|Keybanc:45.1|Morgan Stanley:31.9|Raymond James:126.5|Truist Securities:52.2|Wedbush:51.7
2026-08-28,PANW,19.3,,1,Jefferies:19.3
2026-08-28,SJM,9.1,,1,Wells Fargo:9.1
2026-08-28,SNPS,25.05,0.7778,2,Needham:25.6|Rosenblatt:24.5
2026-08-28,SW,18.3,,1,Morgan Stanley:18.3
2026-08-28,ULTA,19,12,3,Barclays:19|Citigroup:7|UBS:31
2026-08-28,VEEV,6.28,7.8385,5,Citigroup:-2.5|Guggenheim:10.7|Morgan Stanley:-1.8|Needham:10.7|Piper Sandler:14.3
2026-08-28,WDAY,8.1625,12.9978,8,Barclays:17.5|Citigroup:5.4|DA Davidson:-0.4|Freedom Broker:4.9|RBC Capital:25.9|Stifel:-16.1|TD Cowen:10.1|Wells Fargo:18
2026-08-29,A,15.4,,1,Wells Fargo:15.4
2026-08-29,BBY,-1,20.2233,2,Goldman Sachs:-15.3|Guggenheim:13.3
2026-08-29,DG,10.2,3.3941,2,BMO Capital:7.8|Goldman Sachs:12.6
2026-08-29,DTE,4.2,,1,BMO Capital:4.2
2026-08-29,MRNA,31.2,,1,Argus Research:31.2
2026-08-29,MRVL,33.2,0,3,Cantor Fitzgerald:33.2|Needham:33.2|Rosenblatt:33.2
2026-08-29,ULTA,21.5,2.2627,2,B of A Securities:19.9|Goldman Sachs:23.1
2026-08-29,WDAY,11.4714,11.5052,7,Bernstein:24.8|BMO Capital:20.6|Cantor Fitzgerald:7.5|Keybanc:12.8|Morgan Stanley:-5.6|Needham:20.6|Piper Sandler:-0.4
2026-08-31,ADSK,7.1,,1,Citigroup:7.1
2026-08-31,AZO,18.7,,1,TD Cowen:18.7
2026-08-31,DVN,38.3,,1,Citigroup:38.3
2026-08-31,HON,16.4,,1,Morgan Stanley:16.4
2026-08-31,NTAP,9.2,,1,B of A Securities:9.2
2026-08-31,PANW,16.2,,1,Scotiabank:16.2
2026-08-31,TROW,-0.9,,1,TD Cowen:-0.9
2026-08-31,WDAY,-18.4,,1,Goldman Sachs:-18.4
2026-09-01,ADSK,30.2,,1,Rosenblatt:30.2
2026-09-01,AKAM,14.8,,1,Piper Sandler:14.8
2026-09-01,AON,17.375,9.3297,4,BMO Capital:12|Keefe; Bruyette & Woods:29.7|Piper Sandler:8.6|Wells Fargo:19.2
2026-09-01,BR,24.4,,1,RBC Capital:24.4
2026-09-01,BXP,21,,1,Wells Fargo:21
2026-09-01,CPAY,8.7,,1,RBC Capital:8.7
2026-09-01,CPT,3.7,,1,Wells Fargo:3.7
2026-09-01,CRM,17.6,,1,Argus Research:17.6
2026-09-01,CRWD,31.6,,1,Truist Securities:31.6
2026-09-01,CSCO,22.7,,1,Deutsche Bank:22.7
2026-09-01,DELL,5.3,,1,Deutsche Bank:5.3
2026-09-01,DG,10.1,,1,Guggenheim:10.1
2026-09-01,EIX,12,24.8902,2,B of A Securities:-5.6|Mizuho:29.6
2026-09-01,EXR,11.3,,1,Wells Fargo:11.3
2026-09-01,FISV,1.1,,1,Cantor Fitzgerald:1.1
2026-09-01,GIS,3.5,,1,B of A Securities:3.5
2026-09-01,GPN,17.3,,1,RBC Capital:17.3
2026-09-01,HPE,37.15,26.9408,2,B of A Securities:56.2|Deutsche Bank:18.1
2026-09-01,KR,0.4,,1,Citigroup:0.4
2026-09-01,MAA,13.2,,1,Wells Fargo:13.2
2026-09-01,MDT,6.4,,1,BTIG:6.4
2026-09-01,MPC,5,,1,Wells Fargo:5
2026-09-01,MSFT,20.6,,1,B of A Securities:20.6
2026-09-01,O,4.1,,1,Wells Fargo:4.1
2026-09-01,PCG,69.2,15.9806,2,BMO Capital:57.9|Wells Fargo:80.5
2026-09-01,PLD,19,,1,Wells Fargo:19
2026-09-01,PSX,33.1,,1,Wells Fargo:33.1
2026-09-01,PYPL,34.1,,1,RBC Capital:34.1
2026-09-01,RMD,11.3,,1,Keybanc:11.3
2026-09-01,SRE,9.1,11.0309,2,Jefferies:16.9|Mizuho:1.3
2026-09-01,UDR,16.5,,1,Wells Fargo:16.5
2026-09-01,V,22.7,,1,RBC Capital:22.7
2026-09-01,VICI,1.3,,1,Wells Fargo:1.3
2026-09-01,VLO,6.9,,1,Wells Fargo:6.9
2026-09-01,VTR,11.95,1.4849,2,Barclays:10.9|Wells Fargo:13
2026-09-01,WELL,8.55,4.4548,2,Morgan Stanley:5.4|Wells Fargo:11.7
2026-09-01,WMT,47.5,,1,Tigress Financial:47.5
2026-09-02,AAPL,10.1,,1,Morgan Stanley:10.1
2026-09-02,AON,29.1,,1,Evercore ISI Group:29.1
2026-09-02,APA,23.4,,1,Raymond James:23.4
2026-09-02,APO,17.3,,1,JP Morgan:17.3
2026-09-02,CRM,34.95,27.2236,2,Needham:54.2|TD Cowen:15.7
2026-09-02,DELL,31.05,5.9489,4,Citigroup:29.9|Goldman Sachs:23.4|JP Morgan:37.4|Raymond James:33.5
2026-09-02,EIX,9.2,2.5456,2,JP Morgan:7.4|UBS:11
2026-09-02,HOOD,39.8,,1,Piper Sandler:39.8
2026-09-02,HUBB,29.4,,1,Morgan Stanley:29.4
2026-09-02,JCI,28.6,,1,Morgan Stanley:28.6
2026-09-02,JKHY,18.2,,1,DA Davidson:18.2
2026-09-02,LRCX,45.8,,1,UBS:45.8
2026-09-02,MLM,34,,1,JP Morgan:34
2026-09-02,OKE,8.44,4.9085,5,Jefferies:10.3|JP Morgan:11.4|Scotiabank:-0.2|Truist Securities:9.3|Wells Fargo:11.4
2026-09-02,ORCL,106.8,,1,Jefferies:106.8
2026-09-02,PANW,22.3667,6.6973,3,Citigroup:18.5|Oppenheimer:30.1|Piper Sandler:18.5
2026-09-02,PCG,32.7,,1,JP Morgan:32.7
2026-09-02,PSA,14,,1,Scotiabank:14
2026-09-02,RJF,-8,,1,TD Cowen:-8
2026-09-02,ROK,29.7,,1,Morgan Stanley:29.7
2026-09-02,SRE,22,,1,JP Morgan:22
2026-09-02,TRGP,10,,1,Wells Fargo:10
2026-09-03,AIG,17.5,,1,Argus Research:17.5
2026-09-03,AVGO,56.05,11.6673,2,Evercore ISI Group:64.3|Truist Securities:47.8
2026-09-03,CME,4,,1,TD Cowen:4
2026-09-03,CRM,14.5,,1,BTIG:14.5
2026-09-03,CRWD,20,0,2,Raymond James:20|TD Cowen:20
2026-09-03,CVX,14.4,,1,Piper Sandler:14.4
2026-09-03,DELL,16.5333,11.8934,3,B of A Securities:23.4|Mizuho:23.4|UBS:2.8
2026-09-03,EXR,7.6,,1,Mizuho:7.6
2026-09-03,HPE,43.7,27.1272,5,Citigroup:59.7|Morgan Stanley:40.8|Raymond James:80.7|UBS:23.9|Wells Fargo:13.4
2026-09-03,JNJ,15.4,,1,UBS:15.4
2026-09-03,LII,-0.6,,1,Morgan Stanley:-0.6
2026-09-03,MDT,18.2,0,2,B of A Securities:18.2|UBS:18.2
2026-09-03,MPC,20.3,,1,Piper Sandler:20.3
2026-09-03,NTAP,16.1833,5.8557,6,Citigroup:17.3|Morgan Stanley:17.9|Northland Capital Markets:15.5|TD Cowen:23.5|UBS:5.6|Wells Fargo:17.3
2026-09-03,OKE,12,,1,Citigroup:12
2026-09-03,PANW,24.9333,8.1941,9,Barclays:12.5|BTIG:21.2|Cantor Fitzgerald:27.5|DA Davidson:26|Morgan Stanley:18.2|Needham:27.5|RBC Capital:42.5|Rosenblatt:24.5|Susquehanna:24.5
2026-09-03,PCG,4.9,,1,Mizuho:4.9
2026-09-03,PSA,5.1,,1,Mizuho:5.1
2026-09-03,PSX,3.2,,1,Piper Sandler:3.2
2026-09-03,VICI,4.7,,1,Mizuho:4.7
2026-09-03,VLO,19.2,,1,Piper Sandler:19.2
2026-09-03,VRTX,19,,1,Morgan Stanley:19
2026-09-03,XOM,12.5,,1,Piper Sandler:12.5
2026-09-04,ADBE,7.5,,1,Barclays:7.5
2026-09-04,AVGO,66.8,0,2,Cantor Fitzgerald:66.8|Rosenblatt:66.8
2026-09-04,CIEN,48,56.71,2,B. Riley Securities:7.9|JP Morgan:88.1
2026-09-04,CPRT,20,,1,JP Morgan:20
2026-09-04,CRWD,17.6,,1,Needham:17.6
2026-09-04,CVX,9.8,,1,Wells Fargo:9.8
2026-09-04,FRT,10.1,,1,JP Morgan:10.1
2026-09-04,HPE,46.7,,1,Barclays:46.7
2026-09-04,INTC,-0.5,,1,Mizuho:-0.5
2026-09-04,LULU,0.3182,14.077,11,B of A Securities:24.3|Baird:17.2|Barclays:-3.2|Goldman Sachs:-3.2|Morgan Stanley:-15.4|Piper Sandler:-18.5|Stifel:1.9|Telsey Advisory Group:12.1|Truist Securities:-16.5|UBS:8|Wells Fargo:-3.2
2026-09-04,MRK,12.7,,1,Wells Fargo:12.7
2026-09-04,MSFT,3.9,,1,Stifel:3.9
2026-09-04,NCLH,28,,1,Wells Fargo:28
2026-09-04,NTAP,6.6,13.4011,3,Barclays:19.9|Susquehanna:6.8|Wedbush:-6.9
2026-09-04,PANW,28.9,,1,Argus Research:28.9
2026-09-04,PCAR,-0.2,,1,Morgan Stanley:-0.2
2026-09-04,PCG,15.9,20.5061,2,B of A Securities:1.4|Barclays:30.4
2026-09-04,TSLA,-93.1,,1,GLJ Research:-93.1
2026-09-04,TSN,27.2,,1,BMO Capital:27.2
2026-09-04,UBER,31.3,,1,BTIG:31.3
2026-09-04,WY,23.1,,1,JP Morgan:23.1
2026-09-05,CRWD,17.6,,1,Rosenblatt:17.6
2026-09-05,HPE,30,,1,Argus Research:30
2026-09-05,LULU,7,14.425,2,Bernstein:17.2|JP Morgan:-3.2
2026-09-05,NVDA,49.3,27.5772,2,Needham:29.8|Rosenblatt:68.8
2026-09-05,O,6,,1,Barclays:6
2026-09-05,TSN,46.8,,1,Barclays:46.8
2026-09-08,CPT,9.8,,1,Mizuho:9.8
2026-09-08,DGX,4.9,,1,UBS:4.9
2026-09-08,ECHO,60.3,,1,UBS:60.3
2026-09-08,ETN,21.6,,1,UBS:21.6
2026-09-08,GD,13.7,,1,UBS:13.7
2026-09-08,HCA,8.3,,1,RBC Capital:8.3
2026-09-08,HOOD,13.5,,1,Goldman Sachs:13.5
2026-09-08,INTC,19,,1,Northland Capital Markets:19
2026-09-08,JBL,19.9,,1,Goldman Sachs:19.9
2026-09-08,LMT,26.7,,1,UBS:26.7
2026-09-08,MAA,9.4,,1,Mizuho:9.4
2026-09-08,MPC,13.5,,1,UBS:13.5
2026-09-08,MTB,25.4,,1,Morgan Stanley:25.4
2026-09-08,NOC,36.4,,1,UBS:36.4
2026-09-08,ODFL,19.9,,1,Citigroup:19.9
2026-09-08,PSX,15.4,,1,UBS:15.4
2026-09-08,RF,19,,1,Morgan Stanley:19
2026-09-08,SNPS,26,,1,Morgan Stanley:26
2026-09-08,UDR,7.6,,1,Mizuho:7.6
2026-09-08,VLO,18.7,,1,UBS:18.7
2026-09-09,ABT,27.7,,1,TD Cowen:27.7
2026-09-09,AMGN,14.5,,1,BMO Capital:14.5
2026-09-09,APD,10.5,,1,Argus Research:10.5
2026-09-09,APH,17.3,8.7681,2,Barclays:23.5|TD Cowen:11.1
2026-09-09,APP,27.1,,1,BTIG:27.1
2026-09-09,BBY,6.1,,1,DA Davidson:6.1
2026-09-09,BLK,10.5,,1,Evercore ISI Group:10.5
2026-09-09,BXP,3.3,,1,Truist Securities:3.3
2026-09-09,CDW,4.1,,1,Barclays:4.1
2026-09-09,CMS,12.1,,1,BMO Capital:12.1
2026-09-09,DELL,20.7,,1,Evercore ISI Group:20.7
2026-09-09,DG,18,,1,Barclays:18
2026-09-09,FDS,-13.2,,1,Barclays:-13.2
2026-09-09,FDX,12.2,,1,Evercore ISI Group:12.2
2026-09-09,HOOD,20.05,5.869,2,Cantor Fitzgerald:24.2|Mizuho:15.9
2026-09-09,IEX,19.7,,1,Oppenheimer:19.7
2026-09-09,IRM,24.4,,1,Barclays:24.4
2026-09-09,ISRG,33.9,,1,BTIG:33.9
2026-09-09,IVZ,14.2,,1,Evercore ISI Group:14.2
2026-09-09,LOW,18.5,12.0208,2,Bernstein:27|Evercore ISI Group:10
2026-09-09,LULU,14.8,,1,Citigroup:14.8
2026-09-09,MLM,19.2,,1,Wells Fargo:19.2
2026-09-09,MRK,14.1,,1,Guggenheim:14.1
2026-09-09,NUE,18.9,,1,JP Morgan:18.9
2026-09-09,OKE,13.2,,1,Morgan Stanley:13.2
2026-09-09,PAYX,3,11.4551,2,Stifel:11.1|Wells Fargo:-5.1
2026-09-09,PWR,14.2,,1,Piper Sandler:14.2
2026-09-09,SYK,28,,1,Wells Fargo:28
2026-09-09,TROW,3.2,,1,Evercore ISI Group:3.2
2026-09-09,UBER,24.6,,1,Wedbush:24.6
2026-09-09,VMC,1,,1,Wells Fargo:1
2026-09-09,VRSK,28.2,,1,Barclays:28.2
2026-09-09,WST,22.9,,1,UBS:22.9
2026-09-10,ABBV,25.4,,1,HSBC:25.4
2026-09-10,AZO,20.5,,1,Wells Fargo:20.5
2026-09-10,COO,18.74,9.2905,5,Citigroup:15.7|JP Morgan:11.8|Piper Sandler:13.7|Stifel:34.9|Wells Fargo:17.6
2026-09-10,FDS,7.4,,1,Morgan Stanley:7.4
2026-09-10,HD,11.6,,1,Bernstein:11.6
2026-09-10,HLT,2.5,,1,Truist Securities:2.5
2026-09-10,HOOD,42,,1,Bernstein:42
2026-09-10,HST,22.1,,1,Truist Securities:22.1
2026-09-10,KMB,6.4,,1,Wells Fargo:6.4
2026-09-10,LULU,-29.1,,1,BMO Capital:-29.1
2026-09-10,MAR,8.9,,1,Truist Securities:8.9
2026-09-10,MRVL,18.4,,1,Piper Sandler:18.4
2026-09-10,MTD,14.4,,1,UBS:14.4
2026-09-10,NKE,-18.8,,1,BMO Capital:-18.8
2026-09-10,NVDA,36,,1,Piper Sandler:36
2026-09-10,PCAR,22.3,,1,RBC Capital:22.3
2026-09-10,QCOM,23.45,18.4555,2,Piper Sandler:10.4|Rosenblatt:36.5
2026-09-10,SYK,31.1,,1,Citigroup:31.1
2026-09-10,TMO,22.4,,1,UBS:22.4
2026-09-10,TRGP,5.8,,1,Scotiabank:5.8
2026-09-10,TSN,26.2,,1,Piper Sandler:26.2
2026-09-10,TTD,8.6,,1,RBC Capital:8.6
2026-09-10,UAL,29.9,,1,UBS:29.9
2026-09-10,ULTA,7.9,,1,BMO Capital:7.9
2026-09-10,WAT,23.2,,1,UBS:23.2
2026-09-10,WMB,13.4,,1,Scotiabank:13.4
2026-09-10,WMT,24.3,,1,DA Davidson:24.3
2026-09-11,ADBE,8.4,7.3539,2,Evercore ISI Group:3.2|Jefferies:13.6
2026-09-11,AWK,15.3,,1,UBS:15.3
2026-09-11,CLX,4.5,5.5154,2,Citigroup:8.4|Wells Fargo:0.6
2026-09-11,COO,24.4,18.1019,2,Baird:11.6|Mizuho:37.2
2026-09-11,CRL,15.9,,1,Evercore ISI Group:15.9
2026-09-11,DAL,24.7,,1,UBS:24.7
2026-09-11,DHI,5.1,,1,Wells Fargo:5.1
2026-09-11,DPZ,-0.1,,1,TD Cowen:-0.1
2026-09-11,DRI,18.7,,1,Citigroup:18.7
2026-09-11,FDS,12.9,,1,Deutsche Bank:12.9
2026-09-11,KMB,18.9,,1,Piper Sandler:18.9
2026-09-11,LEN,0.5,,1,Wells Fargo:0.5
2026-09-11,LH,22.4,,1,UBS:22.4
2026-09-11,LUV,23.5,,1,UBS:23.5
2026-09-11,MAS,19.4,,1,Wells Fargo:19.4
2026-09-11,META,25.5,,1,JP Morgan:25.5
2026-09-11,MGM,12.7,,1,UBS:12.7
2026-09-11,NKE,-15.8,,1,Morgan Stanley:-15.8
2026-09-11,ORCL,49,4.2426,2,TD Cowen:46|UBS:52
2026-09-11,OXY,14.7,,1,Evercore ISI Group:14.7
2026-09-11,PAYX,1.7,,1,TD Cowen:1.7
2026-09-11,PFG,3.7,,1,UBS:3.7
2026-09-11,PHM,22.7,,1,Wells Fargo:22.7
2026-09-11,PKG,10.4,,1,B of A Securities:10.4
2026-09-11,PSA,18.2,,1,Barclays:18.2
2026-09-11,SNPS,18.9,,1,Wells Fargo:18.9
2026-09-11,SWK,4.8,,1,Wells Fargo:4.8
2026-09-11,TEL,5.4,,1,Wells Fargo:5.4
2026-09-11,TRGP,13.05,4.879,2,Mizuho:9.6|Stifel:16.5
2026-09-11,URI,17,,1,JP Morgan:17
2026-09-11,WMB,16.9,,1,Stifel:16.9
2026-09-11,WMT,31.8,,1,BTIG:31.8
2026-09-11,YUM,20.5,,1,Wells Fargo:20.5
2026-09-12,ADBE,14.9333,13.7747,3,BMO Capital:11.5|Piper Sandler:3.2|RBC Capital:30.1
2026-09-12,ATO,8.6,,1,JP Morgan:8.6
2026-09-12,CPRT,18.7,,1,Baird:18.7
2026-09-12,CRWD,20.2,,1,Wedbush:20.2
2026-09-12,DAL,19.6,,1,Barclays:19.6
2026-09-12,DDOG,24,,1,Wedbush:24
2026-09-12,HOOD,45.6,,1,Citizens:45.6
2026-09-12,HPQ,0.2,,1,RBC Capital:0.2
2026-09-12,LH,6.3,,1,Barclays:6.3
2026-09-12,LUV,46.2,,1,Barclays:46.2
2026-09-12,MCD,11,,1,TD Cowen:11
2026-09-12,NOW,18.8,,1,Needham:18.8
2026-09-12,ORCL,108,49.9217,2,Cantor Fitzgerald:72.7|Guggenheim:143.3
2026-09-12,PANW,18.2,,1,Wedbush:18.2
2026-09-12,PLTR,33.8,,1,Rosenblatt:33.8
2026-09-12,PPG,24.7,,1,Keybanc:24.7
2026-09-12,UAL,47.4,,1,Barclays:47.4
2026-09-12,VRTX,7.3,,1,JP Morgan:7.3
2026-09-14,ACN,-8.2,,1,Morgan Stanley:-8.2
2026-09-14,APA,3,,1,UBS:3
2026-09-14,CHTR,2.9,,1,Morgan Stanley:2.9
2026-09-14,COP,21.7,,1,UBS:21.7
2026-09-14,DVN,30.9,,1,Raymond James:30.9
2026-09-14,ECHO,44.4,,1,Morgan Stanley:44.4
2026-09-14,EIX,-6.2,,1,Jefferies:-6.2
2026-09-14,EOG,22.8,,1,UBS:22.8
2026-09-14,GM,32.8,,1,UBS:32.8
2026-09-14,HAL,16.9,,1,UBS:16.9
2026-09-14,HOOD,22.9,,1,Deutsche Bank:22.9
2026-09-14,KR,26.5,,1,Telsey Advisory Group:26.5
2026-09-14,LEN,-11.2,,1,B of A Securities:-11.2
2026-09-14,LII,26.8,,1,Deutsche Bank:26.8
2026-09-14,MCD,19.55,2.192,2,Deutsche Bank:18|Morgan Stanley:21.1
2026-09-14,MKC,6.3,,1,TD Cowen:6.3
2026-09-14,MPC,12,1.4142,2,Morgan Stanley:13|Raymond James:11
2026-09-14,NKE,19.7,,1,Baird:19.7
2026-09-14,PSX,10.95,4.3134,2,Morgan Stanley:7.9|Raymond James:14
2026-09-14,SLB,34.1,,1,UBS:34.1
2026-09-14,ULTA,14.7,,1,DA Davidson:14.7
2026-09-14,VLO,8.9,6.9296,2,Morgan Stanley:4|Raymond James:13.8
2026-09-15,ACN,1.8,,1,Wells Fargo:1.8
2026-09-15,APTV,26.8,,1,JP Morgan:26.8
2026-09-15,AZO,16.3,,1,Citigroup:16.3
2026-09-15,CCL,57.8,,1,Wells Fargo:57.8
2026-09-15,CHTR,-16.8,,1,Wolfe Research:-16.8
2026-09-15,CMS,10.8,,1,Jefferies:10.8
2026-09-15,COIN,-3.6,,1,Compass Point:-3.6
2026-09-15,DOC,3.7,,1,Jefferies:3.7
2026-09-15,FANG,22.1,,1,UBS:22.1
2026-09-15,GIS,5.2,,1,Evercore ISI Group:5.2
2026-09-15,HPE,16.6,,1,Evercore ISI Group:16.6
2026-09-15,KHC,-3.9,,1,Evercore ISI Group:-3.9
2026-09-15,KR,15.2,,1,Evercore ISI Group:15.2
2026-09-15,MAA,3,,1,Evercore ISI Group:3
2026-09-15,MCD,12.5,,1,RBC Capital:12.5
2026-09-15,META,-1.4,,1,Wedbush:-1.4
2026-09-15,NFLX,38.6,,1,Evercore ISI Group:38.6
2026-09-15,NKE,12.6,9.6167,2,Citigroup:5.8|Telsey Advisory Group:19.4
2026-09-15,OXY,19.95,17.0413,2,UBS:7.9|Wells Fargo:32
2026-09-15,PPL,3.7,,1,RBC Capital:3.7
2026-09-15,RMD,15.7,,1,RBC Capital:15.7
2026-09-15,SOLV,6.1,,1,BTIG:6.1
2026-09-15,SPG,6.9,,1,Evercore ISI Group:6.9
2026-09-15,STZ,8.8,,1,Jefferies:8.8
2026-09-15,UDR,22.3,,1,Evercore ISI Group:22.3
2026-09-15,VICI,16,,1,Morgan Stanley:16
2026-09-16,ALL,16.1,,1,Mizuho:16.1
2026-09-16,AON,20.6,,1,Mizuho:20.6
2026-09-16,BMY,28,,1,Piper Sandler:28
2026-09-16,BRO,25,,1,Mizuho:25
2026-09-16,CCL,56.3,,1,Stifel:56.3
2026-09-16,CMCSA,10.7,,1,UBS:10.7
2026-09-16,COO,34.3,,1,Needham:34.3
2026-09-16,COST,28.7,,1,Oppenheimer:28.7
2026-09-16,CRM,11.2,,1,Mizuho:11.2
2026-09-16,ESS,3.7,,1,UBS:3.7
2026-09-16,GLW,22.3,,1,Mizuho:22.3
2026-09-16,INTC,43,,1,Tigress Financial:43
2026-09-16,JKHY,28.2,,1,Raymond James:28.2
2026-09-16,KEY,19.8,,1,Stephens & Co.:19.8
2026-09-16,KR,6.6,,1,Guggenheim:6.6
2026-09-16,MAA,3.5,,1,UBS:3.5
2026-09-16,META,17.7,,1,Citigroup:17.7
2026-09-16,NEM,23.2,,1,RBC Capital:23.2
2026-09-16,PLTR,46.7,,1,UBS:46.7
2026-09-16,TDY,26.1,,1,Needham:26.1
2026-09-16,TRGP,25.5,,1,Morgan Stanley:25.5
2026-09-16,UDR,17.4,,1,UBS:17.4
2026-09-16,ULTA,-3,,1,Wells Fargo:-3
2026-09-16,VTRS,-22.4,,1,Piper Sandler:-22.4
2026-09-16,WTW,18.7,,1,Mizuho:18.7
2026-09-17,CCL,45.4,,1,Barclays:45.4
2026-09-17,CIEN,56.3,,1,Barclays:56.3
2026-09-17,CMCSA,47.1,,1,B of A Securities:47.1
2026-09-17,COIN,41.3,,1,BTIG:41.3
2026-09-17,COST,22.3,,1,B of A Securities:22.3
2026-09-17,CPT,0.2,,1,Scotiabank:0.2
2026-09-17,CTVA,17.9333,8.0214,3,BMO Capital:16.7|RBC Capital:26.5|UBS:10.6
2026-09-17,FANG,33.5,,1,Raymond James:33.5
2026-09-17,FRT,11.6,,1,Scotiabank:11.6
2026-09-17,GNRC,8.9,,1,Roth Capital:8.9
2026-09-17,GOOGL,29.1,,1,Evercore ISI Group:29.1
2026-09-17,IQV,-1.2,,1,Morgan Stanley:-1.2
2026-09-17,JBHT,22.02,7.1625,5,B of A Securities:26.6|Barclays:19.4|Raymond James:25.7|UBS:10.6|Wells Fargo:27.8
2026-09-17,JKHY,12.6,,1,RBC Capital:12.6
2026-09-17,MAA,4.75,4.0305,2,Scotiabank:1.9|Truist Securities:7.6
2026-09-17,MCD,39.8,,1,BTIG:39.8
2026-09-17,META,29.8,,1,Rosenblatt:29.8
2026-09-17,ON,10.1,,1,Stifel:10.1
2026-09-17,REG,10.4,,1,Scotiabank:10.4
2026-09-17,SPG,8.1,,1,Scotiabank:8.1
2026-09-17,STZ,21.5,,1,TD Cowen:21.5
2026-09-17,TDG,26.3,4.2426,2,JP Morgan:29.3|RBC Capital:23.3
2026-09-17,TSLA,-2,,1,Goldman Sachs:-2
2026-09-17,UDR,9.9,,1,Scotiabank:9.9
2026-09-17,UNP,19.5,,1,UBS:19.5
2026-09-17,YUM,18.8,,1,Baird:18.8
2026-09-18,ADSK,38.2,,1,RBC Capital:38.2
2026-09-18,BALL,6.3,,1,JP Morgan:6.3
2026-09-18,BSX,16.1,,1,Citigroup:16.1
2026-09-18,CIEN,46.8,0.9899,2,Needham:46.1|Rosenblatt:47.5
2026-09-18,CRM,16.8571,8.5064,7,BMO Capital:16.7|Canaccord Genuity:22.8|Cantor Fitzgerald:22.8|Citigroup:7.7|Guggenheim:22.8|RBC Capital:2.4|Stifel:22.8
2026-09-18,CTSH,0.2,18.2434,2,Deutsche Bank:13.1|TD Cowen:-12.7
2026-09-18,D,3.1,,1,Morgan Stanley:3.1
2026-09-18,DTE,9.1,,1,Morgan Stanley:9.1
2026-09-18,DUK,7.7,,1,Morgan Stanley:7.7
2026-09-18,DXCM,15.3,,1,Truist Securities:15.3
2026-09-18,EIX,9,,1,Morgan Stanley:9
2026-09-18,EQT,41.1,,1,Stephens & Co.:41.1
2026-09-18,ETR,-5,,1,Morgan Stanley:-5
2026-09-18,FE,7.7,,1,Morgan Stanley:7.7
2026-09-18,GEHC,22.9,,1,BTIG:22.9
2026-09-18,GNRC,55.1333,26.5726,3,Canaccord Genuity:79|JP Morgan:26.5|Stephens & Co.:59.9
2026-09-18,INTU,17.925,18.3988,4,Evercore ISI Group:27.8|Mizuho:37.4|Stifel:-4.1|TD Cowen:10.6
2026-09-18,JBHT,22.8,,1,Baird:22.8
2026-09-18,LDOS,3.4,,1,B of A Securities:3.4
2026-09-18,MCD,24.9,,1,Citigroup:24.9
2026-09-18,MKC,26.3,,1,JP Morgan:26.3
2026-09-18,NEE,37.6,,1,Morgan Stanley:37.6
2026-09-18,NKE,15.8,,1,UBS:15.8
2026-09-18,NRG,50.4,,1,Morgan Stanley:50.4
2026-09-18,O,6.7,,1,Mizuho:6.7
2026-09-18,ON,29.9333,19.8659,6,Cantor Fitzgerald:28.5|Mizuho:35.6|Needham:65.6|Rosenblatt:21.4|Truist Securities:7.1|Wells Fargo:21.4
2026-09-18,PANW,-6.6,,1,Bernstein:-6.6
2026-09-18,PCG,50.5,,1,Morgan Stanley:50.5
2026-09-18,PEG,25.1,,1,Morgan Stanley:25.1
2026-09-18,PGR,16.8,,1,Keefe; Bruyette & Woods:16.8
2026-09-18,PNW,-6.1,,1,Morgan Stanley:-6.1
2026-09-18,PPL,16.9,,1,Morgan Stanley:16.9
2026-09-18,SO,-1.5,,1,Morgan Stanley:-1.5
2026-09-18,SRE,22.7,,1,Morgan Stanley:22.7
2026-09-18,STLD,11,,1,JP Morgan:11
2026-09-18,TSN,21,,1,JP Morgan:21
2026-09-18,WBD,3.3,,1,Barclays:3.3
2026-09-18,XEL,13.3,,1,Morgan Stanley:13.3
2026-09-19,AEE,5.3,,1,Morgan Stanley:5.3
2026-09-19,AEP,5.8,,1,Morgan Stanley:5.8
2026-09-19,ATO,11.2,,1,Morgan Stanley:11.2
2026-09-19,CEG,41.8,,1,Morgan Stanley:41.8
2026-09-19,CMS,16.9,,1,Morgan Stanley:16.9
2026-09-19,CNP,-0.7,,1,Morgan Stanley:-0.7
2026-09-19,CRM,15.7,18.809,2,Citizens:29|Wells Fargo:2.4
2026-09-19,CTVA,13.1,,1,Argus Research:13.1
2026-09-19,ED,-9,,1,Morgan Stanley:-9
2026-09-19,GOOGL,35.9,,1,Tigress Financial:35.9
2026-09-19,HBAN,13.5,,1,Evercore ISI Group:13.5
2026-09-19,INTU,23,,1,RBC Capital:23
2026-09-19,KMI,5.8,,1,Jefferies:5.8
2026-09-19,LEN,-7.5333,6.2979,3,Barclays:-10.5|Evercore ISI Group:-0.3|RBC Capital:-11.8
2026-09-19,LLY,11.7,,1,Guggenheim:11.7
2026-09-19,MU,52.8,,1,RBC Capital:52.8
2026-09-19,NFLX,-20,,1,Wells Fargo:-20
2026-09-19,NUE,10.1,,1,Wells Fargo:10.1
2026-09-19,ORLY,25.3,,1,DA Davidson:25.3
2026-09-19,STLD,4.9,,1,Wells Fargo:4.9
2026-09-19,SYK,38.5,,1,Canaccord Genuity:38.5
2026-09-19,TTD,-10,,1,Guggenheim:-10